ISO-10303-21;
HEADER;
/* Generated by software containing ST-Developer
 * from STEP Tools, Inc. (www.steptools.com) 
 */

FILE_DESCRIPTION(
/* description */ ('STEP AP214'),
/* implementation_level */ '2;1');

FILE_NAME(
/* name */ 'UFACTORY Camera Stand 2.step',
/* time_stamp */ '2026-02-16T10:32:15+01:00',
/* author */ (''),
/* organization */ (''),
/* preprocessor_version */ 'ST-DEVELOPER v20.1',
/* originating_system */ 'Autodesk Translation Framework v14.24.0.0',
/* authorisation */ '');

FILE_SCHEMA (('AUTOMOTIVE_DESIGN { 1 0 10303 214 3 1 1 }'));
ENDSEC;

DATA;
#10=MECHANICAL_DESIGN_GEOMETRIC_PRESENTATION_REPRESENTATION('',(#84,#85,
#86,#87),#4918);
#11=ITEM_DEFINED_TRANSFORMATION($,$,#2860,#3197);
#12=ITEM_DEFINED_TRANSFORMATION($,$,#3052,#3198);
#13=ITEM_DEFINED_TRANSFORMATION($,$,#3173,#3199);
#14=ITEM_DEFINED_TRANSFORMATION($,$,#3188,#3200);
#15=ITEM_DEFINED_TRANSFORMATION($,$,#3173,#3201);
#16=ITEM_DEFINED_TRANSFORMATION($,$,#3173,#3202);
#17=ITEM_DEFINED_TRANSFORMATION($,$,#3173,#3203);
#18=ITEM_DEFINED_TRANSFORMATION($,$,#3173,#3204);
#19=ITEM_DEFINED_TRANSFORMATION($,$,#3173,#3205);
#20=ITEM_DEFINED_TRANSFORMATION($,$,#3173,#3206);
#21=ITEM_DEFINED_TRANSFORMATION($,$,#3173,#3207);
#22=ITEM_DEFINED_TRANSFORMATION($,$,#3173,#3208);
#23=ITEM_DEFINED_TRANSFORMATION($,$,#3173,#3209);
#24=ITEM_DEFINED_TRANSFORMATION($,$,#3173,#3210);
#25=ITEM_DEFINED_TRANSFORMATION($,$,#3173,#3211);
#26=ITEM_DEFINED_TRANSFORMATION($,$,#3188,#3212);
#27=(
REPRESENTATION_RELATIONSHIP($,$,#4950,#4949)
REPRESENTATION_RELATIONSHIP_WITH_TRANSFORMATION(#11)
SHAPE_REPRESENTATION_RELATIONSHIP()
);
#28=(
REPRESENTATION_RELATIONSHIP($,$,#4951,#4949)
REPRESENTATION_RELATIONSHIP_WITH_TRANSFORMATION(#12)
SHAPE_REPRESENTATION_RELATIONSHIP()
);
#29=(
REPRESENTATION_RELATIONSHIP($,$,#4952,#4949)
REPRESENTATION_RELATIONSHIP_WITH_TRANSFORMATION(#13)
SHAPE_REPRESENTATION_RELATIONSHIP()
);
#30=(
REPRESENTATION_RELATIONSHIP($,$,#4953,#4949)
REPRESENTATION_RELATIONSHIP_WITH_TRANSFORMATION(#14)
SHAPE_REPRESENTATION_RELATIONSHIP()
);
#31=(
REPRESENTATION_RELATIONSHIP($,$,#4952,#4949)
REPRESENTATION_RELATIONSHIP_WITH_TRANSFORMATION(#15)
SHAPE_REPRESENTATION_RELATIONSHIP()
);
#32=(
REPRESENTATION_RELATIONSHIP($,$,#4952,#4949)
REPRESENTATION_RELATIONSHIP_WITH_TRANSFORMATION(#16)
SHAPE_REPRESENTATION_RELATIONSHIP()
);
#33=(
REPRESENTATION_RELATIONSHIP($,$,#4952,#4949)
REPRESENTATION_RELATIONSHIP_WITH_TRANSFORMATION(#17)
SHAPE_REPRESENTATION_RELATIONSHIP()
);
#34=(
REPRESENTATION_RELATIONSHIP($,$,#4952,#4949)
REPRESENTATION_RELATIONSHIP_WITH_TRANSFORMATION(#18)
SHAPE_REPRESENTATION_RELATIONSHIP()
);
#35=(
REPRESENTATION_RELATIONSHIP($,$,#4952,#4949)
REPRESENTATION_RELATIONSHIP_WITH_TRANSFORMATION(#19)
SHAPE_REPRESENTATION_RELATIONSHIP()
);
#36=(
REPRESENTATION_RELATIONSHIP($,$,#4952,#4949)
REPRESENTATION_RELATIONSHIP_WITH_TRANSFORMATION(#20)
SHAPE_REPRESENTATION_RELATIONSHIP()
);
#37=(
REPRESENTATION_RELATIONSHIP($,$,#4952,#4949)
REPRESENTATION_RELATIONSHIP_WITH_TRANSFORMATION(#21)
SHAPE_REPRESENTATION_RELATIONSHIP()
);
#38=(
REPRESENTATION_RELATIONSHIP($,$,#4952,#4949)
REPRESENTATION_RELATIONSHIP_WITH_TRANSFORMATION(#22)
SHAPE_REPRESENTATION_RELATIONSHIP()
);
#39=(
REPRESENTATION_RELATIONSHIP($,$,#4952,#4949)
REPRESENTATION_RELATIONSHIP_WITH_TRANSFORMATION(#23)
SHAPE_REPRESENTATION_RELATIONSHIP()
);
#40=(
REPRESENTATION_RELATIONSHIP($,$,#4952,#4949)
REPRESENTATION_RELATIONSHIP_WITH_TRANSFORMATION(#24)
SHAPE_REPRESENTATION_RELATIONSHIP()
);
#41=(
REPRESENTATION_RELATIONSHIP($,$,#4952,#4949)
REPRESENTATION_RELATIONSHIP_WITH_TRANSFORMATION(#25)
SHAPE_REPRESENTATION_RELATIONSHIP()
);
#42=(
REPRESENTATION_RELATIONSHIP($,$,#4953,#4949)
REPRESENTATION_RELATIONSHIP_WITH_TRANSFORMATION(#26)
SHAPE_REPRESENTATION_RELATIONSHIP()
);
#43=CONTEXT_DEPENDENT_SHAPE_REPRESENTATION(#27,#4933);
#44=CONTEXT_DEPENDENT_SHAPE_REPRESENTATION(#28,#4934);
#45=CONTEXT_DEPENDENT_SHAPE_REPRESENTATION(#29,#4935);
#46=CONTEXT_DEPENDENT_SHAPE_REPRESENTATION(#30,#4936);
#47=CONTEXT_DEPENDENT_SHAPE_REPRESENTATION(#31,#4937);
#48=CONTEXT_DEPENDENT_SHAPE_REPRESENTATION(#32,#4938);
#49=CONTEXT_DEPENDENT_SHAPE_REPRESENTATION(#33,#4939);
#50=CONTEXT_DEPENDENT_SHAPE_REPRESENTATION(#34,#4940);
#51=CONTEXT_DEPENDENT_SHAPE_REPRESENTATION(#35,#4941);
#52=CONTEXT_DEPENDENT_SHAPE_REPRESENTATION(#36,#4942);
#53=CONTEXT_DEPENDENT_SHAPE_REPRESENTATION(#37,#4943);
#54=CONTEXT_DEPENDENT_SHAPE_REPRESENTATION(#38,#4944);
#55=CONTEXT_DEPENDENT_SHAPE_REPRESENTATION(#39,#4945);
#56=CONTEXT_DEPENDENT_SHAPE_REPRESENTATION(#40,#4946);
#57=CONTEXT_DEPENDENT_SHAPE_REPRESENTATION(#41,#4947);
#58=CONTEXT_DEPENDENT_SHAPE_REPRESENTATION(#42,#4948);
#59=NEXT_ASSEMBLY_USAGE_OCCURRENCE(
'MM0154 \X\C9\X\E3\X\CF\X\F1\X\CD\X\B7\X\B9\X\CC\X\B6\X\A8\X\B0\X\E513
05\X\A3\X\A8\X\B6\X\A8\X\CE\X\BB\X\CF\X\FA\X\A3\X\A9A2:1',
'MM0154 \X\C9\X\E3\X\CF\X\F1\X\CD\X\B7\X\B9\X\CC\X\B6\X\A8\X\B0\X\E513
05\X\A3\X\A8\X\B6\X\A8\X\CE\X\BB\X\CF\X\FA\X\A3\X\A9A2:1',
'MM0154 \X\C9\X\E3\X\CF\X\F1\X\CD\X\B7\X\B9\X\CC\X\B6\X\A8\X\B0\X\E513
05\X\A3\X\A8\X\B6\X\A8\X\CE\X\BB\X\CF\X\FA\X\A3\X\A9A2:1',#4955,#4956,
'MM0154 \X\C9\X\E3\X\CF\X\F1\X\CD\X\B7\X\B9\X\CC\X\B6\X\A8\X\B0\X\E513
05\X\A3\X\A8\X\B6\X\A8\X\CE\X\BB\X\CF\X\FA\X\A3\X\A9A2:1');
#60=NEXT_ASSEMBLY_USAGE_OCCURRENCE(
'\X\C9\X\E3\X\CF\X\F1\X\CD\X\B7\X\B9\X\CC\X\B6\X\A8\X\B0\X\E5\X\B6\X\A5
\X\D5\X\EB\X\BD\X\BA\X\BF\X\C7\X\A3\X\A8\X\B6\X\A8\X\CE\X\BB\X\CF\X\FA
\X\A3\X\A9A2:1',
'\X\C9\X\E3\X\CF\X\F1\X\CD\X\B7\X\B9\X\CC\X\B6\X\A8\X\B0\X\E5\X\B6\X\A5
\X\D5\X\EB\X\BD\X\BA\X\BF\X\C7\X\A3\X\A8\X\B6\X\A8\X\CE\X\BB\X\CF\X\FA
\X\A3\X\A9A2:1',
'\X\C9\X\E3\X\CF\X\F1\X\CD\X\B7\X\B9\X\CC\X\B6\X\A8\X\B0\X\E5\X\B6\X\A5
\X\D5\X\EB\X\BD\X\BA\X\BF\X\C7\X\A3\X\A8\X\B6\X\A8\X\CE\X\BB\X\CF\X\FA
\X\A3\X\A9A2:1',#4955,#4957,
'\X\C9\X\E3\X\CF\X\F1\X\CD\X\B7\X\B9\X\CC\X\B6\X\A8\X\B0\X\E5\X\B6\X\A5
\X\D5\X\EB\X\BD\X\BA\X\BF\X\C7\X\A3\X\A8\X\B6\X\A8\X\CE\X\BB\X\CF\X\FA
\X\A3\X\A9A2:1');
#61=NEXT_ASSEMBLY_USAGE_OCCURRENCE('\X\C9\X\E3\X\CF\X\F1\X\CD\X\B7\X\D6
\X\A7\X\BC\X\DC\X\B6\X\A5\X\D5\X\EB:1','\X\C9\X\E3\X\CF\X\F1\X\CD\X\B7
\X\D6\X\A7\X\BC\X\DC\X\B6\X\A5\X\D5\X\EB:1',
'\X\C9\X\E3\X\CF\X\F1\X\CD\X\B7\X\D6\X\A7\X\BC\X\DC\X\B6\X\A5\X\D5\X\EB
:1',#4955,#4958,'\X\C9\X\E3\X\CF\X\F1\X\CD\X\B7\X\D6\X\A7\X\BC\X\DC\X\B6
\X\A5\X\D5\X\EB:1');
#62=NEXT_ASSEMBLY_USAGE_OCCURRENCE('\X\C1\X\E3\X\BC\X\FE1^XI1305-_M:1',
'\X\C1\X\E3\X\BC\X\FE1^XI1305-_M:1','\X\C1\X\E3\X\BC\X\FE1^XI1305-_M:1',
#4955,#4959,'\X\C1\X\E3\X\BC\X\FE1^XI1305-_M:1');
#63=NEXT_ASSEMBLY_USAGE_OCCURRENCE('\X\C9\X\E3\X\CF\X\F1\X\CD\X\B7\X\D6
\X\A7\X\BC\X\DC\X\B6\X\A5\X\D5\X\EB:2','\X\C9\X\E3\X\CF\X\F1\X\CD\X\B7
\X\D6\X\A7\X\BC\X\DC\X\B6\X\A5\X\D5\X\EB:2',
'\X\C9\X\E3\X\CF\X\F1\X\CD\X\B7\X\D6\X\A7\X\BC\X\DC\X\B6\X\A5\X\D5\X\EB
:2',#4955,#4958,'\X\C9\X\E3\X\CF\X\F1\X\CD\X\B7\X\D6\X\A7\X\BC\X\DC\X\B6
\X\A5\X\D5\X\EB:2');
#64=NEXT_ASSEMBLY_USAGE_OCCURRENCE('\X\C9\X\E3\X\CF\X\F1\X\CD\X\B7\X\D6
\X\A7\X\BC\X\DC\X\B6\X\A5\X\D5\X\EB:3','\X\C9\X\E3\X\CF\X\F1\X\CD\X\B7
\X\D6\X\A7\X\BC\X\DC\X\B6\X\A5\X\D5\X\EB:3',
'\X\C9\X\E3\X\CF\X\F1\X\CD\X\B7\X\D6\X\A7\X\BC\X\DC\X\B6\X\A5\X\D5\X\EB
:3',#4955,#4958,'\X\C9\X\E3\X\CF\X\F1\X\CD\X\B7\X\D6\X\A7\X\BC\X\DC\X\B6
\X\A5\X\D5\X\EB:3');
#65=NEXT_ASSEMBLY_USAGE_OCCURRENCE('\X\C9\X\E3\X\CF\X\F1\X\CD\X\B7\X\D6
\X\A7\X\BC\X\DC\X\B6\X\A5\X\D5\X\EB:4','\X\C9\X\E3\X\CF\X\F1\X\CD\X\B7
\X\D6\X\A7\X\BC\X\DC\X\B6\X\A5\X\D5\X\EB:4',
'\X\C9\X\E3\X\CF\X\F1\X\CD\X\B7\X\D6\X\A7\X\BC\X\DC\X\B6\X\A5\X\D5\X\EB
:4',#4955,#4958,'\X\C9\X\E3\X\CF\X\F1\X\CD\X\B7\X\D6\X\A7\X\BC\X\DC\X\B6
\X\A5\X\D5\X\EB:4');
#66=NEXT_ASSEMBLY_USAGE_OCCURRENCE('\X\C9\X\E3\X\CF\X\F1\X\CD\X\B7\X\D6
\X\A7\X\BC\X\DC\X\B6\X\A5\X\D5\X\EB:5','\X\C9\X\E3\X\CF\X\F1\X\CD\X\B7
\X\D6\X\A7\X\BC\X\DC\X\B6\X\A5\X\D5\X\EB:5',
'\X\C9\X\E3\X\CF\X\F1\X\CD\X\B7\X\D6\X\A7\X\BC\X\DC\X\B6\X\A5\X\D5\X\EB
:5',#4955,#4958,'\X\C9\X\E3\X\CF\X\F1\X\CD\X\B7\X\D6\X\A7\X\BC\X\DC\X\B6
\X\A5\X\D5\X\EB:5');
#67=NEXT_ASSEMBLY_USAGE_OCCURRENCE('\X\C9\X\E3\X\CF\X\F1\X\CD\X\B7\X\D6
\X\A7\X\BC\X\DC\X\B6\X\A5\X\D5\X\EB:6','\X\C9\X\E3\X\CF\X\F1\X\CD\X\B7
\X\D6\X\A7\X\BC\X\DC\X\B6\X\A5\X\D5\X\EB:6',
'\X\C9\X\E3\X\CF\X\F1\X\CD\X\B7\X\D6\X\A7\X\BC\X\DC\X\B6\X\A5\X\D5\X\EB
:6',#4955,#4958,'\X\C9\X\E3\X\CF\X\F1\X\CD\X\B7\X\D6\X\A7\X\BC\X\DC\X\B6
\X\A5\X\D5\X\EB:6');
#68=NEXT_ASSEMBLY_USAGE_OCCURRENCE('\X\C9\X\E3\X\CF\X\F1\X\CD\X\B7\X\D6
\X\A7\X\BC\X\DC\X\B6\X\A5\X\D5\X\EB:7','\X\C9\X\E3\X\CF\X\F1\X\CD\X\B7
\X\D6\X\A7\X\BC\X\DC\X\B6\X\A5\X\D5\X\EB:7',
'\X\C9\X\E3\X\CF\X\F1\X\CD\X\B7\X\D6\X\A7\X\BC\X\DC\X\B6\X\A5\X\D5\X\EB
:7',#4955,#4958,'\X\C9\X\E3\X\CF\X\F1\X\CD\X\B7\X\D6\X\A7\X\BC\X\DC\X\B6
\X\A5\X\D5\X\EB:7');
#69=NEXT_ASSEMBLY_USAGE_OCCURRENCE('\X\C9\X\E3\X\CF\X\F1\X\CD\X\B7\X\D6
\X\A7\X\BC\X\DC\X\B6\X\A5\X\D5\X\EB:8','\X\C9\X\E3\X\CF\X\F1\X\CD\X\B7
\X\D6\X\A7\X\BC\X\DC\X\B6\X\A5\X\D5\X\EB:8',
'\X\C9\X\E3\X\CF\X\F1\X\CD\X\B7\X\D6\X\A7\X\BC\X\DC\X\B6\X\A5\X\D5\X\EB
:8',#4955,#4958,'\X\C9\X\E3\X\CF\X\F1\X\CD\X\B7\X\D6\X\A7\X\BC\X\DC\X\B6
\X\A5\X\D5\X\EB:8');
#70=NEXT_ASSEMBLY_USAGE_OCCURRENCE('\X\C9\X\E3\X\CF\X\F1\X\CD\X\B7\X\D6
\X\A7\X\BC\X\DC\X\B6\X\A5\X\D5\X\EB:9','\X\C9\X\E3\X\CF\X\F1\X\CD\X\B7
\X\D6\X\A7\X\BC\X\DC\X\B6\X\A5\X\D5\X\EB:9',
'\X\C9\X\E3\X\CF\X\F1\X\CD\X\B7\X\D6\X\A7\X\BC\X\DC\X\B6\X\A5\X\D5\X\EB
:9',#4955,#4958,'\X\C9\X\E3\X\CF\X\F1\X\CD\X\B7\X\D6\X\A7\X\BC\X\DC\X\B6
\X\A5\X\D5\X\EB:9');
#71=NEXT_ASSEMBLY_USAGE_OCCURRENCE('\X\C9\X\E3\X\CF\X\F1\X\CD\X\B7\X\D6
\X\A7\X\BC\X\DC\X\B6\X\A5\X\D5\X\EB:10',
'\X\C9\X\E3\X\CF\X\F1\X\CD\X\B7\X\D6\X\A7\X\BC\X\DC\X\B6\X\A5\X\D5\X\EB
:10','\X\C9\X\E3\X\CF\X\F1\X\CD\X\B7\X\D6\X\A7\X\BC\X\DC\X\B6\X\A5\X\D5
\X\EB:10',#4955,#4958,'\X\C9\X\E3\X\CF\X\F1\X\CD\X\B7\X\D6\X\A7\X\BC\X\DC
\X\B6\X\A5\X\D5\X\EB:10');
#72=NEXT_ASSEMBLY_USAGE_OCCURRENCE('\X\C9\X\E3\X\CF\X\F1\X\CD\X\B7\X\D6
\X\A7\X\BC\X\DC\X\B6\X\A5\X\D5\X\EB:11',
'\X\C9\X\E3\X\CF\X\F1\X\CD\X\B7\X\D6\X\A7\X\BC\X\DC\X\B6\X\A5\X\D5\X\EB
:11','\X\C9\X\E3\X\CF\X\F1\X\CD\X\B7\X\D6\X\A7\X\BC\X\DC\X\B6\X\A5\X\D5
\X\EB:11',#4955,#4958,'\X\C9\X\E3\X\CF\X\F1\X\CD\X\B7\X\D6\X\A7\X\BC\X\DC
\X\B6\X\A5\X\D5\X\EB:11');
#73=NEXT_ASSEMBLY_USAGE_OCCURRENCE('\X\C9\X\E3\X\CF\X\F1\X\CD\X\B7\X\D6
\X\A7\X\BC\X\DC\X\B6\X\A5\X\D5\X\EB:12',
'\X\C9\X\E3\X\CF\X\F1\X\CD\X\B7\X\D6\X\A7\X\BC\X\DC\X\B6\X\A5\X\D5\X\EB
:12','\X\C9\X\E3\X\CF\X\F1\X\CD\X\B7\X\D6\X\A7\X\BC\X\DC\X\B6\X\A5\X\D5
\X\EB:12',#4955,#4958,'\X\C9\X\E3\X\CF\X\F1\X\CD\X\B7\X\D6\X\A7\X\BC\X\DC
\X\B6\X\A5\X\D5\X\EB:12');
#74=NEXT_ASSEMBLY_USAGE_OCCURRENCE('\X\C1\X\E3\X\BC\X\FE1^XI1305-_M:2',
'\X\C1\X\E3\X\BC\X\FE1^XI1305-_M:2','\X\C1\X\E3\X\BC\X\FE1^XI1305-_M:2',
#4955,#4959,'\X\C1\X\E3\X\BC\X\FE1^XI1305-_M:2');
#75=SPHERICAL_SURFACE('',#3174,0.5);
#76=SHAPE_REPRESENTATION_RELATIONSHIP('SRR','None',#4950,#80);
#77=SHAPE_REPRESENTATION_RELATIONSHIP('SRR','None',#4951,#81);
#78=SHAPE_REPRESENTATION_RELATIONSHIP('SRR','None',#4952,#82);
#79=SHAPE_REPRESENTATION_RELATIONSHIP('SRR','None',#4953,#83);
#80=ADVANCED_BREP_SHAPE_REPRESENTATION('',(#88),#4914);
#81=ADVANCED_BREP_SHAPE_REPRESENTATION('',(#89),#4915);
#82=ADVANCED_BREP_SHAPE_REPRESENTATION('',(#90),#4916);
#83=ADVANCED_BREP_SHAPE_REPRESENTATION('',(#91),#4917);
#84=STYLED_ITEM('',(#4979),#88);
#85=STYLED_ITEM('',(#4979),#89);
#86=STYLED_ITEM('',(#4979),#90);
#87=STYLED_ITEM('',(#4979),#91);
#88=MANIFOLD_SOLID_BREP('Body1',#2810);
#89=MANIFOLD_SOLID_BREP('Body1',#2811);
#90=MANIFOLD_SOLID_BREP('Body1',#2812);
#91=MANIFOLD_SOLID_BREP('Body1',#2813);
#92=FACE_BOUND('',#487,.T.);
#93=FACE_BOUND('',#493,.T.);
#94=FACE_BOUND('',#495,.T.);
#95=FACE_BOUND('',#496,.T.);
#96=FACE_BOUND('',#497,.T.);
#97=FACE_BOUND('',#498,.T.);
#98=FACE_BOUND('',#499,.T.);
#99=FACE_BOUND('',#500,.T.);
#100=FACE_BOUND('',#501,.T.);
#101=FACE_BOUND('',#502,.T.);
#102=FACE_BOUND('',#503,.T.);
#103=FACE_BOUND('',#504,.T.);
#104=FACE_BOUND('',#505,.T.);
#105=FACE_BOUND('',#506,.T.);
#106=FACE_BOUND('',#507,.T.);
#107=FACE_BOUND('',#508,.T.);
#108=FACE_BOUND('',#510,.T.);
#109=FACE_BOUND('',#511,.T.);
#110=FACE_BOUND('',#512,.T.);
#111=FACE_BOUND('',#513,.T.);
#112=FACE_BOUND('',#514,.T.);
#113=FACE_BOUND('',#515,.T.);
#114=FACE_BOUND('',#516,.T.);
#115=FACE_BOUND('',#517,.T.);
#116=FACE_BOUND('',#518,.T.);
#117=FACE_BOUND('',#519,.T.);
#118=FACE_BOUND('',#520,.T.);
#119=FACE_BOUND('',#521,.T.);
#120=FACE_BOUND('',#522,.T.);
#121=FACE_BOUND('',#523,.T.);
#122=FACE_BOUND('',#544,.T.);
#123=FACE_BOUND('',#546,.T.);
#124=FACE_BOUND('',#626,.T.);
#125=FACE_BOUND('',#627,.T.);
#126=FACE_BOUND('',#628,.T.);
#127=FACE_BOUND('',#629,.T.);
#128=FACE_BOUND('',#630,.T.);
#129=FACE_BOUND('',#631,.T.);
#130=FACE_BOUND('',#632,.T.);
#131=FACE_BOUND('',#633,.T.);
#132=FACE_BOUND('',#634,.T.);
#133=FACE_BOUND('',#635,.T.);
#134=FACE_BOUND('',#636,.T.);
#135=FACE_BOUND('',#637,.T.);
#136=FACE_BOUND('',#638,.T.);
#137=FACE_BOUND('',#639,.T.);
#138=FACE_BOUND('',#641,.T.);
#139=FACE_BOUND('',#643,.T.);
#140=FACE_BOUND('',#648,.T.);
#141=FACE_BOUND('',#649,.T.);
#142=FACE_BOUND('',#650,.T.);
#143=FACE_BOUND('',#651,.T.);
#144=FACE_BOUND('',#652,.T.);
#145=FACE_BOUND('',#653,.T.);
#146=FACE_BOUND('',#654,.T.);
#147=FACE_BOUND('',#655,.T.);
#148=FACE_BOUND('',#656,.T.);
#149=FACE_BOUND('',#657,.T.);
#150=FACE_BOUND('',#658,.T.);
#151=FACE_BOUND('',#659,.T.);
#152=FACE_BOUND('',#661,.T.);
#153=FACE_BOUND('',#663,.T.);
#154=FACE_BOUND('',#665,.T.);
#155=FACE_BOUND('',#667,.T.);
#156=FACE_BOUND('',#669,.T.);
#157=FACE_BOUND('',#671,.T.);
#158=FACE_BOUND('',#673,.T.);
#159=FACE_BOUND('',#675,.T.);
#160=FACE_BOUND('',#677,.T.);
#161=FACE_BOUND('',#679,.T.);
#162=FACE_BOUND('',#681,.T.);
#163=FACE_BOUND('',#683,.T.);
#164=FACE_BOUND('',#695,.T.);
#165=FACE_BOUND('',#697,.T.);
#166=FACE_BOUND('',#701,.T.);
#167=FACE_BOUND('',#703,.T.);
#168=PLANE('',#2925);
#169=PLANE('',#2929);
#170=PLANE('',#2930);
#171=PLANE('',#2931);
#172=PLANE('',#2932);
#173=PLANE('',#2933);
#174=PLANE('',#2937);
#175=PLANE('',#2950);
#176=PLANE('',#2965);
#177=PLANE('',#2968);
#178=PLANE('',#2973);
#179=PLANE('',#2974);
#180=PLANE('',#2977);
#181=PLANE('',#2980);
#182=PLANE('',#2983);
#183=PLANE('',#2986);
#184=PLANE('',#2989);
#185=PLANE('',#2992);
#186=PLANE('',#2993);
#187=PLANE('',#2996);
#188=PLANE('',#2999);
#189=PLANE('',#3004);
#190=PLANE('',#3005);
#191=PLANE('',#3008);
#192=PLANE('',#3011);
#193=PLANE('',#3014);
#194=PLANE('',#3016);
#195=PLANE('',#3019);
#196=PLANE('',#3021);
#197=PLANE('',#3024);
#198=PLANE('',#3026);
#199=PLANE('',#3028);
#200=PLANE('',#3030);
#201=PLANE('',#3032);
#202=PLANE('',#3034);
#203=PLANE('',#3035);
#204=PLANE('',#3037);
#205=PLANE('',#3039);
#206=PLANE('',#3043);
#207=PLANE('',#3048);
#208=PLANE('',#3051);
#209=PLANE('',#3141);
#210=PLANE('',#3143);
#211=PLANE('',#3146);
#212=PLANE('',#3150);
#213=PLANE('',#3151);
#214=PLANE('',#3152);
#215=PLANE('',#3156);
#216=PLANE('',#3157);
#217=PLANE('',#3158);
#218=PLANE('',#3159);
#219=PLANE('',#3160);
#220=PLANE('',#3161);
#221=PLANE('',#3162);
#222=PLANE('',#3163);
#223=PLANE('',#3164);
#224=PLANE('',#3165);
#225=PLANE('',#3166);
#226=PLANE('',#3167);
#227=PLANE('',#3168);
#228=PLANE('',#3169);
#229=PLANE('',#3185);
#230=PLANE('',#3186);
#231=PLANE('',#3187);
#232=PLANE('',#3195);
#233=PLANE('',#3196);
#234=CYLINDRICAL_SURFACE('',#2874,17.2500000000007);
#235=CYLINDRICAL_SURFACE('',#2887,3.05000000000012);
#236=CYLINDRICAL_SURFACE('',#2890,3.20000000000013);
#237=CYLINDRICAL_SURFACE('',#2893,3.20000000000013);
#238=CYLINDRICAL_SURFACE('',#2896,1.60000000000007);
#239=CYLINDRICAL_SURFACE('',#2899,1.60000000000007);
#240=CYLINDRICAL_SURFACE('',#2905,37.5000000000015);
#241=CYLINDRICAL_SURFACE('',#2915,7.10000000000027);
#242=CYLINDRICAL_SURFACE('',#2918,7.10000000000027);
#243=CYLINDRICAL_SURFACE('',#2921,1.00000000000004);
#244=CYLINDRICAL_SURFACE('',#2923,1.00000000000004);
#245=CYLINDRICAL_SURFACE('',#2994,8.00000000000031);
#246=CYLINDRICAL_SURFACE('',#2997,8.00000000000031);
#247=CYLINDRICAL_SURFACE('',#3000,10.0000000000004);
#248=CYLINDRICAL_SURFACE('',#3002,10.0000000000004);
#249=CYLINDRICAL_SURFACE('',#3006,2.5000000000001);
#250=CYLINDRICAL_SURFACE('',#3009,2.5000000000001);
#251=CYLINDRICAL_SURFACE('',#3012,1.50000000000006);
#252=CYLINDRICAL_SURFACE('',#3015,1.50000000000006);
#253=CYLINDRICAL_SURFACE('',#3017,1.50000000000006);
#254=CYLINDRICAL_SURFACE('',#3020,1.50000000000006);
#255=CYLINDRICAL_SURFACE('',#3038,0.500000000000018);
#256=CYLINDRICAL_SURFACE('',#3040,0.500000000000018);
#257=CYLINDRICAL_SURFACE('',#3041,0.499999999999976);
#258=CYLINDRICAL_SURFACE('',#3042,0.500000000000018);
#259=CYLINDRICAL_SURFACE('',#3044,3.15000000000014);
#260=CYLINDRICAL_SURFACE('',#3046,3.15000000000012);
#261=CYLINDRICAL_SURFACE('',#3056,1.);
#262=CYLINDRICAL_SURFACE('',#3061,1.);
#263=CYLINDRICAL_SURFACE('',#3063,0.5);
#264=CYLINDRICAL_SURFACE('',#3066,0.749999999999973);
#265=CYLINDRICAL_SURFACE('',#3069,0.749999999999973);
#266=CYLINDRICAL_SURFACE('',#3072,0.749999999999973);
#267=CYLINDRICAL_SURFACE('',#3075,0.749999999999973);
#268=CYLINDRICAL_SURFACE('',#3078,0.749999999999973);
#269=CYLINDRICAL_SURFACE('',#3081,0.749999999999973);
#270=CYLINDRICAL_SURFACE('',#3084,0.749999999999973);
#271=CYLINDRICAL_SURFACE('',#3087,0.749999999999973);
#272=CYLINDRICAL_SURFACE('',#3090,0.749999999999973);
#273=CYLINDRICAL_SURFACE('',#3093,0.749999999999973);
#274=CYLINDRICAL_SURFACE('',#3096,0.749999999999973);
#275=CYLINDRICAL_SURFACE('',#3099,0.749999999999973);
#276=CYLINDRICAL_SURFACE('',#3102,1.);
#277=CYLINDRICAL_SURFACE('',#3105,1.);
#278=CYLINDRICAL_SURFACE('',#3108,1.);
#279=CYLINDRICAL_SURFACE('',#3111,1.);
#280=CYLINDRICAL_SURFACE('',#3114,1.);
#281=CYLINDRICAL_SURFACE('',#3117,1.);
#282=CYLINDRICAL_SURFACE('',#3120,1.);
#283=CYLINDRICAL_SURFACE('',#3123,1.);
#284=CYLINDRICAL_SURFACE('',#3126,1.);
#285=CYLINDRICAL_SURFACE('',#3129,1.);
#286=CYLINDRICAL_SURFACE('',#3132,1.);
#287=CYLINDRICAL_SURFACE('',#3135,1.);
#288=CYLINDRICAL_SURFACE('',#3138,3.14999999999999);
#289=CYLINDRICAL_SURFACE('',#3149,3.14999999999999);
#290=CYLINDRICAL_SURFACE('',#3170,0.5);
#291=CYLINDRICAL_SURFACE('',#3171,0.5);
#292=CYLINDRICAL_SURFACE('',#3172,0.5);
#293=CYLINDRICAL_SURFACE('',#3177,0.500000000000026);
#294=CYLINDRICAL_SURFACE('',#3179,0.749999999999983);
#295=CYLINDRICAL_SURFACE('',#3182,0.999999999999998);
#296=CYLINDRICAL_SURFACE('',#3189,2.);
#297=CYLINDRICAL_SURFACE('',#3192,6.85);
#298=FACE_OUTER_BOUND('',#463,.T.);
#299=FACE_OUTER_BOUND('',#464,.T.);
#300=FACE_OUTER_BOUND('',#465,.T.);
#301=FACE_OUTER_BOUND('',#466,.T.);
#302=FACE_OUTER_BOUND('',#467,.T.);
#303=FACE_OUTER_BOUND('',#468,.T.);
#304=FACE_OUTER_BOUND('',#469,.T.);
#305=FACE_OUTER_BOUND('',#470,.T.);
#306=FACE_OUTER_BOUND('',#471,.T.);
#307=FACE_OUTER_BOUND('',#472,.T.);
#308=FACE_OUTER_BOUND('',#473,.T.);
#309=FACE_OUTER_BOUND('',#474,.T.);
#310=FACE_OUTER_BOUND('',#475,.T.);
#311=FACE_OUTER_BOUND('',#476,.T.);
#312=FACE_OUTER_BOUND('',#477,.T.);
#313=FACE_OUTER_BOUND('',#478,.T.);
#314=FACE_OUTER_BOUND('',#479,.T.);
#315=FACE_OUTER_BOUND('',#480,.T.);
#316=FACE_OUTER_BOUND('',#481,.T.);
#317=FACE_OUTER_BOUND('',#482,.T.);
#318=FACE_OUTER_BOUND('',#483,.T.);
#319=FACE_OUTER_BOUND('',#484,.T.);
#320=FACE_OUTER_BOUND('',#485,.T.);
#321=FACE_OUTER_BOUND('',#486,.T.);
#322=FACE_OUTER_BOUND('',#488,.T.);
#323=FACE_OUTER_BOUND('',#489,.T.);
#324=FACE_OUTER_BOUND('',#490,.T.);
#325=FACE_OUTER_BOUND('',#491,.T.);
#326=FACE_OUTER_BOUND('',#492,.T.);
#327=FACE_OUTER_BOUND('',#494,.T.);
#328=FACE_OUTER_BOUND('',#509,.T.);
#329=FACE_OUTER_BOUND('',#524,.T.);
#330=FACE_OUTER_BOUND('',#525,.T.);
#331=FACE_OUTER_BOUND('',#526,.T.);
#332=FACE_OUTER_BOUND('',#527,.T.);
#333=FACE_OUTER_BOUND('',#528,.T.);
#334=FACE_OUTER_BOUND('',#529,.T.);
#335=FACE_OUTER_BOUND('',#530,.T.);
#336=FACE_OUTER_BOUND('',#531,.T.);
#337=FACE_OUTER_BOUND('',#532,.T.);
#338=FACE_OUTER_BOUND('',#533,.T.);
#339=FACE_OUTER_BOUND('',#534,.T.);
#340=FACE_OUTER_BOUND('',#535,.T.);
#341=FACE_OUTER_BOUND('',#536,.T.);
#342=FACE_OUTER_BOUND('',#537,.T.);
#343=FACE_OUTER_BOUND('',#538,.T.);
#344=FACE_OUTER_BOUND('',#539,.T.);
#345=FACE_OUTER_BOUND('',#540,.T.);
#346=FACE_OUTER_BOUND('',#541,.T.);
#347=FACE_OUTER_BOUND('',#542,.T.);
#348=FACE_OUTER_BOUND('',#543,.T.);
#349=FACE_OUTER_BOUND('',#545,.T.);
#350=FACE_OUTER_BOUND('',#547,.T.);
#351=FACE_OUTER_BOUND('',#548,.T.);
#352=FACE_OUTER_BOUND('',#549,.T.);
#353=FACE_OUTER_BOUND('',#550,.T.);
#354=FACE_OUTER_BOUND('',#551,.T.);
#355=FACE_OUTER_BOUND('',#552,.T.);
#356=FACE_OUTER_BOUND('',#553,.T.);
#357=FACE_OUTER_BOUND('',#554,.T.);
#358=FACE_OUTER_BOUND('',#555,.T.);
#359=FACE_OUTER_BOUND('',#556,.T.);
#360=FACE_OUTER_BOUND('',#557,.T.);
#361=FACE_OUTER_BOUND('',#558,.T.);
#362=FACE_OUTER_BOUND('',#559,.T.);
#363=FACE_OUTER_BOUND('',#560,.T.);
#364=FACE_OUTER_BOUND('',#561,.T.);
#365=FACE_OUTER_BOUND('',#562,.T.);
#366=FACE_OUTER_BOUND('',#563,.T.);
#367=FACE_OUTER_BOUND('',#564,.T.);
#368=FACE_OUTER_BOUND('',#565,.T.);
#369=FACE_OUTER_BOUND('',#566,.T.);
#370=FACE_OUTER_BOUND('',#567,.T.);
#371=FACE_OUTER_BOUND('',#568,.T.);
#372=FACE_OUTER_BOUND('',#569,.T.);
#373=FACE_OUTER_BOUND('',#570,.T.);
#374=FACE_OUTER_BOUND('',#571,.T.);
#375=FACE_OUTER_BOUND('',#572,.T.);
#376=FACE_OUTER_BOUND('',#573,.T.);
#377=FACE_OUTER_BOUND('',#574,.T.);
#378=FACE_OUTER_BOUND('',#575,.T.);
#379=FACE_OUTER_BOUND('',#576,.T.);
#380=FACE_OUTER_BOUND('',#577,.T.);
#381=FACE_OUTER_BOUND('',#578,.T.);
#382=FACE_OUTER_BOUND('',#579,.T.);
#383=FACE_OUTER_BOUND('',#580,.T.);
#384=FACE_OUTER_BOUND('',#581,.T.);
#385=FACE_OUTER_BOUND('',#582,.T.);
#386=FACE_OUTER_BOUND('',#583,.T.);
#387=FACE_OUTER_BOUND('',#584,.T.);
#388=FACE_OUTER_BOUND('',#585,.T.);
#389=FACE_OUTER_BOUND('',#586,.T.);
#390=FACE_OUTER_BOUND('',#587,.T.);
#391=FACE_OUTER_BOUND('',#588,.T.);
#392=FACE_OUTER_BOUND('',#589,.T.);
#393=FACE_OUTER_BOUND('',#590,.T.);
#394=FACE_OUTER_BOUND('',#591,.T.);
#395=FACE_OUTER_BOUND('',#592,.T.);
#396=FACE_OUTER_BOUND('',#593,.T.);
#397=FACE_OUTER_BOUND('',#594,.T.);
#398=FACE_OUTER_BOUND('',#595,.T.);
#399=FACE_OUTER_BOUND('',#596,.T.);
#400=FACE_OUTER_BOUND('',#597,.T.);
#401=FACE_OUTER_BOUND('',#598,.T.);
#402=FACE_OUTER_BOUND('',#599,.T.);
#403=FACE_OUTER_BOUND('',#600,.T.);
#404=FACE_OUTER_BOUND('',#601,.T.);
#405=FACE_OUTER_BOUND('',#602,.T.);
#406=FACE_OUTER_BOUND('',#603,.T.);
#407=FACE_OUTER_BOUND('',#604,.T.);
#408=FACE_OUTER_BOUND('',#605,.T.);
#409=FACE_OUTER_BOUND('',#606,.T.);
#410=FACE_OUTER_BOUND('',#607,.T.);
#411=FACE_OUTER_BOUND('',#608,.T.);
#412=FACE_OUTER_BOUND('',#609,.T.);
#413=FACE_OUTER_BOUND('',#610,.T.);
#414=FACE_OUTER_BOUND('',#611,.T.);
#415=FACE_OUTER_BOUND('',#612,.T.);
#416=FACE_OUTER_BOUND('',#613,.T.);
#417=FACE_OUTER_BOUND('',#614,.T.);
#418=FACE_OUTER_BOUND('',#615,.T.);
#419=FACE_OUTER_BOUND('',#616,.T.);
#420=FACE_OUTER_BOUND('',#617,.T.);
#421=FACE_OUTER_BOUND('',#618,.T.);
#422=FACE_OUTER_BOUND('',#619,.T.);
#423=FACE_OUTER_BOUND('',#620,.T.);
#424=FACE_OUTER_BOUND('',#621,.T.);
#425=FACE_OUTER_BOUND('',#622,.T.);
#426=FACE_OUTER_BOUND('',#623,.T.);
#427=FACE_OUTER_BOUND('',#624,.T.);
#428=FACE_OUTER_BOUND('',#625,.T.);
#429=FACE_OUTER_BOUND('',#640,.T.);
#430=FACE_OUTER_BOUND('',#642,.T.);
#431=FACE_OUTER_BOUND('',#644,.T.);
#432=FACE_OUTER_BOUND('',#645,.T.);
#433=FACE_OUTER_BOUND('',#646,.T.);
#434=FACE_OUTER_BOUND('',#647,.T.);
#435=FACE_OUTER_BOUND('',#660,.T.);
#436=FACE_OUTER_BOUND('',#662,.T.);
#437=FACE_OUTER_BOUND('',#664,.T.);
#438=FACE_OUTER_BOUND('',#666,.T.);
#439=FACE_OUTER_BOUND('',#668,.T.);
#440=FACE_OUTER_BOUND('',#670,.T.);
#441=FACE_OUTER_BOUND('',#672,.T.);
#442=FACE_OUTER_BOUND('',#674,.T.);
#443=FACE_OUTER_BOUND('',#676,.T.);
#444=FACE_OUTER_BOUND('',#678,.T.);
#445=FACE_OUTER_BOUND('',#680,.T.);
#446=FACE_OUTER_BOUND('',#682,.T.);
#447=FACE_OUTER_BOUND('',#684,.T.);
#448=FACE_OUTER_BOUND('',#685,.T.);
#449=FACE_OUTER_BOUND('',#686,.T.);
#450=FACE_OUTER_BOUND('',#687,.T.);
#451=FACE_OUTER_BOUND('',#688,.T.);
#452=FACE_OUTER_BOUND('',#689,.T.);
#453=FACE_OUTER_BOUND('',#690,.T.);
#454=FACE_OUTER_BOUND('',#691,.T.);
#455=FACE_OUTER_BOUND('',#692,.T.);
#456=FACE_OUTER_BOUND('',#693,.T.);
#457=FACE_OUTER_BOUND('',#694,.T.);
#458=FACE_OUTER_BOUND('',#696,.T.);
#459=FACE_OUTER_BOUND('',#698,.T.);
#460=FACE_OUTER_BOUND('',#699,.T.);
#461=FACE_OUTER_BOUND('',#700,.T.);
#462=FACE_OUTER_BOUND('',#702,.T.);
#463=EDGE_LOOP('',(#1873,#1874,#1875,#1876));
#464=EDGE_LOOP('',(#1877,#1878,#1879,#1880));
#465=EDGE_LOOP('',(#1881,#1882,#1883,#1884));
#466=EDGE_LOOP('',(#1885,#1886,#1887,#1888,#1889));
#467=EDGE_LOOP('',(#1890,#1891,#1892,#1893,#1894));
#468=EDGE_LOOP('',(#1895,#1896,#1897,#1898));
#469=EDGE_LOOP('',(#1899,#1900,#1901,#1902));
#470=EDGE_LOOP('',(#1903,#1904,#1905,#1906));
#471=EDGE_LOOP('',(#1907,#1908,#1909,#1910));
#472=EDGE_LOOP('',(#1911,#1912,#1913,#1914));
#473=EDGE_LOOP('',(#1915,#1916,#1917,#1918));
#474=EDGE_LOOP('',(#1919,#1920,#1921,#1922));
#475=EDGE_LOOP('',(#1923,#1924,#1925,#1926));
#476=EDGE_LOOP('',(#1927,#1928,#1929,#1930));
#477=EDGE_LOOP('',(#1931,#1932,#1933,#1934));
#478=EDGE_LOOP('',(#1935,#1936,#1937,#1938));
#479=EDGE_LOOP('',(#1939,#1940,#1941,#1942));
#480=EDGE_LOOP('',(#1943,#1944,#1945,#1946));
#481=EDGE_LOOP('',(#1947,#1948,#1949,#1950));
#482=EDGE_LOOP('',(#1951,#1952,#1953,#1954));
#483=EDGE_LOOP('',(#1955,#1956,#1957,#1958));
#484=EDGE_LOOP('',(#1959,#1960,#1961,#1962));
#485=EDGE_LOOP('',(#1963,#1964,#1965,#1966));
#486=EDGE_LOOP('',(#1967,#1968,#1969,#1970,#1971,#1972));
#487=EDGE_LOOP('',(#1973));
#488=EDGE_LOOP('',(#1974,#1975,#1976,#1977));
#489=EDGE_LOOP('',(#1978,#1979,#1980,#1981));
#490=EDGE_LOOP('',(#1982));
#491=EDGE_LOOP('',(#1983));
#492=EDGE_LOOP('',(#1984,#1985,#1986,#1987,#1988,#1989));
#493=EDGE_LOOP('',(#1990));
#494=EDGE_LOOP('',(#1991,#1992,#1993,#1994,#1995,#1996,#1997,#1998));
#495=EDGE_LOOP('',(#1999,#2000,#2001,#2002));
#496=EDGE_LOOP('',(#2003,#2004,#2005,#2006));
#497=EDGE_LOOP('',(#2007,#2008,#2009,#2010));
#498=EDGE_LOOP('',(#2011));
#499=EDGE_LOOP('',(#2012));
#500=EDGE_LOOP('',(#2013,#2014,#2015,#2016,#2017,#2018,#2019,#2020));
#501=EDGE_LOOP('',(#2021));
#502=EDGE_LOOP('',(#2022));
#503=EDGE_LOOP('',(#2023));
#504=EDGE_LOOP('',(#2024));
#505=EDGE_LOOP('',(#2025));
#506=EDGE_LOOP('',(#2026));
#507=EDGE_LOOP('',(#2027));
#508=EDGE_LOOP('',(#2028));
#509=EDGE_LOOP('',(#2029,#2030,#2031,#2032,#2033,#2034,#2035,#2036));
#510=EDGE_LOOP('',(#2037));
#511=EDGE_LOOP('',(#2038));
#512=EDGE_LOOP('',(#2039));
#513=EDGE_LOOP('',(#2040));
#514=EDGE_LOOP('',(#2041));
#515=EDGE_LOOP('',(#2042));
#516=EDGE_LOOP('',(#2043));
#517=EDGE_LOOP('',(#2044));
#518=EDGE_LOOP('',(#2045));
#519=EDGE_LOOP('',(#2046,#2047,#2048,#2049));
#520=EDGE_LOOP('',(#2050));
#521=EDGE_LOOP('',(#2051,#2052,#2053,#2054));
#522=EDGE_LOOP('',(#2055,#2056,#2057,#2058));
#523=EDGE_LOOP('',(#2059,#2060,#2061,#2062));
#524=EDGE_LOOP('',(#2063,#2064,#2065,#2066));
#525=EDGE_LOOP('',(#2067,#2068,#2069,#2070));
#526=EDGE_LOOP('',(#2071,#2072,#2073,#2074));
#527=EDGE_LOOP('',(#2075,#2076,#2077,#2078));
#528=EDGE_LOOP('',(#2079,#2080,#2081,#2082));
#529=EDGE_LOOP('',(#2083,#2084,#2085,#2086));
#530=EDGE_LOOP('',(#2087,#2088,#2089,#2090));
#531=EDGE_LOOP('',(#2091,#2092,#2093,#2094));
#532=EDGE_LOOP('',(#2095,#2096,#2097,#2098));
#533=EDGE_LOOP('',(#2099,#2100,#2101,#2102));
#534=EDGE_LOOP('',(#2103,#2104,#2105,#2106));
#535=EDGE_LOOP('',(#2107,#2108,#2109,#2110));
#536=EDGE_LOOP('',(#2111,#2112,#2113,#2114));
#537=EDGE_LOOP('',(#2115,#2116,#2117,#2118));
#538=EDGE_LOOP('',(#2119,#2120,#2121,#2122));
#539=EDGE_LOOP('',(#2123,#2124,#2125,#2126));
#540=EDGE_LOOP('',(#2127,#2128,#2129,#2130));
#541=EDGE_LOOP('',(#2131,#2132,#2133,#2134));
#542=EDGE_LOOP('',(#2135,#2136,#2137,#2138));
#543=EDGE_LOOP('',(#2139));
#544=EDGE_LOOP('',(#2140));
#545=EDGE_LOOP('',(#2141));
#546=EDGE_LOOP('',(#2142));
#547=EDGE_LOOP('',(#2143,#2144,#2145,#2146));
#548=EDGE_LOOP('',(#2147,#2148,#2149,#2150));
#549=EDGE_LOOP('',(#2151,#2152,#2153,#2154));
#550=EDGE_LOOP('',(#2155,#2156,#2157,#2158));
#551=EDGE_LOOP('',(#2159,#2160,#2161,#2162));
#552=EDGE_LOOP('',(#2163,#2164,#2165,#2166));
#553=EDGE_LOOP('',(#2167,#2168,#2169,#2170));
#554=EDGE_LOOP('',(#2171,#2172,#2173,#2174));
#555=EDGE_LOOP('',(#2175,#2176,#2177,#2178));
#556=EDGE_LOOP('',(#2179,#2180,#2181,#2182));
#557=EDGE_LOOP('',(#2183,#2184,#2185,#2186));
#558=EDGE_LOOP('',(#2187,#2188,#2189,#2190));
#559=EDGE_LOOP('',(#2191,#2192,#2193,#2194));
#560=EDGE_LOOP('',(#2195,#2196,#2197,#2198));
#561=EDGE_LOOP('',(#2199,#2200,#2201,#2202));
#562=EDGE_LOOP('',(#2203,#2204,#2205,#2206));
#563=EDGE_LOOP('',(#2207,#2208,#2209,#2210));
#564=EDGE_LOOP('',(#2211,#2212,#2213,#2214));
#565=EDGE_LOOP('',(#2215,#2216,#2217,#2218));
#566=EDGE_LOOP('',(#2219,#2220,#2221,#2222));
#567=EDGE_LOOP('',(#2223,#2224,#2225,#2226));
#568=EDGE_LOOP('',(#2227,#2228,#2229,#2230));
#569=EDGE_LOOP('',(#2231,#2232,#2233,#2234));
#570=EDGE_LOOP('',(#2235,#2236,#2237,#2238));
#571=EDGE_LOOP('',(#2239,#2240,#2241,#2242));
#572=EDGE_LOOP('',(#2243,#2244,#2245,#2246));
#573=EDGE_LOOP('',(#2247,#2248,#2249,#2250));
#574=EDGE_LOOP('',(#2251,#2252,#2253,#2254));
#575=EDGE_LOOP('',(#2255,#2256,#2257,#2258));
#576=EDGE_LOOP('',(#2259,#2260,#2261,#2262));
#577=EDGE_LOOP('',(#2263,#2264,#2265,#2266));
#578=EDGE_LOOP('',(#2267,#2268,#2269,#2270));
#579=EDGE_LOOP('',(#2271,#2272,#2273,#2274));
#580=EDGE_LOOP('',(#2275,#2276,#2277,#2278));
#581=EDGE_LOOP('',(#2279,#2280,#2281,#2282));
#582=EDGE_LOOP('',(#2283,#2284,#2285,#2286));
#583=EDGE_LOOP('',(#2287,#2288,#2289,#2290));
#584=EDGE_LOOP('',(#2291,#2292,#2293,#2294,#2295,#2296,#2297,#2298));
#585=EDGE_LOOP('',(#2299,#2300,#2301,#2302));
#586=EDGE_LOOP('',(#2303,#2304,#2305,#2306));
#587=EDGE_LOOP('',(#2307,#2308,#2309,#2310));
#588=EDGE_LOOP('',(#2311,#2312,#2313,#2314,#2315,#2316,#2317,#2318));
#589=EDGE_LOOP('',(#2319,#2320,#2321,#2322));
#590=EDGE_LOOP('',(#2323,#2324,#2325,#2326));
#591=EDGE_LOOP('',(#2327,#2328,#2329,#2330));
#592=EDGE_LOOP('',(#2331,#2332,#2333,#2334));
#593=EDGE_LOOP('',(#2335,#2336,#2337,#2338));
#594=EDGE_LOOP('',(#2339,#2340,#2341,#2342));
#595=EDGE_LOOP('',(#2343,#2344,#2345,#2346));
#596=EDGE_LOOP('',(#2347,#2348,#2349,#2350));
#597=EDGE_LOOP('',(#2351,#2352,#2353,#2354));
#598=EDGE_LOOP('',(#2355,#2356,#2357,#2358));
#599=EDGE_LOOP('',(#2359,#2360,#2361,#2362));
#600=EDGE_LOOP('',(#2363,#2364,#2365,#2366));
#601=EDGE_LOOP('',(#2367,#2368,#2369,#2370));
#602=EDGE_LOOP('',(#2371,#2372,#2373,#2374));
#603=EDGE_LOOP('',(#2375,#2376,#2377,#2378));
#604=EDGE_LOOP('',(#2379,#2380,#2381,#2382));
#605=EDGE_LOOP('',(#2383,#2384,#2385,#2386));
#606=EDGE_LOOP('',(#2387,#2388,#2389,#2390));
#607=EDGE_LOOP('',(#2391,#2392,#2393,#2394));
#608=EDGE_LOOP('',(#2395,#2396,#2397,#2398));
#609=EDGE_LOOP('',(#2399,#2400,#2401,#2402));
#610=EDGE_LOOP('',(#2403,#2404,#2405,#2406));
#611=EDGE_LOOP('',(#2407,#2408,#2409,#2410));
#612=EDGE_LOOP('',(#2411,#2412,#2413,#2414));
#613=EDGE_LOOP('',(#2415,#2416,#2417,#2418));
#614=EDGE_LOOP('',(#2419,#2420,#2421,#2422));
#615=EDGE_LOOP('',(#2423,#2424,#2425,#2426));
#616=EDGE_LOOP('',(#2427,#2428,#2429,#2430));
#617=EDGE_LOOP('',(#2431,#2432,#2433,#2434));
#618=EDGE_LOOP('',(#2435,#2436,#2437,#2438));
#619=EDGE_LOOP('',(#2439,#2440,#2441,#2442));
#620=EDGE_LOOP('',(#2443,#2444,#2445,#2446));
#621=EDGE_LOOP('',(#2447,#2448,#2449,#2450));
#622=EDGE_LOOP('',(#2451,#2452,#2453,#2454));
#623=EDGE_LOOP('',(#2455,#2456,#2457,#2458));
#624=EDGE_LOOP('',(#2459,#2460,#2461,#2462));
#625=EDGE_LOOP('',(#2463,#2464,#2465,#2466));
#626=EDGE_LOOP('',(#2467));
#627=EDGE_LOOP('',(#2468));
#628=EDGE_LOOP('',(#2469));
#629=EDGE_LOOP('',(#2470));
#630=EDGE_LOOP('',(#2471));
#631=EDGE_LOOP('',(#2472));
#632=EDGE_LOOP('',(#2473));
#633=EDGE_LOOP('',(#2474));
#634=EDGE_LOOP('',(#2475));
#635=EDGE_LOOP('',(#2476));
#636=EDGE_LOOP('',(#2477));
#637=EDGE_LOOP('',(#2478));
#638=EDGE_LOOP('',(#2479));
#639=EDGE_LOOP('',(#2480));
#640=EDGE_LOOP('',(#2481,#2482,#2483,#2484,#2485,#2486));
#641=EDGE_LOOP('',(#2487));
#642=EDGE_LOOP('',(#2488,#2489,#2490,#2491,#2492,#2493));
#643=EDGE_LOOP('',(#2494));
#644=EDGE_LOOP('',(#2495,#2496,#2497,#2498));
#645=EDGE_LOOP('',(#2499,#2500,#2501,#2502));
#646=EDGE_LOOP('',(#2503,#2504,#2505,#2506));
#647=EDGE_LOOP('',(#2507,#2508,#2509,#2510,#2511,#2512,#2513,#2514));
#648=EDGE_LOOP('',(#2515));
#649=EDGE_LOOP('',(#2516));
#650=EDGE_LOOP('',(#2517));
#651=EDGE_LOOP('',(#2518));
#652=EDGE_LOOP('',(#2519));
#653=EDGE_LOOP('',(#2520));
#654=EDGE_LOOP('',(#2521));
#655=EDGE_LOOP('',(#2522));
#656=EDGE_LOOP('',(#2523));
#657=EDGE_LOOP('',(#2524));
#658=EDGE_LOOP('',(#2525));
#659=EDGE_LOOP('',(#2526));
#660=EDGE_LOOP('',(#2527));
#661=EDGE_LOOP('',(#2528));
#662=EDGE_LOOP('',(#2529));
#663=EDGE_LOOP('',(#2530));
#664=EDGE_LOOP('',(#2531));
#665=EDGE_LOOP('',(#2532));
#666=EDGE_LOOP('',(#2533));
#667=EDGE_LOOP('',(#2534));
#668=EDGE_LOOP('',(#2535));
#669=EDGE_LOOP('',(#2536));
#670=EDGE_LOOP('',(#2537));
#671=EDGE_LOOP('',(#2538));
#672=EDGE_LOOP('',(#2539));
#673=EDGE_LOOP('',(#2540));
#674=EDGE_LOOP('',(#2541));
#675=EDGE_LOOP('',(#2542));
#676=EDGE_LOOP('',(#2543));
#677=EDGE_LOOP('',(#2544));
#678=EDGE_LOOP('',(#2545));
#679=EDGE_LOOP('',(#2546));
#680=EDGE_LOOP('',(#2547));
#681=EDGE_LOOP('',(#2548));
#682=EDGE_LOOP('',(#2549));
#683=EDGE_LOOP('',(#2550));
#684=EDGE_LOOP('',(#2551,#2552,#2553,#2554,#2555,#2556,#2557,#2558));
#685=EDGE_LOOP('',(#2559,#2560,#2561,#2562,#2563,#2564,#2565,#2566));
#686=EDGE_LOOP('',(#2567,#2568,#2569,#2570));
#687=EDGE_LOOP('',(#2571,#2572,#2573,#2574));
#688=EDGE_LOOP('',(#2575,#2576,#2577,#2578));
#689=EDGE_LOOP('',(#2579,#2580,#2581));
#690=EDGE_LOOP('',(#2582,#2583,#2584,#2585));
#691=EDGE_LOOP('',(#2586,#2587,#2588,#2589));
#692=EDGE_LOOP('',(#2590,#2591,#2592,#2593));
#693=EDGE_LOOP('',(#2594));
#694=EDGE_LOOP('',(#2595));
#695=EDGE_LOOP('',(#2596));
#696=EDGE_LOOP('',(#2597));
#697=EDGE_LOOP('',(#2598));
#698=EDGE_LOOP('',(#2599,#2600,#2601,#2602));
#699=EDGE_LOOP('',(#2603,#2604,#2605,#2606));
#700=EDGE_LOOP('',(#2607));
#701=EDGE_LOOP('',(#2608));
#702=EDGE_LOOP('',(#2609));
#703=EDGE_LOOP('',(#2610));
#704=LINE('',#4128,#905);
#705=LINE('',#4134,#906);
#706=LINE('',#4140,#907);
#707=LINE('',#4148,#908);
#708=LINE('',#4151,#909);
#709=LINE('',#4156,#910);
#710=LINE('',#4162,#911);
#711=LINE('',#4168,#912);
#712=LINE('',#4174,#913);
#713=LINE('',#4180,#914);
#714=LINE('',#4186,#915);
#715=LINE('',#4192,#916);
#716=LINE('',#4198,#917);
#717=LINE('',#4204,#918);
#718=LINE('',#4211,#919);
#719=LINE('',#4214,#920);
#720=LINE('',#4219,#921);
#721=LINE('',#4220,#922);
#722=LINE('',#4225,#923);
#723=LINE('',#4226,#924);
#724=LINE('',#4232,#925);
#725=LINE('',#4235,#926);
#726=LINE('',#4241,#927);
#727=LINE('',#4244,#928);
#728=LINE('',#4249,#929);
#729=LINE('',#4255,#930);
#730=LINE('',#4260,#931);
#731=LINE('',#4264,#932);
#732=LINE('',#4268,#933);
#733=LINE('',#4272,#934);
#734=LINE('',#4276,#935);
#735=LINE('',#4281,#936);
#736=LINE('',#4283,#937);
#737=LINE('',#4285,#938);
#738=LINE('',#4286,#939);
#739=LINE('',#4289,#940);
#740=LINE('',#4291,#941);
#741=LINE('',#4292,#942);
#742=LINE('',#4298,#943);
#743=LINE('',#4302,#944);
#744=LINE('',#4309,#945);
#745=LINE('',#4313,#946);
#746=LINE('',#4317,#947);
#747=LINE('',#4320,#948);
#748=LINE('',#4322,#949);
#749=LINE('',#4326,#950);
#750=LINE('',#4330,#951);
#751=LINE('',#4333,#952);
#752=LINE('',#4335,#953);
#753=LINE('',#4340,#954);
#754=LINE('',#4345,#955);
#755=LINE('',#4350,#956);
#756=LINE('',#4354,#957);
#757=LINE('',#4359,#958);
#758=LINE('',#4365,#959);
#759=LINE('',#4368,#960);
#760=LINE('',#4373,#961);
#761=LINE('',#4376,#962);
#762=LINE('',#4381,#963);
#763=LINE('',#4384,#964);
#764=LINE('',#4389,#965);
#765=LINE('',#4392,#966);
#766=LINE('',#4395,#967);
#767=LINE('',#4397,#968);
#768=LINE('',#4401,#969);
#769=LINE('',#4402,#970);
#770=LINE('',#4406,#971);
#771=LINE('',#4409,#972);
#772=LINE('',#4410,#973);
#773=LINE('',#4416,#974);
#774=LINE('',#4418,#975);
#775=LINE('',#4421,#976);
#776=LINE('',#4423,#977);
#777=LINE('',#4424,#978);
#778=LINE('',#4428,#979);
#779=LINE('',#4431,#980);
#780=LINE('',#4432,#981);
#781=LINE('',#4437,#982);
#782=LINE('',#4439,#983);
#783=LINE('',#4440,#984);
#784=LINE('',#4444,#985);
#785=LINE('',#4447,#986);
#786=LINE('',#4448,#987);
#787=LINE('',#4453,#988);
#788=LINE('',#4455,#989);
#789=LINE('',#4456,#990);
#790=LINE('',#4460,#991);
#791=LINE('',#4463,#992);
#792=LINE('',#4464,#993);
#793=LINE('',#4471,#994);
#794=LINE('',#4474,#995);
#795=LINE('',#4477,#996);
#796=LINE('',#4478,#997);
#797=LINE('',#4482,#998);
#798=LINE('',#4485,#999);
#799=LINE('',#4486,#1000);
#800=LINE('',#4492,#1001);
#801=LINE('',#4494,#1002);
#802=LINE('',#4497,#1003);
#803=LINE('',#4499,#1004);
#804=LINE('',#4500,#1005);
#805=LINE('',#4504,#1006);
#806=LINE('',#4507,#1007);
#807=LINE('',#4508,#1008);
#808=LINE('',#4512,#1009);
#809=LINE('',#4514,#1010);
#810=LINE('',#4515,#1011);
#811=LINE('',#4519,#1012);
#812=LINE('',#4521,#1013);
#813=LINE('',#4522,#1014);
#814=LINE('',#4525,#1015);
#815=LINE('',#4527,#1016);
#816=LINE('',#4528,#1017);
#817=LINE('',#4532,#1018);
#818=LINE('',#4534,#1019);
#819=LINE('',#4535,#1020);
#820=LINE('',#4538,#1021);
#821=LINE('',#4539,#1022);
#822=LINE('',#4542,#1023);
#823=LINE('',#4544,#1024);
#824=LINE('',#4546,#1025);
#825=LINE('',#4548,#1026);
#826=LINE('',#4551,#1027);
#827=LINE('',#4553,#1028);
#828=LINE('',#4556,#1029);
#829=LINE('',#4557,#1030);
#830=LINE('',#4559,#1031);
#831=LINE('',#4561,#1032);
#832=LINE('',#4564,#1033);
#833=LINE('',#4566,#1034);
#834=LINE('',#4569,#1035);
#835=LINE('',#4572,#1036);
#836=LINE('',#4574,#1037);
#837=LINE('',#4575,#1038);
#838=LINE('',#4576,#1039);
#839=LINE('',#4579,#1040);
#840=LINE('',#4581,#1041);
#841=LINE('',#4584,#1042);
#842=LINE('',#4586,#1043);
#843=LINE('',#4587,#1044);
#844=LINE('',#4593,#1045);
#845=LINE('',#4594,#1046);
#846=LINE('',#4596,#1047);
#847=LINE('',#4598,#1048);
#848=LINE('',#4605,#1049);
#849=LINE('',#4610,#1050);
#850=LINE('',#4615,#1051);
#851=LINE('',#4620,#1052);
#852=LINE('',#4626,#1053);
#853=LINE('',#4629,#1054);
#854=LINE('',#4634,#1055);
#855=LINE('',#4640,#1056);
#856=LINE('',#4646,#1057);
#857=LINE('',#4652,#1058);
#858=LINE('',#4658,#1059);
#859=LINE('',#4664,#1060);
#860=LINE('',#4670,#1061);
#861=LINE('',#4676,#1062);
#862=LINE('',#4682,#1063);
#863=LINE('',#4688,#1064);
#864=LINE('',#4694,#1065);
#865=LINE('',#4700,#1066);
#866=LINE('',#4706,#1067);
#867=LINE('',#4712,#1068);
#868=LINE('',#4718,#1069);
#869=LINE('',#4724,#1070);
#870=LINE('',#4730,#1071);
#871=LINE('',#4736,#1072);
#872=LINE('',#4742,#1073);
#873=LINE('',#4748,#1074);
#874=LINE('',#4754,#1075);
#875=LINE('',#4760,#1076);
#876=LINE('',#4766,#1077);
#877=LINE('',#4772,#1078);
#878=LINE('',#4779,#1079);
#879=LINE('',#4782,#1080);
#880=LINE('',#4785,#1081);
#881=LINE('',#4788,#1082);
#882=LINE('',#4792,#1083);
#883=LINE('',#4795,#1084);
#884=LINE('',#4797,#1085);
#885=LINE('',#4801,#1086);
#886=LINE('',#4803,#1087);
#887=LINE('',#4807,#1088);
#888=LINE('',#4810,#1089);
#889=LINE('',#4811,#1090);
#890=LINE('',#4815,#1091);
#891=LINE('',#4816,#1092);
#892=LINE('',#4817,#1093);
#893=LINE('',#4820,#1094);
#894=LINE('',#4821,#1095);
#895=LINE('',#4826,#1096);
#896=LINE('',#4830,#1097);
#897=LINE('',#4844,#1098);
#898=LINE('',#4846,#1099);
#899=LINE('',#4847,#1100);
#900=LINE('',#4860,#1101);
#901=LINE('',#4865,#1102);
#902=LINE('',#4871,#1103);
#903=LINE('',#4881,#1104);
#904=LINE('',#4887,#1105);
#905=VECTOR('',#3221,1.00000000000004);
#906=VECTOR('',#3228,1.00000000000004);
#907=VECTOR('',#3235,17.2500000000007);
#908=VECTOR('',#3244,17.5500000000007);
#909=VECTOR('',#3249,17.2500000000007);
#910=VECTOR('',#3254,6.30000000000025);
#911=VECTOR('',#3261,6.30000000000025);
#912=VECTOR('',#3268,6.30000000000025);
#913=VECTOR('',#3275,6.30000000000025);
#914=VECTOR('',#3282,3.05000000000012);
#915=VECTOR('',#3289,3.20000000000013);
#916=VECTOR('',#3296,3.20000000000013);
#917=VECTOR('',#3303,1.60000000000007);
#918=VECTOR('',#3310,1.60000000000007);
#919=VECTOR('',#3317,1000.);
#920=VECTOR('',#3320,1000.);
#921=VECTOR('',#3325,1000.);
#922=VECTOR('',#3326,1000.);
#923=VECTOR('',#3331,1000.);
#924=VECTOR('',#3332,1000.);
#925=VECTOR('',#3337,1000.);
#926=VECTOR('',#3340,1000.);
#927=VECTOR('',#3345,1000.);
#928=VECTOR('',#3348,1000.);
#929=VECTOR('',#3353,7.10000000000027);
#930=VECTOR('',#3360,7.10000000000027);
#931=VECTOR('',#3367,1.00000000000004);
#932=VECTOR('',#3372,1.00000000000004);
#933=VECTOR('',#3375,1000.);
#934=VECTOR('',#3378,1000.);
#935=VECTOR('',#3381,1000.);
#936=VECTOR('',#3386,1000.);
#937=VECTOR('',#3387,1000.);
#938=VECTOR('',#3388,1000.);
#939=VECTOR('',#3389,1000.);
#940=VECTOR('',#3392,1000.);
#941=VECTOR('',#3393,1000.);
#942=VECTOR('',#3394,1000.);
#943=VECTOR('',#3401,1000.);
#944=VECTOR('',#3404,1000.);
#945=VECTOR('',#3413,1000.);
#946=VECTOR('',#3416,1000.);
#947=VECTOR('',#3419,1000.);
#948=VECTOR('',#3422,1000.);
#949=VECTOR('',#3423,1000.);
#950=VECTOR('',#3426,1000.);
#951=VECTOR('',#3429,1000.);
#952=VECTOR('',#3432,1000.);
#953=VECTOR('',#3433,1000.);
#954=VECTOR('',#3438,1000.);
#955=VECTOR('',#3443,1000.);
#956=VECTOR('',#3448,1000.);
#957=VECTOR('',#3451,1000.);
#958=VECTOR('',#3456,1000.);
#959=VECTOR('',#3461,1000.);
#960=VECTOR('',#3464,1000.);
#961=VECTOR('',#3467,1000.);
#962=VECTOR('',#3470,1000.);
#963=VECTOR('',#3473,1000.);
#964=VECTOR('',#3476,1000.);
#965=VECTOR('',#3479,1000.);
#966=VECTOR('',#3482,1000.);
#967=VECTOR('',#3485,1000.);
#968=VECTOR('',#3486,1000.);
#969=VECTOR('',#3491,1000.);
#970=VECTOR('',#3492,1000.);
#971=VECTOR('',#3497,1000.);
#972=VECTOR('',#3500,1000.);
#973=VECTOR('',#3501,1000.);
#974=VECTOR('',#3510,1000.);
#975=VECTOR('',#3513,1000.);
#976=VECTOR('',#3516,1000.);
#977=VECTOR('',#3517,1000.);
#978=VECTOR('',#3518,1000.);
#979=VECTOR('',#3523,1000.);
#980=VECTOR('',#3526,1000.);
#981=VECTOR('',#3527,1000.);
#982=VECTOR('',#3534,1000.);
#983=VECTOR('',#3535,1000.);
#984=VECTOR('',#3536,1000.);
#985=VECTOR('',#3541,1000.);
#986=VECTOR('',#3544,1000.);
#987=VECTOR('',#3545,1000.);
#988=VECTOR('',#3552,1000.);
#989=VECTOR('',#3553,1000.);
#990=VECTOR('',#3554,1000.);
#991=VECTOR('',#3559,1000.);
#992=VECTOR('',#3562,1000.);
#993=VECTOR('',#3563,1000.);
#994=VECTOR('',#3574,1000.);
#995=VECTOR('',#3577,1000.);
#996=VECTOR('',#3580,1000.);
#997=VECTOR('',#3581,1000.);
#998=VECTOR('',#3586,1000.);
#999=VECTOR('',#3589,1000.);
#1000=VECTOR('',#3590,1000.);
#1001=VECTOR('',#3599,1000.);
#1002=VECTOR('',#3602,1000.);
#1003=VECTOR('',#3605,1000.);
#1004=VECTOR('',#3606,1000.);
#1005=VECTOR('',#3607,1000.);
#1006=VECTOR('',#3612,1000.);
#1007=VECTOR('',#3615,1000.);
#1008=VECTOR('',#3616,1000.);
#1009=VECTOR('',#3623,1000.);
#1010=VECTOR('',#3624,1000.);
#1011=VECTOR('',#3625,1000.);
#1012=VECTOR('',#3630,1000.);
#1013=VECTOR('',#3633,1000.);
#1014=VECTOR('',#3634,1000.);
#1015=VECTOR('',#3639,1000.);
#1016=VECTOR('',#3640,1000.);
#1017=VECTOR('',#3641,1000.);
#1018=VECTOR('',#3646,1000.);
#1019=VECTOR('',#3649,1000.);
#1020=VECTOR('',#3650,1000.);
#1021=VECTOR('',#3655,1000.);
#1022=VECTOR('',#3656,1000.);
#1023=VECTOR('',#3661,1000.);
#1024=VECTOR('',#3664,1000.);
#1025=VECTOR('',#3667,1000.);
#1026=VECTOR('',#3670,1000.);
#1027=VECTOR('',#3675,1000.);
#1028=VECTOR('',#3678,1000.);
#1029=VECTOR('',#3683,1000.);
#1030=VECTOR('',#3684,1000.);
#1031=VECTOR('',#3687,1000.);
#1032=VECTOR('',#3690,1000.);
#1033=VECTOR('',#3695,1000.);
#1034=VECTOR('',#3698,1000.);
#1035=VECTOR('',#3703,1000.);
#1036=VECTOR('',#3706,1000.);
#1037=VECTOR('',#3707,1000.);
#1038=VECTOR('',#3708,1000.);
#1039=VECTOR('',#3709,1000.);
#1040=VECTOR('',#3714,1000.);
#1041=VECTOR('',#3717,1000.);
#1042=VECTOR('',#3720,1000.);
#1043=VECTOR('',#3721,1000.);
#1044=VECTOR('',#3722,1000.);
#1045=VECTOR('',#3733,1000.);
#1046=VECTOR('',#3734,1000.);
#1047=VECTOR('',#3737,1000.);
#1048=VECTOR('',#3740,1000.);
#1049=VECTOR('',#3749,1.19999999999998);
#1050=VECTOR('',#3756,1.);
#1051=VECTOR('',#3761,1.19999999999998);
#1052=VECTOR('',#3768,1.);
#1053=VECTOR('',#3773,1000.);
#1054=VECTOR('',#3776,1000.);
#1055=VECTOR('',#3781,0.749999999999973);
#1056=VECTOR('',#3788,0.749999999999973);
#1057=VECTOR('',#3795,0.749999999999973);
#1058=VECTOR('',#3802,0.749999999999973);
#1059=VECTOR('',#3809,0.749999999999973);
#1060=VECTOR('',#3816,0.749999999999973);
#1061=VECTOR('',#3823,0.749999999999973);
#1062=VECTOR('',#3830,0.749999999999973);
#1063=VECTOR('',#3837,0.749999999999973);
#1064=VECTOR('',#3844,0.749999999999973);
#1065=VECTOR('',#3851,0.749999999999973);
#1066=VECTOR('',#3858,0.749999999999973);
#1067=VECTOR('',#3865,1.);
#1068=VECTOR('',#3872,1.);
#1069=VECTOR('',#3879,1.);
#1070=VECTOR('',#3886,1.);
#1071=VECTOR('',#3893,1.);
#1072=VECTOR('',#3900,1.);
#1073=VECTOR('',#3907,1.);
#1074=VECTOR('',#3914,1.);
#1075=VECTOR('',#3921,1.);
#1076=VECTOR('',#3928,1.);
#1077=VECTOR('',#3935,1.);
#1078=VECTOR('',#3942,1.);
#1079=VECTOR('',#3949,1000.);
#1080=VECTOR('',#3952,1000.);
#1081=VECTOR('',#3955,1000.);
#1082=VECTOR('',#3958,1000.);
#1083=VECTOR('',#3961,1000.);
#1084=VECTOR('',#3964,1000.);
#1085=VECTOR('',#3965,1000.);
#1086=VECTOR('',#3970,1000.);
#1087=VECTOR('',#3971,1000.);
#1088=VECTOR('',#3974,1000.);
#1089=VECTOR('',#3979,1000.);
#1090=VECTOR('',#3980,1000.);
#1091=VECTOR('',#3983,1000.);
#1092=VECTOR('',#3984,1000.);
#1093=VECTOR('',#3985,1000.);
#1094=VECTOR('',#3988,1000.);
#1095=VECTOR('',#3989,1000.);
#1096=VECTOR('',#3994,1000.);
#1097=VECTOR('',#3999,1000.);
#1098=VECTOR('',#4026,1000.);
#1099=VECTOR('',#4029,1000.);
#1100=VECTOR('',#4030,1000.);
#1101=VECTOR('',#4049,0.500000000000026);
#1102=VECTOR('',#4054,0.749999999999983);
#1103=VECTOR('',#4061,0.999999999999998);
#1104=VECTOR('',#4076,2.);
#1105=VECTOR('',#4083,6.85);
#1106=CIRCLE('',#2862,1.00000000000004);
#1107=CIRCLE('',#2863,0.80000000000004);
#1108=CIRCLE('',#2865,1.00000000000004);
#1109=CIRCLE('',#2866,0.80000000000004);
#1110=CIRCLE('',#2868,17.2500000000007);
#1111=CIRCLE('',#2869,17.5500000000007);
#1112=CIRCLE('',#2871,17.2500000000007);
#1113=CIRCLE('',#2872,17.2500000000007);
#1114=CIRCLE('',#2873,17.5500000000007);
#1115=CIRCLE('',#2876,3.30000000000013);
#1116=CIRCLE('',#2877,6.30000000000025);
#1117=CIRCLE('',#2879,3.30000000000013);
#1118=CIRCLE('',#2880,6.30000000000025);
#1119=CIRCLE('',#2882,3.30000000000013);
#1120=CIRCLE('',#2883,6.30000000000025);
#1121=CIRCLE('',#2885,3.30000000000013);
#1122=CIRCLE('',#2886,6.30000000000025);
#1123=CIRCLE('',#2888,3.05000000000012);
#1124=CIRCLE('',#2889,3.05000000000012);
#1125=CIRCLE('',#2891,3.20000000000013);
#1126=CIRCLE('',#2892,3.20000000000013);
#1127=CIRCLE('',#2894,3.20000000000013);
#1128=CIRCLE('',#2895,3.20000000000013);
#1129=CIRCLE('',#2897,1.60000000000007);
#1130=CIRCLE('',#2898,1.60000000000007);
#1131=CIRCLE('',#2900,1.60000000000007);
#1132=CIRCLE('',#2901,1.60000000000007);
#1133=CIRCLE('',#2903,37.0000000000014);
#1134=CIRCLE('',#2904,37.5000000000015);
#1135=CIRCLE('',#2906,37.5000000000015);
#1136=CIRCLE('',#2908,37.0000000000015);
#1137=CIRCLE('',#2910,1.50000000000006);
#1138=CIRCLE('',#2911,1.60000000005318);
#1139=CIRCLE('',#2913,1.50000000000006);
#1140=CIRCLE('',#2914,1.59999999993949);
#1141=CIRCLE('',#2916,7.10000000000027);
#1142=CIRCLE('',#2917,7.10000000000027);
#1143=CIRCLE('',#2919,7.10000000000027);
#1144=CIRCLE('',#2920,7.10000000000027);
#1145=CIRCLE('',#2922,1.00000000000004);
#1146=CIRCLE('',#2924,1.00000000000004);
#1147=CIRCLE('',#2926,0.499999999999976);
#1148=CIRCLE('',#2927,0.500000000000018);
#1149=CIRCLE('',#2928,3.15000000000014);
#1150=CIRCLE('',#2934,3.15000000000012);
#1151=CIRCLE('',#2935,0.500000000000021);
#1152=CIRCLE('',#2936,0.500000000000021);
#1153=CIRCLE('',#2938,10.5000000000004);
#1154=CIRCLE('',#2939,7.50000000000033);
#1155=CIRCLE('',#2940,7.50000000000033);
#1156=CIRCLE('',#2941,10.5000000000004);
#1157=CIRCLE('',#2942,1.59999999993948);
#1158=CIRCLE('',#2943,2.60000000002957);
#1159=CIRCLE('',#2944,2.60000000002957);
#1160=CIRCLE('',#2945,1.59999999999633);
#1161=CIRCLE('',#2946,0.499999999999976);
#1162=CIRCLE('',#2947,0.500000000000021);
#1163=CIRCLE('',#2948,0.500000000000021);
#1164=CIRCLE('',#2949,0.500000000000018);
#1165=CIRCLE('',#2951,7.50000000000029);
#1166=CIRCLE('',#2952,10.5000000000004);
#1167=CIRCLE('',#2953,10.5000000000004);
#1168=CIRCLE('',#2954,7.50000000000029);
#1169=CIRCLE('',#2955,3.35000000000017);
#1170=CIRCLE('',#2956,3.35000000000018);
#1171=CIRCLE('',#2957,1.59999999993949);
#1172=CIRCLE('',#2958,1.60000000005318);
#1173=CIRCLE('',#2959,1.60000000005318);
#1174=CIRCLE('',#2960,1.59999999999633);
#1175=CIRCLE('',#2961,2.59999999991588);
#1176=CIRCLE('',#2962,2.59999999991588);
#1177=CIRCLE('',#2964,8.00000000000031);
#1178=CIRCLE('',#2967,8.00000000000031);
#1179=CIRCLE('',#2970,10.0000000000004);
#1180=CIRCLE('',#2972,10.0000000000004);
#1181=CIRCLE('',#2976,2.49999999999782);
#1182=CIRCLE('',#2979,2.49999999999782);
#1183=CIRCLE('',#2982,1.50000000003599);
#1184=CIRCLE('',#2985,1.49999999997914);
#1185=CIRCLE('',#2988,1.50000000006372);
#1186=CIRCLE('',#2991,1.50000000000688);
#1187=CIRCLE('',#2995,8.00000000000031);
#1188=CIRCLE('',#2998,8.00000000000031);
#1189=CIRCLE('',#3001,10.0000000000004);
#1190=CIRCLE('',#3003,10.0000000000004);
#1191=CIRCLE('',#3007,2.5000000000001);
#1192=CIRCLE('',#3010,2.5000000000001);
#1193=CIRCLE('',#3013,1.50000000000006);
#1194=CIRCLE('',#3018,1.50000000000006);
#1195=CIRCLE('',#3045,3.15000000000014);
#1196=CIRCLE('',#3047,3.15000000000012);
#1197=CIRCLE('',#3054,1.);
#1198=CIRCLE('',#3055,1.19999999999998);
#1199=CIRCLE('',#3057,1.);
#1200=CIRCLE('',#3059,1.);
#1201=CIRCLE('',#3060,1.19999999999998);
#1202=CIRCLE('',#3062,1.);
#1203=CIRCLE('',#3064,0.5);
#1204=CIRCLE('',#3065,0.5);
#1205=CIRCLE('',#3067,0.749999999999973);
#1206=CIRCLE('',#3068,0.749999999999973);
#1207=CIRCLE('',#3070,0.749999999999973);
#1208=CIRCLE('',#3071,0.749999999999973);
#1209=CIRCLE('',#3073,0.749999999999973);
#1210=CIRCLE('',#3074,0.749999999999973);
#1211=CIRCLE('',#3076,0.749999999999973);
#1212=CIRCLE('',#3077,0.749999999999973);
#1213=CIRCLE('',#3079,0.749999999999973);
#1214=CIRCLE('',#3080,0.749999999999973);
#1215=CIRCLE('',#3082,0.749999999999973);
#1216=CIRCLE('',#3083,0.749999999999973);
#1217=CIRCLE('',#3085,0.749999999999973);
#1218=CIRCLE('',#3086,0.749999999999973);
#1219=CIRCLE('',#3088,0.749999999999973);
#1220=CIRCLE('',#3089,0.749999999999973);
#1221=CIRCLE('',#3091,0.749999999999973);
#1222=CIRCLE('',#3092,0.749999999999973);
#1223=CIRCLE('',#3094,0.749999999999973);
#1224=CIRCLE('',#3095,0.749999999999973);
#1225=CIRCLE('',#3097,0.749999999999973);
#1226=CIRCLE('',#3098,0.749999999999973);
#1227=CIRCLE('',#3100,0.749999999999973);
#1228=CIRCLE('',#3101,0.749999999999973);
#1229=CIRCLE('',#3103,1.);
#1230=CIRCLE('',#3104,1.);
#1231=CIRCLE('',#3106,1.);
#1232=CIRCLE('',#3107,1.);
#1233=CIRCLE('',#3109,1.);
#1234=CIRCLE('',#3110,1.);
#1235=CIRCLE('',#3112,1.);
#1236=CIRCLE('',#3113,1.);
#1237=CIRCLE('',#3115,1.);
#1238=CIRCLE('',#3116,1.);
#1239=CIRCLE('',#3118,1.);
#1240=CIRCLE('',#3119,1.);
#1241=CIRCLE('',#3121,1.);
#1242=CIRCLE('',#3122,1.);
#1243=CIRCLE('',#3124,1.);
#1244=CIRCLE('',#3125,1.);
#1245=CIRCLE('',#3127,1.);
#1246=CIRCLE('',#3128,1.);
#1247=CIRCLE('',#3130,1.);
#1248=CIRCLE('',#3131,1.);
#1249=CIRCLE('',#3133,1.);
#1250=CIRCLE('',#3134,1.);
#1251=CIRCLE('',#3136,1.);
#1252=CIRCLE('',#3137,1.);
#1253=CIRCLE('',#3139,3.14999999999999);
#1254=CIRCLE('',#3140,3.14999999999999);
#1255=CIRCLE('',#3142,3.14999999999999);
#1256=CIRCLE('',#3144,0.5);
#1257=CIRCLE('',#3145,3.14999999999999);
#1258=CIRCLE('',#3147,0.5);
#1259=CIRCLE('',#3148,0.5);
#1260=CIRCLE('',#3153,0.5);
#1261=CIRCLE('',#3154,0.5);
#1262=CIRCLE('',#3155,0.5);
#1263=CIRCLE('',#3175,0.500000000000026);
#1264=CIRCLE('',#3176,0.5);
#1265=CIRCLE('',#3178,0.500000000000026);
#1266=CIRCLE('',#3180,0.749999999999983);
#1267=CIRCLE('',#3181,0.749999999999983);
#1268=CIRCLE('',#3183,0.999999999999998);
#1269=CIRCLE('',#3184,0.999999999999998);
#1270=CIRCLE('',#3190,2.);
#1271=CIRCLE('',#3191,2.);
#1272=CIRCLE('',#3193,6.85);
#1273=CIRCLE('',#3194,6.85);
#1274=VERTEX_POINT('',#4125);
#1275=VERTEX_POINT('',#4127);
#1276=VERTEX_POINT('',#4131);
#1277=VERTEX_POINT('',#4133);
#1278=VERTEX_POINT('',#4137);
#1279=VERTEX_POINT('',#4139);
#1280=VERTEX_POINT('',#4143);
#1281=VERTEX_POINT('',#4144);
#1282=VERTEX_POINT('',#4147);
#1283=VERTEX_POINT('',#4153);
#1284=VERTEX_POINT('',#4155);
#1285=VERTEX_POINT('',#4159);
#1286=VERTEX_POINT('',#4161);
#1287=VERTEX_POINT('',#4165);
#1288=VERTEX_POINT('',#4167);
#1289=VERTEX_POINT('',#4171);
#1290=VERTEX_POINT('',#4173);
#1291=VERTEX_POINT('',#4177);
#1292=VERTEX_POINT('',#4179);
#1293=VERTEX_POINT('',#4183);
#1294=VERTEX_POINT('',#4185);
#1295=VERTEX_POINT('',#4189);
#1296=VERTEX_POINT('',#4191);
#1297=VERTEX_POINT('',#4195);
#1298=VERTEX_POINT('',#4197);
#1299=VERTEX_POINT('',#4201);
#1300=VERTEX_POINT('',#4203);
#1301=VERTEX_POINT('',#4207);
#1302=VERTEX_POINT('',#4208);
#1303=VERTEX_POINT('',#4210);
#1304=VERTEX_POINT('',#4212);
#1305=VERTEX_POINT('',#4216);
#1306=VERTEX_POINT('',#4217);
#1307=VERTEX_POINT('',#4222);
#1308=VERTEX_POINT('',#4223);
#1309=VERTEX_POINT('',#4228);
#1310=VERTEX_POINT('',#4229);
#1311=VERTEX_POINT('',#4231);
#1312=VERTEX_POINT('',#4233);
#1313=VERTEX_POINT('',#4237);
#1314=VERTEX_POINT('',#4238);
#1315=VERTEX_POINT('',#4240);
#1316=VERTEX_POINT('',#4242);
#1317=VERTEX_POINT('',#4246);
#1318=VERTEX_POINT('',#4248);
#1319=VERTEX_POINT('',#4252);
#1320=VERTEX_POINT('',#4254);
#1321=VERTEX_POINT('',#4258);
#1322=VERTEX_POINT('',#4262);
#1323=VERTEX_POINT('',#4266);
#1324=VERTEX_POINT('',#4267);
#1325=VERTEX_POINT('',#4269);
#1326=VERTEX_POINT('',#4271);
#1327=VERTEX_POINT('',#4273);
#1328=VERTEX_POINT('',#4275);
#1329=VERTEX_POINT('',#4279);
#1330=VERTEX_POINT('',#4280);
#1331=VERTEX_POINT('',#4282);
#1332=VERTEX_POINT('',#4284);
#1333=VERTEX_POINT('',#4288);
#1334=VERTEX_POINT('',#4290);
#1335=VERTEX_POINT('',#4296);
#1336=VERTEX_POINT('',#4297);
#1337=VERTEX_POINT('',#4299);
#1338=VERTEX_POINT('',#4301);
#1339=VERTEX_POINT('',#4306);
#1340=VERTEX_POINT('',#4308);
#1341=VERTEX_POINT('',#4310);
#1342=VERTEX_POINT('',#4312);
#1343=VERTEX_POINT('',#4314);
#1344=VERTEX_POINT('',#4316);
#1345=VERTEX_POINT('',#4319);
#1346=VERTEX_POINT('',#4321);
#1347=VERTEX_POINT('',#4324);
#1348=VERTEX_POINT('',#4325);
#1349=VERTEX_POINT('',#4327);
#1350=VERTEX_POINT('',#4329);
#1351=VERTEX_POINT('',#4332);
#1352=VERTEX_POINT('',#4334);
#1353=VERTEX_POINT('',#4337);
#1354=VERTEX_POINT('',#4339);
#1355=VERTEX_POINT('',#4342);
#1356=VERTEX_POINT('',#4344);
#1357=VERTEX_POINT('',#4348);
#1358=VERTEX_POINT('',#4349);
#1359=VERTEX_POINT('',#4351);
#1360=VERTEX_POINT('',#4353);
#1361=VERTEX_POINT('',#4356);
#1362=VERTEX_POINT('',#4358);
#1363=VERTEX_POINT('',#4361);
#1364=VERTEX_POINT('',#4362);
#1365=VERTEX_POINT('',#4364);
#1366=VERTEX_POINT('',#4366);
#1367=VERTEX_POINT('',#4369);
#1368=VERTEX_POINT('',#4370);
#1369=VERTEX_POINT('',#4372);
#1370=VERTEX_POINT('',#4374);
#1371=VERTEX_POINT('',#4377);
#1372=VERTEX_POINT('',#4378);
#1373=VERTEX_POINT('',#4380);
#1374=VERTEX_POINT('',#4382);
#1375=VERTEX_POINT('',#4385);
#1376=VERTEX_POINT('',#4386);
#1377=VERTEX_POINT('',#4388);
#1378=VERTEX_POINT('',#4390);
#1379=VERTEX_POINT('',#4394);
#1380=VERTEX_POINT('',#4396);
#1381=VERTEX_POINT('',#4400);
#1382=VERTEX_POINT('',#4404);
#1383=VERTEX_POINT('',#4408);
#1384=VERTEX_POINT('',#4414);
#1385=VERTEX_POINT('',#4420);
#1386=VERTEX_POINT('',#4422);
#1387=VERTEX_POINT('',#4426);
#1388=VERTEX_POINT('',#4430);
#1389=VERTEX_POINT('',#4436);
#1390=VERTEX_POINT('',#4438);
#1391=VERTEX_POINT('',#4442);
#1392=VERTEX_POINT('',#4446);
#1393=VERTEX_POINT('',#4452);
#1394=VERTEX_POINT('',#4454);
#1395=VERTEX_POINT('',#4458);
#1396=VERTEX_POINT('',#4462);
#1397=VERTEX_POINT('',#4470);
#1398=VERTEX_POINT('',#4472);
#1399=VERTEX_POINT('',#4476);
#1400=VERTEX_POINT('',#4480);
#1401=VERTEX_POINT('',#4484);
#1402=VERTEX_POINT('',#4490);
#1403=VERTEX_POINT('',#4496);
#1404=VERTEX_POINT('',#4498);
#1405=VERTEX_POINT('',#4502);
#1406=VERTEX_POINT('',#4506);
#1407=VERTEX_POINT('',#4513);
#1408=VERTEX_POINT('',#4517);
#1409=VERTEX_POINT('',#4526);
#1410=VERTEX_POINT('',#4530);
#1411=VERTEX_POINT('',#4571);
#1412=VERTEX_POINT('',#4573);
#1413=VERTEX_POINT('',#4583);
#1414=VERTEX_POINT('',#4585);
#1415=VERTEX_POINT('',#4602);
#1416=VERTEX_POINT('',#4604);
#1417=VERTEX_POINT('',#4608);
#1418=VERTEX_POINT('',#4612);
#1419=VERTEX_POINT('',#4614);
#1420=VERTEX_POINT('',#4618);
#1421=VERTEX_POINT('',#4622);
#1422=VERTEX_POINT('',#4623);
#1423=VERTEX_POINT('',#4625);
#1424=VERTEX_POINT('',#4627);
#1425=VERTEX_POINT('',#4631);
#1426=VERTEX_POINT('',#4633);
#1427=VERTEX_POINT('',#4637);
#1428=VERTEX_POINT('',#4639);
#1429=VERTEX_POINT('',#4643);
#1430=VERTEX_POINT('',#4645);
#1431=VERTEX_POINT('',#4649);
#1432=VERTEX_POINT('',#4651);
#1433=VERTEX_POINT('',#4655);
#1434=VERTEX_POINT('',#4657);
#1435=VERTEX_POINT('',#4661);
#1436=VERTEX_POINT('',#4663);
#1437=VERTEX_POINT('',#4667);
#1438=VERTEX_POINT('',#4669);
#1439=VERTEX_POINT('',#4673);
#1440=VERTEX_POINT('',#4675);
#1441=VERTEX_POINT('',#4679);
#1442=VERTEX_POINT('',#4681);
#1443=VERTEX_POINT('',#4685);
#1444=VERTEX_POINT('',#4687);
#1445=VERTEX_POINT('',#4691);
#1446=VERTEX_POINT('',#4693);
#1447=VERTEX_POINT('',#4697);
#1448=VERTEX_POINT('',#4699);
#1449=VERTEX_POINT('',#4703);
#1450=VERTEX_POINT('',#4705);
#1451=VERTEX_POINT('',#4709);
#1452=VERTEX_POINT('',#4711);
#1453=VERTEX_POINT('',#4715);
#1454=VERTEX_POINT('',#4717);
#1455=VERTEX_POINT('',#4721);
#1456=VERTEX_POINT('',#4723);
#1457=VERTEX_POINT('',#4727);
#1458=VERTEX_POINT('',#4729);
#1459=VERTEX_POINT('',#4733);
#1460=VERTEX_POINT('',#4735);
#1461=VERTEX_POINT('',#4739);
#1462=VERTEX_POINT('',#4741);
#1463=VERTEX_POINT('',#4745);
#1464=VERTEX_POINT('',#4747);
#1465=VERTEX_POINT('',#4751);
#1466=VERTEX_POINT('',#4753);
#1467=VERTEX_POINT('',#4757);
#1468=VERTEX_POINT('',#4759);
#1469=VERTEX_POINT('',#4763);
#1470=VERTEX_POINT('',#4765);
#1471=VERTEX_POINT('',#4769);
#1472=VERTEX_POINT('',#4771);
#1473=VERTEX_POINT('',#4775);
#1474=VERTEX_POINT('',#4776);
#1475=VERTEX_POINT('',#4778);
#1476=VERTEX_POINT('',#4780);
#1477=VERTEX_POINT('',#4784);
#1478=VERTEX_POINT('',#4786);
#1479=VERTEX_POINT('',#4790);
#1480=VERTEX_POINT('',#4791);
#1481=VERTEX_POINT('',#4793);
#1482=VERTEX_POINT('',#4796);
#1483=VERTEX_POINT('',#4800);
#1484=VERTEX_POINT('',#4802);
#1485=VERTEX_POINT('',#4804);
#1486=VERTEX_POINT('',#4806);
#1487=VERTEX_POINT('',#4813);
#1488=VERTEX_POINT('',#4814);
#1489=VERTEX_POINT('',#4819);
#1490=VERTEX_POINT('',#4823);
#1491=VERTEX_POINT('',#4825);
#1492=VERTEX_POINT('',#4828);
#1493=VERTEX_POINT('',#4853);
#1494=VERTEX_POINT('',#4855);
#1495=VERTEX_POINT('',#4858);
#1496=VERTEX_POINT('',#4862);
#1497=VERTEX_POINT('',#4864);
#1498=VERTEX_POINT('',#4868);
#1499=VERTEX_POINT('',#4870);
#1500=VERTEX_POINT('',#4878);
#1501=VERTEX_POINT('',#4880);
#1502=VERTEX_POINT('',#4884);
#1503=VERTEX_POINT('',#4886);
#1504=EDGE_CURVE('',#1274,#1274,#1106,.T.);
#1505=EDGE_CURVE('',#1274,#1275,#704,.T.);
#1506=EDGE_CURVE('',#1275,#1275,#1107,.T.);
#1507=EDGE_CURVE('',#1276,#1276,#1108,.T.);
#1508=EDGE_CURVE('',#1276,#1277,#705,.T.);
#1509=EDGE_CURVE('',#1277,#1277,#1109,.T.);
#1510=EDGE_CURVE('',#1278,#1278,#1110,.T.);
#1511=EDGE_CURVE('',#1278,#1279,#706,.T.);
#1512=EDGE_CURVE('',#1279,#1279,#1111,.T.);
#1513=EDGE_CURVE('',#1280,#1281,#1112,.T.);
#1514=EDGE_CURVE('',#1281,#1280,#1113,.T.);
#1515=EDGE_CURVE('',#1281,#1282,#707,.T.);
#1516=EDGE_CURVE('',#1282,#1282,#1114,.T.);
#1517=EDGE_CURVE('',#1280,#1278,#708,.T.);
#1518=EDGE_CURVE('',#1283,#1283,#1115,.T.);
#1519=EDGE_CURVE('',#1283,#1284,#709,.T.);
#1520=EDGE_CURVE('',#1284,#1284,#1116,.T.);
#1521=EDGE_CURVE('',#1285,#1285,#1117,.T.);
#1522=EDGE_CURVE('',#1285,#1286,#710,.T.);
#1523=EDGE_CURVE('',#1286,#1286,#1118,.T.);
#1524=EDGE_CURVE('',#1287,#1287,#1119,.T.);
#1525=EDGE_CURVE('',#1287,#1288,#711,.T.);
#1526=EDGE_CURVE('',#1288,#1288,#1120,.T.);
#1527=EDGE_CURVE('',#1289,#1289,#1121,.T.);
#1528=EDGE_CURVE('',#1289,#1290,#712,.T.);
#1529=EDGE_CURVE('',#1290,#1290,#1122,.T.);
#1530=EDGE_CURVE('',#1291,#1291,#1123,.T.);
#1531=EDGE_CURVE('',#1291,#1292,#713,.T.);
#1532=EDGE_CURVE('',#1292,#1292,#1124,.T.);
#1533=EDGE_CURVE('',#1293,#1293,#1125,.T.);
#1534=EDGE_CURVE('',#1293,#1294,#714,.T.);
#1535=EDGE_CURVE('',#1294,#1294,#1126,.T.);
#1536=EDGE_CURVE('',#1295,#1295,#1127,.T.);
#1537=EDGE_CURVE('',#1295,#1296,#715,.T.);
#1538=EDGE_CURVE('',#1296,#1296,#1128,.T.);
#1539=EDGE_CURVE('',#1297,#1297,#1129,.T.);
#1540=EDGE_CURVE('',#1297,#1298,#716,.T.);
#1541=EDGE_CURVE('',#1298,#1298,#1130,.T.);
#1542=EDGE_CURVE('',#1299,#1299,#1131,.T.);
#1543=EDGE_CURVE('',#1299,#1300,#717,.T.);
#1544=EDGE_CURVE('',#1300,#1300,#1132,.T.);
#1545=EDGE_CURVE('',#1301,#1302,#1133,.T.);
#1546=EDGE_CURVE('',#1302,#1303,#718,.T.);
#1547=EDGE_CURVE('',#1303,#1304,#1134,.T.);
#1548=EDGE_CURVE('',#1304,#1301,#719,.T.);
#1549=EDGE_CURVE('',#1305,#1306,#1135,.T.);
#1550=EDGE_CURVE('',#1306,#1304,#720,.T.);
#1551=EDGE_CURVE('',#1303,#1305,#721,.T.);
#1552=EDGE_CURVE('',#1307,#1308,#1136,.T.);
#1553=EDGE_CURVE('',#1307,#1306,#722,.T.);
#1554=EDGE_CURVE('',#1305,#1308,#723,.T.);
#1555=EDGE_CURVE('',#1309,#1310,#1137,.T.);
#1556=EDGE_CURVE('',#1311,#1310,#724,.T.);
#1557=EDGE_CURVE('',#1312,#1311,#1138,.T.);
#1558=EDGE_CURVE('',#1309,#1312,#725,.T.);
#1559=EDGE_CURVE('',#1313,#1314,#1139,.T.);
#1560=EDGE_CURVE('',#1315,#1314,#726,.T.);
#1561=EDGE_CURVE('',#1316,#1315,#1140,.T.);
#1562=EDGE_CURVE('',#1313,#1316,#727,.T.);
#1563=EDGE_CURVE('',#1317,#1317,#1141,.T.);
#1564=EDGE_CURVE('',#1317,#1318,#728,.T.);
#1565=EDGE_CURVE('',#1318,#1318,#1142,.T.);
#1566=EDGE_CURVE('',#1319,#1319,#1143,.T.);
#1567=EDGE_CURVE('',#1319,#1320,#729,.T.);
#1568=EDGE_CURVE('',#1320,#1320,#1144,.T.);
#1569=EDGE_CURVE('',#1321,#1321,#1145,.T.);
#1570=EDGE_CURVE('',#1321,#1276,#730,.T.);
#1571=EDGE_CURVE('',#1322,#1322,#1146,.T.);
#1572=EDGE_CURVE('',#1322,#1274,#731,.T.);
#1573=EDGE_CURVE('',#1323,#1324,#732,.T.);
#1574=EDGE_CURVE('',#1324,#1325,#1147,.T.);
#1575=EDGE_CURVE('',#1325,#1326,#733,.T.);
#1576=EDGE_CURVE('',#1326,#1327,#1148,.T.);
#1577=EDGE_CURVE('',#1327,#1328,#734,.T.);
#1578=EDGE_CURVE('',#1328,#1323,#1149,.T.);
#1579=EDGE_CURVE('',#1329,#1330,#735,.T.);
#1580=EDGE_CURVE('',#1330,#1331,#736,.T.);
#1581=EDGE_CURVE('',#1332,#1331,#737,.T.);
#1582=EDGE_CURVE('',#1329,#1332,#738,.T.);
#1583=EDGE_CURVE('',#1333,#1325,#739,.T.);
#1584=EDGE_CURVE('',#1334,#1333,#740,.T.);
#1585=EDGE_CURVE('',#1334,#1326,#741,.T.);
#1586=EDGE_CURVE('',#1335,#1336,#742,.T.);
#1587=EDGE_CURVE('',#1336,#1337,#1150,.T.);
#1588=EDGE_CURVE('',#1337,#1338,#743,.T.);
#1589=EDGE_CURVE('',#1332,#1338,#1151,.T.);
#1590=EDGE_CURVE('',#1335,#1331,#1152,.T.);
#1591=EDGE_CURVE('',#1308,#1339,#1153,.T.);
#1592=EDGE_CURVE('',#1339,#1340,#744,.T.);
#1593=EDGE_CURVE('',#1340,#1341,#1154,.T.);
#1594=EDGE_CURVE('',#1341,#1342,#745,.T.);
#1595=EDGE_CURVE('',#1342,#1343,#1155,.T.);
#1596=EDGE_CURVE('',#1343,#1344,#746,.T.);
#1597=EDGE_CURVE('',#1344,#1307,#1156,.T.);
#1598=EDGE_CURVE('',#1345,#1312,#747,.T.);
#1599=EDGE_CURVE('',#1311,#1346,#748,.T.);
#1600=EDGE_CURVE('',#1346,#1345,#1157,.T.);
#1601=EDGE_CURVE('',#1347,#1348,#749,.T.);
#1602=EDGE_CURVE('',#1348,#1349,#1158,.T.);
#1603=EDGE_CURVE('',#1349,#1350,#750,.T.);
#1604=EDGE_CURVE('',#1350,#1347,#1159,.T.);
#1605=EDGE_CURVE('',#1351,#1316,#751,.T.);
#1606=EDGE_CURVE('',#1315,#1352,#752,.T.);
#1607=EDGE_CURVE('',#1352,#1351,#1160,.T.);
#1608=EDGE_CURVE('',#1353,#1333,#1161,.T.);
#1609=EDGE_CURVE('',#1354,#1353,#753,.T.);
#1610=EDGE_CURVE('',#1354,#1330,#1162,.T.);
#1611=EDGE_CURVE('',#1329,#1355,#1163,.T.);
#1612=EDGE_CURVE('',#1356,#1355,#754,.T.);
#1613=EDGE_CURVE('',#1334,#1356,#1164,.T.);
#1614=EDGE_CURVE('',#1357,#1358,#755,.T.);
#1615=EDGE_CURVE('',#1359,#1357,#1165,.T.);
#1616=EDGE_CURVE('',#1360,#1359,#756,.T.);
#1617=EDGE_CURVE('',#1302,#1360,#1166,.T.);
#1618=EDGE_CURVE('',#1361,#1301,#1167,.T.);
#1619=EDGE_CURVE('',#1362,#1361,#757,.T.);
#1620=EDGE_CURVE('',#1358,#1362,#1168,.T.);
#1621=EDGE_CURVE('',#1363,#1364,#1169,.T.);
#1622=EDGE_CURVE('',#1364,#1365,#758,.T.);
#1623=EDGE_CURVE('',#1365,#1366,#1170,.T.);
#1624=EDGE_CURVE('',#1366,#1363,#759,.T.);
#1625=EDGE_CURVE('',#1367,#1368,#1171,.T.);
#1626=EDGE_CURVE('',#1369,#1367,#760,.T.);
#1627=EDGE_CURVE('',#1370,#1369,#1172,.T.);
#1628=EDGE_CURVE('',#1368,#1370,#761,.T.);
#1629=EDGE_CURVE('',#1371,#1372,#1173,.T.);
#1630=EDGE_CURVE('',#1373,#1371,#762,.T.);
#1631=EDGE_CURVE('',#1374,#1373,#1174,.T.);
#1632=EDGE_CURVE('',#1372,#1374,#763,.T.);
#1633=EDGE_CURVE('',#1375,#1376,#1175,.T.);
#1634=EDGE_CURVE('',#1377,#1375,#764,.T.);
#1635=EDGE_CURVE('',#1378,#1377,#1176,.T.);
#1636=EDGE_CURVE('',#1376,#1378,#765,.T.);
#1637=EDGE_CURVE('',#1379,#1358,#766,.T.);
#1638=EDGE_CURVE('',#1362,#1380,#767,.T.);
#1639=EDGE_CURVE('',#1380,#1379,#1177,.T.);
#1640=EDGE_CURVE('',#1381,#1379,#768,.T.);
#1641=EDGE_CURVE('',#1357,#1381,#769,.T.);
#1642=EDGE_CURVE('',#1381,#1382,#1178,.T.);
#1643=EDGE_CURVE('',#1382,#1359,#770,.T.);
#1644=EDGE_CURVE('',#1383,#1382,#771,.T.);
#1645=EDGE_CURVE('',#1360,#1383,#772,.T.);
#1646=EDGE_CURVE('',#1303,#1383,#1179,.T.);
#1647=EDGE_CURVE('',#1384,#1304,#1180,.T.);
#1648=EDGE_CURVE('',#1361,#1384,#773,.T.);
#1649=EDGE_CURVE('',#1380,#1384,#774,.T.);
#1650=EDGE_CURVE('',#1385,#1376,#775,.T.);
#1651=EDGE_CURVE('',#1378,#1386,#776,.T.);
#1652=EDGE_CURVE('',#1386,#1385,#777,.T.);
#1653=EDGE_CURVE('',#1387,#1385,#1181,.T.);
#1654=EDGE_CURVE('',#1375,#1387,#778,.T.);
#1655=EDGE_CURVE('',#1387,#1388,#779,.T.);
#1656=EDGE_CURVE('',#1388,#1377,#780,.T.);
#1657=EDGE_CURVE('',#1386,#1388,#1182,.T.);
#1658=EDGE_CURVE('',#1389,#1372,#781,.T.);
#1659=EDGE_CURVE('',#1374,#1390,#782,.T.);
#1660=EDGE_CURVE('',#1390,#1389,#783,.T.);
#1661=EDGE_CURVE('',#1391,#1389,#1183,.T.);
#1662=EDGE_CURVE('',#1371,#1391,#784,.T.);
#1663=EDGE_CURVE('',#1391,#1392,#785,.T.);
#1664=EDGE_CURVE('',#1392,#1373,#786,.T.);
#1665=EDGE_CURVE('',#1390,#1392,#1184,.T.);
#1666=EDGE_CURVE('',#1393,#1368,#787,.T.);
#1667=EDGE_CURVE('',#1370,#1394,#788,.T.);
#1668=EDGE_CURVE('',#1394,#1393,#789,.T.);
#1669=EDGE_CURVE('',#1395,#1393,#1185,.T.);
#1670=EDGE_CURVE('',#1367,#1395,#790,.T.);
#1671=EDGE_CURVE('',#1395,#1396,#791,.T.);
#1672=EDGE_CURVE('',#1396,#1369,#792,.T.);
#1673=EDGE_CURVE('',#1394,#1396,#1186,.T.);
#1674=EDGE_CURVE('',#1380,#1397,#793,.T.);
#1675=EDGE_CURVE('',#1397,#1398,#1187,.T.);
#1676=EDGE_CURVE('',#1398,#1379,#794,.T.);
#1677=EDGE_CURVE('',#1399,#1398,#795,.T.);
#1678=EDGE_CURVE('',#1381,#1399,#796,.T.);
#1679=EDGE_CURVE('',#1399,#1400,#1188,.T.);
#1680=EDGE_CURVE('',#1400,#1382,#797,.T.);
#1681=EDGE_CURVE('',#1401,#1400,#798,.T.);
#1682=EDGE_CURVE('',#1383,#1401,#799,.T.);
#1683=EDGE_CURVE('',#1305,#1401,#1189,.T.);
#1684=EDGE_CURVE('',#1402,#1306,#1190,.T.);
#1685=EDGE_CURVE('',#1384,#1402,#800,.T.);
#1686=EDGE_CURVE('',#1397,#1402,#801,.T.);
#1687=EDGE_CURVE('',#1386,#1403,#802,.T.);
#1688=EDGE_CURVE('',#1403,#1404,#803,.T.);
#1689=EDGE_CURVE('',#1404,#1385,#804,.T.);
#1690=EDGE_CURVE('',#1405,#1404,#1191,.T.);
#1691=EDGE_CURVE('',#1387,#1405,#805,.T.);
#1692=EDGE_CURVE('',#1405,#1406,#806,.T.);
#1693=EDGE_CURVE('',#1406,#1388,#807,.T.);
#1694=EDGE_CURVE('',#1403,#1406,#1192,.T.);
#1695=EDGE_CURVE('',#1390,#1309,#808,.T.);
#1696=EDGE_CURVE('',#1309,#1407,#809,.T.);
#1697=EDGE_CURVE('',#1407,#1389,#810,.T.);
#1698=EDGE_CURVE('',#1408,#1407,#1193,.T.);
#1699=EDGE_CURVE('',#1391,#1408,#811,.T.);
#1700=EDGE_CURVE('',#1408,#1310,#812,.T.);
#1701=EDGE_CURVE('',#1310,#1392,#813,.T.);
#1702=EDGE_CURVE('',#1394,#1313,#814,.T.);
#1703=EDGE_CURVE('',#1313,#1409,#815,.T.);
#1704=EDGE_CURVE('',#1409,#1393,#816,.T.);
#1705=EDGE_CURVE('',#1410,#1409,#1194,.T.);
#1706=EDGE_CURVE('',#1395,#1410,#817,.T.);
#1707=EDGE_CURVE('',#1410,#1314,#818,.T.);
#1708=EDGE_CURVE('',#1314,#1396,#819,.T.);
#1709=EDGE_CURVE('',#1400,#1340,#820,.T.);
#1710=EDGE_CURVE('',#1339,#1401,#821,.T.);
#1711=EDGE_CURVE('',#1402,#1344,#822,.T.);
#1712=EDGE_CURVE('',#1343,#1397,#823,.T.);
#1713=EDGE_CURVE('',#1342,#1398,#824,.T.);
#1714=EDGE_CURVE('',#1341,#1399,#825,.T.);
#1715=EDGE_CURVE('',#1407,#1345,#826,.T.);
#1716=EDGE_CURVE('',#1408,#1346,#827,.T.);
#1717=EDGE_CURVE('',#1403,#1348,#828,.T.);
#1718=EDGE_CURVE('',#1349,#1406,#829,.T.);
#1719=EDGE_CURVE('',#1404,#1347,#830,.T.);
#1720=EDGE_CURVE('',#1405,#1350,#831,.T.);
#1721=EDGE_CURVE('',#1409,#1351,#832,.T.);
#1722=EDGE_CURVE('',#1410,#1352,#833,.T.);
#1723=EDGE_CURVE('',#1356,#1327,#834,.T.);
#1724=EDGE_CURVE('',#1411,#1337,#835,.T.);
#1725=EDGE_CURVE('',#1411,#1412,#836,.T.);
#1726=EDGE_CURVE('',#1412,#1328,#837,.T.);
#1727=EDGE_CURVE('',#1355,#1338,#838,.T.);
#1728=EDGE_CURVE('',#1353,#1324,#839,.T.);
#1729=EDGE_CURVE('',#1354,#1335,#840,.T.);
#1730=EDGE_CURVE('',#1413,#1323,#841,.T.);
#1731=EDGE_CURVE('',#1413,#1414,#842,.T.);
#1732=EDGE_CURVE('',#1414,#1336,#843,.T.);
#1733=EDGE_CURVE('',#1412,#1413,#1195,.T.);
#1734=EDGE_CURVE('',#1414,#1411,#1196,.T.);
#1735=EDGE_CURVE('',#1412,#1366,#844,.T.);
#1736=EDGE_CURVE('',#1363,#1411,#845,.T.);
#1737=EDGE_CURVE('',#1364,#1414,#846,.T.);
#1738=EDGE_CURVE('',#1413,#1365,#847,.T.);
#1739=EDGE_CURVE('',#1415,#1415,#1197,.T.);
#1740=EDGE_CURVE('',#1415,#1416,#848,.T.);
#1741=EDGE_CURVE('',#1416,#1416,#1198,.T.);
#1742=EDGE_CURVE('',#1417,#1417,#1199,.T.);
#1743=EDGE_CURVE('',#1417,#1415,#849,.T.);
#1744=EDGE_CURVE('',#1418,#1418,#1200,.T.);
#1745=EDGE_CURVE('',#1418,#1419,#850,.T.);
#1746=EDGE_CURVE('',#1419,#1419,#1201,.T.);
#1747=EDGE_CURVE('',#1420,#1420,#1202,.T.);
#1748=EDGE_CURVE('',#1420,#1418,#851,.T.);
#1749=EDGE_CURVE('',#1421,#1422,#1203,.T.);
#1750=EDGE_CURVE('',#1423,#1421,#852,.T.);
#1751=EDGE_CURVE('',#1424,#1423,#1204,.T.);
#1752=EDGE_CURVE('',#1422,#1424,#853,.T.);
#1753=EDGE_CURVE('',#1425,#1425,#1205,.T.);
#1754=EDGE_CURVE('',#1425,#1426,#854,.T.);
#1755=EDGE_CURVE('',#1426,#1426,#1206,.T.);
#1756=EDGE_CURVE('',#1427,#1427,#1207,.T.);
#1757=EDGE_CURVE('',#1427,#1428,#855,.T.);
#1758=EDGE_CURVE('',#1428,#1428,#1208,.T.);
#1759=EDGE_CURVE('',#1429,#1429,#1209,.T.);
#1760=EDGE_CURVE('',#1429,#1430,#856,.T.);
#1761=EDGE_CURVE('',#1430,#1430,#1210,.T.);
#1762=EDGE_CURVE('',#1431,#1431,#1211,.T.);
#1763=EDGE_CURVE('',#1431,#1432,#857,.T.);
#1764=EDGE_CURVE('',#1432,#1432,#1212,.T.);
#1765=EDGE_CURVE('',#1433,#1433,#1213,.T.);
#1766=EDGE_CURVE('',#1433,#1434,#858,.T.);
#1767=EDGE_CURVE('',#1434,#1434,#1214,.T.);
#1768=EDGE_CURVE('',#1435,#1435,#1215,.T.);
#1769=EDGE_CURVE('',#1435,#1436,#859,.T.);
#1770=EDGE_CURVE('',#1436,#1436,#1216,.T.);
#1771=EDGE_CURVE('',#1437,#1437,#1217,.T.);
#1772=EDGE_CURVE('',#1437,#1438,#860,.T.);
#1773=EDGE_CURVE('',#1438,#1438,#1218,.T.);
#1774=EDGE_CURVE('',#1439,#1439,#1219,.T.);
#1775=EDGE_CURVE('',#1439,#1440,#861,.T.);
#1776=EDGE_CURVE('',#1440,#1440,#1220,.T.);
#1777=EDGE_CURVE('',#1441,#1441,#1221,.T.);
#1778=EDGE_CURVE('',#1441,#1442,#862,.T.);
#1779=EDGE_CURVE('',#1442,#1442,#1222,.T.);
#1780=EDGE_CURVE('',#1443,#1443,#1223,.T.);
#1781=EDGE_CURVE('',#1443,#1444,#863,.T.);
#1782=EDGE_CURVE('',#1444,#1444,#1224,.T.);
#1783=EDGE_CURVE('',#1445,#1445,#1225,.T.);
#1784=EDGE_CURVE('',#1445,#1446,#864,.T.);
#1785=EDGE_CURVE('',#1446,#1446,#1226,.T.);
#1786=EDGE_CURVE('',#1447,#1447,#1227,.T.);
#1787=EDGE_CURVE('',#1447,#1448,#865,.T.);
#1788=EDGE_CURVE('',#1448,#1448,#1228,.T.);
#1789=EDGE_CURVE('',#1449,#1449,#1229,.T.);
#1790=EDGE_CURVE('',#1449,#1450,#866,.T.);
#1791=EDGE_CURVE('',#1450,#1450,#1230,.T.);
#1792=EDGE_CURVE('',#1451,#1451,#1231,.T.);
#1793=EDGE_CURVE('',#1451,#1452,#867,.T.);
#1794=EDGE_CURVE('',#1452,#1452,#1232,.T.);
#1795=EDGE_CURVE('',#1453,#1453,#1233,.T.);
#1796=EDGE_CURVE('',#1453,#1454,#868,.T.);
#1797=EDGE_CURVE('',#1454,#1454,#1234,.T.);
#1798=EDGE_CURVE('',#1455,#1455,#1235,.T.);
#1799=EDGE_CURVE('',#1455,#1456,#869,.T.);
#1800=EDGE_CURVE('',#1456,#1456,#1236,.T.);
#1801=EDGE_CURVE('',#1457,#1457,#1237,.T.);
#1802=EDGE_CURVE('',#1457,#1458,#870,.T.);
#1803=EDGE_CURVE('',#1458,#1458,#1238,.T.);
#1804=EDGE_CURVE('',#1459,#1459,#1239,.T.);
#1805=EDGE_CURVE('',#1459,#1460,#871,.T.);
#1806=EDGE_CURVE('',#1460,#1460,#1240,.T.);
#1807=EDGE_CURVE('',#1461,#1461,#1241,.T.);
#1808=EDGE_CURVE('',#1461,#1462,#872,.T.);
#1809=EDGE_CURVE('',#1462,#1462,#1242,.T.);
#1810=EDGE_CURVE('',#1463,#1463,#1243,.T.);
#1811=EDGE_CURVE('',#1463,#1464,#873,.T.);
#1812=EDGE_CURVE('',#1464,#1464,#1244,.T.);
#1813=EDGE_CURVE('',#1465,#1465,#1245,.T.);
#1814=EDGE_CURVE('',#1465,#1466,#874,.T.);
#1815=EDGE_CURVE('',#1466,#1466,#1246,.T.);
#1816=EDGE_CURVE('',#1467,#1467,#1247,.T.);
#1817=EDGE_CURVE('',#1467,#1468,#875,.T.);
#1818=EDGE_CURVE('',#1468,#1468,#1248,.T.);
#1819=EDGE_CURVE('',#1469,#1469,#1249,.T.);
#1820=EDGE_CURVE('',#1469,#1470,#876,.T.);
#1821=EDGE_CURVE('',#1470,#1470,#1250,.T.);
#1822=EDGE_CURVE('',#1471,#1471,#1251,.T.);
#1823=EDGE_CURVE('',#1471,#1472,#877,.T.);
#1824=EDGE_CURVE('',#1472,#1472,#1252,.T.);
#1825=EDGE_CURVE('',#1473,#1474,#1253,.T.);
#1826=EDGE_CURVE('',#1473,#1475,#878,.T.);
#1827=EDGE_CURVE('',#1475,#1476,#1254,.T.);
#1828=EDGE_CURVE('',#1476,#1474,#879,.T.);
#1829=EDGE_CURVE('',#1475,#1477,#880,.T.);
#1830=EDGE_CURVE('',#1478,#1477,#1255,.T.);
#1831=EDGE_CURVE('',#1478,#1476,#881,.T.);
#1832=EDGE_CURVE('',#1479,#1480,#882,.T.);
#1833=EDGE_CURVE('',#1479,#1481,#1256,.T.);
#1834=EDGE_CURVE('',#1421,#1481,#883,.T.);
#1835=EDGE_CURVE('',#1482,#1422,#884,.T.);
#1836=EDGE_CURVE('',#1482,#1480,#1257,.T.);
#1837=EDGE_CURVE('',#1473,#1483,#885,.T.);
#1838=EDGE_CURVE('',#1484,#1474,#886,.T.);
#1839=EDGE_CURVE('',#1484,#1485,#1258,.T.);
#1840=EDGE_CURVE('',#1486,#1485,#887,.T.);
#1841=EDGE_CURVE('',#1486,#1483,#1259,.T.);
#1842=EDGE_CURVE('',#1477,#1480,#888,.T.);
#1843=EDGE_CURVE('',#1482,#1478,#889,.T.);
#1844=EDGE_CURVE('',#1487,#1488,#890,.T.);
#1845=EDGE_CURVE('',#1487,#1486,#891,.T.);
#1846=EDGE_CURVE('',#1485,#1488,#892,.T.);
#1847=EDGE_CURVE('',#1481,#1489,#893,.T.);
#1848=EDGE_CURVE('',#1423,#1489,#894,.T.);
#1849=EDGE_CURVE('',#1489,#1490,#1260,.T.);
#1850=EDGE_CURVE('',#1491,#1490,#895,.T.);
#1851=EDGE_CURVE('',#1491,#1487,#1261,.T.);
#1852=EDGE_CURVE('',#1488,#1492,#1262,.T.);
#1853=EDGE_CURVE('',#1424,#1492,#896,.T.);
#1854=EDGE_CURVE('',#1492,#1484,#897,.T.);
#1855=EDGE_CURVE('',#1490,#1479,#898,.T.);
#1856=EDGE_CURVE('',#1483,#1491,#899,.T.);
#1857=EDGE_CURVE('',#1493,#1493,#1263,.T.);
#1858=EDGE_CURVE('',#1493,#1494,#1264,.T.);
#1859=EDGE_CURVE('',#1495,#1495,#1265,.T.);
#1860=EDGE_CURVE('',#1495,#1493,#900,.T.);
#1861=EDGE_CURVE('',#1496,#1496,#1266,.T.);
#1862=EDGE_CURVE('',#1496,#1497,#901,.T.);
#1863=EDGE_CURVE('',#1497,#1497,#1267,.T.);
#1864=EDGE_CURVE('',#1498,#1498,#1268,.T.);
#1865=EDGE_CURVE('',#1498,#1499,#902,.T.);
#1866=EDGE_CURVE('',#1499,#1499,#1269,.T.);
#1867=EDGE_CURVE('',#1500,#1500,#1270,.T.);
#1868=EDGE_CURVE('',#1500,#1501,#903,.T.);
#1869=EDGE_CURVE('',#1501,#1501,#1271,.T.);
#1870=EDGE_CURVE('',#1502,#1502,#1272,.T.);
#1871=EDGE_CURVE('',#1502,#1503,#904,.T.);
#1872=EDGE_CURVE('',#1503,#1503,#1273,.T.);
#1873=ORIENTED_EDGE('',*,*,#1504,.F.);
#1874=ORIENTED_EDGE('',*,*,#1505,.T.);
#1875=ORIENTED_EDGE('',*,*,#1506,.F.);
#1876=ORIENTED_EDGE('',*,*,#1505,.F.);
#1877=ORIENTED_EDGE('',*,*,#1507,.F.);
#1878=ORIENTED_EDGE('',*,*,#1508,.T.);
#1879=ORIENTED_EDGE('',*,*,#1509,.F.);
#1880=ORIENTED_EDGE('',*,*,#1508,.F.);
#1881=ORIENTED_EDGE('',*,*,#1510,.F.);
#1882=ORIENTED_EDGE('',*,*,#1511,.T.);
#1883=ORIENTED_EDGE('',*,*,#1512,.F.);
#1884=ORIENTED_EDGE('',*,*,#1511,.F.);
#1885=ORIENTED_EDGE('',*,*,#1513,.F.);
#1886=ORIENTED_EDGE('',*,*,#1514,.F.);
#1887=ORIENTED_EDGE('',*,*,#1515,.T.);
#1888=ORIENTED_EDGE('',*,*,#1516,.F.);
#1889=ORIENTED_EDGE('',*,*,#1515,.F.);
#1890=ORIENTED_EDGE('',*,*,#1513,.T.);
#1891=ORIENTED_EDGE('',*,*,#1514,.T.);
#1892=ORIENTED_EDGE('',*,*,#1517,.T.);
#1893=ORIENTED_EDGE('',*,*,#1510,.T.);
#1894=ORIENTED_EDGE('',*,*,#1517,.F.);
#1895=ORIENTED_EDGE('',*,*,#1518,.F.);
#1896=ORIENTED_EDGE('',*,*,#1519,.T.);
#1897=ORIENTED_EDGE('',*,*,#1520,.T.);
#1898=ORIENTED_EDGE('',*,*,#1519,.F.);
#1899=ORIENTED_EDGE('',*,*,#1521,.F.);
#1900=ORIENTED_EDGE('',*,*,#1522,.T.);
#1901=ORIENTED_EDGE('',*,*,#1523,.T.);
#1902=ORIENTED_EDGE('',*,*,#1522,.F.);
#1903=ORIENTED_EDGE('',*,*,#1524,.F.);
#1904=ORIENTED_EDGE('',*,*,#1525,.T.);
#1905=ORIENTED_EDGE('',*,*,#1526,.T.);
#1906=ORIENTED_EDGE('',*,*,#1525,.F.);
#1907=ORIENTED_EDGE('',*,*,#1527,.F.);
#1908=ORIENTED_EDGE('',*,*,#1528,.T.);
#1909=ORIENTED_EDGE('',*,*,#1529,.T.);
#1910=ORIENTED_EDGE('',*,*,#1528,.F.);
#1911=ORIENTED_EDGE('',*,*,#1530,.F.);
#1912=ORIENTED_EDGE('',*,*,#1531,.T.);
#1913=ORIENTED_EDGE('',*,*,#1532,.T.);
#1914=ORIENTED_EDGE('',*,*,#1531,.F.);
#1915=ORIENTED_EDGE('',*,*,#1533,.F.);
#1916=ORIENTED_EDGE('',*,*,#1534,.T.);
#1917=ORIENTED_EDGE('',*,*,#1535,.T.);
#1918=ORIENTED_EDGE('',*,*,#1534,.F.);
#1919=ORIENTED_EDGE('',*,*,#1536,.F.);
#1920=ORIENTED_EDGE('',*,*,#1537,.T.);
#1921=ORIENTED_EDGE('',*,*,#1538,.T.);
#1922=ORIENTED_EDGE('',*,*,#1537,.F.);
#1923=ORIENTED_EDGE('',*,*,#1539,.F.);
#1924=ORIENTED_EDGE('',*,*,#1540,.T.);
#1925=ORIENTED_EDGE('',*,*,#1541,.T.);
#1926=ORIENTED_EDGE('',*,*,#1540,.F.);
#1927=ORIENTED_EDGE('',*,*,#1542,.F.);
#1928=ORIENTED_EDGE('',*,*,#1543,.T.);
#1929=ORIENTED_EDGE('',*,*,#1544,.T.);
#1930=ORIENTED_EDGE('',*,*,#1543,.F.);
#1931=ORIENTED_EDGE('',*,*,#1545,.T.);
#1932=ORIENTED_EDGE('',*,*,#1546,.T.);
#1933=ORIENTED_EDGE('',*,*,#1547,.T.);
#1934=ORIENTED_EDGE('',*,*,#1548,.T.);
#1935=ORIENTED_EDGE('',*,*,#1549,.T.);
#1936=ORIENTED_EDGE('',*,*,#1550,.T.);
#1937=ORIENTED_EDGE('',*,*,#1547,.F.);
#1938=ORIENTED_EDGE('',*,*,#1551,.T.);
#1939=ORIENTED_EDGE('',*,*,#1552,.F.);
#1940=ORIENTED_EDGE('',*,*,#1553,.T.);
#1941=ORIENTED_EDGE('',*,*,#1549,.F.);
#1942=ORIENTED_EDGE('',*,*,#1554,.T.);
#1943=ORIENTED_EDGE('',*,*,#1555,.T.);
#1944=ORIENTED_EDGE('',*,*,#1556,.F.);
#1945=ORIENTED_EDGE('',*,*,#1557,.F.);
#1946=ORIENTED_EDGE('',*,*,#1558,.F.);
#1947=ORIENTED_EDGE('',*,*,#1559,.T.);
#1948=ORIENTED_EDGE('',*,*,#1560,.F.);
#1949=ORIENTED_EDGE('',*,*,#1561,.F.);
#1950=ORIENTED_EDGE('',*,*,#1562,.F.);
#1951=ORIENTED_EDGE('',*,*,#1563,.F.);
#1952=ORIENTED_EDGE('',*,*,#1564,.T.);
#1953=ORIENTED_EDGE('',*,*,#1565,.F.);
#1954=ORIENTED_EDGE('',*,*,#1564,.F.);
#1955=ORIENTED_EDGE('',*,*,#1566,.F.);
#1956=ORIENTED_EDGE('',*,*,#1567,.T.);
#1957=ORIENTED_EDGE('',*,*,#1568,.F.);
#1958=ORIENTED_EDGE('',*,*,#1567,.F.);
#1959=ORIENTED_EDGE('',*,*,#1569,.F.);
#1960=ORIENTED_EDGE('',*,*,#1570,.T.);
#1961=ORIENTED_EDGE('',*,*,#1507,.T.);
#1962=ORIENTED_EDGE('',*,*,#1570,.F.);
#1963=ORIENTED_EDGE('',*,*,#1571,.F.);
#1964=ORIENTED_EDGE('',*,*,#1572,.T.);
#1965=ORIENTED_EDGE('',*,*,#1504,.T.);
#1966=ORIENTED_EDGE('',*,*,#1572,.F.);
#1967=ORIENTED_EDGE('',*,*,#1573,.T.);
#1968=ORIENTED_EDGE('',*,*,#1574,.T.);
#1969=ORIENTED_EDGE('',*,*,#1575,.T.);
#1970=ORIENTED_EDGE('',*,*,#1576,.T.);
#1971=ORIENTED_EDGE('',*,*,#1577,.T.);
#1972=ORIENTED_EDGE('',*,*,#1578,.T.);
#1973=ORIENTED_EDGE('',*,*,#1571,.T.);
#1974=ORIENTED_EDGE('',*,*,#1579,.T.);
#1975=ORIENTED_EDGE('',*,*,#1580,.T.);
#1976=ORIENTED_EDGE('',*,*,#1581,.F.);
#1977=ORIENTED_EDGE('',*,*,#1582,.F.);
#1978=ORIENTED_EDGE('',*,*,#1575,.F.);
#1979=ORIENTED_EDGE('',*,*,#1583,.F.);
#1980=ORIENTED_EDGE('',*,*,#1584,.F.);
#1981=ORIENTED_EDGE('',*,*,#1585,.T.);
#1982=ORIENTED_EDGE('',*,*,#1506,.T.);
#1983=ORIENTED_EDGE('',*,*,#1509,.T.);
#1984=ORIENTED_EDGE('',*,*,#1586,.T.);
#1985=ORIENTED_EDGE('',*,*,#1587,.T.);
#1986=ORIENTED_EDGE('',*,*,#1588,.T.);
#1987=ORIENTED_EDGE('',*,*,#1589,.F.);
#1988=ORIENTED_EDGE('',*,*,#1581,.T.);
#1989=ORIENTED_EDGE('',*,*,#1590,.F.);
#1990=ORIENTED_EDGE('',*,*,#1569,.T.);
#1991=ORIENTED_EDGE('',*,*,#1591,.T.);
#1992=ORIENTED_EDGE('',*,*,#1592,.T.);
#1993=ORIENTED_EDGE('',*,*,#1593,.T.);
#1994=ORIENTED_EDGE('',*,*,#1594,.T.);
#1995=ORIENTED_EDGE('',*,*,#1595,.T.);
#1996=ORIENTED_EDGE('',*,*,#1596,.T.);
#1997=ORIENTED_EDGE('',*,*,#1597,.T.);
#1998=ORIENTED_EDGE('',*,*,#1552,.T.);
#1999=ORIENTED_EDGE('',*,*,#1598,.T.);
#2000=ORIENTED_EDGE('',*,*,#1557,.T.);
#2001=ORIENTED_EDGE('',*,*,#1599,.T.);
#2002=ORIENTED_EDGE('',*,*,#1600,.T.);
#2003=ORIENTED_EDGE('',*,*,#1601,.T.);
#2004=ORIENTED_EDGE('',*,*,#1602,.T.);
#2005=ORIENTED_EDGE('',*,*,#1603,.T.);
#2006=ORIENTED_EDGE('',*,*,#1604,.T.);
#2007=ORIENTED_EDGE('',*,*,#1605,.T.);
#2008=ORIENTED_EDGE('',*,*,#1561,.T.);
#2009=ORIENTED_EDGE('',*,*,#1606,.T.);
#2010=ORIENTED_EDGE('',*,*,#1607,.T.);
#2011=ORIENTED_EDGE('',*,*,#1565,.T.);
#2012=ORIENTED_EDGE('',*,*,#1568,.T.);
#2013=ORIENTED_EDGE('',*,*,#1584,.T.);
#2014=ORIENTED_EDGE('',*,*,#1608,.F.);
#2015=ORIENTED_EDGE('',*,*,#1609,.F.);
#2016=ORIENTED_EDGE('',*,*,#1610,.T.);
#2017=ORIENTED_EDGE('',*,*,#1579,.F.);
#2018=ORIENTED_EDGE('',*,*,#1611,.T.);
#2019=ORIENTED_EDGE('',*,*,#1612,.F.);
#2020=ORIENTED_EDGE('',*,*,#1613,.F.);
#2021=ORIENTED_EDGE('',*,*,#1512,.T.);
#2022=ORIENTED_EDGE('',*,*,#1520,.F.);
#2023=ORIENTED_EDGE('',*,*,#1523,.F.);
#2024=ORIENTED_EDGE('',*,*,#1526,.F.);
#2025=ORIENTED_EDGE('',*,*,#1529,.F.);
#2026=ORIENTED_EDGE('',*,*,#1530,.T.);
#2027=ORIENTED_EDGE('',*,*,#1536,.T.);
#2028=ORIENTED_EDGE('',*,*,#1533,.T.);
#2029=ORIENTED_EDGE('',*,*,#1614,.F.);
#2030=ORIENTED_EDGE('',*,*,#1615,.F.);
#2031=ORIENTED_EDGE('',*,*,#1616,.F.);
#2032=ORIENTED_EDGE('',*,*,#1617,.F.);
#2033=ORIENTED_EDGE('',*,*,#1545,.F.);
#2034=ORIENTED_EDGE('',*,*,#1618,.F.);
#2035=ORIENTED_EDGE('',*,*,#1619,.F.);
#2036=ORIENTED_EDGE('',*,*,#1620,.F.);
#2037=ORIENTED_EDGE('',*,*,#1544,.F.);
#2038=ORIENTED_EDGE('',*,*,#1541,.F.);
#2039=ORIENTED_EDGE('',*,*,#1538,.F.);
#2040=ORIENTED_EDGE('',*,*,#1535,.F.);
#2041=ORIENTED_EDGE('',*,*,#1532,.F.);
#2042=ORIENTED_EDGE('',*,*,#1527,.T.);
#2043=ORIENTED_EDGE('',*,*,#1524,.T.);
#2044=ORIENTED_EDGE('',*,*,#1521,.T.);
#2045=ORIENTED_EDGE('',*,*,#1518,.T.);
#2046=ORIENTED_EDGE('',*,*,#1621,.T.);
#2047=ORIENTED_EDGE('',*,*,#1622,.T.);
#2048=ORIENTED_EDGE('',*,*,#1623,.T.);
#2049=ORIENTED_EDGE('',*,*,#1624,.T.);
#2050=ORIENTED_EDGE('',*,*,#1516,.T.);
#2051=ORIENTED_EDGE('',*,*,#1625,.F.);
#2052=ORIENTED_EDGE('',*,*,#1626,.F.);
#2053=ORIENTED_EDGE('',*,*,#1627,.F.);
#2054=ORIENTED_EDGE('',*,*,#1628,.F.);
#2055=ORIENTED_EDGE('',*,*,#1629,.F.);
#2056=ORIENTED_EDGE('',*,*,#1630,.F.);
#2057=ORIENTED_EDGE('',*,*,#1631,.F.);
#2058=ORIENTED_EDGE('',*,*,#1632,.F.);
#2059=ORIENTED_EDGE('',*,*,#1633,.F.);
#2060=ORIENTED_EDGE('',*,*,#1634,.F.);
#2061=ORIENTED_EDGE('',*,*,#1635,.F.);
#2062=ORIENTED_EDGE('',*,*,#1636,.F.);
#2063=ORIENTED_EDGE('',*,*,#1637,.T.);
#2064=ORIENTED_EDGE('',*,*,#1620,.T.);
#2065=ORIENTED_EDGE('',*,*,#1638,.T.);
#2066=ORIENTED_EDGE('',*,*,#1639,.T.);
#2067=ORIENTED_EDGE('',*,*,#1614,.T.);
#2068=ORIENTED_EDGE('',*,*,#1637,.F.);
#2069=ORIENTED_EDGE('',*,*,#1640,.F.);
#2070=ORIENTED_EDGE('',*,*,#1641,.F.);
#2071=ORIENTED_EDGE('',*,*,#1641,.T.);
#2072=ORIENTED_EDGE('',*,*,#1642,.T.);
#2073=ORIENTED_EDGE('',*,*,#1643,.T.);
#2074=ORIENTED_EDGE('',*,*,#1615,.T.);
#2075=ORIENTED_EDGE('',*,*,#1616,.T.);
#2076=ORIENTED_EDGE('',*,*,#1643,.F.);
#2077=ORIENTED_EDGE('',*,*,#1644,.F.);
#2078=ORIENTED_EDGE('',*,*,#1645,.F.);
#2079=ORIENTED_EDGE('',*,*,#1617,.T.);
#2080=ORIENTED_EDGE('',*,*,#1645,.T.);
#2081=ORIENTED_EDGE('',*,*,#1646,.F.);
#2082=ORIENTED_EDGE('',*,*,#1546,.F.);
#2083=ORIENTED_EDGE('',*,*,#1647,.F.);
#2084=ORIENTED_EDGE('',*,*,#1648,.F.);
#2085=ORIENTED_EDGE('',*,*,#1618,.T.);
#2086=ORIENTED_EDGE('',*,*,#1548,.F.);
#2087=ORIENTED_EDGE('',*,*,#1649,.F.);
#2088=ORIENTED_EDGE('',*,*,#1638,.F.);
#2089=ORIENTED_EDGE('',*,*,#1619,.T.);
#2090=ORIENTED_EDGE('',*,*,#1648,.T.);
#2091=ORIENTED_EDGE('',*,*,#1650,.T.);
#2092=ORIENTED_EDGE('',*,*,#1636,.T.);
#2093=ORIENTED_EDGE('',*,*,#1651,.T.);
#2094=ORIENTED_EDGE('',*,*,#1652,.T.);
#2095=ORIENTED_EDGE('',*,*,#1653,.F.);
#2096=ORIENTED_EDGE('',*,*,#1654,.F.);
#2097=ORIENTED_EDGE('',*,*,#1633,.T.);
#2098=ORIENTED_EDGE('',*,*,#1650,.F.);
#2099=ORIENTED_EDGE('',*,*,#1654,.T.);
#2100=ORIENTED_EDGE('',*,*,#1655,.T.);
#2101=ORIENTED_EDGE('',*,*,#1656,.T.);
#2102=ORIENTED_EDGE('',*,*,#1634,.T.);
#2103=ORIENTED_EDGE('',*,*,#1657,.F.);
#2104=ORIENTED_EDGE('',*,*,#1651,.F.);
#2105=ORIENTED_EDGE('',*,*,#1635,.T.);
#2106=ORIENTED_EDGE('',*,*,#1656,.F.);
#2107=ORIENTED_EDGE('',*,*,#1658,.T.);
#2108=ORIENTED_EDGE('',*,*,#1632,.T.);
#2109=ORIENTED_EDGE('',*,*,#1659,.T.);
#2110=ORIENTED_EDGE('',*,*,#1660,.T.);
#2111=ORIENTED_EDGE('',*,*,#1661,.F.);
#2112=ORIENTED_EDGE('',*,*,#1662,.F.);
#2113=ORIENTED_EDGE('',*,*,#1629,.T.);
#2114=ORIENTED_EDGE('',*,*,#1658,.F.);
#2115=ORIENTED_EDGE('',*,*,#1662,.T.);
#2116=ORIENTED_EDGE('',*,*,#1663,.T.);
#2117=ORIENTED_EDGE('',*,*,#1664,.T.);
#2118=ORIENTED_EDGE('',*,*,#1630,.T.);
#2119=ORIENTED_EDGE('',*,*,#1665,.F.);
#2120=ORIENTED_EDGE('',*,*,#1659,.F.);
#2121=ORIENTED_EDGE('',*,*,#1631,.T.);
#2122=ORIENTED_EDGE('',*,*,#1664,.F.);
#2123=ORIENTED_EDGE('',*,*,#1666,.T.);
#2124=ORIENTED_EDGE('',*,*,#1628,.T.);
#2125=ORIENTED_EDGE('',*,*,#1667,.T.);
#2126=ORIENTED_EDGE('',*,*,#1668,.T.);
#2127=ORIENTED_EDGE('',*,*,#1669,.F.);
#2128=ORIENTED_EDGE('',*,*,#1670,.F.);
#2129=ORIENTED_EDGE('',*,*,#1625,.T.);
#2130=ORIENTED_EDGE('',*,*,#1666,.F.);
#2131=ORIENTED_EDGE('',*,*,#1670,.T.);
#2132=ORIENTED_EDGE('',*,*,#1671,.T.);
#2133=ORIENTED_EDGE('',*,*,#1672,.T.);
#2134=ORIENTED_EDGE('',*,*,#1626,.T.);
#2135=ORIENTED_EDGE('',*,*,#1673,.F.);
#2136=ORIENTED_EDGE('',*,*,#1667,.F.);
#2137=ORIENTED_EDGE('',*,*,#1627,.T.);
#2138=ORIENTED_EDGE('',*,*,#1672,.F.);
#2139=ORIENTED_EDGE('',*,*,#1563,.T.);
#2140=ORIENTED_EDGE('',*,*,#1539,.T.);
#2141=ORIENTED_EDGE('',*,*,#1566,.T.);
#2142=ORIENTED_EDGE('',*,*,#1542,.T.);
#2143=ORIENTED_EDGE('',*,*,#1674,.T.);
#2144=ORIENTED_EDGE('',*,*,#1675,.T.);
#2145=ORIENTED_EDGE('',*,*,#1676,.T.);
#2146=ORIENTED_EDGE('',*,*,#1639,.F.);
#2147=ORIENTED_EDGE('',*,*,#1640,.T.);
#2148=ORIENTED_EDGE('',*,*,#1676,.F.);
#2149=ORIENTED_EDGE('',*,*,#1677,.F.);
#2150=ORIENTED_EDGE('',*,*,#1678,.F.);
#2151=ORIENTED_EDGE('',*,*,#1678,.T.);
#2152=ORIENTED_EDGE('',*,*,#1679,.T.);
#2153=ORIENTED_EDGE('',*,*,#1680,.T.);
#2154=ORIENTED_EDGE('',*,*,#1642,.F.);
#2155=ORIENTED_EDGE('',*,*,#1644,.T.);
#2156=ORIENTED_EDGE('',*,*,#1680,.F.);
#2157=ORIENTED_EDGE('',*,*,#1681,.F.);
#2158=ORIENTED_EDGE('',*,*,#1682,.F.);
#2159=ORIENTED_EDGE('',*,*,#1646,.T.);
#2160=ORIENTED_EDGE('',*,*,#1682,.T.);
#2161=ORIENTED_EDGE('',*,*,#1683,.F.);
#2162=ORIENTED_EDGE('',*,*,#1551,.F.);
#2163=ORIENTED_EDGE('',*,*,#1647,.T.);
#2164=ORIENTED_EDGE('',*,*,#1550,.F.);
#2165=ORIENTED_EDGE('',*,*,#1684,.F.);
#2166=ORIENTED_EDGE('',*,*,#1685,.F.);
#2167=ORIENTED_EDGE('',*,*,#1649,.T.);
#2168=ORIENTED_EDGE('',*,*,#1685,.T.);
#2169=ORIENTED_EDGE('',*,*,#1686,.F.);
#2170=ORIENTED_EDGE('',*,*,#1674,.F.);
#2171=ORIENTED_EDGE('',*,*,#1687,.T.);
#2172=ORIENTED_EDGE('',*,*,#1688,.T.);
#2173=ORIENTED_EDGE('',*,*,#1689,.T.);
#2174=ORIENTED_EDGE('',*,*,#1652,.F.);
#2175=ORIENTED_EDGE('',*,*,#1653,.T.);
#2176=ORIENTED_EDGE('',*,*,#1689,.F.);
#2177=ORIENTED_EDGE('',*,*,#1690,.F.);
#2178=ORIENTED_EDGE('',*,*,#1691,.F.);
#2179=ORIENTED_EDGE('',*,*,#1691,.T.);
#2180=ORIENTED_EDGE('',*,*,#1692,.T.);
#2181=ORIENTED_EDGE('',*,*,#1693,.T.);
#2182=ORIENTED_EDGE('',*,*,#1655,.F.);
#2183=ORIENTED_EDGE('',*,*,#1657,.T.);
#2184=ORIENTED_EDGE('',*,*,#1693,.F.);
#2185=ORIENTED_EDGE('',*,*,#1694,.F.);
#2186=ORIENTED_EDGE('',*,*,#1687,.F.);
#2187=ORIENTED_EDGE('',*,*,#1695,.T.);
#2188=ORIENTED_EDGE('',*,*,#1696,.T.);
#2189=ORIENTED_EDGE('',*,*,#1697,.T.);
#2190=ORIENTED_EDGE('',*,*,#1660,.F.);
#2191=ORIENTED_EDGE('',*,*,#1661,.T.);
#2192=ORIENTED_EDGE('',*,*,#1697,.F.);
#2193=ORIENTED_EDGE('',*,*,#1698,.F.);
#2194=ORIENTED_EDGE('',*,*,#1699,.F.);
#2195=ORIENTED_EDGE('',*,*,#1699,.T.);
#2196=ORIENTED_EDGE('',*,*,#1700,.T.);
#2197=ORIENTED_EDGE('',*,*,#1701,.T.);
#2198=ORIENTED_EDGE('',*,*,#1663,.F.);
#2199=ORIENTED_EDGE('',*,*,#1665,.T.);
#2200=ORIENTED_EDGE('',*,*,#1701,.F.);
#2201=ORIENTED_EDGE('',*,*,#1555,.F.);
#2202=ORIENTED_EDGE('',*,*,#1695,.F.);
#2203=ORIENTED_EDGE('',*,*,#1702,.T.);
#2204=ORIENTED_EDGE('',*,*,#1703,.T.);
#2205=ORIENTED_EDGE('',*,*,#1704,.T.);
#2206=ORIENTED_EDGE('',*,*,#1668,.F.);
#2207=ORIENTED_EDGE('',*,*,#1669,.T.);
#2208=ORIENTED_EDGE('',*,*,#1704,.F.);
#2209=ORIENTED_EDGE('',*,*,#1705,.F.);
#2210=ORIENTED_EDGE('',*,*,#1706,.F.);
#2211=ORIENTED_EDGE('',*,*,#1706,.T.);
#2212=ORIENTED_EDGE('',*,*,#1707,.T.);
#2213=ORIENTED_EDGE('',*,*,#1708,.T.);
#2214=ORIENTED_EDGE('',*,*,#1671,.F.);
#2215=ORIENTED_EDGE('',*,*,#1673,.T.);
#2216=ORIENTED_EDGE('',*,*,#1708,.F.);
#2217=ORIENTED_EDGE('',*,*,#1559,.F.);
#2218=ORIENTED_EDGE('',*,*,#1702,.F.);
#2219=ORIENTED_EDGE('',*,*,#1709,.T.);
#2220=ORIENTED_EDGE('',*,*,#1592,.F.);
#2221=ORIENTED_EDGE('',*,*,#1710,.T.);
#2222=ORIENTED_EDGE('',*,*,#1681,.T.);
#2223=ORIENTED_EDGE('',*,*,#1683,.T.);
#2224=ORIENTED_EDGE('',*,*,#1710,.F.);
#2225=ORIENTED_EDGE('',*,*,#1591,.F.);
#2226=ORIENTED_EDGE('',*,*,#1554,.F.);
#2227=ORIENTED_EDGE('',*,*,#1597,.F.);
#2228=ORIENTED_EDGE('',*,*,#1711,.F.);
#2229=ORIENTED_EDGE('',*,*,#1684,.T.);
#2230=ORIENTED_EDGE('',*,*,#1553,.F.);
#2231=ORIENTED_EDGE('',*,*,#1712,.T.);
#2232=ORIENTED_EDGE('',*,*,#1686,.T.);
#2233=ORIENTED_EDGE('',*,*,#1711,.T.);
#2234=ORIENTED_EDGE('',*,*,#1596,.F.);
#2235=ORIENTED_EDGE('',*,*,#1713,.T.);
#2236=ORIENTED_EDGE('',*,*,#1675,.F.);
#2237=ORIENTED_EDGE('',*,*,#1712,.F.);
#2238=ORIENTED_EDGE('',*,*,#1595,.F.);
#2239=ORIENTED_EDGE('',*,*,#1713,.F.);
#2240=ORIENTED_EDGE('',*,*,#1594,.F.);
#2241=ORIENTED_EDGE('',*,*,#1714,.T.);
#2242=ORIENTED_EDGE('',*,*,#1677,.T.);
#2243=ORIENTED_EDGE('',*,*,#1714,.F.);
#2244=ORIENTED_EDGE('',*,*,#1593,.F.);
#2245=ORIENTED_EDGE('',*,*,#1709,.F.);
#2246=ORIENTED_EDGE('',*,*,#1679,.F.);
#2247=ORIENTED_EDGE('',*,*,#1598,.F.);
#2248=ORIENTED_EDGE('',*,*,#1715,.F.);
#2249=ORIENTED_EDGE('',*,*,#1696,.F.);
#2250=ORIENTED_EDGE('',*,*,#1558,.T.);
#2251=ORIENTED_EDGE('',*,*,#1600,.F.);
#2252=ORIENTED_EDGE('',*,*,#1716,.F.);
#2253=ORIENTED_EDGE('',*,*,#1698,.T.);
#2254=ORIENTED_EDGE('',*,*,#1715,.T.);
#2255=ORIENTED_EDGE('',*,*,#1700,.F.);
#2256=ORIENTED_EDGE('',*,*,#1716,.T.);
#2257=ORIENTED_EDGE('',*,*,#1599,.F.);
#2258=ORIENTED_EDGE('',*,*,#1556,.T.);
#2259=ORIENTED_EDGE('',*,*,#1602,.F.);
#2260=ORIENTED_EDGE('',*,*,#1717,.F.);
#2261=ORIENTED_EDGE('',*,*,#1694,.T.);
#2262=ORIENTED_EDGE('',*,*,#1718,.F.);
#2263=ORIENTED_EDGE('',*,*,#1601,.F.);
#2264=ORIENTED_EDGE('',*,*,#1719,.F.);
#2265=ORIENTED_EDGE('',*,*,#1688,.F.);
#2266=ORIENTED_EDGE('',*,*,#1717,.T.);
#2267=ORIENTED_EDGE('',*,*,#1604,.F.);
#2268=ORIENTED_EDGE('',*,*,#1720,.F.);
#2269=ORIENTED_EDGE('',*,*,#1690,.T.);
#2270=ORIENTED_EDGE('',*,*,#1719,.T.);
#2271=ORIENTED_EDGE('',*,*,#1692,.F.);
#2272=ORIENTED_EDGE('',*,*,#1720,.T.);
#2273=ORIENTED_EDGE('',*,*,#1603,.F.);
#2274=ORIENTED_EDGE('',*,*,#1718,.T.);
#2275=ORIENTED_EDGE('',*,*,#1605,.F.);
#2276=ORIENTED_EDGE('',*,*,#1721,.F.);
#2277=ORIENTED_EDGE('',*,*,#1703,.F.);
#2278=ORIENTED_EDGE('',*,*,#1562,.T.);
#2279=ORIENTED_EDGE('',*,*,#1607,.F.);
#2280=ORIENTED_EDGE('',*,*,#1722,.F.);
#2281=ORIENTED_EDGE('',*,*,#1705,.T.);
#2282=ORIENTED_EDGE('',*,*,#1721,.T.);
#2283=ORIENTED_EDGE('',*,*,#1707,.F.);
#2284=ORIENTED_EDGE('',*,*,#1722,.T.);
#2285=ORIENTED_EDGE('',*,*,#1606,.F.);
#2286=ORIENTED_EDGE('',*,*,#1560,.T.);
#2287=ORIENTED_EDGE('',*,*,#1585,.F.);
#2288=ORIENTED_EDGE('',*,*,#1613,.T.);
#2289=ORIENTED_EDGE('',*,*,#1723,.T.);
#2290=ORIENTED_EDGE('',*,*,#1576,.F.);
#2291=ORIENTED_EDGE('',*,*,#1724,.F.);
#2292=ORIENTED_EDGE('',*,*,#1725,.T.);
#2293=ORIENTED_EDGE('',*,*,#1726,.T.);
#2294=ORIENTED_EDGE('',*,*,#1577,.F.);
#2295=ORIENTED_EDGE('',*,*,#1723,.F.);
#2296=ORIENTED_EDGE('',*,*,#1612,.T.);
#2297=ORIENTED_EDGE('',*,*,#1727,.T.);
#2298=ORIENTED_EDGE('',*,*,#1588,.F.);
#2299=ORIENTED_EDGE('',*,*,#1611,.F.);
#2300=ORIENTED_EDGE('',*,*,#1582,.T.);
#2301=ORIENTED_EDGE('',*,*,#1589,.T.);
#2302=ORIENTED_EDGE('',*,*,#1727,.F.);
#2303=ORIENTED_EDGE('',*,*,#1728,.F.);
#2304=ORIENTED_EDGE('',*,*,#1608,.T.);
#2305=ORIENTED_EDGE('',*,*,#1583,.T.);
#2306=ORIENTED_EDGE('',*,*,#1574,.F.);
#2307=ORIENTED_EDGE('',*,*,#1610,.F.);
#2308=ORIENTED_EDGE('',*,*,#1729,.T.);
#2309=ORIENTED_EDGE('',*,*,#1590,.T.);
#2310=ORIENTED_EDGE('',*,*,#1580,.F.);
#2311=ORIENTED_EDGE('',*,*,#1730,.F.);
#2312=ORIENTED_EDGE('',*,*,#1731,.T.);
#2313=ORIENTED_EDGE('',*,*,#1732,.T.);
#2314=ORIENTED_EDGE('',*,*,#1586,.F.);
#2315=ORIENTED_EDGE('',*,*,#1729,.F.);
#2316=ORIENTED_EDGE('',*,*,#1609,.T.);
#2317=ORIENTED_EDGE('',*,*,#1728,.T.);
#2318=ORIENTED_EDGE('',*,*,#1573,.F.);
#2319=ORIENTED_EDGE('',*,*,#1726,.F.);
#2320=ORIENTED_EDGE('',*,*,#1733,.T.);
#2321=ORIENTED_EDGE('',*,*,#1730,.T.);
#2322=ORIENTED_EDGE('',*,*,#1578,.F.);
#2323=ORIENTED_EDGE('',*,*,#1732,.F.);
#2324=ORIENTED_EDGE('',*,*,#1734,.T.);
#2325=ORIENTED_EDGE('',*,*,#1724,.T.);
#2326=ORIENTED_EDGE('',*,*,#1587,.F.);
#2327=ORIENTED_EDGE('',*,*,#1735,.F.);
#2328=ORIENTED_EDGE('',*,*,#1725,.F.);
#2329=ORIENTED_EDGE('',*,*,#1736,.F.);
#2330=ORIENTED_EDGE('',*,*,#1624,.F.);
#2331=ORIENTED_EDGE('',*,*,#1736,.T.);
#2332=ORIENTED_EDGE('',*,*,#1734,.F.);
#2333=ORIENTED_EDGE('',*,*,#1737,.F.);
#2334=ORIENTED_EDGE('',*,*,#1621,.F.);
#2335=ORIENTED_EDGE('',*,*,#1735,.T.);
#2336=ORIENTED_EDGE('',*,*,#1623,.F.);
#2337=ORIENTED_EDGE('',*,*,#1738,.F.);
#2338=ORIENTED_EDGE('',*,*,#1733,.F.);
#2339=ORIENTED_EDGE('',*,*,#1737,.T.);
#2340=ORIENTED_EDGE('',*,*,#1731,.F.);
#2341=ORIENTED_EDGE('',*,*,#1738,.T.);
#2342=ORIENTED_EDGE('',*,*,#1622,.F.);
#2343=ORIENTED_EDGE('',*,*,#1739,.F.);
#2344=ORIENTED_EDGE('',*,*,#1740,.T.);
#2345=ORIENTED_EDGE('',*,*,#1741,.T.);
#2346=ORIENTED_EDGE('',*,*,#1740,.F.);
#2347=ORIENTED_EDGE('',*,*,#1742,.F.);
#2348=ORIENTED_EDGE('',*,*,#1743,.T.);
#2349=ORIENTED_EDGE('',*,*,#1739,.T.);
#2350=ORIENTED_EDGE('',*,*,#1743,.F.);
#2351=ORIENTED_EDGE('',*,*,#1744,.F.);
#2352=ORIENTED_EDGE('',*,*,#1745,.T.);
#2353=ORIENTED_EDGE('',*,*,#1746,.T.);
#2354=ORIENTED_EDGE('',*,*,#1745,.F.);
#2355=ORIENTED_EDGE('',*,*,#1747,.F.);
#2356=ORIENTED_EDGE('',*,*,#1748,.T.);
#2357=ORIENTED_EDGE('',*,*,#1744,.T.);
#2358=ORIENTED_EDGE('',*,*,#1748,.F.);
#2359=ORIENTED_EDGE('',*,*,#1749,.F.);
#2360=ORIENTED_EDGE('',*,*,#1750,.F.);
#2361=ORIENTED_EDGE('',*,*,#1751,.F.);
#2362=ORIENTED_EDGE('',*,*,#1752,.F.);
#2363=ORIENTED_EDGE('',*,*,#1753,.F.);
#2364=ORIENTED_EDGE('',*,*,#1754,.T.);
#2365=ORIENTED_EDGE('',*,*,#1755,.T.);
#2366=ORIENTED_EDGE('',*,*,#1754,.F.);
#2367=ORIENTED_EDGE('',*,*,#1756,.F.);
#2368=ORIENTED_EDGE('',*,*,#1757,.T.);
#2369=ORIENTED_EDGE('',*,*,#1758,.T.);
#2370=ORIENTED_EDGE('',*,*,#1757,.F.);
#2371=ORIENTED_EDGE('',*,*,#1759,.F.);
#2372=ORIENTED_EDGE('',*,*,#1760,.T.);
#2373=ORIENTED_EDGE('',*,*,#1761,.T.);
#2374=ORIENTED_EDGE('',*,*,#1760,.F.);
#2375=ORIENTED_EDGE('',*,*,#1762,.F.);
#2376=ORIENTED_EDGE('',*,*,#1763,.T.);
#2377=ORIENTED_EDGE('',*,*,#1764,.T.);
#2378=ORIENTED_EDGE('',*,*,#1763,.F.);
#2379=ORIENTED_EDGE('',*,*,#1765,.F.);
#2380=ORIENTED_EDGE('',*,*,#1766,.T.);
#2381=ORIENTED_EDGE('',*,*,#1767,.T.);
#2382=ORIENTED_EDGE('',*,*,#1766,.F.);
#2383=ORIENTED_EDGE('',*,*,#1768,.F.);
#2384=ORIENTED_EDGE('',*,*,#1769,.T.);
#2385=ORIENTED_EDGE('',*,*,#1770,.T.);
#2386=ORIENTED_EDGE('',*,*,#1769,.F.);
#2387=ORIENTED_EDGE('',*,*,#1771,.F.);
#2388=ORIENTED_EDGE('',*,*,#1772,.T.);
#2389=ORIENTED_EDGE('',*,*,#1773,.T.);
#2390=ORIENTED_EDGE('',*,*,#1772,.F.);
#2391=ORIENTED_EDGE('',*,*,#1774,.F.);
#2392=ORIENTED_EDGE('',*,*,#1775,.T.);
#2393=ORIENTED_EDGE('',*,*,#1776,.T.);
#2394=ORIENTED_EDGE('',*,*,#1775,.F.);
#2395=ORIENTED_EDGE('',*,*,#1777,.F.);
#2396=ORIENTED_EDGE('',*,*,#1778,.T.);
#2397=ORIENTED_EDGE('',*,*,#1779,.T.);
#2398=ORIENTED_EDGE('',*,*,#1778,.F.);
#2399=ORIENTED_EDGE('',*,*,#1780,.F.);
#2400=ORIENTED_EDGE('',*,*,#1781,.T.);
#2401=ORIENTED_EDGE('',*,*,#1782,.T.);
#2402=ORIENTED_EDGE('',*,*,#1781,.F.);
#2403=ORIENTED_EDGE('',*,*,#1783,.F.);
#2404=ORIENTED_EDGE('',*,*,#1784,.T.);
#2405=ORIENTED_EDGE('',*,*,#1785,.T.);
#2406=ORIENTED_EDGE('',*,*,#1784,.F.);
#2407=ORIENTED_EDGE('',*,*,#1786,.F.);
#2408=ORIENTED_EDGE('',*,*,#1787,.T.);
#2409=ORIENTED_EDGE('',*,*,#1788,.T.);
#2410=ORIENTED_EDGE('',*,*,#1787,.F.);
#2411=ORIENTED_EDGE('',*,*,#1789,.F.);
#2412=ORIENTED_EDGE('',*,*,#1790,.T.);
#2413=ORIENTED_EDGE('',*,*,#1791,.T.);
#2414=ORIENTED_EDGE('',*,*,#1790,.F.);
#2415=ORIENTED_EDGE('',*,*,#1792,.F.);
#2416=ORIENTED_EDGE('',*,*,#1793,.T.);
#2417=ORIENTED_EDGE('',*,*,#1794,.T.);
#2418=ORIENTED_EDGE('',*,*,#1793,.F.);
#2419=ORIENTED_EDGE('',*,*,#1795,.F.);
#2420=ORIENTED_EDGE('',*,*,#1796,.T.);
#2421=ORIENTED_EDGE('',*,*,#1797,.T.);
#2422=ORIENTED_EDGE('',*,*,#1796,.F.);
#2423=ORIENTED_EDGE('',*,*,#1798,.F.);
#2424=ORIENTED_EDGE('',*,*,#1799,.T.);
#2425=ORIENTED_EDGE('',*,*,#1800,.T.);
#2426=ORIENTED_EDGE('',*,*,#1799,.F.);
#2427=ORIENTED_EDGE('',*,*,#1801,.F.);
#2428=ORIENTED_EDGE('',*,*,#1802,.T.);
#2429=ORIENTED_EDGE('',*,*,#1803,.T.);
#2430=ORIENTED_EDGE('',*,*,#1802,.F.);
#2431=ORIENTED_EDGE('',*,*,#1804,.F.);
#2432=ORIENTED_EDGE('',*,*,#1805,.T.);
#2433=ORIENTED_EDGE('',*,*,#1806,.T.);
#2434=ORIENTED_EDGE('',*,*,#1805,.F.);
#2435=ORIENTED_EDGE('',*,*,#1807,.F.);
#2436=ORIENTED_EDGE('',*,*,#1808,.T.);
#2437=ORIENTED_EDGE('',*,*,#1809,.T.);
#2438=ORIENTED_EDGE('',*,*,#1808,.F.);
#2439=ORIENTED_EDGE('',*,*,#1810,.F.);
#2440=ORIENTED_EDGE('',*,*,#1811,.T.);
#2441=ORIENTED_EDGE('',*,*,#1812,.T.);
#2442=ORIENTED_EDGE('',*,*,#1811,.F.);
#2443=ORIENTED_EDGE('',*,*,#1813,.F.);
#2444=ORIENTED_EDGE('',*,*,#1814,.T.);
#2445=ORIENTED_EDGE('',*,*,#1815,.T.);
#2446=ORIENTED_EDGE('',*,*,#1814,.F.);
#2447=ORIENTED_EDGE('',*,*,#1816,.F.);
#2448=ORIENTED_EDGE('',*,*,#1817,.T.);
#2449=ORIENTED_EDGE('',*,*,#1818,.T.);
#2450=ORIENTED_EDGE('',*,*,#1817,.F.);
#2451=ORIENTED_EDGE('',*,*,#1819,.F.);
#2452=ORIENTED_EDGE('',*,*,#1820,.T.);
#2453=ORIENTED_EDGE('',*,*,#1821,.T.);
#2454=ORIENTED_EDGE('',*,*,#1820,.F.);
#2455=ORIENTED_EDGE('',*,*,#1822,.F.);
#2456=ORIENTED_EDGE('',*,*,#1823,.T.);
#2457=ORIENTED_EDGE('',*,*,#1824,.T.);
#2458=ORIENTED_EDGE('',*,*,#1823,.F.);
#2459=ORIENTED_EDGE('',*,*,#1825,.F.);
#2460=ORIENTED_EDGE('',*,*,#1826,.T.);
#2461=ORIENTED_EDGE('',*,*,#1827,.T.);
#2462=ORIENTED_EDGE('',*,*,#1828,.T.);
#2463=ORIENTED_EDGE('',*,*,#1829,.T.);
#2464=ORIENTED_EDGE('',*,*,#1830,.F.);
#2465=ORIENTED_EDGE('',*,*,#1831,.T.);
#2466=ORIENTED_EDGE('',*,*,#1827,.F.);
#2467=ORIENTED_EDGE('',*,*,#1753,.T.);
#2468=ORIENTED_EDGE('',*,*,#1762,.T.);
#2469=ORIENTED_EDGE('',*,*,#1759,.T.);
#2470=ORIENTED_EDGE('',*,*,#1783,.T.);
#2471=ORIENTED_EDGE('',*,*,#1765,.T.);
#2472=ORIENTED_EDGE('',*,*,#1768,.T.);
#2473=ORIENTED_EDGE('',*,*,#1771,.T.);
#2474=ORIENTED_EDGE('',*,*,#1774,.T.);
#2475=ORIENTED_EDGE('',*,*,#1786,.T.);
#2476=ORIENTED_EDGE('',*,*,#1780,.T.);
#2477=ORIENTED_EDGE('',*,*,#1756,.T.);
#2478=ORIENTED_EDGE('',*,*,#1777,.T.);
#2479=ORIENTED_EDGE('',*,*,#1742,.T.);
#2480=ORIENTED_EDGE('',*,*,#1747,.T.);
#2481=ORIENTED_EDGE('',*,*,#1832,.F.);
#2482=ORIENTED_EDGE('',*,*,#1833,.T.);
#2483=ORIENTED_EDGE('',*,*,#1834,.F.);
#2484=ORIENTED_EDGE('',*,*,#1749,.T.);
#2485=ORIENTED_EDGE('',*,*,#1835,.F.);
#2486=ORIENTED_EDGE('',*,*,#1836,.T.);
#2487=ORIENTED_EDGE('',*,*,#1746,.F.);
#2488=ORIENTED_EDGE('',*,*,#1837,.F.);
#2489=ORIENTED_EDGE('',*,*,#1825,.T.);
#2490=ORIENTED_EDGE('',*,*,#1838,.F.);
#2491=ORIENTED_EDGE('',*,*,#1839,.T.);
#2492=ORIENTED_EDGE('',*,*,#1840,.F.);
#2493=ORIENTED_EDGE('',*,*,#1841,.T.);
#2494=ORIENTED_EDGE('',*,*,#1741,.F.);
#2495=ORIENTED_EDGE('',*,*,#1830,.T.);
#2496=ORIENTED_EDGE('',*,*,#1842,.T.);
#2497=ORIENTED_EDGE('',*,*,#1836,.F.);
#2498=ORIENTED_EDGE('',*,*,#1843,.T.);
#2499=ORIENTED_EDGE('',*,*,#1844,.F.);
#2500=ORIENTED_EDGE('',*,*,#1845,.T.);
#2501=ORIENTED_EDGE('',*,*,#1840,.T.);
#2502=ORIENTED_EDGE('',*,*,#1846,.T.);
#2503=ORIENTED_EDGE('',*,*,#1834,.T.);
#2504=ORIENTED_EDGE('',*,*,#1847,.T.);
#2505=ORIENTED_EDGE('',*,*,#1848,.F.);
#2506=ORIENTED_EDGE('',*,*,#1750,.T.);
#2507=ORIENTED_EDGE('',*,*,#1848,.T.);
#2508=ORIENTED_EDGE('',*,*,#1849,.T.);
#2509=ORIENTED_EDGE('',*,*,#1850,.F.);
#2510=ORIENTED_EDGE('',*,*,#1851,.T.);
#2511=ORIENTED_EDGE('',*,*,#1844,.T.);
#2512=ORIENTED_EDGE('',*,*,#1852,.T.);
#2513=ORIENTED_EDGE('',*,*,#1853,.F.);
#2514=ORIENTED_EDGE('',*,*,#1751,.T.);
#2515=ORIENTED_EDGE('',*,*,#1791,.F.);
#2516=ORIENTED_EDGE('',*,*,#1794,.F.);
#2517=ORIENTED_EDGE('',*,*,#1797,.F.);
#2518=ORIENTED_EDGE('',*,*,#1800,.F.);
#2519=ORIENTED_EDGE('',*,*,#1803,.F.);
#2520=ORIENTED_EDGE('',*,*,#1806,.F.);
#2521=ORIENTED_EDGE('',*,*,#1809,.F.);
#2522=ORIENTED_EDGE('',*,*,#1812,.F.);
#2523=ORIENTED_EDGE('',*,*,#1815,.F.);
#2524=ORIENTED_EDGE('',*,*,#1818,.F.);
#2525=ORIENTED_EDGE('',*,*,#1821,.F.);
#2526=ORIENTED_EDGE('',*,*,#1824,.F.);
#2527=ORIENTED_EDGE('',*,*,#1822,.T.);
#2528=ORIENTED_EDGE('',*,*,#1755,.F.);
#2529=ORIENTED_EDGE('',*,*,#1819,.T.);
#2530=ORIENTED_EDGE('',*,*,#1758,.F.);
#2531=ORIENTED_EDGE('',*,*,#1816,.T.);
#2532=ORIENTED_EDGE('',*,*,#1761,.F.);
#2533=ORIENTED_EDGE('',*,*,#1813,.T.);
#2534=ORIENTED_EDGE('',*,*,#1764,.F.);
#2535=ORIENTED_EDGE('',*,*,#1810,.T.);
#2536=ORIENTED_EDGE('',*,*,#1767,.F.);
#2537=ORIENTED_EDGE('',*,*,#1807,.T.);
#2538=ORIENTED_EDGE('',*,*,#1770,.F.);
#2539=ORIENTED_EDGE('',*,*,#1804,.T.);
#2540=ORIENTED_EDGE('',*,*,#1773,.F.);
#2541=ORIENTED_EDGE('',*,*,#1801,.T.);
#2542=ORIENTED_EDGE('',*,*,#1776,.F.);
#2543=ORIENTED_EDGE('',*,*,#1798,.T.);
#2544=ORIENTED_EDGE('',*,*,#1779,.F.);
#2545=ORIENTED_EDGE('',*,*,#1795,.T.);
#2546=ORIENTED_EDGE('',*,*,#1782,.F.);
#2547=ORIENTED_EDGE('',*,*,#1792,.T.);
#2548=ORIENTED_EDGE('',*,*,#1785,.F.);
#2549=ORIENTED_EDGE('',*,*,#1789,.T.);
#2550=ORIENTED_EDGE('',*,*,#1788,.F.);
#2551=ORIENTED_EDGE('',*,*,#1835,.T.);
#2552=ORIENTED_EDGE('',*,*,#1752,.T.);
#2553=ORIENTED_EDGE('',*,*,#1853,.T.);
#2554=ORIENTED_EDGE('',*,*,#1854,.T.);
#2555=ORIENTED_EDGE('',*,*,#1838,.T.);
#2556=ORIENTED_EDGE('',*,*,#1828,.F.);
#2557=ORIENTED_EDGE('',*,*,#1831,.F.);
#2558=ORIENTED_EDGE('',*,*,#1843,.F.);
#2559=ORIENTED_EDGE('',*,*,#1850,.T.);
#2560=ORIENTED_EDGE('',*,*,#1855,.T.);
#2561=ORIENTED_EDGE('',*,*,#1832,.T.);
#2562=ORIENTED_EDGE('',*,*,#1842,.F.);
#2563=ORIENTED_EDGE('',*,*,#1829,.F.);
#2564=ORIENTED_EDGE('',*,*,#1826,.F.);
#2565=ORIENTED_EDGE('',*,*,#1837,.T.);
#2566=ORIENTED_EDGE('',*,*,#1856,.T.);
#2567=ORIENTED_EDGE('',*,*,#1833,.F.);
#2568=ORIENTED_EDGE('',*,*,#1855,.F.);
#2569=ORIENTED_EDGE('',*,*,#1849,.F.);
#2570=ORIENTED_EDGE('',*,*,#1847,.F.);
#2571=ORIENTED_EDGE('',*,*,#1841,.F.);
#2572=ORIENTED_EDGE('',*,*,#1845,.F.);
#2573=ORIENTED_EDGE('',*,*,#1851,.F.);
#2574=ORIENTED_EDGE('',*,*,#1856,.F.);
#2575=ORIENTED_EDGE('',*,*,#1839,.F.);
#2576=ORIENTED_EDGE('',*,*,#1854,.F.);
#2577=ORIENTED_EDGE('',*,*,#1852,.F.);
#2578=ORIENTED_EDGE('',*,*,#1846,.F.);
#2579=ORIENTED_EDGE('',*,*,#1857,.F.);
#2580=ORIENTED_EDGE('',*,*,#1858,.T.);
#2581=ORIENTED_EDGE('',*,*,#1858,.F.);
#2582=ORIENTED_EDGE('',*,*,#1859,.T.);
#2583=ORIENTED_EDGE('',*,*,#1860,.T.);
#2584=ORIENTED_EDGE('',*,*,#1857,.T.);
#2585=ORIENTED_EDGE('',*,*,#1860,.F.);
#2586=ORIENTED_EDGE('',*,*,#1861,.T.);
#2587=ORIENTED_EDGE('',*,*,#1862,.T.);
#2588=ORIENTED_EDGE('',*,*,#1863,.F.);
#2589=ORIENTED_EDGE('',*,*,#1862,.F.);
#2590=ORIENTED_EDGE('',*,*,#1864,.T.);
#2591=ORIENTED_EDGE('',*,*,#1865,.T.);
#2592=ORIENTED_EDGE('',*,*,#1866,.F.);
#2593=ORIENTED_EDGE('',*,*,#1865,.F.);
#2594=ORIENTED_EDGE('',*,*,#1866,.T.);
#2595=ORIENTED_EDGE('',*,*,#1864,.F.);
#2596=ORIENTED_EDGE('',*,*,#1861,.F.);
#2597=ORIENTED_EDGE('',*,*,#1863,.T.);
#2598=ORIENTED_EDGE('',*,*,#1859,.F.);
#2599=ORIENTED_EDGE('',*,*,#1867,.T.);
#2600=ORIENTED_EDGE('',*,*,#1868,.T.);
#2601=ORIENTED_EDGE('',*,*,#1869,.F.);
#2602=ORIENTED_EDGE('',*,*,#1868,.F.);
#2603=ORIENTED_EDGE('',*,*,#1870,.T.);
#2604=ORIENTED_EDGE('',*,*,#1871,.T.);
#2605=ORIENTED_EDGE('',*,*,#1872,.F.);
#2606=ORIENTED_EDGE('',*,*,#1871,.F.);
#2607=ORIENTED_EDGE('',*,*,#1872,.T.);
#2608=ORIENTED_EDGE('',*,*,#1867,.F.);
#2609=ORIENTED_EDGE('',*,*,#1870,.F.);
#2610=ORIENTED_EDGE('',*,*,#1869,.T.);
#2611=CONICAL_SURFACE('',#2861,1.00000000000004,0.785398163397422);
#2612=CONICAL_SURFACE('',#2864,1.00000000000004,0.785398163397422);
#2613=CONICAL_SURFACE('',#2867,17.2500000000007,0.785398163397454);
#2614=CONICAL_SURFACE('',#2870,17.5500000000007,0.785398163397443);
#2615=CONICAL_SURFACE('',#2875,6.30000000000025,0.785398163397449);
#2616=CONICAL_SURFACE('',#2878,6.30000000000025,0.785398163397449);
#2617=CONICAL_SURFACE('',#2881,6.30000000000025,0.785398163397449);
#2618=CONICAL_SURFACE('',#2884,6.30000000000025,0.785398163397449);
#2619=CONICAL_SURFACE('',#2902,37.5000000000015,0.785398163397439);
#2620=CONICAL_SURFACE('',#2907,37.5000000000015,0.785398163397434);
#2621=CONICAL_SURFACE('',#2909,1.60000000003863,0.785398163681665);
#2622=CONICAL_SURFACE('',#2912,1.59999999995404,0.785398163397448);
#2623=CONICAL_SURFACE('',#2963,8.00000000000031,0.785398163397445);
#2624=CONICAL_SURFACE('',#2966,8.00000000000031,0.785398163397442);
#2625=CONICAL_SURFACE('',#2969,10.5000000000004,0.785398163397442);
#2626=CONICAL_SURFACE('',#2971,10.5000000000004,0.785398163397442);
#2627=CONICAL_SURFACE('',#2975,2.59999999991588,0.785398163397448);
#2628=CONICAL_SURFACE('',#2978,2.59999999991588,0.785398163397448);
#2629=CONICAL_SURFACE('',#2981,1.5999999998972,0.785398163681665);
#2630=CONICAL_SURFACE('',#2984,1.60000000006773,0.785398163397448);
#2631=CONICAL_SURFACE('',#2987,1.59999999986809,0.785398163681665);
#2632=CONICAL_SURFACE('',#2990,1.60000000003863,0.785398163397448);
#2633=CONICAL_SURFACE('',#3022,10.5000000000004,0.785398163397435);
#2634=CONICAL_SURFACE('',#3023,10.5000000000004,0.785398163397435);
#2635=CONICAL_SURFACE('',#3025,8.00000000000031,0.785398163397435);
#2636=CONICAL_SURFACE('',#3027,8.00000000000031,0.785398163397438);
#2637=CONICAL_SURFACE('',#3029,1.59999999998178,0.785398163397448);
#2638=CONICAL_SURFACE('',#3031,2.60000000002957,0.785398163397448);
#2639=CONICAL_SURFACE('',#3033,2.60000000002957,0.785398163397448);
#2640=CONICAL_SURFACE('',#3036,1.59999999995404,0.785398163681665);
#2641=CONICAL_SURFACE('',#3049,3.35000000000017,0.785398163397414);
#2642=CONICAL_SURFACE('',#3050,3.35000000000018,0.785398163397414);
#2643=CONICAL_SURFACE('',#3053,1.19999999999998,0.785398163397394);
#2644=CONICAL_SURFACE('',#3058,1.19999999999998,0.785398163397394);
#2645=ADVANCED_FACE('',(#298),#2611,.T.);
#2646=ADVANCED_FACE('',(#299),#2612,.T.);
#2647=ADVANCED_FACE('',(#300),#2613,.F.);
#2648=ADVANCED_FACE('',(#301),#2614,.F.);
#2649=ADVANCED_FACE('',(#302),#234,.F.);
#2650=ADVANCED_FACE('',(#303),#2615,.F.);
#2651=ADVANCED_FACE('',(#304),#2616,.F.);
#2652=ADVANCED_FACE('',(#305),#2617,.F.);
#2653=ADVANCED_FACE('',(#306),#2618,.F.);
#2654=ADVANCED_FACE('',(#307),#235,.F.);
#2655=ADVANCED_FACE('',(#308),#236,.F.);
#2656=ADVANCED_FACE('',(#309),#237,.F.);
#2657=ADVANCED_FACE('',(#310),#238,.F.);
#2658=ADVANCED_FACE('',(#311),#239,.F.);
#2659=ADVANCED_FACE('',(#312),#2619,.T.);
#2660=ADVANCED_FACE('',(#313),#240,.T.);
#2661=ADVANCED_FACE('',(#314),#2620,.T.);
#2662=ADVANCED_FACE('',(#315),#2621,.F.);
#2663=ADVANCED_FACE('',(#316),#2622,.F.);
#2664=ADVANCED_FACE('',(#317),#241,.F.);
#2665=ADVANCED_FACE('',(#318),#242,.F.);
#2666=ADVANCED_FACE('',(#319),#243,.T.);
#2667=ADVANCED_FACE('',(#320),#244,.T.);
#2668=ADVANCED_FACE('',(#321,#92),#168,.T.);
#2669=ADVANCED_FACE('',(#322),#169,.T.);
#2670=ADVANCED_FACE('',(#323),#170,.F.);
#2671=ADVANCED_FACE('',(#324),#171,.F.);
#2672=ADVANCED_FACE('',(#325),#172,.F.);
#2673=ADVANCED_FACE('',(#326,#93),#173,.T.);
#2674=ADVANCED_FACE('',(#327,#94,#95,#96,#97,#98,#99,#100,#101,#102,#103,
#104,#105,#106,#107),#174,.T.);
#2675=ADVANCED_FACE('',(#328,#108,#109,#110,#111,#112,#113,#114,#115,#116,
#117,#118,#119,#120,#121),#175,.F.);
#2676=ADVANCED_FACE('',(#329),#2623,.T.);
#2677=ADVANCED_FACE('',(#330),#176,.F.);
#2678=ADVANCED_FACE('',(#331),#2624,.T.);
#2679=ADVANCED_FACE('',(#332),#177,.F.);
#2680=ADVANCED_FACE('',(#333),#2625,.F.);
#2681=ADVANCED_FACE('',(#334),#2626,.F.);
#2682=ADVANCED_FACE('',(#335),#178,.F.);
#2683=ADVANCED_FACE('',(#336),#179,.T.);
#2684=ADVANCED_FACE('',(#337),#2627,.F.);
#2685=ADVANCED_FACE('',(#338),#180,.T.);
#2686=ADVANCED_FACE('',(#339),#2628,.F.);
#2687=ADVANCED_FACE('',(#340),#181,.T.);
#2688=ADVANCED_FACE('',(#341),#2629,.F.);
#2689=ADVANCED_FACE('',(#342),#182,.T.);
#2690=ADVANCED_FACE('',(#343),#2630,.F.);
#2691=ADVANCED_FACE('',(#344),#183,.T.);
#2692=ADVANCED_FACE('',(#345),#2631,.F.);
#2693=ADVANCED_FACE('',(#346),#184,.T.);
#2694=ADVANCED_FACE('',(#347),#2632,.F.);
#2695=ADVANCED_FACE('',(#348,#122),#185,.T.);
#2696=ADVANCED_FACE('',(#349,#123),#186,.T.);
#2697=ADVANCED_FACE('',(#350),#245,.T.);
#2698=ADVANCED_FACE('',(#351),#187,.F.);
#2699=ADVANCED_FACE('',(#352),#246,.T.);
#2700=ADVANCED_FACE('',(#353),#188,.F.);
#2701=ADVANCED_FACE('',(#354),#247,.F.);
#2702=ADVANCED_FACE('',(#355),#248,.F.);
#2703=ADVANCED_FACE('',(#356),#189,.F.);
#2704=ADVANCED_FACE('',(#357),#190,.T.);
#2705=ADVANCED_FACE('',(#358),#249,.F.);
#2706=ADVANCED_FACE('',(#359),#191,.T.);
#2707=ADVANCED_FACE('',(#360),#250,.F.);
#2708=ADVANCED_FACE('',(#361),#192,.T.);
#2709=ADVANCED_FACE('',(#362),#251,.F.);
#2710=ADVANCED_FACE('',(#363),#193,.T.);
#2711=ADVANCED_FACE('',(#364),#252,.F.);
#2712=ADVANCED_FACE('',(#365),#194,.T.);
#2713=ADVANCED_FACE('',(#366),#253,.F.);
#2714=ADVANCED_FACE('',(#367),#195,.T.);
#2715=ADVANCED_FACE('',(#368),#254,.F.);
#2716=ADVANCED_FACE('',(#369),#196,.T.);
#2717=ADVANCED_FACE('',(#370),#2633,.F.);
#2718=ADVANCED_FACE('',(#371),#2634,.F.);
#2719=ADVANCED_FACE('',(#372),#197,.T.);
#2720=ADVANCED_FACE('',(#373),#2635,.T.);
#2721=ADVANCED_FACE('',(#374),#198,.T.);
#2722=ADVANCED_FACE('',(#375),#2636,.T.);
#2723=ADVANCED_FACE('',(#376),#199,.F.);
#2724=ADVANCED_FACE('',(#377),#2637,.F.);
#2725=ADVANCED_FACE('',(#378),#200,.F.);
#2726=ADVANCED_FACE('',(#379),#2638,.F.);
#2727=ADVANCED_FACE('',(#380),#201,.F.);
#2728=ADVANCED_FACE('',(#381),#2639,.F.);
#2729=ADVANCED_FACE('',(#382),#202,.F.);
#2730=ADVANCED_FACE('',(#383),#203,.F.);
#2731=ADVANCED_FACE('',(#384),#2640,.F.);
#2732=ADVANCED_FACE('',(#385),#204,.F.);
#2733=ADVANCED_FACE('',(#386),#255,.F.);
#2734=ADVANCED_FACE('',(#387),#205,.T.);
#2735=ADVANCED_FACE('',(#388),#256,.F.);
#2736=ADVANCED_FACE('',(#389),#257,.F.);
#2737=ADVANCED_FACE('',(#390),#258,.F.);
#2738=ADVANCED_FACE('',(#391),#206,.T.);
#2739=ADVANCED_FACE('',(#392),#259,.F.);
#2740=ADVANCED_FACE('',(#393),#260,.F.);
#2741=ADVANCED_FACE('',(#394),#207,.T.);
#2742=ADVANCED_FACE('',(#395),#2641,.F.);
#2743=ADVANCED_FACE('',(#396),#2642,.F.);
#2744=ADVANCED_FACE('',(#397),#208,.T.);
#2745=ADVANCED_FACE('',(#398),#2643,.F.);
#2746=ADVANCED_FACE('',(#399),#261,.F.);
#2747=ADVANCED_FACE('',(#400),#2644,.F.);
#2748=ADVANCED_FACE('',(#401),#262,.F.);
#2749=ADVANCED_FACE('',(#402),#263,.T.);
#2750=ADVANCED_FACE('',(#403),#264,.F.);
#2751=ADVANCED_FACE('',(#404),#265,.F.);
#2752=ADVANCED_FACE('',(#405),#266,.F.);
#2753=ADVANCED_FACE('',(#406),#267,.F.);
#2754=ADVANCED_FACE('',(#407),#268,.F.);
#2755=ADVANCED_FACE('',(#408),#269,.F.);
#2756=ADVANCED_FACE('',(#409),#270,.F.);
#2757=ADVANCED_FACE('',(#410),#271,.F.);
#2758=ADVANCED_FACE('',(#411),#272,.F.);
#2759=ADVANCED_FACE('',(#412),#273,.F.);
#2760=ADVANCED_FACE('',(#413),#274,.F.);
#2761=ADVANCED_FACE('',(#414),#275,.F.);
#2762=ADVANCED_FACE('',(#415),#276,.F.);
#2763=ADVANCED_FACE('',(#416),#277,.F.);
#2764=ADVANCED_FACE('',(#417),#278,.F.);
#2765=ADVANCED_FACE('',(#418),#279,.F.);
#2766=ADVANCED_FACE('',(#419),#280,.F.);
#2767=ADVANCED_FACE('',(#420),#281,.F.);
#2768=ADVANCED_FACE('',(#421),#282,.F.);
#2769=ADVANCED_FACE('',(#422),#283,.F.);
#2770=ADVANCED_FACE('',(#423),#284,.F.);
#2771=ADVANCED_FACE('',(#424),#285,.F.);
#2772=ADVANCED_FACE('',(#425),#286,.F.);
#2773=ADVANCED_FACE('',(#426),#287,.F.);
#2774=ADVANCED_FACE('',(#427),#288,.T.);
#2775=ADVANCED_FACE('',(#428,#124,#125,#126,#127,#128,#129,#130,#131,#132,
#133,#134,#135,#136,#137),#209,.F.);
#2776=ADVANCED_FACE('',(#429,#138),#210,.T.);
#2777=ADVANCED_FACE('',(#430,#139),#211,.T.);
#2778=ADVANCED_FACE('',(#431),#289,.T.);
#2779=ADVANCED_FACE('',(#432),#212,.F.);
#2780=ADVANCED_FACE('',(#433),#213,.F.);
#2781=ADVANCED_FACE('',(#434,#140,#141,#142,#143,#144,#145,#146,#147,#148,
#149,#150,#151),#214,.T.);
#2782=ADVANCED_FACE('',(#435,#152),#215,.T.);
#2783=ADVANCED_FACE('',(#436,#153),#216,.T.);
#2784=ADVANCED_FACE('',(#437,#154),#217,.T.);
#2785=ADVANCED_FACE('',(#438,#155),#218,.T.);
#2786=ADVANCED_FACE('',(#439,#156),#219,.T.);
#2787=ADVANCED_FACE('',(#440,#157),#220,.T.);
#2788=ADVANCED_FACE('',(#441,#158),#221,.T.);
#2789=ADVANCED_FACE('',(#442,#159),#222,.T.);
#2790=ADVANCED_FACE('',(#443,#160),#223,.T.);
#2791=ADVANCED_FACE('',(#444,#161),#224,.T.);
#2792=ADVANCED_FACE('',(#445,#162),#225,.T.);
#2793=ADVANCED_FACE('',(#446,#163),#226,.T.);
#2794=ADVANCED_FACE('',(#447),#227,.F.);
#2795=ADVANCED_FACE('',(#448),#228,.F.);
#2796=ADVANCED_FACE('',(#449),#290,.T.);
#2797=ADVANCED_FACE('',(#450),#291,.T.);
#2798=ADVANCED_FACE('',(#451),#292,.T.);
#2799=ADVANCED_FACE('',(#452),#75,.T.);
#2800=ADVANCED_FACE('',(#453),#293,.T.);
#2801=ADVANCED_FACE('',(#454),#294,.T.);
#2802=ADVANCED_FACE('',(#455),#295,.T.);
#2803=ADVANCED_FACE('',(#456),#229,.T.);
#2804=ADVANCED_FACE('',(#457,#164),#230,.F.);
#2805=ADVANCED_FACE('',(#458,#165),#231,.T.);
#2806=ADVANCED_FACE('',(#459),#296,.F.);
#2807=ADVANCED_FACE('',(#460),#297,.T.);
#2808=ADVANCED_FACE('',(#461,#166),#232,.T.);
#2809=ADVANCED_FACE('',(#462,#167),#233,.F.);
#2810=CLOSED_SHELL('',(#2645,#2646,#2647,#2648,#2649,#2650,#2651,#2652,
#2653,#2654,#2655,#2656,#2657,#2658,#2659,#2660,#2661,#2662,#2663,#2664,
#2665,#2666,#2667,#2668,#2669,#2670,#2671,#2672,#2673,#2674,#2675,#2676,
#2677,#2678,#2679,#2680,#2681,#2682,#2683,#2684,#2685,#2686,#2687,#2688,
#2689,#2690,#2691,#2692,#2693,#2694,#2695,#2696,#2697,#2698,#2699,#2700,
#2701,#2702,#2703,#2704,#2705,#2706,#2707,#2708,#2709,#2710,#2711,#2712,
#2713,#2714,#2715,#2716,#2717,#2718,#2719,#2720,#2721,#2722,#2723,#2724,
#2725,#2726,#2727,#2728,#2729,#2730,#2731,#2732,#2733,#2734,#2735,#2736,
#2737,#2738,#2739,#2740,#2741,#2742,#2743,#2744));
#2811=CLOSED_SHELL('',(#2745,#2746,#2747,#2748,#2749,#2750,#2751,#2752,
#2753,#2754,#2755,#2756,#2757,#2758,#2759,#2760,#2761,#2762,#2763,#2764,
#2765,#2766,#2767,#2768,#2769,#2770,#2771,#2772,#2773,#2774,#2775,#2776,
#2777,#2778,#2779,#2780,#2781,#2782,#2783,#2784,#2785,#2786,#2787,#2788,
#2789,#2790,#2791,#2792,#2793,#2794,#2795,#2796,#2797,#2798));
#2812=CLOSED_SHELL('',(#2799,#2800,#2801,#2802,#2803,#2804,#2805));
#2813=CLOSED_SHELL('',(#2806,#2807,#2808,#2809));
#2814=DERIVED_UNIT_ELEMENT(#2822,1.);
#2815=DERIVED_UNIT_ELEMENT(#4920,-3.);
#2816=DERIVED_UNIT_ELEMENT(#2822,1.);
#2817=DERIVED_UNIT_ELEMENT(#4920,-3.);
#2818=DERIVED_UNIT_ELEMENT(#2822,1.);
#2819=DERIVED_UNIT_ELEMENT(#4920,-3.);
#2820=DERIVED_UNIT_ELEMENT(#2822,1.);
#2821=DERIVED_UNIT_ELEMENT(#4920,-3.);
#2822=(
MASS_UNIT()
NAMED_UNIT(*)
SI_UNIT(.KILO.,.GRAM.)
);
#2823=DERIVED_UNIT((#2814,#2815));
#2824=DERIVED_UNIT((#2816,#2817));
#2825=DERIVED_UNIT((#2818,#2819));
#2826=DERIVED_UNIT((#2820,#2821));
#2827=MEASURE_REPRESENTATION_ITEM('density measure',
POSITIVE_RATIO_MEASURE(7850.),#2823);
#2828=MEASURE_REPRESENTATION_ITEM('density measure',
POSITIVE_RATIO_MEASURE(7850.),#2824);
#2829=MEASURE_REPRESENTATION_ITEM('density measure',
POSITIVE_RATIO_MEASURE(7850.),#2825);
#2830=MEASURE_REPRESENTATION_ITEM('density measure',
POSITIVE_RATIO_MEASURE(7850.),#2826);
#2831=PROPERTY_DEFINITION_REPRESENTATION(#2851,#2839);
#2832=PROPERTY_DEFINITION_REPRESENTATION(#2852,#2840);
#2833=PROPERTY_DEFINITION_REPRESENTATION(#2853,#2841);
#2834=PROPERTY_DEFINITION_REPRESENTATION(#2854,#2842);
#2835=PROPERTY_DEFINITION_REPRESENTATION(#2855,#2843);
#2836=PROPERTY_DEFINITION_REPRESENTATION(#2856,#2844);
#2837=PROPERTY_DEFINITION_REPRESENTATION(#2857,#2845);
#2838=PROPERTY_DEFINITION_REPRESENTATION(#2858,#2846);
#2839=REPRESENTATION('material name',(#2847),#4914);
#2840=REPRESENTATION('density',(#2827),#4914);
#2841=REPRESENTATION('material name',(#2848),#4915);
#2842=REPRESENTATION('density',(#2828),#4915);
#2843=REPRESENTATION('material name',(#2849),#4916);
#2844=REPRESENTATION('density',(#2829),#4916);
#2845=REPRESENTATION('material name',(#2850),#4917);
#2846=REPRESENTATION('density',(#2830),#4917);
#2847=DESCRIPTIVE_REPRESENTATION_ITEM('Steel','Steel');
#2848=DESCRIPTIVE_REPRESENTATION_ITEM('Steel','Steel');
#2849=DESCRIPTIVE_REPRESENTATION_ITEM('Steel','Steel');
#2850=DESCRIPTIVE_REPRESENTATION_ITEM('Steel','Steel');
#2851=PROPERTY_DEFINITION('material property','material name',#4956);
#2852=PROPERTY_DEFINITION('material property','density of part',#4956);
#2853=PROPERTY_DEFINITION('material property','material name',#4957);
#2854=PROPERTY_DEFINITION('material property','density of part',#4957);
#2855=PROPERTY_DEFINITION('material property','material name',#4958);
#2856=PROPERTY_DEFINITION('material property','density of part',#4958);
#2857=PROPERTY_DEFINITION('material property','material name',#4959);
#2858=PROPERTY_DEFINITION('material property','density of part',#4959);
#2859=AXIS2_PLACEMENT_3D('',#4122,#3213,#3214);
#2860=AXIS2_PLACEMENT_3D('',#4123,#3215,#3216);
#2861=AXIS2_PLACEMENT_3D('',#4124,#3217,#3218);
#2862=AXIS2_PLACEMENT_3D('',#4126,#3219,#3220);
#2863=AXIS2_PLACEMENT_3D('',#4129,#3222,#3223);
#2864=AXIS2_PLACEMENT_3D('',#4130,#3224,#3225);
#2865=AXIS2_PLACEMENT_3D('',#4132,#3226,#3227);
#2866=AXIS2_PLACEMENT_3D('',#4135,#3229,#3230);
#2867=AXIS2_PLACEMENT_3D('',#4136,#3231,#3232);
#2868=AXIS2_PLACEMENT_3D('',#4138,#3233,#3234);
#2869=AXIS2_PLACEMENT_3D('',#4141,#3236,#3237);
#2870=AXIS2_PLACEMENT_3D('',#4142,#3238,#3239);
#2871=AXIS2_PLACEMENT_3D('',#4145,#3240,#3241);
#2872=AXIS2_PLACEMENT_3D('',#4146,#3242,#3243);
#2873=AXIS2_PLACEMENT_3D('',#4149,#3245,#3246);
#2874=AXIS2_PLACEMENT_3D('',#4150,#3247,#3248);
#2875=AXIS2_PLACEMENT_3D('',#4152,#3250,#3251);
#2876=AXIS2_PLACEMENT_3D('',#4154,#3252,#3253);
#2877=AXIS2_PLACEMENT_3D('',#4157,#3255,#3256);
#2878=AXIS2_PLACEMENT_3D('',#4158,#3257,#3258);
#2879=AXIS2_PLACEMENT_3D('',#4160,#3259,#3260);
#2880=AXIS2_PLACEMENT_3D('',#4163,#3262,#3263);
#2881=AXIS2_PLACEMENT_3D('',#4164,#3264,#3265);
#2882=AXIS2_PLACEMENT_3D('',#4166,#3266,#3267);
#2883=AXIS2_PLACEMENT_3D('',#4169,#3269,#3270);
#2884=AXIS2_PLACEMENT_3D('',#4170,#3271,#3272);
#2885=AXIS2_PLACEMENT_3D('',#4172,#3273,#3274);
#2886=AXIS2_PLACEMENT_3D('',#4175,#3276,#3277);
#2887=AXIS2_PLACEMENT_3D('',#4176,#3278,#3279);
#2888=AXIS2_PLACEMENT_3D('',#4178,#3280,#3281);
#2889=AXIS2_PLACEMENT_3D('',#4181,#3283,#3284);
#2890=AXIS2_PLACEMENT_3D('',#4182,#3285,#3286);
#2891=AXIS2_PLACEMENT_3D('',#4184,#3287,#3288);
#2892=AXIS2_PLACEMENT_3D('',#4187,#3290,#3291);
#2893=AXIS2_PLACEMENT_3D('',#4188,#3292,#3293);
#2894=AXIS2_PLACEMENT_3D('',#4190,#3294,#3295);
#2895=AXIS2_PLACEMENT_3D('',#4193,#3297,#3298);
#2896=AXIS2_PLACEMENT_3D('',#4194,#3299,#3300);
#2897=AXIS2_PLACEMENT_3D('',#4196,#3301,#3302);
#2898=AXIS2_PLACEMENT_3D('',#4199,#3304,#3305);
#2899=AXIS2_PLACEMENT_3D('',#4200,#3306,#3307);
#2900=AXIS2_PLACEMENT_3D('',#4202,#3308,#3309);
#2901=AXIS2_PLACEMENT_3D('',#4205,#3311,#3312);
#2902=AXIS2_PLACEMENT_3D('',#4206,#3313,#3314);
#2903=AXIS2_PLACEMENT_3D('',#4209,#3315,#3316);
#2904=AXIS2_PLACEMENT_3D('',#4213,#3318,#3319);
#2905=AXIS2_PLACEMENT_3D('',#4215,#3321,#3322);
#2906=AXIS2_PLACEMENT_3D('',#4218,#3323,#3324);
#2907=AXIS2_PLACEMENT_3D('',#4221,#3327,#3328);
#2908=AXIS2_PLACEMENT_3D('',#4224,#3329,#3330);
#2909=AXIS2_PLACEMENT_3D('',#4227,#3333,#3334);
#2910=AXIS2_PLACEMENT_3D('',#4230,#3335,#3336);
#2911=AXIS2_PLACEMENT_3D('',#4234,#3338,#3339);
#2912=AXIS2_PLACEMENT_3D('',#4236,#3341,#3342);
#2913=AXIS2_PLACEMENT_3D('',#4239,#3343,#3344);
#2914=AXIS2_PLACEMENT_3D('',#4243,#3346,#3347);
#2915=AXIS2_PLACEMENT_3D('',#4245,#3349,#3350);
#2916=AXIS2_PLACEMENT_3D('',#4247,#3351,#3352);
#2917=AXIS2_PLACEMENT_3D('',#4250,#3354,#3355);
#2918=AXIS2_PLACEMENT_3D('',#4251,#3356,#3357);
#2919=AXIS2_PLACEMENT_3D('',#4253,#3358,#3359);
#2920=AXIS2_PLACEMENT_3D('',#4256,#3361,#3362);
#2921=AXIS2_PLACEMENT_3D('',#4257,#3363,#3364);
#2922=AXIS2_PLACEMENT_3D('',#4259,#3365,#3366);
#2923=AXIS2_PLACEMENT_3D('',#4261,#3368,#3369);
#2924=AXIS2_PLACEMENT_3D('',#4263,#3370,#3371);
#2925=AXIS2_PLACEMENT_3D('',#4265,#3373,#3374);
#2926=AXIS2_PLACEMENT_3D('',#4270,#3376,#3377);
#2927=AXIS2_PLACEMENT_3D('',#4274,#3379,#3380);
#2928=AXIS2_PLACEMENT_3D('',#4277,#3382,#3383);
#2929=AXIS2_PLACEMENT_3D('',#4278,#3384,#3385);
#2930=AXIS2_PLACEMENT_3D('',#4287,#3390,#3391);
#2931=AXIS2_PLACEMENT_3D('',#4293,#3395,#3396);
#2932=AXIS2_PLACEMENT_3D('',#4294,#3397,#3398);
#2933=AXIS2_PLACEMENT_3D('',#4295,#3399,#3400);
#2934=AXIS2_PLACEMENT_3D('',#4300,#3402,#3403);
#2935=AXIS2_PLACEMENT_3D('',#4303,#3405,#3406);
#2936=AXIS2_PLACEMENT_3D('',#4304,#3407,#3408);
#2937=AXIS2_PLACEMENT_3D('',#4305,#3409,#3410);
#2938=AXIS2_PLACEMENT_3D('',#4307,#3411,#3412);
#2939=AXIS2_PLACEMENT_3D('',#4311,#3414,#3415);
#2940=AXIS2_PLACEMENT_3D('',#4315,#3417,#3418);
#2941=AXIS2_PLACEMENT_3D('',#4318,#3420,#3421);
#2942=AXIS2_PLACEMENT_3D('',#4323,#3424,#3425);
#2943=AXIS2_PLACEMENT_3D('',#4328,#3427,#3428);
#2944=AXIS2_PLACEMENT_3D('',#4331,#3430,#3431);
#2945=AXIS2_PLACEMENT_3D('',#4336,#3434,#3435);
#2946=AXIS2_PLACEMENT_3D('',#4338,#3436,#3437);
#2947=AXIS2_PLACEMENT_3D('',#4341,#3439,#3440);
#2948=AXIS2_PLACEMENT_3D('',#4343,#3441,#3442);
#2949=AXIS2_PLACEMENT_3D('',#4346,#3444,#3445);
#2950=AXIS2_PLACEMENT_3D('',#4347,#3446,#3447);
#2951=AXIS2_PLACEMENT_3D('',#4352,#3449,#3450);
#2952=AXIS2_PLACEMENT_3D('',#4355,#3452,#3453);
#2953=AXIS2_PLACEMENT_3D('',#4357,#3454,#3455);
#2954=AXIS2_PLACEMENT_3D('',#4360,#3457,#3458);
#2955=AXIS2_PLACEMENT_3D('',#4363,#3459,#3460);
#2956=AXIS2_PLACEMENT_3D('',#4367,#3462,#3463);
#2957=AXIS2_PLACEMENT_3D('',#4371,#3465,#3466);
#2958=AXIS2_PLACEMENT_3D('',#4375,#3468,#3469);
#2959=AXIS2_PLACEMENT_3D('',#4379,#3471,#3472);
#2960=AXIS2_PLACEMENT_3D('',#4383,#3474,#3475);
#2961=AXIS2_PLACEMENT_3D('',#4387,#3477,#3478);
#2962=AXIS2_PLACEMENT_3D('',#4391,#3480,#3481);
#2963=AXIS2_PLACEMENT_3D('',#4393,#3483,#3484);
#2964=AXIS2_PLACEMENT_3D('',#4398,#3487,#3488);
#2965=AXIS2_PLACEMENT_3D('',#4399,#3489,#3490);
#2966=AXIS2_PLACEMENT_3D('',#4403,#3493,#3494);
#2967=AXIS2_PLACEMENT_3D('',#4405,#3495,#3496);
#2968=AXIS2_PLACEMENT_3D('',#4407,#3498,#3499);
#2969=AXIS2_PLACEMENT_3D('',#4411,#3502,#3503);
#2970=AXIS2_PLACEMENT_3D('',#4412,#3504,#3505);
#2971=AXIS2_PLACEMENT_3D('',#4413,#3506,#3507);
#2972=AXIS2_PLACEMENT_3D('',#4415,#3508,#3509);
#2973=AXIS2_PLACEMENT_3D('',#4417,#3511,#3512);
#2974=AXIS2_PLACEMENT_3D('',#4419,#3514,#3515);
#2975=AXIS2_PLACEMENT_3D('',#4425,#3519,#3520);
#2976=AXIS2_PLACEMENT_3D('',#4427,#3521,#3522);
#2977=AXIS2_PLACEMENT_3D('',#4429,#3524,#3525);
#2978=AXIS2_PLACEMENT_3D('',#4433,#3528,#3529);
#2979=AXIS2_PLACEMENT_3D('',#4434,#3530,#3531);
#2980=AXIS2_PLACEMENT_3D('',#4435,#3532,#3533);
#2981=AXIS2_PLACEMENT_3D('',#4441,#3537,#3538);
#2982=AXIS2_PLACEMENT_3D('',#4443,#3539,#3540);
#2983=AXIS2_PLACEMENT_3D('',#4445,#3542,#3543);
#2984=AXIS2_PLACEMENT_3D('',#4449,#3546,#3547);
#2985=AXIS2_PLACEMENT_3D('',#4450,#3548,#3549);
#2986=AXIS2_PLACEMENT_3D('',#4451,#3550,#3551);
#2987=AXIS2_PLACEMENT_3D('',#4457,#3555,#3556);
#2988=AXIS2_PLACEMENT_3D('',#4459,#3557,#3558);
#2989=AXIS2_PLACEMENT_3D('',#4461,#3560,#3561);
#2990=AXIS2_PLACEMENT_3D('',#4465,#3564,#3565);
#2991=AXIS2_PLACEMENT_3D('',#4466,#3566,#3567);
#2992=AXIS2_PLACEMENT_3D('',#4467,#3568,#3569);
#2993=AXIS2_PLACEMENT_3D('',#4468,#3570,#3571);
#2994=AXIS2_PLACEMENT_3D('',#4469,#3572,#3573);
#2995=AXIS2_PLACEMENT_3D('',#4473,#3575,#3576);
#2996=AXIS2_PLACEMENT_3D('',#4475,#3578,#3579);
#2997=AXIS2_PLACEMENT_3D('',#4479,#3582,#3583);
#2998=AXIS2_PLACEMENT_3D('',#4481,#3584,#3585);
#2999=AXIS2_PLACEMENT_3D('',#4483,#3587,#3588);
#3000=AXIS2_PLACEMENT_3D('',#4487,#3591,#3592);
#3001=AXIS2_PLACEMENT_3D('',#4488,#3593,#3594);
#3002=AXIS2_PLACEMENT_3D('',#4489,#3595,#3596);
#3003=AXIS2_PLACEMENT_3D('',#4491,#3597,#3598);
#3004=AXIS2_PLACEMENT_3D('',#4493,#3600,#3601);
#3005=AXIS2_PLACEMENT_3D('',#4495,#3603,#3604);
#3006=AXIS2_PLACEMENT_3D('',#4501,#3608,#3609);
#3007=AXIS2_PLACEMENT_3D('',#4503,#3610,#3611);
#3008=AXIS2_PLACEMENT_3D('',#4505,#3613,#3614);
#3009=AXIS2_PLACEMENT_3D('',#4509,#3617,#3618);
#3010=AXIS2_PLACEMENT_3D('',#4510,#3619,#3620);
#3011=AXIS2_PLACEMENT_3D('',#4511,#3621,#3622);
#3012=AXIS2_PLACEMENT_3D('',#4516,#3626,#3627);
#3013=AXIS2_PLACEMENT_3D('',#4518,#3628,#3629);
#3014=AXIS2_PLACEMENT_3D('',#4520,#3631,#3632);
#3015=AXIS2_PLACEMENT_3D('',#4523,#3635,#3636);
#3016=AXIS2_PLACEMENT_3D('',#4524,#3637,#3638);
#3017=AXIS2_PLACEMENT_3D('',#4529,#3642,#3643);
#3018=AXIS2_PLACEMENT_3D('',#4531,#3644,#3645);
#3019=AXIS2_PLACEMENT_3D('',#4533,#3647,#3648);
#3020=AXIS2_PLACEMENT_3D('',#4536,#3651,#3652);
#3021=AXIS2_PLACEMENT_3D('',#4537,#3653,#3654);
#3022=AXIS2_PLACEMENT_3D('',#4540,#3657,#3658);
#3023=AXIS2_PLACEMENT_3D('',#4541,#3659,#3660);
#3024=AXIS2_PLACEMENT_3D('',#4543,#3662,#3663);
#3025=AXIS2_PLACEMENT_3D('',#4545,#3665,#3666);
#3026=AXIS2_PLACEMENT_3D('',#4547,#3668,#3669);
#3027=AXIS2_PLACEMENT_3D('',#4549,#3671,#3672);
#3028=AXIS2_PLACEMENT_3D('',#4550,#3673,#3674);
#3029=AXIS2_PLACEMENT_3D('',#4552,#3676,#3677);
#3030=AXIS2_PLACEMENT_3D('',#4554,#3679,#3680);
#3031=AXIS2_PLACEMENT_3D('',#4555,#3681,#3682);
#3032=AXIS2_PLACEMENT_3D('',#4558,#3685,#3686);
#3033=AXIS2_PLACEMENT_3D('',#4560,#3688,#3689);
#3034=AXIS2_PLACEMENT_3D('',#4562,#3691,#3692);
#3035=AXIS2_PLACEMENT_3D('',#4563,#3693,#3694);
#3036=AXIS2_PLACEMENT_3D('',#4565,#3696,#3697);
#3037=AXIS2_PLACEMENT_3D('',#4567,#3699,#3700);
#3038=AXIS2_PLACEMENT_3D('',#4568,#3701,#3702);
#3039=AXIS2_PLACEMENT_3D('',#4570,#3704,#3705);
#3040=AXIS2_PLACEMENT_3D('',#4577,#3710,#3711);
#3041=AXIS2_PLACEMENT_3D('',#4578,#3712,#3713);
#3042=AXIS2_PLACEMENT_3D('',#4580,#3715,#3716);
#3043=AXIS2_PLACEMENT_3D('',#4582,#3718,#3719);
#3044=AXIS2_PLACEMENT_3D('',#4588,#3723,#3724);
#3045=AXIS2_PLACEMENT_3D('',#4589,#3725,#3726);
#3046=AXIS2_PLACEMENT_3D('',#4590,#3727,#3728);
#3047=AXIS2_PLACEMENT_3D('',#4591,#3729,#3730);
#3048=AXIS2_PLACEMENT_3D('',#4592,#3731,#3732);
#3049=AXIS2_PLACEMENT_3D('',#4595,#3735,#3736);
#3050=AXIS2_PLACEMENT_3D('',#4597,#3738,#3739);
#3051=AXIS2_PLACEMENT_3D('',#4599,#3741,#3742);
#3052=AXIS2_PLACEMENT_3D('',#4600,#3743,#3744);
#3053=AXIS2_PLACEMENT_3D('',#4601,#3745,#3746);
#3054=AXIS2_PLACEMENT_3D('',#4603,#3747,#3748);
#3055=AXIS2_PLACEMENT_3D('',#4606,#3750,#3751);
#3056=AXIS2_PLACEMENT_3D('',#4607,#3752,#3753);
#3057=AXIS2_PLACEMENT_3D('',#4609,#3754,#3755);
#3058=AXIS2_PLACEMENT_3D('',#4611,#3757,#3758);
#3059=AXIS2_PLACEMENT_3D('',#4613,#3759,#3760);
#3060=AXIS2_PLACEMENT_3D('',#4616,#3762,#3763);
#3061=AXIS2_PLACEMENT_3D('',#4617,#3764,#3765);
#3062=AXIS2_PLACEMENT_3D('',#4619,#3766,#3767);
#3063=AXIS2_PLACEMENT_3D('',#4621,#3769,#3770);
#3064=AXIS2_PLACEMENT_3D('',#4624,#3771,#3772);
#3065=AXIS2_PLACEMENT_3D('',#4628,#3774,#3775);
#3066=AXIS2_PLACEMENT_3D('',#4630,#3777,#3778);
#3067=AXIS2_PLACEMENT_3D('',#4632,#3779,#3780);
#3068=AXIS2_PLACEMENT_3D('',#4635,#3782,#3783);
#3069=AXIS2_PLACEMENT_3D('',#4636,#3784,#3785);
#3070=AXIS2_PLACEMENT_3D('',#4638,#3786,#3787);
#3071=AXIS2_PLACEMENT_3D('',#4641,#3789,#3790);
#3072=AXIS2_PLACEMENT_3D('',#4642,#3791,#3792);
#3073=AXIS2_PLACEMENT_3D('',#4644,#3793,#3794);
#3074=AXIS2_PLACEMENT_3D('',#4647,#3796,#3797);
#3075=AXIS2_PLACEMENT_3D('',#4648,#3798,#3799);
#3076=AXIS2_PLACEMENT_3D('',#4650,#3800,#3801);
#3077=AXIS2_PLACEMENT_3D('',#4653,#3803,#3804);
#3078=AXIS2_PLACEMENT_3D('',#4654,#3805,#3806);
#3079=AXIS2_PLACEMENT_3D('',#4656,#3807,#3808);
#3080=AXIS2_PLACEMENT_3D('',#4659,#3810,#3811);
#3081=AXIS2_PLACEMENT_3D('',#4660,#3812,#3813);
#3082=AXIS2_PLACEMENT_3D('',#4662,#3814,#3815);
#3083=AXIS2_PLACEMENT_3D('',#4665,#3817,#3818);
#3084=AXIS2_PLACEMENT_3D('',#4666,#3819,#3820);
#3085=AXIS2_PLACEMENT_3D('',#4668,#3821,#3822);
#3086=AXIS2_PLACEMENT_3D('',#4671,#3824,#3825);
#3087=AXIS2_PLACEMENT_3D('',#4672,#3826,#3827);
#3088=AXIS2_PLACEMENT_3D('',#4674,#3828,#3829);
#3089=AXIS2_PLACEMENT_3D('',#4677,#3831,#3832);
#3090=AXIS2_PLACEMENT_3D('',#4678,#3833,#3834);
#3091=AXIS2_PLACEMENT_3D('',#4680,#3835,#3836);
#3092=AXIS2_PLACEMENT_3D('',#4683,#3838,#3839);
#3093=AXIS2_PLACEMENT_3D('',#4684,#3840,#3841);
#3094=AXIS2_PLACEMENT_3D('',#4686,#3842,#3843);
#3095=AXIS2_PLACEMENT_3D('',#4689,#3845,#3846);
#3096=AXIS2_PLACEMENT_3D('',#4690,#3847,#3848);
#3097=AXIS2_PLACEMENT_3D('',#4692,#3849,#3850);
#3098=AXIS2_PLACEMENT_3D('',#4695,#3852,#3853);
#3099=AXIS2_PLACEMENT_3D('',#4696,#3854,#3855);
#3100=AXIS2_PLACEMENT_3D('',#4698,#3856,#3857);
#3101=AXIS2_PLACEMENT_3D('',#4701,#3859,#3860);
#3102=AXIS2_PLACEMENT_3D('',#4702,#3861,#3862);
#3103=AXIS2_PLACEMENT_3D('',#4704,#3863,#3864);
#3104=AXIS2_PLACEMENT_3D('',#4707,#3866,#3867);
#3105=AXIS2_PLACEMENT_3D('',#4708,#3868,#3869);
#3106=AXIS2_PLACEMENT_3D('',#4710,#3870,#3871);
#3107=AXIS2_PLACEMENT_3D('',#4713,#3873,#3874);
#3108=AXIS2_PLACEMENT_3D('',#4714,#3875,#3876);
#3109=AXIS2_PLACEMENT_3D('',#4716,#3877,#3878);
#3110=AXIS2_PLACEMENT_3D('',#4719,#3880,#3881);
#3111=AXIS2_PLACEMENT_3D('',#4720,#3882,#3883);
#3112=AXIS2_PLACEMENT_3D('',#4722,#3884,#3885);
#3113=AXIS2_PLACEMENT_3D('',#4725,#3887,#3888);
#3114=AXIS2_PLACEMENT_3D('',#4726,#3889,#3890);
#3115=AXIS2_PLACEMENT_3D('',#4728,#3891,#3892);
#3116=AXIS2_PLACEMENT_3D('',#4731,#3894,#3895);
#3117=AXIS2_PLACEMENT_3D('',#4732,#3896,#3897);
#3118=AXIS2_PLACEMENT_3D('',#4734,#3898,#3899);
#3119=AXIS2_PLACEMENT_3D('',#4737,#3901,#3902);
#3120=AXIS2_PLACEMENT_3D('',#4738,#3903,#3904);
#3121=AXIS2_PLACEMENT_3D('',#4740,#3905,#3906);
#3122=AXIS2_PLACEMENT_3D('',#4743,#3908,#3909);
#3123=AXIS2_PLACEMENT_3D('',#4744,#3910,#3911);
#3124=AXIS2_PLACEMENT_3D('',#4746,#3912,#3913);
#3125=AXIS2_PLACEMENT_3D('',#4749,#3915,#3916);
#3126=AXIS2_PLACEMENT_3D('',#4750,#3917,#3918);
#3127=AXIS2_PLACEMENT_3D('',#4752,#3919,#3920);
#3128=AXIS2_PLACEMENT_3D('',#4755,#3922,#3923);
#3129=AXIS2_PLACEMENT_3D('',#4756,#3924,#3925);
#3130=AXIS2_PLACEMENT_3D('',#4758,#3926,#3927);
#3131=AXIS2_PLACEMENT_3D('',#4761,#3929,#3930);
#3132=AXIS2_PLACEMENT_3D('',#4762,#3931,#3932);
#3133=AXIS2_PLACEMENT_3D('',#4764,#3933,#3934);
#3134=AXIS2_PLACEMENT_3D('',#4767,#3936,#3937);
#3135=AXIS2_PLACEMENT_3D('',#4768,#3938,#3939);
#3136=AXIS2_PLACEMENT_3D('',#4770,#3940,#3941);
#3137=AXIS2_PLACEMENT_3D('',#4773,#3943,#3944);
#3138=AXIS2_PLACEMENT_3D('',#4774,#3945,#3946);
#3139=AXIS2_PLACEMENT_3D('',#4777,#3947,#3948);
#3140=AXIS2_PLACEMENT_3D('',#4781,#3950,#3951);
#3141=AXIS2_PLACEMENT_3D('',#4783,#3953,#3954);
#3142=AXIS2_PLACEMENT_3D('',#4787,#3956,#3957);
#3143=AXIS2_PLACEMENT_3D('',#4789,#3959,#3960);
#3144=AXIS2_PLACEMENT_3D('',#4794,#3962,#3963);
#3145=AXIS2_PLACEMENT_3D('',#4798,#3966,#3967);
#3146=AXIS2_PLACEMENT_3D('',#4799,#3968,#3969);
#3147=AXIS2_PLACEMENT_3D('',#4805,#3972,#3973);
#3148=AXIS2_PLACEMENT_3D('',#4808,#3975,#3976);
#3149=AXIS2_PLACEMENT_3D('',#4809,#3977,#3978);
#3150=AXIS2_PLACEMENT_3D('',#4812,#3981,#3982);
#3151=AXIS2_PLACEMENT_3D('',#4818,#3986,#3987);
#3152=AXIS2_PLACEMENT_3D('',#4822,#3990,#3991);
#3153=AXIS2_PLACEMENT_3D('',#4824,#3992,#3993);
#3154=AXIS2_PLACEMENT_3D('',#4827,#3995,#3996);
#3155=AXIS2_PLACEMENT_3D('',#4829,#3997,#3998);
#3156=AXIS2_PLACEMENT_3D('',#4831,#4000,#4001);
#3157=AXIS2_PLACEMENT_3D('',#4832,#4002,#4003);
#3158=AXIS2_PLACEMENT_3D('',#4833,#4004,#4005);
#3159=AXIS2_PLACEMENT_3D('',#4834,#4006,#4007);
#3160=AXIS2_PLACEMENT_3D('',#4835,#4008,#4009);
#3161=AXIS2_PLACEMENT_3D('',#4836,#4010,#4011);
#3162=AXIS2_PLACEMENT_3D('',#4837,#4012,#4013);
#3163=AXIS2_PLACEMENT_3D('',#4838,#4014,#4015);
#3164=AXIS2_PLACEMENT_3D('',#4839,#4016,#4017);
#3165=AXIS2_PLACEMENT_3D('',#4840,#4018,#4019);
#3166=AXIS2_PLACEMENT_3D('',#4841,#4020,#4021);
#3167=AXIS2_PLACEMENT_3D('',#4842,#4022,#4023);
#3168=AXIS2_PLACEMENT_3D('',#4843,#4024,#4025);
#3169=AXIS2_PLACEMENT_3D('',#4845,#4027,#4028);
#3170=AXIS2_PLACEMENT_3D('',#4848,#4031,#4032);
#3171=AXIS2_PLACEMENT_3D('',#4849,#4033,#4034);
#3172=AXIS2_PLACEMENT_3D('',#4850,#4035,#4036);
#3173=AXIS2_PLACEMENT_3D('',#4851,#4037,#4038);
#3174=AXIS2_PLACEMENT_3D('',#4852,#4039,#4040);
#3175=AXIS2_PLACEMENT_3D('',#4854,#4041,#4042);
#3176=AXIS2_PLACEMENT_3D('',#4856,#4043,#4044);
#3177=AXIS2_PLACEMENT_3D('',#4857,#4045,#4046);
#3178=AXIS2_PLACEMENT_3D('',#4859,#4047,#4048);
#3179=AXIS2_PLACEMENT_3D('',#4861,#4050,#4051);
#3180=AXIS2_PLACEMENT_3D('',#4863,#4052,#4053);
#3181=AXIS2_PLACEMENT_3D('',#4866,#4055,#4056);
#3182=AXIS2_PLACEMENT_3D('',#4867,#4057,#4058);
#3183=AXIS2_PLACEMENT_3D('',#4869,#4059,#4060);
#3184=AXIS2_PLACEMENT_3D('',#4872,#4062,#4063);
#3185=AXIS2_PLACEMENT_3D('',#4873,#4064,#4065);
#3186=AXIS2_PLACEMENT_3D('',#4874,#4066,#4067);
#3187=AXIS2_PLACEMENT_3D('',#4875,#4068,#4069);
#3188=AXIS2_PLACEMENT_3D('',#4876,#4070,#4071);
#3189=AXIS2_PLACEMENT_3D('',#4877,#4072,#4073);
#3190=AXIS2_PLACEMENT_3D('',#4879,#4074,#4075);
#3191=AXIS2_PLACEMENT_3D('',#4882,#4077,#4078);
#3192=AXIS2_PLACEMENT_3D('',#4883,#4079,#4080);
#3193=AXIS2_PLACEMENT_3D('',#4885,#4081,#4082);
#3194=AXIS2_PLACEMENT_3D('',#4888,#4084,#4085);
#3195=AXIS2_PLACEMENT_3D('',#4889,#4086,#4087);
#3196=AXIS2_PLACEMENT_3D('',#4890,#4088,#4089);
#3197=AXIS2_PLACEMENT_3D('',#4891,#4090,#4091);
#3198=AXIS2_PLACEMENT_3D('',#4892,#4092,#4093);
#3199=AXIS2_PLACEMENT_3D('',#4893,#4094,#4095);
#3200=AXIS2_PLACEMENT_3D('',#4894,#4096,#4097);
#3201=AXIS2_PLACEMENT_3D('',#4895,#4098,#4099);
#3202=AXIS2_PLACEMENT_3D('',#4896,#4100,#4101);
#3203=AXIS2_PLACEMENT_3D('',#4897,#4102,#4103);
#3204=AXIS2_PLACEMENT_3D('',#4898,#4104,#4105);
#3205=AXIS2_PLACEMENT_3D('',#4899,#4106,#4107);
#3206=AXIS2_PLACEMENT_3D('',#4900,#4108,#4109);
#3207=AXIS2_PLACEMENT_3D('',#4901,#4110,#4111);
#3208=AXIS2_PLACEMENT_3D('',#4902,#4112,#4113);
#3209=AXIS2_PLACEMENT_3D('',#4903,#4114,#4115);
#3210=AXIS2_PLACEMENT_3D('',#4904,#4116,#4117);
#3211=AXIS2_PLACEMENT_3D('',#4905,#4118,#4119);
#3212=AXIS2_PLACEMENT_3D('',#4906,#4120,#4121);
#3213=DIRECTION('axis',(0.,0.,1.));
#3214=DIRECTION('refdir',(1.,0.,0.));
#3215=DIRECTION('axis',(0.,0.,1.));
#3216=DIRECTION('refdir',(1.,0.,0.));
#3217=DIRECTION('center_axis',(-5.55358077275592E-28,1.,-5.42004971597292E-30));
#3218=DIRECTION('ref_axis',(-3.01006838900084E-57,5.42004971597292E-30,
1.));
#3219=DIRECTION('center_axis',(-5.55358077275592E-28,1.,-5.42004971597292E-30));
#3220=DIRECTION('ref_axis',(-3.01006838900084E-57,5.42004971597292E-30,
1.));
#3221=DIRECTION('',(8.65956056239398E-17,-0.707106781186566,0.707106781186529));
#3222=DIRECTION('center_axis',(5.55358077275592E-28,-1.,5.42004971597292E-30));
#3223=DIRECTION('ref_axis',(-3.01006838900084E-57,5.42004971597292E-30,
1.));
#3224=DIRECTION('center_axis',(-5.55358077275592E-28,1.,-5.42004971597292E-30));
#3225=DIRECTION('ref_axis',(-3.01006838900084E-57,5.42004971597292E-30,
1.));
#3226=DIRECTION('center_axis',(-5.55358077275592E-28,1.,-5.42004971597292E-30));
#3227=DIRECTION('ref_axis',(-3.01006838900084E-57,5.42004971597292E-30,
1.));
#3228=DIRECTION('',(8.65956056239398E-17,-0.707106781186566,0.707106781186529));
#3229=DIRECTION('center_axis',(5.55358077275592E-28,-1.,5.42004971597292E-30));
#3230=DIRECTION('ref_axis',(-3.01006838900084E-57,5.42004971597292E-30,
1.));
#3231=DIRECTION('center_axis',(-5.55358077275592E-28,1.,-5.42004971597292E-30));
#3232=DIRECTION('ref_axis',(1.37193200907996E-28,5.42004971597292E-30,1.));
#3233=DIRECTION('center_axis',(-5.55358077275592E-28,1.,-5.42004971597292E-30));
#3234=DIRECTION('ref_axis',(1.37193200907996E-28,5.42004971597292E-30,1.));
#3235=DIRECTION('',(-8.65956056240396E-17,0.707106781186543,-0.707106781186552));
#3236=DIRECTION('center_axis',(5.55358077275592E-28,-1.,5.42004971597292E-30));
#3237=DIRECTION('ref_axis',(1.34848017986492E-28,5.42004971597291E-30,1.));
#3238=DIRECTION('center_axis',(5.55358077275592E-28,-1.,5.42004971597292E-30));
#3239=DIRECTION('ref_axis',(-1.31336350851427E-28,-5.42004971597292E-30,
-1.));
#3240=DIRECTION('center_axis',(5.55358077275592E-28,-1.,5.42004971597292E-30));
#3241=DIRECTION('ref_axis',(1.3147681753683E-28,5.42004971597292E-30,1.));
#3242=DIRECTION('center_axis',(5.55358077275592E-28,-1.,5.42004971597292E-30));
#3243=DIRECTION('ref_axis',(1.3147681753683E-28,5.42004971597292E-30,1.));
#3244=DIRECTION('',(-8.65956056230633E-17,-0.707106781186552,0.707106781186543));
#3245=DIRECTION('center_axis',(-5.55358077275592E-28,1.,-5.42004971597292E-30));
#3246=DIRECTION('ref_axis',(1.3203868427844E-28,5.42004971597292E-30,1.));
#3247=DIRECTION('center_axis',(-5.55358077275592E-28,1.,-5.42004971597292E-30));
#3248=DIRECTION('ref_axis',(1.3147681753683E-28,5.42004971597292E-30,1.));
#3249=DIRECTION('',(-5.55358077275592E-28,1.,-5.42004971597292E-30));
#3250=DIRECTION('center_axis',(-5.55358077275592E-28,1.,-5.42004971597292E-30));
#3251=DIRECTION('ref_axis',(-3.01006838900084E-57,5.42004971597292E-30,
1.));
#3252=DIRECTION('center_axis',(-5.55358077275592E-28,1.,-5.42004971597292E-30));
#3253=DIRECTION('ref_axis',(-5.83531322425021E-57,5.42004971597292E-30,
1.));
#3254=DIRECTION('',(-8.6595605623942E-17,0.707106781186547,-0.707106781186548));
#3255=DIRECTION('center_axis',(-5.55358077275592E-28,1.,-5.42004971597292E-30));
#3256=DIRECTION('ref_axis',(-3.01006838900084E-57,5.42004971597292E-30,
1.));
#3257=DIRECTION('center_axis',(-5.55358077275592E-28,1.,-5.42004971597292E-30));
#3258=DIRECTION('ref_axis',(-3.01006838900084E-57,5.42004971597292E-30,
1.));
#3259=DIRECTION('center_axis',(-5.55358077275592E-28,1.,-5.42004971597292E-30));
#3260=DIRECTION('ref_axis',(-5.83531322425021E-57,5.42004971597292E-30,
1.));
#3261=DIRECTION('',(-8.6595605623942E-17,0.707106781186547,-0.707106781186548));
#3262=DIRECTION('center_axis',(-5.55358077275592E-28,1.,-5.42004971597292E-30));
#3263=DIRECTION('ref_axis',(-3.01006838900084E-57,5.42004971597292E-30,
1.));
#3264=DIRECTION('center_axis',(-5.55358077275592E-28,1.,-5.42004971597292E-30));
#3265=DIRECTION('ref_axis',(-3.01006838900084E-57,5.42004971597292E-30,
1.));
#3266=DIRECTION('center_axis',(-5.55358077275592E-28,1.,-5.42004971597292E-30));
#3267=DIRECTION('ref_axis',(-5.83531322425021E-57,5.42004971597292E-30,
1.));
#3268=DIRECTION('',(-8.65956056239421E-17,0.707106781186547,-0.707106781186548));
#3269=DIRECTION('center_axis',(-5.55358077275592E-28,1.,-5.42004971597292E-30));
#3270=DIRECTION('ref_axis',(-3.01006838900084E-57,5.42004971597292E-30,
1.));
#3271=DIRECTION('center_axis',(-5.55358077275592E-28,1.,-5.42004971597292E-30));
#3272=DIRECTION('ref_axis',(-3.01006838900084E-57,5.42004971597292E-30,
1.));
#3273=DIRECTION('center_axis',(-5.55358077275592E-28,1.,-5.42004971597292E-30));
#3274=DIRECTION('ref_axis',(-5.83531322425021E-57,5.42004971597292E-30,
1.));
#3275=DIRECTION('',(-8.65956056239421E-17,0.707106781186547,-0.707106781186548));
#3276=DIRECTION('center_axis',(-5.55358077275592E-28,1.,-5.42004971597292E-30));
#3277=DIRECTION('ref_axis',(-3.01006838900084E-57,5.42004971597292E-30,
1.));
#3278=DIRECTION('center_axis',(5.55358077275592E-28,-1.,5.42004971597292E-30));
#3279=DIRECTION('ref_axis',(-1.31443948332446E-28,-5.42004971597292E-30,
-1.));
#3280=DIRECTION('center_axis',(5.55358077275592E-28,-1.,5.42004971597292E-30));
#3281=DIRECTION('ref_axis',(1.31443948332446E-28,5.42004971597292E-30,1.));
#3282=DIRECTION('',(5.55358077275592E-28,-1.,5.42004971597292E-30));
#3283=DIRECTION('center_axis',(5.55358077275592E-28,-1.,5.42004971597292E-30));
#3284=DIRECTION('ref_axis',(1.31443948332446E-28,5.42004971597292E-30,1.));
#3285=DIRECTION('center_axis',(5.55358077275592E-28,-1.,5.42004971597292E-30));
#3286=DIRECTION('ref_axis',(3.01006838900084E-57,-5.42004971597292E-30,
-1.));
#3287=DIRECTION('center_axis',(5.55358077275592E-28,-1.,5.42004971597292E-30));
#3288=DIRECTION('ref_axis',(3.01006838900084E-57,-5.42004971597292E-30,
-1.));
#3289=DIRECTION('',(5.55358077275592E-28,-1.,5.42004971597292E-30));
#3290=DIRECTION('center_axis',(5.55358077275592E-28,-1.,5.42004971597292E-30));
#3291=DIRECTION('ref_axis',(5.83531322425021E-57,-5.42004971597292E-30,
-1.));
#3292=DIRECTION('center_axis',(5.55358077275592E-28,-1.,5.42004971597292E-30));
#3293=DIRECTION('ref_axis',(3.01006838900084E-57,-5.42004971597292E-30,
-1.));
#3294=DIRECTION('center_axis',(5.55358077275592E-28,-1.,5.42004971597292E-30));
#3295=DIRECTION('ref_axis',(3.01006838900084E-57,-5.42004971597292E-30,
-1.));
#3296=DIRECTION('',(5.55358077275592E-28,-1.,5.42004971597292E-30));
#3297=DIRECTION('center_axis',(5.55358077275592E-28,-1.,5.42004971597292E-30));
#3298=DIRECTION('ref_axis',(5.83531322425021E-57,-5.42004971597292E-30,
-1.));
#3299=DIRECTION('center_axis',(5.55358077275592E-28,-1.,5.42004971597292E-30));
#3300=DIRECTION('ref_axis',(3.01006838900084E-57,-5.42004971597292E-30,
-1.));
#3301=DIRECTION('center_axis',(5.55358077275592E-28,-1.,5.42004971597292E-30));
#3302=DIRECTION('ref_axis',(3.01006838900084E-57,-5.42004971597292E-30,
-1.));
#3303=DIRECTION('',(5.55358077275592E-28,-1.,5.42004971597292E-30));
#3304=DIRECTION('center_axis',(5.55358077275592E-28,-1.,5.42004971597292E-30));
#3305=DIRECTION('ref_axis',(5.83531322425021E-57,-5.42004971597292E-30,
-1.));
#3306=DIRECTION('center_axis',(5.55358077275592E-28,-1.,5.42004971597292E-30));
#3307=DIRECTION('ref_axis',(3.01006838900084E-57,-5.42004971597292E-30,
-1.));
#3308=DIRECTION('center_axis',(5.55358077275592E-28,-1.,5.42004971597292E-30));
#3309=DIRECTION('ref_axis',(3.01006838900084E-57,-5.42004971597292E-30,
-1.));
#3310=DIRECTION('',(5.55358077275592E-28,-1.,5.42004971597292E-30));
#3311=DIRECTION('center_axis',(5.55358077275592E-28,-1.,5.42004971597292E-30));
#3312=DIRECTION('ref_axis',(5.83531322425021E-57,-5.42004971597292E-30,
-1.));
#3313=DIRECTION('center_axis',(-5.55358077275592E-28,1.,-5.42004971597292E-30));
#3314=DIRECTION('ref_axis',(-1.,-5.55358077275592E-28,-1.83697019871972E-16));
#3315=DIRECTION('center_axis',(-5.55358077275592E-28,1.,-5.42004971597292E-30));
#3316=DIRECTION('ref_axis',(1.31443948332446E-28,5.42004971597292E-30,1.));
#3317=DIRECTION('',(0.369472184732302,0.707106781186541,0.602901571327483));
#3318=DIRECTION('center_axis',(5.55358077275592E-28,-1.,5.42004971597292E-30));
#3319=DIRECTION('ref_axis',(3.55271367880064E-15,5.42004971597489E-30,1.));
#3320=DIRECTION('',(-0.369472184732301,-0.707106781186541,0.602901571327484));
#3321=DIRECTION('center_axis',(5.55358077275592E-28,-1.,5.42004971597292E-30));
#3322=DIRECTION('ref_axis',(-1.,-5.55358077275592E-28,1.83697019872229E-16));
#3323=DIRECTION('center_axis',(5.55358077275592E-28,-1.,5.42004971597292E-30));
#3324=DIRECTION('ref_axis',(-1.31443948332446E-28,-5.42004971597292E-30,
-1.));
#3325=DIRECTION('',(5.55358077275592E-28,-1.,5.42004971597292E-30));
#3326=DIRECTION('',(-5.55358077275592E-28,1.,-5.42004971597292E-30));
#3327=DIRECTION('center_axis',(5.55358077275592E-28,-1.,5.42004971597292E-30));
#3328=DIRECTION('ref_axis',(-1.,-5.55358077275592E-28,1.83697019872234E-16));
#3329=DIRECTION('center_axis',(-5.55358077275592E-28,1.,-5.42004971597292E-30));
#3330=DIRECTION('ref_axis',(-1.27923390035835E-28,-5.42004971597292E-30,
-1.));
#3331=DIRECTION('',(0.369472184732297,-0.707106781186542,-0.602901571327486));
#3332=DIRECTION('',(-0.369472184732301,0.70710678118655,-0.602901571327473));
#3333=DIRECTION('center_axis',(1.35525271556867E-16,1.,-4.34332547864064E-30));
#3334=DIRECTION('ref_axis',(-1.,1.35525271556867E-16,5.88630364957404E-46));
#3335=DIRECTION('center_axis',(5.55358077275592E-28,-1.,5.42004971597292E-30));
#3336=DIRECTION('ref_axis',(3.01006838900084E-57,-5.42004971597292E-30,
-1.));
#3337=DIRECTION('',(-8.65956056231164E-17,-0.707106781186573,0.707106781186522));
#3338=DIRECTION('center_axis',(-1.35525271556867E-16,-1.,4.34332547864064E-30));
#3339=DIRECTION('ref_axis',(-1.,1.35525271556867E-16,5.88630364946698E-46));
#3340=DIRECTION('',(-2.77679038637792E-28,0.707106781186573,0.707106781186522));
#3341=DIRECTION('center_axis',(1.3552527156403E-16,1.,-4.34332547864431E-30));
#3342=DIRECTION('ref_axis',(-1.,1.3552527156403E-16,5.88630364989028E-46));
#3343=DIRECTION('center_axis',(5.55358077275592E-28,-1.,5.42004971597292E-30));
#3344=DIRECTION('ref_axis',(3.01006838900084E-57,-5.42004971597292E-30,
-1.));
#3345=DIRECTION('',(-8.65956056231163E-17,-0.707106781186576,0.707106781186519));
#3346=DIRECTION('center_axis',(-1.3552527156403E-16,-1.,4.34332547864431E-30));
#3347=DIRECTION('ref_axis',(-1.,1.3552527156403E-16,-5.8863036498424E-46));
#3348=DIRECTION('',(-2.77679038637792E-28,0.707106781186576,0.707106781186519));
#3349=DIRECTION('center_axis',(-5.55358077275592E-28,1.,-5.42004971597292E-30));
#3350=DIRECTION('ref_axis',(-3.01006838900084E-57,5.42004971597292E-30,
1.));
#3351=DIRECTION('center_axis',(-5.55358077275592E-28,1.,-5.42004971597292E-30));
#3352=DIRECTION('ref_axis',(-3.01006838900084E-57,5.42004971597292E-30,
1.));
#3353=DIRECTION('',(-5.55358077275592E-28,1.,-5.42004971597292E-30));
#3354=DIRECTION('center_axis',(5.55358077275592E-28,-1.,5.42004971597292E-30));
#3355=DIRECTION('ref_axis',(-3.01006838900084E-57,5.42004971597292E-30,
1.));
#3356=DIRECTION('center_axis',(-5.55358077275592E-28,1.,-5.42004971597292E-30));
#3357=DIRECTION('ref_axis',(-3.01006838900084E-57,5.42004971597292E-30,
1.));
#3358=DIRECTION('center_axis',(-5.55358077275592E-28,1.,-5.42004971597292E-30));
#3359=DIRECTION('ref_axis',(-3.01006838900084E-57,5.42004971597292E-30,
1.));
#3360=DIRECTION('',(-5.55358077275592E-28,1.,-5.42004971597292E-30));
#3361=DIRECTION('center_axis',(5.55358077275592E-28,-1.,5.42004971597292E-30));
#3362=DIRECTION('ref_axis',(-3.01006838900084E-57,5.42004971597292E-30,
1.));
#3363=DIRECTION('center_axis',(-5.55358077275592E-28,1.,-5.42004971597292E-30));
#3364=DIRECTION('ref_axis',(-3.01006838900084E-57,5.42004971597292E-30,
1.));
#3365=DIRECTION('center_axis',(-5.55358077275592E-28,1.,-5.42004971597292E-30));
#3366=DIRECTION('ref_axis',(2.41473507855962E-12,-5.42004971463187E-30,
-1.));
#3367=DIRECTION('',(5.55358077275592E-28,-1.,5.42004971597292E-30));
#3368=DIRECTION('center_axis',(-5.55358077275592E-28,1.,-5.42004971597292E-30));
#3369=DIRECTION('ref_axis',(-3.01006838900084E-57,5.42004971597292E-30,
1.));
#3370=DIRECTION('center_axis',(-5.55358077275592E-28,1.,-5.42004971597292E-30));
#3371=DIRECTION('ref_axis',(2.41473507855961E-12,-5.42004971463187E-30,
-1.));
#3372=DIRECTION('',(5.55358077275592E-28,-1.,5.42004971597292E-30));
#3373=DIRECTION('center_axis',(5.55358077275592E-28,-1.,-5.08724902158462E-30));
#3374=DIRECTION('ref_axis',(-1.31443948332446E-28,5.08724902158462E-30,
-1.));
#3375=DIRECTION('',(1.,-5.8691251348441E-28,2.89724171353136E-15));
#3376=DIRECTION('center_axis',(1.2571580793754E-17,1.,1.6343055032604E-16));
#3377=DIRECTION('ref_axis',(-2.0545803675915E-33,-1.6343055032604E-16,1.));
#3378=DIRECTION('',(1.31443948332446E-28,-5.08724902158462E-30,1.));
#3379=DIRECTION('center_axis',(1.2571580793754E-17,1.,1.6343055032604E-16));
#3380=DIRECTION('ref_axis',(-2.0545803675915E-33,-1.6343055032604E-16,1.));
#3381=DIRECTION('',(-1.,5.8691251348441E-28,-1.44862085676574E-15));
#3382=DIRECTION('center_axis',(5.55358077275592E-28,-1.,5.42004971597292E-30));
#3383=DIRECTION('ref_axis',(3.01006838900084E-57,-5.42004971597292E-30,
-1.));
#3384=DIRECTION('center_axis',(-1.,5.8691251348441E-28,1.31443948332446E-28));
#3385=DIRECTION('ref_axis',(1.31443948332446E-28,-5.08724902158462E-30,
1.));
#3386=DIRECTION('',(-1.31443948332446E-28,5.08724902158462E-30,-1.));
#3387=DIRECTION('',(-1.37533637570803E-17,-1.,-1.67339849789663E-16));
#3388=DIRECTION('',(-1.31443948332446E-28,5.08724902158462E-30,-1.));
#3389=DIRECTION('',(-1.37533637570803E-17,-1.,-1.67339849789663E-16));
#3390=DIRECTION('center_axis',(-1.,5.8691251348441E-28,1.31443948332446E-28));
#3391=DIRECTION('ref_axis',(1.31443948332446E-28,-5.08724902158462E-30,
1.));
#3392=DIRECTION('',(-1.37533637570803E-17,-1.,-1.67339849789663E-16));
#3393=DIRECTION('',(-1.31443948332446E-28,5.08724902158462E-30,-1.));
#3394=DIRECTION('',(-1.37533637570803E-17,-1.,-1.67339849789663E-16));
#3395=DIRECTION('center_axis',(-5.55358077275592E-28,1.,5.08724902158462E-30));
#3396=DIRECTION('ref_axis',(1.31443948332446E-28,-5.08724902158462E-30,
1.));
#3397=DIRECTION('center_axis',(-5.55358077275592E-28,1.,5.08724902158462E-30));
#3398=DIRECTION('ref_axis',(1.31443948332446E-28,-5.08724902158462E-30,
1.));
#3399=DIRECTION('center_axis',(5.55358077275592E-28,-1.,-5.08724902158462E-30));
#3400=DIRECTION('ref_axis',(-1.31443948332446E-28,5.08724902158462E-30,
-1.));
#3401=DIRECTION('',(1.,-5.8691251348441E-28,2.89724171353136E-15));
#3402=DIRECTION('center_axis',(5.55358077275592E-28,-1.,5.42004971597292E-30));
#3403=DIRECTION('ref_axis',(3.01006838900084E-57,-5.42004971597292E-30,
-1.));
#3404=DIRECTION('',(-1.,5.8691251348441E-28,-1.44862085676574E-15));
#3405=DIRECTION('center_axis',(-1.2571580793754E-17,-1.,-1.6343055032604E-16));
#3406=DIRECTION('ref_axis',(-2.0545803675915E-33,-1.6343055032604E-16,1.));
#3407=DIRECTION('center_axis',(-1.2571580793754E-17,-1.,-1.6343055032604E-16));
#3408=DIRECTION('ref_axis',(-2.0545803675915E-33,-1.6343055032604E-16,1.));
#3409=DIRECTION('center_axis',(-5.55358077275592E-28,1.,5.08724902158462E-30));
#3410=DIRECTION('ref_axis',(1.31443948332446E-28,-5.08724902158462E-30,
1.));
#3411=DIRECTION('center_axis',(5.55358077275592E-28,-1.,5.42004971597292E-30));
#3412=DIRECTION('ref_axis',(2.64338815386933E-15,5.42004971597438E-30,1.));
#3413=DIRECTION('',(1.,-5.8691251348441E-28,1.28880150390478E-28));
#3414=DIRECTION('center_axis',(-5.55358077275592E-28,1.,-5.42004971597292E-30));
#3415=DIRECTION('ref_axis',(3.01006838900084E-57,-5.42004971597292E-30,
-1.));
#3416=DIRECTION('',(-1.31443948332446E-28,5.08724902158462E-30,-1.));
#3417=DIRECTION('center_axis',(2.71050543115823E-17,1.,-5.42164161744257E-30));
#3418=DIRECTION('ref_axis',(1.,-2.71050543115823E-17,1.46953890498716E-46));
#3419=DIRECTION('',(-1.,5.8691251348441E-28,-1.28880150390478E-28));
#3420=DIRECTION('center_axis',(5.55358077275592E-28,-1.,5.42004971597292E-30));
#3421=DIRECTION('ref_axis',(-3.01006838900084E-57,5.42004971597292E-30,
1.));
#3422=DIRECTION('',(-1.,5.8691251348441E-28,-1.28880150390478E-28));
#3423=DIRECTION('',(1.,-5.8691251348441E-28,1.28880150390478E-28));
#3424=DIRECTION('center_axis',(-1.35525271561682E-16,-1.,4.34332547864311E-30));
#3425=DIRECTION('ref_axis',(-1.,1.35525271561682E-16,-5.8863036497388E-46));
#3426=DIRECTION('',(-1.,5.8691251348441E-28,-1.28880150390478E-28));
#3427=DIRECTION('center_axis',(5.55358077275592E-28,-1.,5.42004971597292E-30));
#3428=DIRECTION('ref_axis',(-3.01006838900084E-57,5.42004971597292E-30,
1.));
#3429=DIRECTION('',(1.,-5.8691251348441E-28,1.28880150390478E-28));
#3430=DIRECTION('center_axis',(5.55358077275592E-28,-1.,5.42004971597292E-30));
#3431=DIRECTION('ref_axis',(-3.01006838900084E-57,5.42004971597292E-30,
1.));
#3432=DIRECTION('',(-1.,5.8691251348441E-28,-1.28880150390478E-28));
#3433=DIRECTION('',(1.,-5.8691251348441E-28,1.28880150390478E-28));
#3434=DIRECTION('center_axis',(-1.3552527156403E-16,-1.,4.34332547864431E-30));
#3435=DIRECTION('ref_axis',(-1.,1.3552527156403E-16,5.88630364957915E-46));
#3436=DIRECTION('center_axis',(-5.55358077275592E-28,1.,-5.42004971597292E-30));
#3437=DIRECTION('ref_axis',(-3.01006838900084E-57,5.42004971597292E-30,
1.));
#3438=DIRECTION('',(-1.,5.8691251348441E-28,-1.09634523681748E-15));
#3439=DIRECTION('center_axis',(5.55358077275592E-28,-1.,5.42004971597292E-30));
#3440=DIRECTION('ref_axis',(-3.01006838900084E-57,5.42004971597292E-30,
1.));
#3441=DIRECTION('center_axis',(5.55358077275592E-28,-1.,5.42004971597292E-30));
#3442=DIRECTION('ref_axis',(-3.01006838900084E-57,5.42004971597292E-30,
1.));
#3443=DIRECTION('',(1.,-5.8691251348441E-28,-1.24900090270196E-16));
#3444=DIRECTION('center_axis',(-5.55358077275592E-28,1.,-5.42004971597292E-30));
#3445=DIRECTION('ref_axis',(-3.01006838900084E-57,5.42004971597292E-30,
1.));
#3446=DIRECTION('center_axis',(-5.55358077275592E-28,1.,5.08724902158462E-30));
#3447=DIRECTION('ref_axis',(1.31443948332446E-28,-5.08724902158462E-30,
1.));
#3448=DIRECTION('',(-1.31443948332446E-28,5.08724902158462E-30,-1.));
#3449=DIRECTION('center_axis',(-5.55358077275592E-28,1.,-5.42004971597292E-30));
#3450=DIRECTION('ref_axis',(-5.83531322425021E-57,5.42004971597292E-30,
1.));
#3451=DIRECTION('',(1.,-5.8691251348441E-28,1.28880150390478E-28));
#3452=DIRECTION('center_axis',(5.55358077275592E-28,-1.,5.42004971597292E-30));
#3453=DIRECTION('ref_axis',(1.,5.55358077275592E-28,-6.19116339101297E-57));
#3454=DIRECTION('center_axis',(5.55358077275592E-28,-1.,5.42004971597292E-30));
#3455=DIRECTION('ref_axis',(5.83531322425021E-57,-5.42004971597292E-30,
-1.));
#3456=DIRECTION('',(-1.,5.8691251348441E-28,-1.28880150390478E-28));
#3457=DIRECTION('center_axis',(-5.55358077275592E-28,1.,-5.42004971597292E-30));
#3458=DIRECTION('ref_axis',(-5.83531322425021E-57,5.42004971597292E-30,
1.));
#3459=DIRECTION('center_axis',(-5.55358077275592E-28,1.,-5.42004971597292E-30));
#3460=DIRECTION('ref_axis',(-5.83531322425021E-57,5.42004971597292E-30,
1.));
#3461=DIRECTION('',(-1.,5.8691251348441E-28,-1.09634523681748E-15));
#3462=DIRECTION('center_axis',(-5.55358077275592E-28,1.,-5.42004971597292E-30));
#3463=DIRECTION('ref_axis',(-3.01006838900084E-57,5.42004971597292E-30,
1.));
#3464=DIRECTION('',(1.,-5.8691251348441E-28,-1.24900090270196E-16));
#3465=DIRECTION('center_axis',(5.55358077275592E-28,-1.,5.42004971597292E-30));
#3466=DIRECTION('ref_axis',(3.01006838900084E-57,-5.42004971597292E-30,
-1.));
#3467=DIRECTION('',(1.,-5.8691251348441E-28,1.28880150390478E-28));
#3468=DIRECTION('center_axis',(5.55358077275592E-28,-1.,5.42004971597292E-30));
#3469=DIRECTION('ref_axis',(3.01006838900084E-57,-5.42004971597292E-30,
-1.));
#3470=DIRECTION('',(-1.,5.8691251348441E-28,-1.28880150390478E-28));
#3471=DIRECTION('center_axis',(5.55358077275592E-28,-1.,5.42004971597292E-30));
#3472=DIRECTION('ref_axis',(3.01006838900084E-57,-5.42004971597292E-30,
-1.));
#3473=DIRECTION('',(1.,-5.8691251348441E-28,1.28880150390478E-28));
#3474=DIRECTION('center_axis',(5.55358077275592E-28,-1.,5.42004971597292E-30));
#3475=DIRECTION('ref_axis',(3.01006838900084E-57,-5.42004971597292E-30,
-1.));
#3476=DIRECTION('',(-1.,5.8691251348441E-28,-1.28880150390478E-28));
#3477=DIRECTION('center_axis',(5.55358077275592E-28,-1.,5.42004971597292E-30));
#3478=DIRECTION('ref_axis',(5.83531322425021E-57,-5.42004971597292E-30,
-1.));
#3479=DIRECTION('',(1.,-5.8691251348441E-28,1.28880150390478E-28));
#3480=DIRECTION('center_axis',(5.55358077275592E-28,-1.,5.42004971597292E-30));
#3481=DIRECTION('ref_axis',(5.83531322425021E-57,-5.42004971597292E-30,
-1.));
#3482=DIRECTION('',(-1.,5.8691251348441E-28,-1.28880150390478E-28));
#3483=DIRECTION('center_axis',(-5.55358077275592E-28,1.,-5.42004971597292E-30));
#3484=DIRECTION('ref_axis',(-3.01006838900084E-57,5.42004971597292E-30,
1.));
#3485=DIRECTION('',(-0.707106781186555,-0.70710678118654,-4.91058442473163E-15));
#3486=DIRECTION('',(-6.50779272084884E-15,0.70710678118654,-0.707106781186555));
#3487=DIRECTION('center_axis',(5.55358077275592E-28,-1.,5.42004971597292E-30));
#3488=DIRECTION('ref_axis',(-6.02120433889577E-44,5.42004971597292E-30,
1.));
#3489=DIRECTION('center_axis',(-0.707106781186543,0.707106781186552,2.1806839703932E-16));
#3490=DIRECTION('ref_axis',(-0.707106781186552,-0.707106781186543,-9.31965203808761E-29));
#3491=DIRECTION('',(-1.54197642309186E-16,1.54197642309048E-16,-1.));
#3492=DIRECTION('',(0.707106781186552,0.707106781186543,9.31841944292307E-29));
#3493=DIRECTION('center_axis',(-5.55358077275592E-28,1.,-5.42004971597292E-30));
#3494=DIRECTION('ref_axis',(-3.01006838900084E-57,5.42004971597292E-30,
1.));
#3495=DIRECTION('center_axis',(5.55358077275592E-28,-1.,5.42004971597292E-30));
#3496=DIRECTION('ref_axis',(-3.01006838900084E-57,5.42004971597292E-30,
1.));
#3497=DIRECTION('',(2.77679038637792E-28,-0.707106781186543,-0.707106781186553));
#3498=DIRECTION('center_axis',(-1.14959322833624E-16,0.707106781186552,
-0.707106781186543));
#3499=DIRECTION('ref_axis',(-4.16518557956694E-28,0.707106781186543,0.707106781186552));
#3500=DIRECTION('',(1.,8.12885167352799E-17,-8.12885167357352E-17));
#3501=DIRECTION('',(-4.16518557956689E-28,0.707106781186543,0.707106781186552));
#3502=DIRECTION('center_axis',(5.55358077275592E-28,-1.,5.42004971597292E-30));
#3503=DIRECTION('ref_axis',(1.,5.55358077275592E-28,-6.19116339101297E-57));
#3504=DIRECTION('center_axis',(5.55358077275592E-28,-1.,5.42004971597292E-30));
#3505=DIRECTION('ref_axis',(-4.81696347111607E-44,-5.42004971597292E-30,
-1.));
#3506=DIRECTION('center_axis',(5.55358077275592E-28,-1.,5.42004971597292E-30));
#3507=DIRECTION('ref_axis',(5.83531322425021E-57,-5.42004971597292E-30,
-1.));
#3508=DIRECTION('center_axis',(5.55358077275592E-28,-1.,5.42004971597292E-30));
#3509=DIRECTION('ref_axis',(3.01006838900084E-57,-5.42004971597292E-30,
-1.));
#3510=DIRECTION('',(-8.65956056242491E-17,0.707106781186543,-0.707106781186552));
#3511=DIRECTION('center_axis',(-2.77679038637812E-28,0.707106781186552,
0.707106781186543));
#3512=DIRECTION('ref_axis',(7.05241649267575E-28,-0.707106781186543,0.707106781186552));
#3513=DIRECTION('',(-1.,5.8691251348441E-28,-1.28880150390478E-28));
#3514=DIRECTION('center_axis',(-1.22663473334389E-16,-0.707106781186568,
-0.707106781186527));
#3515=DIRECTION('ref_axis',(-7.03663927457142E-28,0.707106781186527,-0.707106781186568));
#3516=DIRECTION('',(7.03663927457133E-28,-0.707106781186527,0.707106781186568));
#3517=DIRECTION('',(-7.03663927457133E-28,0.707106781186527,-0.707106781186568));
#3518=DIRECTION('',(1.,-8.67361737994207E-17,-8.67361737987056E-17));
#3519=DIRECTION('center_axis',(5.55358077275592E-28,-1.,5.42004971597292E-30));
#3520=DIRECTION('ref_axis',(5.83531322425021E-57,-5.42004971597292E-30,
-1.));
#3521=DIRECTION('center_axis',(5.55358077275592E-28,-1.,5.42004971597292E-30));
#3522=DIRECTION('ref_axis',(3.01006838900084E-57,-5.42004971597292E-30,
-1.));
#3523=DIRECTION('',(-4.18096279767131E-28,0.707106781186527,0.707106781186568));
#3524=DIRECTION('center_axis',(1.22663473335369E-16,-0.707106781186571,
0.707106781186524));
#3525=DIRECTION('ref_axis',(2.77679038637796E-28,-0.707106781186524,-0.707106781186571));
#3526=DIRECTION('',(-1.,-8.67361737982501E-17,8.67361737987047E-17));
#3527=DIRECTION('',(2.77679038637792E-28,-0.707106781186524,-0.707106781186571));
#3528=DIRECTION('center_axis',(5.55358077275592E-28,-1.,5.42004971597292E-30));
#3529=DIRECTION('ref_axis',(5.83531322425021E-57,-5.42004971597292E-30,
-1.));
#3530=DIRECTION('center_axis',(5.55358077275592E-28,-1.,5.42004971597292E-30));
#3531=DIRECTION('ref_axis',(3.01006838900084E-57,-5.42004971597291E-30,
-1.));
#3532=DIRECTION('center_axis',(1.22663473334948E-16,-0.707106781186537,
-0.707106781186558));
#3533=DIRECTION('ref_axis',(-7.03663927457143E-28,0.707106781186558,-0.707106781186537));
#3534=DIRECTION('',(7.03663927457133E-28,-0.707106781186558,0.707106781186537));
#3535=DIRECTION('',(-7.03663927457133E-28,0.707106781186558,-0.707106781186537));
#3536=DIRECTION('',(1.,8.67361737982501E-17,8.67361737989795E-17));
#3537=DIRECTION('center_axis',(5.55358077275592E-28,-1.,5.42004971597292E-30));
#3538=DIRECTION('ref_axis',(3.01006838900084E-57,-5.42004971597291E-30,
-1.));
#3539=DIRECTION('center_axis',(5.55358077275592E-28,-1.,5.42004971597292E-30));
#3540=DIRECTION('ref_axis',(3.01006838900084E-57,-5.42004971597292E-30,
-1.));
#3541=DIRECTION('',(-4.16518557956689E-28,0.707106781186564,0.707106781186531));
#3542=DIRECTION('center_axis',(-8.17756488890748E-17,-0.70710678118655,
0.707106781186545));
#3543=DIRECTION('ref_axis',(2.77685201613618E-28,-0.707106781186545,-0.70710678118655));
#3544=DIRECTION('',(-1.,5.78241158664793E-17,-5.78241158660214E-17));
#3545=DIRECTION('',(2.77679038637792E-28,-0.707106781186545,-0.70710678118655));
#3546=DIRECTION('center_axis',(5.55358077275592E-28,-1.,5.42004971597292E-30));
#3547=DIRECTION('ref_axis',(3.01006838900084E-57,-5.42004971597292E-30,
-1.));
#3548=DIRECTION('center_axis',(5.55358077275592E-28,-1.,5.42004971597292E-30));
#3549=DIRECTION('ref_axis',(3.01006838900084E-57,-5.42004971597292E-30,
-1.));
#3550=DIRECTION('center_axis',(-8.17756488895055E-17,-0.707106781186531,
-0.707106781186564));
#3551=DIRECTION('ref_axis',(-7.05247812243407E-28,0.707106781186564,-0.707106781186531));
#3552=DIRECTION('',(7.05241649267575E-28,-0.707106781186564,0.707106781186531));
#3553=DIRECTION('',(-7.05241649267575E-28,0.707106781186564,-0.707106781186531));
#3554=DIRECTION('',(1.,-5.78241158664761E-17,-5.78241158657669E-17));
#3555=DIRECTION('center_axis',(5.55358077275592E-28,-1.,5.42004971597292E-30));
#3556=DIRECTION('ref_axis',(3.01006838900084E-57,-5.42004971597292E-30,
-1.));
#3557=DIRECTION('center_axis',(5.55358077275592E-28,-1.,5.42004971597292E-30));
#3558=DIRECTION('ref_axis',(3.01006838900084E-57,-5.42004971597291E-30,
-1.));
#3559=DIRECTION('',(-4.16518557956689E-28,0.707106781186564,0.707106781186531));
#3560=DIRECTION('center_axis',(1.2266347333524E-16,-0.707106781186531,0.707106781186564));
#3561=DIRECTION('ref_axis',(4.16530883908338E-28,-0.707106781186564,-0.707106781186531));
#3562=DIRECTION('',(-1.,-8.67361737982532E-17,8.67361737987146E-17));
#3563=DIRECTION('',(4.16518557956688E-28,-0.707106781186564,-0.707106781186531));
#3564=DIRECTION('center_axis',(5.55358077275592E-28,-1.,5.42004971597292E-30));
#3565=DIRECTION('ref_axis',(5.83531322425021E-57,-5.42004971597292E-30,
-1.));
#3566=DIRECTION('center_axis',(5.55358077275592E-28,-1.,5.42004971597292E-30));
#3567=DIRECTION('ref_axis',(3.01006838900084E-57,-5.42004971597292E-30,
-1.));
#3568=DIRECTION('center_axis',(-5.55358077275592E-28,1.,5.08724902158462E-30));
#3569=DIRECTION('ref_axis',(1.31443948332446E-28,-5.08724902158462E-30,
1.));
#3570=DIRECTION('center_axis',(-5.55358077275592E-28,1.,5.08724902158462E-30));
#3571=DIRECTION('ref_axis',(1.31443948332446E-28,-5.08724902158462E-30,
1.));
#3572=DIRECTION('center_axis',(5.55358077275592E-28,-1.,5.42004971597292E-30));
#3573=DIRECTION('ref_axis',(3.01006838900084E-57,-5.42004971597292E-30,
-1.));
#3574=DIRECTION('',(-5.55358077275592E-28,1.,-5.42004971597292E-30));
#3575=DIRECTION('center_axis',(5.55358077275592E-28,-1.,5.42004971597292E-30));
#3576=DIRECTION('ref_axis',(3.01006838900084E-57,-5.42004971597292E-30,
-1.));
#3577=DIRECTION('',(5.55358077275592E-28,-1.,5.42004971597292E-30));
#3578=DIRECTION('center_axis',(-1.,5.8691251348441E-28,3.08395284618228E-16));
#3579=DIRECTION('ref_axis',(3.08395284618228E-16,-5.08671842344906E-30,
1.));
#3580=DIRECTION('',(-3.08395284618228E-16,5.08671842344906E-30,-1.));
#3581=DIRECTION('',(-5.55358077275592E-28,1.,-5.42004971597292E-30));
#3582=DIRECTION('center_axis',(5.55358077275592E-28,-1.,5.42004971597292E-30));
#3583=DIRECTION('ref_axis',(3.01006838900084E-57,-5.42004971597292E-30,
-1.));
#3584=DIRECTION('center_axis',(5.55358077275592E-28,-1.,5.42004971597292E-30));
#3585=DIRECTION('ref_axis',(3.01006838900084E-57,-5.42004971597292E-30,
-1.));
#3586=DIRECTION('',(5.55358077275592E-28,-1.,5.42004971597292E-30));
#3587=DIRECTION('center_axis',(-1.62577033471606E-16,5.08916555838186E-30,
-1.));
#3588=DIRECTION('ref_axis',(-1.,5.8691251348441E-28,1.62577033471606E-16));
#3589=DIRECTION('',(1.,-5.8691251348441E-28,-1.62577033471606E-16));
#3590=DIRECTION('',(-5.55358077275592E-28,1.,-5.42004971597292E-30));
#3591=DIRECTION('center_axis',(5.55358077275592E-28,-1.,5.42004971597292E-30));
#3592=DIRECTION('ref_axis',(3.01006838900084E-57,-5.42004971597292E-30,
-1.));
#3593=DIRECTION('center_axis',(5.55358077275592E-28,-1.,5.42004971597292E-30));
#3594=DIRECTION('ref_axis',(3.01006838900084E-57,-5.42004971597292E-30,
-1.));
#3595=DIRECTION('center_axis',(5.55358077275592E-28,-1.,5.42004971597292E-30));
#3596=DIRECTION('ref_axis',(3.01006838900084E-57,-5.42004971597292E-30,
-1.));
#3597=DIRECTION('center_axis',(5.55358077275592E-28,-1.,5.42004971597292E-30));
#3598=DIRECTION('ref_axis',(3.01006838900084E-57,-5.42004971597292E-30,
-1.));
#3599=DIRECTION('',(-5.55358077275592E-28,1.,-5.42004971597292E-30));
#3600=DIRECTION('center_axis',(-1.28880150390478E-28,-5.08724902158462E-30,
1.));
#3601=DIRECTION('ref_axis',(1.,-5.8691251348441E-28,1.28880150390478E-28));
#3602=DIRECTION('',(-1.,5.8691251348441E-28,-1.28880150390478E-28));
#3603=DIRECTION('center_axis',(-1.73472347597545E-16,5.0877209321111E-30,
-1.));
#3604=DIRECTION('ref_axis',(-1.,5.8691251348441E-28,1.73472347597545E-16));
#3605=DIRECTION('',(-5.55358077275592E-28,1.,-5.42004971597292E-30));
#3606=DIRECTION('',(1.,-5.8691251348441E-28,-1.73472347597545E-16));
#3607=DIRECTION('',(5.55358077275592E-28,-1.,5.42004971597292E-30));
#3608=DIRECTION('center_axis',(5.55358077275592E-28,-1.,5.42004971597292E-30));
#3609=DIRECTION('ref_axis',(3.01006838900084E-57,-5.42004971597292E-30,
-1.));
#3610=DIRECTION('center_axis',(5.55358077275592E-28,-1.,5.42004971597292E-30));
#3611=DIRECTION('ref_axis',(3.01006838900084E-57,-5.42004971597292E-30,
-1.));
#3612=DIRECTION('',(-5.55358077275592E-28,1.,-5.42004971597292E-30));
#3613=DIRECTION('center_axis',(1.73472347597545E-16,-5.0877209321111E-30,
1.));
#3614=DIRECTION('ref_axis',(1.,-5.8691251348441E-28,-1.73472347597545E-16));
#3615=DIRECTION('',(-1.,5.8691251348441E-28,1.73472347597545E-16));
#3616=DIRECTION('',(5.55358077275592E-28,-1.,5.42004971597292E-30));
#3617=DIRECTION('center_axis',(5.55358077275592E-28,-1.,5.42004971597292E-30));
#3618=DIRECTION('ref_axis',(3.01006838900084E-57,-5.42004971597292E-30,
-1.));
#3619=DIRECTION('center_axis',(5.55358077275592E-28,-1.,5.42004971597292E-30));
#3620=DIRECTION('ref_axis',(3.01006838900084E-57,-5.42004971597292E-30,
-1.));
#3621=DIRECTION('center_axis',(1.73472347597813E-16,5.08677711105804E-30,
-1.));
#3622=DIRECTION('ref_axis',(-1.,5.8691251348441E-28,-1.73472347597813E-16));
#3623=DIRECTION('',(-5.55358077275592E-28,1.,-5.42004971597292E-30));
#3624=DIRECTION('',(1.,-5.8691251348441E-28,1.73472347597813E-16));
#3625=DIRECTION('',(5.55358077275592E-28,-1.,5.42004971597292E-30));
#3626=DIRECTION('center_axis',(5.55358077275592E-28,-1.,5.42004971597292E-30));
#3627=DIRECTION('ref_axis',(3.01006838900084E-57,-5.42004971597292E-30,
-1.));
#3628=DIRECTION('center_axis',(5.55358077275592E-28,-1.,5.42004971597292E-30));
#3629=DIRECTION('ref_axis',(3.01006838900084E-57,-5.42004971597292E-30,
-1.));
#3630=DIRECTION('',(-5.55358077275592E-28,1.,-5.42004971597292E-30));
#3631=DIRECTION('center_axis',(-1.15648231731912E-16,-5.08282576401898E-30,
1.));
#3632=DIRECTION('ref_axis',(1.,-5.8691251348441E-28,1.15648231731912E-16));
#3633=DIRECTION('',(-1.,5.8691251348441E-28,-1.15648231731912E-16));
#3634=DIRECTION('',(5.55358077275592E-28,-1.,5.42004971597292E-30));
#3635=DIRECTION('center_axis',(5.55358077275592E-28,-1.,5.42004971597292E-30));
#3636=DIRECTION('ref_axis',(3.01006838900084E-57,-5.42004971597292E-30,
-1.));
#3637=DIRECTION('center_axis',(-1.15648231731654E-16,5.09167227915026E-30,
-1.));
#3638=DIRECTION('ref_axis',(-1.,5.8691251348441E-28,1.15648231731654E-16));
#3639=DIRECTION('',(-5.55358077275592E-28,1.,-5.42004971597292E-30));
#3640=DIRECTION('',(1.,-5.8691251348441E-28,-1.15648231731654E-16));
#3641=DIRECTION('',(5.55358077275592E-28,-1.,5.42004971597292E-30));
#3642=DIRECTION('center_axis',(5.55358077275592E-28,-1.,5.42004971597292E-30));
#3643=DIRECTION('ref_axis',(3.01006838900084E-57,-5.42004971597292E-30,
-1.));
#3644=DIRECTION('center_axis',(5.55358077275592E-28,-1.,5.42004971597292E-30));
#3645=DIRECTION('ref_axis',(3.01006838900084E-57,-5.42004971597292E-30,
-1.));
#3646=DIRECTION('',(-5.55358077275592E-28,1.,-5.42004971597292E-30));
#3647=DIRECTION('center_axis',(1.73472347597545E-16,-5.0877209321111E-30,
1.));
#3648=DIRECTION('ref_axis',(1.,-5.8691251348441E-28,-1.73472347597545E-16));
#3649=DIRECTION('',(-1.,5.8691251348441E-28,1.73472347597545E-16));
#3650=DIRECTION('',(5.55358077275592E-28,-1.,5.42004971597292E-30));
#3651=DIRECTION('center_axis',(5.55358077275592E-28,-1.,5.42004971597292E-30));
#3652=DIRECTION('ref_axis',(3.01006838900084E-57,-5.42004971597292E-30,
-1.));
#3653=DIRECTION('center_axis',(1.14959322832642E-16,0.707106781186547,0.707106781186548));
#3654=DIRECTION('ref_axis',(5.66402129948686E-28,-0.707106781186548,0.707106781186547));
#3655=DIRECTION('',(-5.66402129948679E-28,0.707106781186548,-0.707106781186547));
#3656=DIRECTION('',(5.66402129948679E-28,-0.707106781186548,0.707106781186547));
#3657=DIRECTION('center_axis',(-5.55358077275592E-28,1.,-5.42004971597292E-30));
#3658=DIRECTION('ref_axis',(-3.01006838900084E-57,5.42004971597292E-30,
1.));
#3659=DIRECTION('center_axis',(-5.55358077275592E-28,1.,-5.42004971597292E-30));
#3660=DIRECTION('ref_axis',(-3.01006838900084E-57,5.42004971597292E-30,
1.));
#3661=DIRECTION('',(-2.77679038637792E-28,0.707106781186546,0.707106781186549));
#3662=DIRECTION('center_axis',(-7.05241649267582E-28,0.707106781186547,
-0.707106781186548));
#3663=DIRECTION('ref_axis',(-2.77679038637792E-28,0.707106781186548,0.707106781186547));
#3664=DIRECTION('',(2.77679038637792E-28,-0.707106781186548,-0.707106781186547));
#3665=DIRECTION('center_axis',(-2.71050543115823E-17,-1.,5.42164161744257E-30));
#3666=DIRECTION('ref_axis',(1.,-2.71050543115823E-17,-1.46953890504726E-46));
#3667=DIRECTION('',(0.707106781186547,-0.707106781186547,5.29501655671322E-15));
#3668=DIRECTION('center_axis',(0.707106781186548,0.707106781186547,-2.18068397039329E-16));
#3669=DIRECTION('ref_axis',(-0.707106781186547,0.707106781186548,-1.00690698980476E-28));
#3670=DIRECTION('',(0.707106781186547,-0.707106781186548,1.0067837302883E-28));
#3671=DIRECTION('center_axis',(5.55358077275592E-28,-1.,5.42004971597292E-30));
#3672=DIRECTION('ref_axis',(3.01006838900084E-57,-5.42004971597292E-30,
-1.));
#3673=DIRECTION('center_axis',(-1.2266347333411E-16,-0.707106781186527,
0.707106781186568));
#3674=DIRECTION('ref_axis',(2.77679038637796E-28,-0.707106781186568,-0.707106781186527));
#3675=DIRECTION('',(-2.77679038637792E-28,0.707106781186568,0.707106781186527));
#3676=DIRECTION('center_axis',(1.35525271561682E-16,1.,-4.34332547864311E-30));
#3677=DIRECTION('ref_axis',(1.,-1.35525271561682E-16,1.22464679914735E-16));
#3678=DIRECTION('',(8.65956056229791E-17,0.707106781186575,-0.70710678118652));
#3679=DIRECTION('center_axis',(8.17756488900577E-17,-0.707106781186539,
-0.707106781186556));
#3680=DIRECTION('ref_axis',(-5.66402129948686E-28,0.707106781186556,-0.707106781186539));
#3681=DIRECTION('center_axis',(-5.55358077275592E-28,1.,-5.42004971597292E-30));
#3682=DIRECTION('ref_axis',(-3.01006838900084E-57,5.42004971597292E-30,
1.));
#3683=DIRECTION('',(-4.16518557956689E-28,0.707106781186544,0.707106781186551));
#3684=DIRECTION('',(-8.65956056229822E-17,-0.707106781186544,0.707106781186551));
#3685=DIRECTION('center_axis',(1.22663473335238E-16,-0.707106781186551,
0.707106781186544));
#3686=DIRECTION('ref_axis',(4.14940836146252E-28,-0.707106781186544,-0.707106781186551));
#3687=DIRECTION('',(-4.14940836146246E-28,0.707106781186544,0.707106781186551));
#3688=DIRECTION('center_axis',(-5.55358077275592E-28,1.,-5.42004971597292E-30));
#3689=DIRECTION('ref_axis',(-3.01006838900084E-57,5.42004971597292E-30,
1.));
#3690=DIRECTION('',(8.65956056229822E-17,0.707106781186544,-0.707106781186551));
#3691=DIRECTION('center_axis',(-1.22663473334389E-16,-0.707106781186554,
-0.707106781186541));
#3692=DIRECTION('ref_axis',(-7.05241649267585E-28,0.707106781186541,-0.707106781186554));
#3693=DIRECTION('center_axis',(8.17756488904868E-17,-0.707106781186521,
0.707106781186575));
#3694=DIRECTION('ref_axis',(4.18090116791314E-28,-0.707106781186575,-0.707106781186521));
#3695=DIRECTION('',(-4.18096279767131E-28,0.707106781186575,0.70710678118652));
#3696=DIRECTION('center_axis',(1.3552527156403E-16,1.,-4.34332547864431E-30));
#3697=DIRECTION('ref_axis',(1.,-1.3552527156403E-16,1.22464679914735E-16));
#3698=DIRECTION('',(8.65956056229791E-17,0.707106781186575,-0.70710678118652));
#3699=DIRECTION('center_axis',(-1.22663473334396E-16,-0.707106781186521,
-0.707106781186575));
#3700=DIRECTION('ref_axis',(-7.05253975219229E-28,0.707106781186575,-0.707106781186521));
#3701=DIRECTION('center_axis',(-1.37533637570803E-17,-1.,-1.67339849789663E-16));
#3702=DIRECTION('ref_axis',(2.30148582521242E-33,1.67339849789663E-16,-1.));
#3703=DIRECTION('',(-1.37533637570803E-17,-1.,-1.67339849789663E-16));
#3704=DIRECTION('center_axis',(-1.24900090270465E-16,1.67339849789661E-16,
-1.));
#3705=DIRECTION('ref_axis',(-5.55358077275592E-28,1.,1.67339849789661E-16));
#3706=DIRECTION('',(-5.55358077275592E-28,1.,-5.42004971597292E-30));
#3707=DIRECTION('',(-1.,5.8691251348441E-28,1.24900090270196E-16));
#3708=DIRECTION('',(-5.55358077275592E-28,1.,-5.42004971597292E-30));
#3709=DIRECTION('',(-1.37533637570803E-17,-1.,-1.67339849789663E-16));
#3710=DIRECTION('center_axis',(-1.37533637570803E-17,-1.,-1.67339849789663E-16));
#3711=DIRECTION('ref_axis',(2.30148582521242E-33,1.67339849789663E-16,-1.));
#3712=DIRECTION('center_axis',(-1.37533637570803E-17,-1.,-1.67339849789663E-16));
#3713=DIRECTION('ref_axis',(2.30148582521242E-33,1.67339849789663E-16,-1.));
#3714=DIRECTION('',(-1.37533637570803E-17,-1.,-1.67339849789663E-16));
#3715=DIRECTION('center_axis',(-1.37533637570803E-17,-1.,-1.67339849789663E-16));
#3716=DIRECTION('ref_axis',(2.30148582521242E-33,1.67339849789663E-16,-1.));
#3717=DIRECTION('',(-1.37533637570803E-17,-1.,-1.67339849789663E-16));
#3718=DIRECTION('center_axis',(-1.09634523681748E-15,-1.67339849789656E-16,
1.));
#3719=DIRECTION('ref_axis',(1.,-5.8691251348441E-28,1.09634523681748E-15));
#3720=DIRECTION('',(-5.55358077275592E-28,1.,-5.42004971597292E-30));
#3721=DIRECTION('',(1.,-5.8691251348441E-28,1.09634523681748E-15));
#3722=DIRECTION('',(-5.55358077275592E-28,1.,-5.42004971597292E-30));
#3723=DIRECTION('center_axis',(-5.55358077275592E-28,1.,-5.42004971597292E-30));
#3724=DIRECTION('ref_axis',(-3.01006838900084E-57,5.42004971597292E-30,
1.));
#3725=DIRECTION('center_axis',(5.55358077275592E-28,-1.,5.42004971597292E-30));
#3726=DIRECTION('ref_axis',(-3.01006838900084E-57,5.42004971597292E-30,
1.));
#3727=DIRECTION('center_axis',(-5.55358077275592E-28,1.,-5.42004971597292E-30));
#3728=DIRECTION('ref_axis',(-3.01006838900084E-57,5.42004971597292E-30,
1.));
#3729=DIRECTION('center_axis',(5.55358077275592E-28,-1.,5.42004971597292E-30));
#3730=DIRECTION('ref_axis',(-3.01006838900084E-57,5.42004971597292E-30,
1.));
#3731=DIRECTION('center_axis',(-8.83177008012867E-17,-0.707106781186516,
-0.707106781186579));
#3732=DIRECTION('ref_axis',(-1.,5.86912513484433E-28,1.24900090270196E-16));
#3733=DIRECTION('',(7.06819371078017E-28,-0.707106781186556,0.707106781186539));
#3734=DIRECTION('',(-7.05241649267575E-28,0.707106781186562,-0.707106781186533));
#3735=DIRECTION('center_axis',(5.55358077275592E-28,-1.,5.42004971597292E-30));
#3736=DIRECTION('ref_axis',(5.83531322425021E-57,-5.42004971597292E-30,
-1.));
#3737=DIRECTION('',(-2.77679038637792E-28,0.707106781186562,0.707106781186533));
#3738=DIRECTION('center_axis',(5.55358077275592E-28,-1.,5.42004971597292E-30));
#3739=DIRECTION('ref_axis',(3.01006838900084E-57,-5.42004971597292E-30,
-1.));
#3740=DIRECTION('',(2.77679038637792E-28,-0.707106781186562,-0.707106781186533));
#3741=DIRECTION('center_axis',(-7.75233151475662E-16,-0.707106781186515,
0.70710678118658));
#3742=DIRECTION('ref_axis',(1.,-5.86912513484433E-28,1.09634523681748E-15));
#3743=DIRECTION('axis',(0.,0.,1.));
#3744=DIRECTION('refdir',(1.,0.,0.));
#3745=DIRECTION('center_axis',(0.,0.,1.));
#3746=DIRECTION('ref_axis',(1.,0.,0.));
#3747=DIRECTION('center_axis',(0.,0.,1.));
#3748=DIRECTION('ref_axis',(1.,0.,0.));
#3749=DIRECTION('',(-0.707106781186509,-8.65956056235446E-17,0.707106781186586));
#3750=DIRECTION('center_axis',(0.,0.,1.));
#3751=DIRECTION('ref_axis',(1.,0.,0.));
#3752=DIRECTION('center_axis',(0.,0.,1.));
#3753=DIRECTION('ref_axis',(1.,0.,0.));
#3754=DIRECTION('center_axis',(0.,0.,1.));
#3755=DIRECTION('ref_axis',(1.,0.,0.));
#3756=DIRECTION('',(0.,0.,1.));
#3757=DIRECTION('center_axis',(0.,0.,1.));
#3758=DIRECTION('ref_axis',(1.,0.,0.));
#3759=DIRECTION('center_axis',(0.,0.,1.));
#3760=DIRECTION('ref_axis',(1.,0.,0.));
#3761=DIRECTION('',(-0.707106781186509,-8.65956056235446E-17,0.707106781186586));
#3762=DIRECTION('center_axis',(0.,0.,1.));
#3763=DIRECTION('ref_axis',(1.,0.,0.));
#3764=DIRECTION('center_axis',(0.,0.,1.));
#3765=DIRECTION('ref_axis',(1.,0.,0.));
#3766=DIRECTION('center_axis',(0.,0.,1.));
#3767=DIRECTION('ref_axis',(1.,0.,0.));
#3768=DIRECTION('',(0.,0.,1.));
#3769=DIRECTION('center_axis',(0.,0.,1.));
#3770=DIRECTION('ref_axis',(1.,0.,0.));
#3771=DIRECTION('center_axis',(0.,0.,-1.));
#3772=DIRECTION('ref_axis',(1.,0.,0.));
#3773=DIRECTION('',(0.,0.,-1.));
#3774=DIRECTION('center_axis',(0.,0.,1.));
#3775=DIRECTION('ref_axis',(1.,0.,0.));
#3776=DIRECTION('',(0.,0.,1.));
#3777=DIRECTION('center_axis',(0.,0.,1.));
#3778=DIRECTION('ref_axis',(1.,0.,0.));
#3779=DIRECTION('center_axis',(0.,0.,1.));
#3780=DIRECTION('ref_axis',(1.,0.,0.));
#3781=DIRECTION('',(0.,0.,1.));
#3782=DIRECTION('center_axis',(0.,0.,1.));
#3783=DIRECTION('ref_axis',(1.,0.,0.));
#3784=DIRECTION('center_axis',(0.,0.,1.));
#3785=DIRECTION('ref_axis',(1.,0.,0.));
#3786=DIRECTION('center_axis',(0.,0.,1.));
#3787=DIRECTION('ref_axis',(1.,0.,0.));
#3788=DIRECTION('',(0.,0.,1.));
#3789=DIRECTION('center_axis',(0.,0.,1.));
#3790=DIRECTION('ref_axis',(1.,0.,0.));
#3791=DIRECTION('center_axis',(0.,0.,1.));
#3792=DIRECTION('ref_axis',(1.,0.,0.));
#3793=DIRECTION('center_axis',(0.,0.,1.));
#3794=DIRECTION('ref_axis',(1.,0.,0.));
#3795=DIRECTION('',(0.,0.,1.));
#3796=DIRECTION('center_axis',(0.,0.,1.));
#3797=DIRECTION('ref_axis',(1.,0.,0.));
#3798=DIRECTION('center_axis',(0.,0.,1.));
#3799=DIRECTION('ref_axis',(1.,0.,0.));
#3800=DIRECTION('center_axis',(0.,0.,1.));
#3801=DIRECTION('ref_axis',(1.,0.,0.));
#3802=DIRECTION('',(0.,0.,1.));
#3803=DIRECTION('center_axis',(0.,0.,1.));
#3804=DIRECTION('ref_axis',(1.,0.,0.));
#3805=DIRECTION('center_axis',(0.,0.,1.));
#3806=DIRECTION('ref_axis',(1.,0.,0.));
#3807=DIRECTION('center_axis',(0.,0.,1.));
#3808=DIRECTION('ref_axis',(1.,0.,0.));
#3809=DIRECTION('',(0.,0.,1.));
#3810=DIRECTION('center_axis',(0.,0.,1.));
#3811=DIRECTION('ref_axis',(1.,0.,0.));
#3812=DIRECTION('center_axis',(0.,0.,1.));
#3813=DIRECTION('ref_axis',(1.,0.,0.));
#3814=DIRECTION('center_axis',(0.,0.,1.));
#3815=DIRECTION('ref_axis',(1.,0.,0.));
#3816=DIRECTION('',(0.,0.,1.));
#3817=DIRECTION('center_axis',(0.,0.,1.));
#3818=DIRECTION('ref_axis',(1.,0.,0.));
#3819=DIRECTION('center_axis',(0.,0.,1.));
#3820=DIRECTION('ref_axis',(1.,0.,0.));
#3821=DIRECTION('center_axis',(0.,0.,1.));
#3822=DIRECTION('ref_axis',(1.,0.,0.));
#3823=DIRECTION('',(0.,0.,1.));
#3824=DIRECTION('center_axis',(0.,0.,1.));
#3825=DIRECTION('ref_axis',(1.,0.,0.));
#3826=DIRECTION('center_axis',(0.,0.,1.));
#3827=DIRECTION('ref_axis',(1.,0.,0.));
#3828=DIRECTION('center_axis',(0.,0.,1.));
#3829=DIRECTION('ref_axis',(1.,0.,0.));
#3830=DIRECTION('',(0.,0.,1.));
#3831=DIRECTION('center_axis',(0.,0.,1.));
#3832=DIRECTION('ref_axis',(1.,0.,0.));
#3833=DIRECTION('center_axis',(0.,0.,1.));
#3834=DIRECTION('ref_axis',(1.,0.,0.));
#3835=DIRECTION('center_axis',(0.,0.,1.));
#3836=DIRECTION('ref_axis',(1.,0.,0.));
#3837=DIRECTION('',(0.,0.,1.));
#3838=DIRECTION('center_axis',(0.,0.,1.));
#3839=DIRECTION('ref_axis',(1.,0.,0.));
#3840=DIRECTION('center_axis',(0.,0.,1.));
#3841=DIRECTION('ref_axis',(1.,0.,0.));
#3842=DIRECTION('center_axis',(0.,0.,1.));
#3843=DIRECTION('ref_axis',(1.,0.,0.));
#3844=DIRECTION('',(0.,0.,1.));
#3845=DIRECTION('center_axis',(0.,0.,1.));
#3846=DIRECTION('ref_axis',(1.,0.,0.));
#3847=DIRECTION('center_axis',(0.,0.,1.));
#3848=DIRECTION('ref_axis',(1.,0.,0.));
#3849=DIRECTION('center_axis',(0.,0.,1.));
#3850=DIRECTION('ref_axis',(1.,0.,0.));
#3851=DIRECTION('',(0.,0.,1.));
#3852=DIRECTION('center_axis',(0.,0.,1.));
#3853=DIRECTION('ref_axis',(1.,0.,0.));
#3854=DIRECTION('center_axis',(0.,0.,1.));
#3855=DIRECTION('ref_axis',(1.,0.,0.));
#3856=DIRECTION('center_axis',(0.,0.,1.));
#3857=DIRECTION('ref_axis',(1.,0.,0.));
#3858=DIRECTION('',(0.,0.,1.));
#3859=DIRECTION('center_axis',(0.,0.,1.));
#3860=DIRECTION('ref_axis',(1.,0.,0.));
#3861=DIRECTION('center_axis',(0.,0.,1.));
#3862=DIRECTION('ref_axis',(1.,0.,0.));
#3863=DIRECTION('center_axis',(0.,0.,1.));
#3864=DIRECTION('ref_axis',(1.,0.,0.));
#3865=DIRECTION('',(0.,0.,1.));
#3866=DIRECTION('center_axis',(0.,0.,1.));
#3867=DIRECTION('ref_axis',(1.,0.,0.));
#3868=DIRECTION('center_axis',(0.,0.,1.));
#3869=DIRECTION('ref_axis',(1.,0.,0.));
#3870=DIRECTION('center_axis',(0.,0.,1.));
#3871=DIRECTION('ref_axis',(1.,0.,0.));
#3872=DIRECTION('',(0.,0.,1.));
#3873=DIRECTION('center_axis',(0.,0.,1.));
#3874=DIRECTION('ref_axis',(1.,0.,0.));
#3875=DIRECTION('center_axis',(0.,0.,1.));
#3876=DIRECTION('ref_axis',(1.,0.,0.));
#3877=DIRECTION('center_axis',(0.,0.,1.));
#3878=DIRECTION('ref_axis',(1.,0.,0.));
#3879=DIRECTION('',(0.,0.,1.));
#3880=DIRECTION('center_axis',(0.,0.,1.));
#3881=DIRECTION('ref_axis',(1.,0.,0.));
#3882=DIRECTION('center_axis',(0.,0.,1.));
#3883=DIRECTION('ref_axis',(1.,0.,0.));
#3884=DIRECTION('center_axis',(0.,0.,1.));
#3885=DIRECTION('ref_axis',(1.,0.,0.));
#3886=DIRECTION('',(0.,0.,1.));
#3887=DIRECTION('center_axis',(0.,0.,1.));
#3888=DIRECTION('ref_axis',(1.,0.,0.));
#3889=DIRECTION('center_axis',(0.,0.,1.));
#3890=DIRECTION('ref_axis',(1.,0.,0.));
#3891=DIRECTION('center_axis',(0.,0.,1.));
#3892=DIRECTION('ref_axis',(1.,0.,0.));
#3893=DIRECTION('',(0.,0.,1.));
#3894=DIRECTION('center_axis',(0.,0.,1.));
#3895=DIRECTION('ref_axis',(1.,0.,0.));
#3896=DIRECTION('center_axis',(0.,0.,1.));
#3897=DIRECTION('ref_axis',(1.,0.,0.));
#3898=DIRECTION('center_axis',(0.,0.,1.));
#3899=DIRECTION('ref_axis',(1.,0.,0.));
#3900=DIRECTION('',(0.,0.,1.));
#3901=DIRECTION('center_axis',(0.,0.,1.));
#3902=DIRECTION('ref_axis',(1.,0.,0.));
#3903=DIRECTION('center_axis',(0.,0.,1.));
#3904=DIRECTION('ref_axis',(1.,0.,0.));
#3905=DIRECTION('center_axis',(0.,0.,1.));
#3906=DIRECTION('ref_axis',(1.,0.,0.));
#3907=DIRECTION('',(0.,0.,1.));
#3908=DIRECTION('center_axis',(0.,0.,1.));
#3909=DIRECTION('ref_axis',(1.,0.,0.));
#3910=DIRECTION('center_axis',(0.,0.,1.));
#3911=DIRECTION('ref_axis',(1.,0.,0.));
#3912=DIRECTION('center_axis',(0.,0.,1.));
#3913=DIRECTION('ref_axis',(1.,0.,0.));
#3914=DIRECTION('',(0.,0.,1.));
#3915=DIRECTION('center_axis',(0.,0.,1.));
#3916=DIRECTION('ref_axis',(1.,0.,0.));
#3917=DIRECTION('center_axis',(0.,0.,1.));
#3918=DIRECTION('ref_axis',(1.,0.,0.));
#3919=DIRECTION('center_axis',(0.,0.,1.));
#3920=DIRECTION('ref_axis',(1.,0.,0.));
#3921=DIRECTION('',(0.,0.,1.));
#3922=DIRECTION('center_axis',(0.,0.,1.));
#3923=DIRECTION('ref_axis',(1.,0.,0.));
#3924=DIRECTION('center_axis',(0.,0.,1.));
#3925=DIRECTION('ref_axis',(1.,0.,0.));
#3926=DIRECTION('center_axis',(0.,0.,1.));
#3927=DIRECTION('ref_axis',(1.,0.,0.));
#3928=DIRECTION('',(0.,0.,1.));
#3929=DIRECTION('center_axis',(0.,0.,1.));
#3930=DIRECTION('ref_axis',(1.,0.,0.));
#3931=DIRECTION('center_axis',(0.,0.,1.));
#3932=DIRECTION('ref_axis',(1.,0.,0.));
#3933=DIRECTION('center_axis',(0.,0.,1.));
#3934=DIRECTION('ref_axis',(1.,0.,0.));
#3935=DIRECTION('',(0.,0.,1.));
#3936=DIRECTION('center_axis',(0.,0.,1.));
#3937=DIRECTION('ref_axis',(1.,0.,0.));
#3938=DIRECTION('center_axis',(0.,0.,1.));
#3939=DIRECTION('ref_axis',(1.,0.,0.));
#3940=DIRECTION('center_axis',(0.,0.,1.));
#3941=DIRECTION('ref_axis',(1.,0.,0.));
#3942=DIRECTION('',(0.,0.,1.));
#3943=DIRECTION('center_axis',(0.,0.,1.));
#3944=DIRECTION('ref_axis',(1.,0.,0.));
#3945=DIRECTION('center_axis',(0.,0.,-1.));
#3946=DIRECTION('ref_axis',(-1.,0.,0.));
#3947=DIRECTION('center_axis',(0.,0.,1.));
#3948=DIRECTION('ref_axis',(1.,0.,0.));
#3949=DIRECTION('',(0.,0.,-1.));
#3950=DIRECTION('center_axis',(0.,0.,1.));
#3951=DIRECTION('ref_axis',(1.,0.,0.));
#3952=DIRECTION('',(0.,0.,1.));
#3953=DIRECTION('center_axis',(0.,0.,1.));
#3954=DIRECTION('ref_axis',(1.,0.,0.));
#3955=DIRECTION('',(0.11342992344072,0.993545999170764,0.));
#3956=DIRECTION('center_axis',(0.,0.,1.));
#3957=DIRECTION('ref_axis',(1.,0.,0.));
#3958=DIRECTION('',(-0.113429923440719,-0.993545999170764,0.));
#3959=DIRECTION('center_axis',(0.,0.,1.));
#3960=DIRECTION('ref_axis',(1.,0.,0.));
#3961=DIRECTION('',(0.11342992344072,0.993545999170764,0.));
#3962=DIRECTION('center_axis',(0.,0.,-1.));
#3963=DIRECTION('ref_axis',(1.,-2.08166817117217E-14,0.));
#3964=DIRECTION('',(-0.993545999170765,0.113429923440712,0.));
#3965=DIRECTION('',(-0.113429923440719,-0.993545999170764,0.));
#3966=DIRECTION('center_axis',(0.,0.,1.));
#3967=DIRECTION('ref_axis',(1.,0.,0.));
#3968=DIRECTION('center_axis',(0.,0.,1.));
#3969=DIRECTION('ref_axis',(1.,0.,0.));
#3970=DIRECTION('',(0.11342992344072,0.993545999170764,0.));
#3971=DIRECTION('',(-0.113429923440719,-0.993545999170764,0.));
#3972=DIRECTION('center_axis',(0.,0.,-1.));
#3973=DIRECTION('ref_axis',(1.,-3.46944695195361E-15,0.));
#3974=DIRECTION('',(0.993545999170764,-0.113429923440719,0.));
#3975=DIRECTION('center_axis',(0.,0.,-1.));
#3976=DIRECTION('ref_axis',(1.,3.46944695195361E-15,0.));
#3977=DIRECTION('center_axis',(0.,0.,-1.));
#3978=DIRECTION('ref_axis',(0.11342992344072,0.993545999170764,0.));
#3979=DIRECTION('',(0.,0.,1.));
#3980=DIRECTION('',(0.,0.,-1.));
#3981=DIRECTION('center_axis',(0.113429923440719,0.993545999170764,0.));
#3982=DIRECTION('ref_axis',(-0.993545999170764,0.113429923440719,0.));
#3983=DIRECTION('',(0.993545999170764,-0.113429923440719,0.));
#3984=DIRECTION('',(0.,0.,-1.));
#3985=DIRECTION('',(0.,0.,1.));
#3986=DIRECTION('center_axis',(-0.113429923440712,-0.993545999170765,0.));
#3987=DIRECTION('ref_axis',(0.993545999170765,-0.113429923440712,0.));
#3988=DIRECTION('',(0.,0.,1.));
#3989=DIRECTION('',(-0.993545999170765,0.113429923440712,0.));
#3990=DIRECTION('center_axis',(0.,0.,1.));
#3991=DIRECTION('ref_axis',(1.,0.,0.));
#3992=DIRECTION('center_axis',(0.,0.,1.));
#3993=DIRECTION('ref_axis',(1.,0.,0.));
#3994=DIRECTION('',(0.11342992344072,0.993545999170764,0.));
#3995=DIRECTION('center_axis',(0.,0.,1.));
#3996=DIRECTION('ref_axis',(1.,0.,0.));
#3997=DIRECTION('center_axis',(0.,0.,1.));
#3998=DIRECTION('ref_axis',(1.,0.,0.));
#3999=DIRECTION('',(-0.113429923440719,-0.993545999170764,0.));
#4000=DIRECTION('center_axis',(0.,0.,1.));
#4001=DIRECTION('ref_axis',(1.,0.,0.));
#4002=DIRECTION('center_axis',(0.,0.,1.));
#4003=DIRECTION('ref_axis',(1.,0.,0.));
#4004=DIRECTION('center_axis',(0.,0.,1.));
#4005=DIRECTION('ref_axis',(1.,0.,0.));
#4006=DIRECTION('center_axis',(0.,0.,1.));
#4007=DIRECTION('ref_axis',(1.,0.,0.));
#4008=DIRECTION('center_axis',(0.,0.,1.));
#4009=DIRECTION('ref_axis',(1.,0.,0.));
#4010=DIRECTION('center_axis',(0.,0.,1.));
#4011=DIRECTION('ref_axis',(1.,0.,0.));
#4012=DIRECTION('center_axis',(0.,0.,1.));
#4013=DIRECTION('ref_axis',(1.,0.,0.));
#4014=DIRECTION('center_axis',(0.,0.,1.));
#4015=DIRECTION('ref_axis',(1.,0.,0.));
#4016=DIRECTION('center_axis',(0.,0.,1.));
#4017=DIRECTION('ref_axis',(1.,0.,0.));
#4018=DIRECTION('center_axis',(0.,0.,1.));
#4019=DIRECTION('ref_axis',(1.,0.,0.));
#4020=DIRECTION('center_axis',(0.,0.,1.));
#4021=DIRECTION('ref_axis',(1.,0.,0.));
#4022=DIRECTION('center_axis',(0.,0.,1.));
#4023=DIRECTION('ref_axis',(1.,0.,0.));
#4024=DIRECTION('center_axis',(-0.993545999170764,0.113429923440719,0.));
#4025=DIRECTION('ref_axis',(-0.113429923440719,-0.993545999170764,0.));
#4026=DIRECTION('',(0.,0.,-1.));
#4027=DIRECTION('center_axis',(0.993545999170764,-0.11342992344072,0.));
#4028=DIRECTION('ref_axis',(0.11342992344072,0.993545999170764,0.));
#4029=DIRECTION('',(0.,0.,-1.));
#4030=DIRECTION('',(0.,0.,1.));
#4031=DIRECTION('center_axis',(0.,0.,1.));
#4032=DIRECTION('ref_axis',(1.,0.,0.));
#4033=DIRECTION('center_axis',(0.,0.,1.));
#4034=DIRECTION('ref_axis',(-0.782750181488827,-0.622336045379992,0.));
#4035=DIRECTION('center_axis',(0.,0.,1.));
#4036=DIRECTION('ref_axis',(1.,0.,0.));
#4037=DIRECTION('axis',(0.,0.,1.));
#4038=DIRECTION('refdir',(1.,0.,0.));
#4039=DIRECTION('center_axis',(6.12323399573677E-17,0.,1.));
#4040=DIRECTION('ref_axis',(1.,0.,0.));
#4041=DIRECTION('center_axis',(0.,0.,1.));
#4042=DIRECTION('ref_axis',(1.,0.,0.));
#4043=DIRECTION('center_axis',(1.22464679914735E-16,-1.,0.));
#4044=DIRECTION('ref_axis',(-1.,-1.22464679914735E-16,0.));
#4045=DIRECTION('center_axis',(0.,0.,1.));
#4046=DIRECTION('ref_axis',(1.,0.,0.));
#4047=DIRECTION('center_axis',(0.,0.,-1.));
#4048=DIRECTION('ref_axis',(-1.,0.,0.));
#4049=DIRECTION('',(0.,0.,-1.));
#4050=DIRECTION('center_axis',(0.,0.,1.));
#4051=DIRECTION('ref_axis',(1.,0.,0.));
#4052=DIRECTION('center_axis',(0.,0.,-1.));
#4053=DIRECTION('ref_axis',(-1.,0.,0.));
#4054=DIRECTION('',(0.,0.,-1.));
#4055=DIRECTION('center_axis',(0.,0.,-1.));
#4056=DIRECTION('ref_axis',(-1.,0.,0.));
#4057=DIRECTION('center_axis',(0.,0.,-1.));
#4058=DIRECTION('ref_axis',(-1.,0.,0.));
#4059=DIRECTION('center_axis',(0.,0.,1.));
#4060=DIRECTION('ref_axis',(1.,0.,0.));
#4061=DIRECTION('',(0.,0.,1.));
#4062=DIRECTION('center_axis',(0.,0.,1.));
#4063=DIRECTION('ref_axis',(1.,0.,0.));
#4064=DIRECTION('center_axis',(0.,0.,1.));
#4065=DIRECTION('ref_axis',(1.,0.,0.));
#4066=DIRECTION('center_axis',(0.,0.,1.));
#4067=DIRECTION('ref_axis',(1.,0.,0.));
#4068=DIRECTION('center_axis',(0.,0.,-1.));
#4069=DIRECTION('ref_axis',(-1.,0.,0.));
#4070=DIRECTION('axis',(0.,0.,1.));
#4071=DIRECTION('refdir',(1.,0.,0.));
#4072=DIRECTION('center_axis',(0.,0.,-1.));
#4073=DIRECTION('ref_axis',(-1.,0.,0.));
#4074=DIRECTION('center_axis',(0.,0.,1.));
#4075=DIRECTION('ref_axis',(1.,0.,0.));
#4076=DIRECTION('',(0.,0.,-1.));
#4077=DIRECTION('center_axis',(0.,0.,1.));
#4078=DIRECTION('ref_axis',(1.,0.,0.));
#4079=DIRECTION('center_axis',(0.,0.,-1.));
#4080=DIRECTION('ref_axis',(-1.,0.,0.));
#4081=DIRECTION('center_axis',(0.,0.,1.));
#4082=DIRECTION('ref_axis',(1.,0.,0.));
#4083=DIRECTION('',(0.,0.,1.));
#4084=DIRECTION('center_axis',(0.,0.,1.));
#4085=DIRECTION('ref_axis',(1.,0.,0.));
#4086=DIRECTION('center_axis',(0.,0.,1.));
#4087=DIRECTION('ref_axis',(1.,0.,0.));
#4088=DIRECTION('center_axis',(0.,0.,1.));
#4089=DIRECTION('ref_axis',(1.,0.,0.));
#4090=DIRECTION('',(-1.,-1.18087253428597E-16,5.06539254985228E-16));
#4091=DIRECTION('',(-5.06539254985229E-16,-1.58167371417315E-14,-1.));
#4092=DIRECTION('',(-1.88030474439199E-16,-1.,1.56919614755114E-14));
#4093=DIRECTION('',(-0.993545999170764,-1.7435965200072E-15,-0.113429923440719));
#4094=DIRECTION('',(-1.880304744392E-16,-1.,1.56919614755114E-14));
#4095=DIRECTION('',(-0.993545999170764,-1.7435965200072E-15,-0.113429923440719));
#4096=DIRECTION('',(-2.0690624649535E-17,-1.,1.57057148392696E-14));
#4097=DIRECTION('',(-9.8206165421999E-14,-1.58167371417321E-14,-1.));
#4098=DIRECTION('',(-1.2490009027033E-16,-1.,1.55986334959835E-14));
#4099=DIRECTION('',(-0.997119915094219,1.17760001393216E-15,0.0758411163057207));
#4100=DIRECTION('',(-2.01227923213309E-16,-1.,1.55431223447522E-14));
#4101=DIRECTION('',(-0.957326033424602,4.58399171748249E-15,0.289010148139332));
#4102=DIRECTION('',(-1.42247325030099E-16,-1.,1.55986334959835E-14));
#4103=DIRECTION('',(-0.862894753401045,7.94239712411125E-15,0.505383660749881));
#4104=DIRECTION('',(-1.05902671213593E-16,-1.,1.54671991663613E-14));
#4105=DIRECTION('',(-0.717248645842512,1.08315948655635E-14,0.696817321854935));
#4106=DIRECTION('',(-2.02503096695321E-16,-1.,1.573767380724E-14));
#4107=DIRECTION('',(-0.542422901254032,1.33491441558889E-14,0.840105586337312));
#4108=DIRECTION('',(-2.13776106152971E-16,-1.,1.55035222615454E-14));
#4109=DIRECTION('',(-0.370955445366165,1.45282781937002E-14,0.928650664972136));
#4110=DIRECTION('',(-1.93551871701776E-16,-1.,1.53904249545608E-14));
#4111=DIRECTION('',(-0.232009876478737,1.50911740413397E-14,0.972713430161382));
#4112=DIRECTION('',(-2.42370733745812E-16,-1.,1.55755754831209E-14));
#4113=DIRECTION('',(-0.1435590017004,1.55389839270468E-14,0.989641759946894));
#4114=DIRECTION('',(1.5574000279145E-14,-1.,3.56155061691591E-15));
#4115=DIRECTION('',(-0.113429923440719,1.86657090729652E-15,0.993545999170764));
#4116=DIRECTION('',(-1.89044201300004E-16,-1.,1.57374113740616E-14));
#4117=DIRECTION('',(-0.1435590017004,1.56914879792178E-14,0.989641759946894));
#4118=DIRECTION('',(-1.88434337577981E-16,-1.,1.58206781009085E-14));
#4119=DIRECTION('',(-0.232009876478736,1.55084997367014E-14,0.972713430161382));
#4120=DIRECTION('',(-2.06906246495395E-17,-1.,1.57057148392695E-14));
#4121=DIRECTION('',(0.0512792017843361,-1.57898725306328E-14,-0.998684356272972));
#4122=CARTESIAN_POINT('',(0.,0.,0.));
#4123=CARTESIAN_POINT('',(0.,0.,0.));
#4124=CARTESIAN_POINT('Origin',(-10.3500000000023,0.299999999999995,-23.0000000000011));
#4125=CARTESIAN_POINT('',(-10.3500000000023,0.299999999999995,-24.0000000000011));
#4126=CARTESIAN_POINT('Origin',(-10.3500000000023,0.299999999999995,-23.0000000000011));
#4127=CARTESIAN_POINT('',(-10.3500000000023,0.0999999999999854,-23.8000000000011));
#4128=CARTESIAN_POINT('',(-10.3500000000023,0.299999999999995,-24.0000000000011));
#4129=CARTESIAN_POINT('Origin',(-10.3500000000023,0.099999999999989,-23.0000000000011));
#4130=CARTESIAN_POINT('Origin',(10.3499999999974,0.299999999999995,-23.0000000000008));
#4131=CARTESIAN_POINT('',(10.3499999999974,0.299999999999996,-24.0000000000008));
#4132=CARTESIAN_POINT('Origin',(10.3499999999974,0.299999999999995,-23.0000000000008));
#4133=CARTESIAN_POINT('',(10.3499999999974,0.0999999999999866,-23.8000000000008));
#4134=CARTESIAN_POINT('',(10.3499999999974,0.299999999999995,-24.0000000000008));
#4135=CARTESIAN_POINT('Origin',(10.3499999999974,0.099999999999989,-23.0000000000008));
#4136=CARTESIAN_POINT('Origin',(-2.33146835171283E-12,2.70000000000001,
-1.11022302462516E-13));
#4137=CARTESIAN_POINT('',(-2.33358086744136E-12,2.70000000000001,-17.2500000000008));
#4138=CARTESIAN_POINT('Origin',(-2.33146835171283E-12,2.70000000000001,
-1.11022302462516E-13));
#4139=CARTESIAN_POINT('',(-2.33361760684533E-12,3.00000000000002,-17.5500000000008));
#4140=CARTESIAN_POINT('',(-2.33358086744136E-12,2.70000000000001,-17.2500000000008));
#4141=CARTESIAN_POINT('Origin',(-2.33146835171283E-12,3.,-1.11022302462516E-13));
#4142=CARTESIAN_POINT('Origin',(1.11022302462516E-13,0.,-1.11022302462516E-13));
#4143=CARTESIAN_POINT('',(1.13134818191038E-13,0.299999999999967,-17.2500000000001));
#4144=CARTESIAN_POINT('',(1.08909786733988E-13,0.299999999999982,17.2500000000006));
#4145=CARTESIAN_POINT('Origin',(1.11022302462516E-13,0.299999999999967,
-1.11022302462516E-13));
#4146=CARTESIAN_POINT('Origin',(1.11022302462516E-13,0.299999999999967,
-1.11022302462516E-13));
#4147=CARTESIAN_POINT('',(1.08873047330014E-13,-1.22308151599784E-15,17.5500000000006));
#4148=CARTESIAN_POINT('',(1.08873047330014E-13,9.51218725153273E-29,17.5500000000006));
#4149=CARTESIAN_POINT('Origin',(1.11022302462516E-13,0.,-1.11022302462516E-13));
#4150=CARTESIAN_POINT('Origin',(1.11022302462516E-13,-7.00000000000001,
-1.11022302462516E-13));
#4151=CARTESIAN_POINT('',(1.08909786733984E-13,-7.00000000000001,-17.2500000000008));
#4152=CARTESIAN_POINT('Origin',(17.6776695296638,3.,17.6776695296636));
#4153=CARTESIAN_POINT('',(17.6776695296638,-5.99520433297585E-14,14.3776695296634));
#4154=CARTESIAN_POINT('Origin',(17.6776695296638,0.,17.6776695296636));
#4155=CARTESIAN_POINT('',(17.6776695296638,3.,11.3776695296634));
#4156=CARTESIAN_POINT('',(17.6776695296638,3.,11.3776695296634));
#4157=CARTESIAN_POINT('Origin',(17.6776695296638,3.,17.6776695296636));
#4158=CARTESIAN_POINT('Origin',(17.6776695296638,3.,-17.6776695296643));
#4159=CARTESIAN_POINT('',(17.6776695296638,-5.99520433297585E-14,-20.9776695296645));
#4160=CARTESIAN_POINT('Origin',(17.6776695296638,0.,-17.6776695296643));
#4161=CARTESIAN_POINT('',(17.6776695296638,3.,-23.9776695296646));
#4162=CARTESIAN_POINT('',(17.6776695296638,3.,-23.9776695296646));
#4163=CARTESIAN_POINT('Origin',(17.6776695296638,3.,-17.6776695296643));
#4164=CARTESIAN_POINT('Origin',(-17.6776695296636,3.,-17.6776695296644));
#4165=CARTESIAN_POINT('',(-17.6776695296636,-1.28064225890512E-12,-20.9776695296634));
#4166=CARTESIAN_POINT('Origin',(-17.677669529666,0.,-17.6776695296644));
#4167=CARTESIAN_POINT('',(-17.6776695296636,3.,-23.9776695296647));
#4168=CARTESIAN_POINT('',(-17.6776695296636,3.,-23.9776695296647));
#4169=CARTESIAN_POINT('Origin',(-17.6776695296636,3.,-17.6776695296644));
#4170=CARTESIAN_POINT('Origin',(-17.6776695296636,3.,17.6776695296637));
#4171=CARTESIAN_POINT('',(-17.6776695296636,-7.32747196252603E-14,14.3776695296635));
#4172=CARTESIAN_POINT('Origin',(-17.6776695296636,0.,17.6776695296637));
#4173=CARTESIAN_POINT('',(-17.6776695296636,3.,11.3776695296634));
#4174=CARTESIAN_POINT('',(-17.6776695296636,3.,11.3776695296634));
#4175=CARTESIAN_POINT('Origin',(-17.6776695296636,3.,17.6776695296637));
#4176=CARTESIAN_POINT('Origin',(0.,3.,25.0000000000012));
#4177=CARTESIAN_POINT('',(-3.73517273739556E-16,3.,28.0500000000013));
#4178=CARTESIAN_POINT('Origin',(0.,3.,25.0000000000012));
#4179=CARTESIAN_POINT('',(-3.7351727373789E-16,0.,28.0500000000013));
#4180=CARTESIAN_POINT('',(-3.73517273739556E-16,3.,28.0500000000013));
#4181=CARTESIAN_POINT('Origin',(0.,0.,25.0000000000012));
#4182=CARTESIAN_POINT('Origin',(31.5,3.,0.));
#4183=CARTESIAN_POINT('',(31.5,3.,3.20000000000013));
#4184=CARTESIAN_POINT('Origin',(31.5,3.,0.));
#4185=CARTESIAN_POINT('',(31.5,0.,3.20000000000013));
#4186=CARTESIAN_POINT('',(31.5,3.,3.20000000000013));
#4187=CARTESIAN_POINT('Origin',(31.5,0.,0.));
#4188=CARTESIAN_POINT('Origin',(-31.5000000000024,3.,0.));
#4189=CARTESIAN_POINT('',(-31.5000000000024,3.,3.20000000000013));
#4190=CARTESIAN_POINT('Origin',(-31.5000000000024,3.,0.));
#4191=CARTESIAN_POINT('',(-31.5000000000024,0.,3.20000000000013));
#4192=CARTESIAN_POINT('',(-31.5000000000024,3.,3.20000000000013));
#4193=CARTESIAN_POINT('Origin',(-31.5,0.,0.));
#4194=CARTESIAN_POINT('Origin',(67.5,3.,22.5000000000012));
#4195=CARTESIAN_POINT('',(67.5,2.5,24.1000000000013));
#4196=CARTESIAN_POINT('Origin',(67.5,2.5,22.5000000000012));
#4197=CARTESIAN_POINT('',(67.5,0.,24.1000000000013));
#4198=CARTESIAN_POINT('',(67.5,3.,24.1000000000013));
#4199=CARTESIAN_POINT('Origin',(67.5000000000001,0.,22.5000000000012));
#4200=CARTESIAN_POINT('Origin',(67.5,3.,-22.5000000000006));
#4201=CARTESIAN_POINT('',(67.5,2.5,-20.9000000000005));
#4202=CARTESIAN_POINT('Origin',(67.5,2.5,-22.5000000000006));
#4203=CARTESIAN_POINT('',(67.5,0.,-20.9000000000005));
#4204=CARTESIAN_POINT('',(67.5,3.,-20.9000000000005));
#4205=CARTESIAN_POINT('Origin',(67.5,0.,-22.5000000000006));
#4206=CARTESIAN_POINT('Origin',(0.,0.5,0.));
#4207=CARTESIAN_POINT('',(19.3329652590173,0.,-31.5473684210539));
#4208=CARTESIAN_POINT('',(19.3329652590173,0.,31.5473684210539));
#4209=CARTESIAN_POINT('Origin',(0.,0.,0.));
#4210=CARTESIAN_POINT('',(19.5942215463013,0.5,31.9736842105275));
#4211=CARTESIAN_POINT('',(19.5942215463013,0.5,31.9736842105275));
#4212=CARTESIAN_POINT('',(19.5942215463013,0.5,-31.9736842105275));
#4213=CARTESIAN_POINT('Origin',(0.,0.5,0.));
#4214=CARTESIAN_POINT('',(19.5942215463013,0.5,-31.9736842105275));
#4215=CARTESIAN_POINT('Origin',(-2.44249065417534E-12,3.,0.));
#4216=CARTESIAN_POINT('',(19.5942215463013,2.50000000000003,31.9736842105275));
#4217=CARTESIAN_POINT('',(19.5942215462989,2.50000000000003,-31.9736842105275));
#4218=CARTESIAN_POINT('Origin',(0.,2.50000000000003,0.));
#4219=CARTESIAN_POINT('',(19.5942215463013,3.,-31.9736842105275));
#4220=CARTESIAN_POINT('',(19.5942215463013,3.,31.9736842105275));
#4221=CARTESIAN_POINT('Origin',(0.,2.50000000000003,0.));
#4222=CARTESIAN_POINT('',(19.3329652590173,3.,-31.5473684210539));
#4223=CARTESIAN_POINT('',(19.3329652590173,3.,31.5473684210539));
#4224=CARTESIAN_POINT('Origin',(-2.44249065417534E-12,3.,0.));
#4225=CARTESIAN_POINT('',(19.3329652590173,3.,-31.5473684210539));
#4226=CARTESIAN_POINT('',(19.3329652590173,3.,31.5473684210539));
#4227=CARTESIAN_POINT('Origin',(52.5,3.00000000004275,-9.00000000000031));
#4228=CARTESIAN_POINT('',(52.5,2.90000000003116,-7.4999999999847));
#4229=CARTESIAN_POINT('',(52.5,2.90000000003116,-10.5000000000093));
#4230=CARTESIAN_POINT('Origin',(52.5,2.89999999999999,-9.00000000000031));
#4231=CARTESIAN_POINT('',(52.5,3.00000000003933,-10.6000000000011));
#4232=CARTESIAN_POINT('',(52.5,3.00000000003933,-10.6000000000011));
#4233=CARTESIAN_POINT('',(52.5,3.00000000005729,-7.39999999997405));
#4234=CARTESIAN_POINT('Origin',(52.5,3.00000000005729,-9.00000000000031));
#4235=CARTESIAN_POINT('',(52.5,2.90000000003116,-7.4999999999847));
#4236=CARTESIAN_POINT('Origin',(52.5,3.00000000004275,9.));
#4237=CARTESIAN_POINT('',(52.5,2.89999999998852,10.4999999999663));
#4238=CARTESIAN_POINT('',(52.5,2.89999999998852,7.50000000002732));
#4239=CARTESIAN_POINT('Origin',(52.5,2.89999999999999,9.));
#4240=CARTESIAN_POINT('',(52.5,3.00000000002479,7.40000000000517));
#4241=CARTESIAN_POINT('',(52.5,3.00000000002479,7.40000000000517));
#4242=CARTESIAN_POINT('',(52.5,3.00000000002818,10.5999999999697));
#4243=CARTESIAN_POINT('Origin',(52.5,3.00000000002818,9.));
#4244=CARTESIAN_POINT('',(52.5,2.89999999998852,10.4999999999663));
#4245=CARTESIAN_POINT('Origin',(67.5,2.5,22.5000000000012));
#4246=CARTESIAN_POINT('',(67.5,2.5,15.4000000000009));
#4247=CARTESIAN_POINT('Origin',(67.5,2.5,22.5000000000012));
#4248=CARTESIAN_POINT('',(67.5,3.,15.4000000000009));
#4249=CARTESIAN_POINT('',(67.5,2.5,15.4000000000009));
#4250=CARTESIAN_POINT('Origin',(67.5,3.,22.5000000000012));
#4251=CARTESIAN_POINT('Origin',(67.5,2.5,-22.5000000000006));
#4252=CARTESIAN_POINT('',(67.5,2.5,-29.6000000000009));
#4253=CARTESIAN_POINT('Origin',(67.5,2.5,-22.5000000000006));
#4254=CARTESIAN_POINT('',(67.5,3.,-29.6000000000009));
#4255=CARTESIAN_POINT('',(67.5,2.5,-29.6000000000009));
#4256=CARTESIAN_POINT('Origin',(67.5,3.,-22.5000000000006));
#4257=CARTESIAN_POINT('Origin',(10.3499999999974,0.099999999999989,-23.0000000000008));
#4258=CARTESIAN_POINT('',(10.3499999999974,1.5,-24.0000000000008));
#4259=CARTESIAN_POINT('Origin',(10.3499999999999,1.5,-23.0000000000011));
#4260=CARTESIAN_POINT('',(10.3499999999974,0.099999999999989,-24.0000000000008));
#4261=CARTESIAN_POINT('Origin',(-10.3500000000023,0.099999999999989,-23.0000000000011));
#4262=CARTESIAN_POINT('',(-10.3500000000023,1.5,-24.0000000000011));
#4263=CARTESIAN_POINT('Origin',(-10.3499999999999,1.5,-23.0000000000011));
#4264=CARTESIAN_POINT('',(-10.3500000000023,0.099999999999989,-24.0000000000011));
#4265=CARTESIAN_POINT('Origin',(7.85000000000005,1.5,-25.8000000000014));
#4266=CARTESIAN_POINT('',(-9.57999999999989,1.49999999999756,-26.1500000000012));
#4267=CARTESIAN_POINT('',(-7.7499999999999,1.49999999999997,-26.1500000000015));
#4268=CARTESIAN_POINT('',(-9.57999999999989,1.49999999999756,-26.1500000000012));
#4269=CARTESIAN_POINT('',(-8.2499999999999,1.5,-25.6500000000012));
#4270=CARTESIAN_POINT('Origin',(-7.7499999999999,1.49999999999995,-25.6500000000015));
#4271=CARTESIAN_POINT('',(-8.25000000000231,1.49999999999997,-20.3500000000009));
#4272=CARTESIAN_POINT('',(-8.2499999999999,1.5,-26.3000000000014));
#4273=CARTESIAN_POINT('',(-7.75000000000231,1.49999999999995,-19.8500000000008));
#4274=CARTESIAN_POINT('Origin',(-7.75000000000231,1.49999999999995,-20.3500000000008));
#4275=CARTESIAN_POINT('',(-9.58000000000231,1.49999999999997,-19.8500000000009));
#4276=CARTESIAN_POINT('',(9.58000000000006,1.5,-19.8500000000011));
#4277=CARTESIAN_POINT('Origin',(-9.57999999999989,1.49999999999997,-23.0000000000009));
#4278=CARTESIAN_POINT('Origin',(8.25000000000004,-7.00000000000001,-26.3000000000014));
#4279=CARTESIAN_POINT('',(8.25000000000006,2.99999999999998,-20.3500000000008));
#4280=CARTESIAN_POINT('',(8.25000000000006,2.99999999999998,-25.6500000000015));
#4281=CARTESIAN_POINT('',(8.25000000000006,2.99999999999998,-26.3000000000014));
#4282=CARTESIAN_POINT('',(8.25000000000006,1.5,-25.6500000000015));
#4283=CARTESIAN_POINT('',(8.25000000000001,19.512798066954,-25.6500000000011));
#4284=CARTESIAN_POINT('',(8.25000000000006,1.49999999999995,-20.3500000000008));
#4285=CARTESIAN_POINT('',(8.25000000000006,1.5,-25.8000000000014));
#4286=CARTESIAN_POINT('',(8.24999999999765,19.512798066954,-20.3500000000008));
#4287=CARTESIAN_POINT('Origin',(-8.25000000000231,-7.00000000000001,-26.3000000000014));
#4288=CARTESIAN_POINT('',(-8.24999999999987,3.,-25.6500000000012));
#4289=CARTESIAN_POINT('',(-8.25000000000228,19.512798066954,-25.6500000000015));
#4290=CARTESIAN_POINT('',(-8.2499999999999,3.,-20.3500000000009));
#4291=CARTESIAN_POINT('',(-8.24999999999987,3.,-26.3000000000011));
#4292=CARTESIAN_POINT('',(-8.25000000000231,19.512798066954,-20.3500000000009));
#4293=CARTESIAN_POINT('Origin',(-10.3500000000023,0.099999999999989,-23.0000000000011));
#4294=CARTESIAN_POINT('Origin',(10.3499999999974,0.099999999999989,-23.0000000000008));
#4295=CARTESIAN_POINT('Origin',(7.85000000000005,1.5,-25.8000000000014));
#4296=CARTESIAN_POINT('',(7.75000000000001,1.49999999999997,-26.1500000000015));
#4297=CARTESIAN_POINT('',(9.58000000000006,1.5,-26.1500000000015));
#4298=CARTESIAN_POINT('',(-9.57999999999989,1.49999999999756,-26.1500000000012));
#4299=CARTESIAN_POINT('',(9.58000000000006,1.5,-19.8500000000011));
#4300=CARTESIAN_POINT('Origin',(9.58000000000006,1.5,-23.0000000000012));
#4301=CARTESIAN_POINT('',(7.75000000000006,1.49999999999997,-19.8500000000009));
#4302=CARTESIAN_POINT('',(9.58000000000006,1.5,-19.8500000000011));
#4303=CARTESIAN_POINT('Origin',(7.75000000000006,1.49999999999997,-20.3500000000008));
#4304=CARTESIAN_POINT('Origin',(7.75000000000001,1.49999999999997,-25.6500000000015));
#4305=CARTESIAN_POINT('Origin',(67.5,3.,22.5000000000012));
#4306=CARTESIAN_POINT('',(24.8193472919817,3.,30.0000000000013));
#4307=CARTESIAN_POINT('Origin',(24.8193472919817,3.,40.5000000000012));
#4308=CARTESIAN_POINT('',(67.4999999999999,3.,30.0000000000013));
#4309=CARTESIAN_POINT('',(67.5,3.,30.0000000000013));
#4310=CARTESIAN_POINT('',(75.,3.00000000000242,22.5000000000012));
#4311=CARTESIAN_POINT('Origin',(67.5,3.,22.5000000000012));
#4312=CARTESIAN_POINT('',(75.0000000000001,3.,-22.5000000000006));
#4313=CARTESIAN_POINT('',(75.,3.00000000000242,22.5000000000012));
#4314=CARTESIAN_POINT('',(67.4999999999999,3.,-30.0000000000013));
#4315=CARTESIAN_POINT('Origin',(67.5,3.,-22.5000000000006));
#4316=CARTESIAN_POINT('',(24.8193472919817,3.,-30.0000000000013));
#4317=CARTESIAN_POINT('',(67.5,3.,-30.0000000000013));
#4318=CARTESIAN_POINT('Origin',(24.8193472919817,3.,-40.5000000000012));
#4319=CARTESIAN_POINT('',(67.5,3.00000000000022,-7.40000000000037));
#4320=CARTESIAN_POINT('',(67.5,3.,-7.4000000000006));
#4321=CARTESIAN_POINT('',(67.5,3.00000000000047,-10.5999999999416));
#4322=CARTESIAN_POINT('',(67.5,3.,-10.6000000000003));
#4323=CARTESIAN_POINT('Origin',(67.5,3.00000000000047,-9.0000000000003));
#4324=CARTESIAN_POINT('',(67.5,2.99999999999295,2.59999999999291));
#4325=CARTESIAN_POINT('',(47.5,2.9999999999859,2.60000000001472));
#4326=CARTESIAN_POINT('',(67.5,3.,2.59999999999996));
#4327=CARTESIAN_POINT('',(47.5,2.9999999999859,-2.60000000001502));
#4328=CARTESIAN_POINT('Origin',(47.5,2.9999999999859,0.));
#4329=CARTESIAN_POINT('',(67.5,2.9999999999859,-2.60000000001502));
#4330=CARTESIAN_POINT('',(67.5,3.,-2.60000000000027));
#4331=CARTESIAN_POINT('Origin',(67.5,2.9999999999859,-3.46944695195361E-15));
#4332=CARTESIAN_POINT('',(67.5,3.00000000004252,10.6000000000431));
#4333=CARTESIAN_POINT('',(67.5,3.,10.6000000000006));
#4334=CARTESIAN_POINT('',(67.5,3.000000000039,7.40000000001938));
#4335=CARTESIAN_POINT('',(67.5,3.,7.40000000000061));
#4336=CARTESIAN_POINT('Origin',(67.5,3.00000000008505,9.0000000000006));
#4337=CARTESIAN_POINT('',(-7.7499999999999,2.99999999999998,-26.1500000000015));
#4338=CARTESIAN_POINT('Origin',(-7.7499999999999,2.99999999999998,-25.6500000000012));
#4339=CARTESIAN_POINT('',(7.75000000000003,3.,-26.1500000000014));
#4340=CARTESIAN_POINT('',(2.77555756156289E-14,3.,-26.1500000000015));
#4341=CARTESIAN_POINT('Origin',(7.75000000000003,3.,-25.6500000000015));
#4342=CARTESIAN_POINT('',(7.75000000000006,3.,-19.8500000000009));
#4343=CARTESIAN_POINT('Origin',(7.75000000000006,3.,-20.3500000000008));
#4344=CARTESIAN_POINT('',(-7.7499999999999,2.99999999999998,-19.8500000000008));
#4345=CARTESIAN_POINT('',(0.,3.,-19.8500000000009));
#4346=CARTESIAN_POINT('Origin',(-7.7499999999999,2.99999999999998,-20.3500000000008));
#4347=CARTESIAN_POINT('Origin',(67.5000000000001,0.,22.5000000000012));
#4348=CARTESIAN_POINT('',(75.,2.44249065417534E-12,22.5000000000012));
#4349=CARTESIAN_POINT('',(75.,0.,-22.5000000000009));
#4350=CARTESIAN_POINT('',(75.,2.44249065417534E-12,22.5000000000012));
#4351=CARTESIAN_POINT('',(67.5000000000001,0.,30.0000000000012));
#4352=CARTESIAN_POINT('Origin',(67.5000000000001,0.,22.5000000000012));
#4353=CARTESIAN_POINT('',(24.8193472919817,0.,30.0000000000012));
#4354=CARTESIAN_POINT('',(67.5000000000001,0.,30.0000000000012));
#4355=CARTESIAN_POINT('Origin',(24.8193472919817,0.,40.5000000000012));
#4356=CARTESIAN_POINT('',(24.8193472919817,0.,-30.0000000000012));
#4357=CARTESIAN_POINT('Origin',(24.8193472919817,0.,-40.5000000000012));
#4358=CARTESIAN_POINT('',(67.4999999999999,0.,-30.0000000000012));
#4359=CARTESIAN_POINT('',(67.5,0.,-30.0000000000012));
#4360=CARTESIAN_POINT('Origin',(67.5,0.,-22.5000000000006));
#4361=CARTESIAN_POINT('',(9.57999999999765,0.,-19.6500000000011));
#4362=CARTESIAN_POINT('',(9.58000000000006,0.,-26.3500000000015));
#4363=CARTESIAN_POINT('Origin',(9.58000000000003,0.,-23.0000000000012));
#4364=CARTESIAN_POINT('',(-9.58000000000231,-2.44249065417534E-12,-26.3500000000012));
#4365=CARTESIAN_POINT('',(-9.58000000000231,-2.44249065417534E-12,-26.3500000000012));
#4366=CARTESIAN_POINT('',(-9.58000000000231,0.,-19.6500000000008));
#4367=CARTESIAN_POINT('Origin',(-9.58000000000231,-2.44249065417534E-12,
-23.0000000000009));
#4368=CARTESIAN_POINT('',(9.57999999999765,0.,-19.6500000000011));
#4369=CARTESIAN_POINT('',(67.5,1.34836586340725E-10,7.4000000000781));
#4370=CARTESIAN_POINT('',(67.5,7.79931674799172E-11,10.5999999999226));
#4371=CARTESIAN_POINT('Origin',(67.5,1.55986334959834E-10,9.0000000000006));
#4372=CARTESIAN_POINT('',(52.5,-7.27196081129478E-12,7.39999999999333));
#4373=CARTESIAN_POINT('',(67.5,0.,7.40000000000061));
#4374=CARTESIAN_POINT('',(52.5,-7.27196081129478E-12,10.6000000000079));
#4375=CARTESIAN_POINT('Origin',(52.5,-1.45716771982052E-11,9.00000000000061));
#4376=CARTESIAN_POINT('',(67.5,0.,10.6000000000006));
#4377=CARTESIAN_POINT('',(67.5,4.99045249569008E-11,-10.6000000000011));
#4378=CARTESIAN_POINT('',(67.5,3.56936702416988E-11,-7.4000000000363));
#4379=CARTESIAN_POINT('Origin',(67.5,7.14150960590132E-11,-9.0000000000003));
#4380=CARTESIAN_POINT('',(52.5,7.27196081129478E-12,-10.5999999999929));
#4381=CARTESIAN_POINT('',(67.5,0.,-10.6000000000003));
#4382=CARTESIAN_POINT('',(52.5,7.27196081129478E-12,-7.40000000000788));
#4383=CARTESIAN_POINT('Origin',(52.5,1.45439216225896E-11,-9.00000000000015));
#4384=CARTESIAN_POINT('',(67.5,0.,-7.4000000000006));
#4385=CARTESIAN_POINT('',(67.5,-2.8421709430404E-11,-2.59999999996557));
#4386=CARTESIAN_POINT('',(67.5,0.,2.6));
#4387=CARTESIAN_POINT('Origin',(67.5,0.,-3.46944695195361E-15));
#4388=CARTESIAN_POINT('',(47.5,0.,-2.60000000000031));
#4389=CARTESIAN_POINT('',(67.5,0.,-2.60000000000031));
#4390=CARTESIAN_POINT('',(47.5,0.,2.6));
#4391=CARTESIAN_POINT('Origin',(47.5,0.,0.));
#4392=CARTESIAN_POINT('',(67.5,0.,2.6));
#4393=CARTESIAN_POINT('Origin',(67.5,0.5,-22.5000000000006));
#4394=CARTESIAN_POINT('',(75.5,0.5,-22.5000000000009));
#4395=CARTESIAN_POINT('',(75.5,0.5,-22.5000000000009));
#4396=CARTESIAN_POINT('',(67.4999999999999,0.5,-30.5000000000012));
#4397=CARTESIAN_POINT('',(67.4999999999999,0.5,-30.5000000000012));
#4398=CARTESIAN_POINT('Origin',(67.5,0.5,-22.5000000000006));
#4399=CARTESIAN_POINT('Origin',(75.5,0.5,-22.5000000000009));
#4400=CARTESIAN_POINT('',(75.5,0.5,22.5000000000012));
#4401=CARTESIAN_POINT('',(75.5,0.5,-22.5000000000009));
#4402=CARTESIAN_POINT('',(75.5,0.5,22.5000000000012));
#4403=CARTESIAN_POINT('Origin',(67.5,0.500000000000028,22.5000000000012));
#4404=CARTESIAN_POINT('',(67.5,0.500000000000028,30.5000000000012));
#4405=CARTESIAN_POINT('Origin',(67.5,0.500000000000028,22.5000000000012));
#4406=CARTESIAN_POINT('',(67.5,0.500000000000028,30.5000000000012));
#4407=CARTESIAN_POINT('Origin',(24.8193472919793,0.5,30.5000000000012));
#4408=CARTESIAN_POINT('',(24.8193472919793,0.5,30.5000000000012));
#4409=CARTESIAN_POINT('',(24.8193472919793,0.5,30.5000000000012));
#4410=CARTESIAN_POINT('',(24.8193472919793,0.5,30.5000000000012));
#4411=CARTESIAN_POINT('Origin',(24.8193472919817,0.,40.5000000000012));
#4412=CARTESIAN_POINT('Origin',(24.8193472919817,0.5,40.5000000000012));
#4413=CARTESIAN_POINT('Origin',(24.8193472919817,0.,-40.5000000000012));
#4414=CARTESIAN_POINT('',(24.8193472919817,0.5,-30.5000000000012));
#4415=CARTESIAN_POINT('Origin',(24.8193472919817,0.5,-40.5000000000012));
#4416=CARTESIAN_POINT('',(24.8193472919817,0.5,-30.5000000000012));
#4417=CARTESIAN_POINT('Origin',(24.8193472919817,0.5,-30.5000000000012));
#4418=CARTESIAN_POINT('',(24.8193472919817,0.5,-30.5000000000012));
#4419=CARTESIAN_POINT('Origin',(67.5,0.,2.6));
#4420=CARTESIAN_POINT('',(67.5,0.0999999999795054,2.49999999999943));
#4421=CARTESIAN_POINT('',(67.5,0.,2.6));
#4422=CARTESIAN_POINT('',(47.5,0.0999999999795054,2.49999999999943));
#4423=CARTESIAN_POINT('',(47.5,0.,2.6));
#4424=CARTESIAN_POINT('',(67.5,0.100000000000017,2.5));
#4425=CARTESIAN_POINT('Origin',(67.5,0.,-3.46944695195361E-15));
#4426=CARTESIAN_POINT('',(67.5,0.0999999999385381,-2.49999999999917));
#4427=CARTESIAN_POINT('Origin',(67.5,0.0999999999180545,-3.46944695195361E-15));
#4428=CARTESIAN_POINT('',(67.5,-2.8421709430404E-11,-2.59999999996557));
#4429=CARTESIAN_POINT('Origin',(67.5,0.,-2.60000000000031));
#4430=CARTESIAN_POINT('',(47.5,0.0999999999795054,-2.49999999999973));
#4431=CARTESIAN_POINT('',(67.5,0.100000000000017,-2.50000000000031));
#4432=CARTESIAN_POINT('',(47.5,0.,-2.60000000000031));
#4433=CARTESIAN_POINT('Origin',(47.5,0.,0.));
#4434=CARTESIAN_POINT('Origin',(47.5,0.0999999999180545,0.));
#4435=CARTESIAN_POINT('Origin',(67.5,0.,-7.4000000000006));
#4436=CARTESIAN_POINT('',(67.5,0.100000000022166,-7.49999999999162));
#4437=CARTESIAN_POINT('',(67.5,0.,-7.4000000000006));
#4438=CARTESIAN_POINT('',(52.5,0.100000000007927,-7.50000000000584));
#4439=CARTESIAN_POINT('',(52.5,0.,-7.40000000000061));
#4440=CARTESIAN_POINT('',(67.5,0.100000000000017,-7.50000000000061));
#4441=CARTESIAN_POINT('Origin',(67.5,2.27373675443232E-10,-9.0000000000003));
#4442=CARTESIAN_POINT('',(67.5,0.100000000109068,-10.4999999999756));
#4443=CARTESIAN_POINT('Origin',(67.5,0.100000000088585,-9.0000000000003));
#4444=CARTESIAN_POINT('',(67.5,4.99045249569008E-11,-10.6000000000011));
#4445=CARTESIAN_POINT('Origin',(67.5,0.,-10.6000000000003));
#4446=CARTESIAN_POINT('',(52.5,0.100000000007927,-10.4999999999949));
#4447=CARTESIAN_POINT('',(67.5,0.100000000000017,-10.5000000000003));
#4448=CARTESIAN_POINT('',(52.5,0.,-10.6000000000002));
#4449=CARTESIAN_POINT('Origin',(52.5,-5.6843418860808E-11,-9.00000000000015));
#4450=CARTESIAN_POINT('Origin',(52.5,0.100000000031741,-9.00000000000015));
#4451=CARTESIAN_POINT('Origin',(67.5,0.,10.6000000000006));
#4452=CARTESIAN_POINT('',(67.5,0.099999999993744,10.5000000000165));
#4453=CARTESIAN_POINT('',(67.5,0.,10.6000000000006));
#4454=CARTESIAN_POINT('',(52.5,0.100000000007927,10.5000000000023));
#4455=CARTESIAN_POINT('',(52.5,0.,10.6000000000006));
#4456=CARTESIAN_POINT('',(67.5,0.100000000000017,10.5000000000006));
#4457=CARTESIAN_POINT('Origin',(67.5,2.27373675443232E-10,9.0000000000006));
#4458=CARTESIAN_POINT('',(67.5,0.10000000004512,7.50000000001141));
#4459=CARTESIAN_POINT('Origin',(67.5,0.0999999999748979,9.0000000000006));
#4460=CARTESIAN_POINT('',(67.5,1.34836586340725E-10,7.4000000000781));
#4461=CARTESIAN_POINT('Origin',(67.5,0.,7.40000000000061));
#4462=CARTESIAN_POINT('',(52.5,0.100000000007927,7.4999999999989));
#4463=CARTESIAN_POINT('',(67.5,0.100000000000017,7.50000000000061));
#4464=CARTESIAN_POINT('',(52.5,0.,7.40000000000061));
#4465=CARTESIAN_POINT('Origin',(52.5,0.,9.00000000000061));
#4466=CARTESIAN_POINT('Origin',(52.5,0.100000000031741,9.00000000000061));
#4467=CARTESIAN_POINT('Origin',(67.5,2.5,22.5000000000012));
#4468=CARTESIAN_POINT('Origin',(67.5,2.5,-22.5000000000006));
#4469=CARTESIAN_POINT('Origin',(67.5,3.,-22.5000000000006));
#4470=CARTESIAN_POINT('',(67.5,2.50000000000003,-30.5000000000012));
#4471=CARTESIAN_POINT('',(67.5,3.,-30.5000000000012));
#4472=CARTESIAN_POINT('',(75.5,2.50000000000003,-22.5000000000009));
#4473=CARTESIAN_POINT('Origin',(67.5,2.50000000000003,-22.5000000000006));
#4474=CARTESIAN_POINT('',(75.5,3.,-22.5000000000009));
#4475=CARTESIAN_POINT('Origin',(75.5,3.,-22.5000000000009));
#4476=CARTESIAN_POINT('',(75.5,2.50000000000003,22.5000000000012));
#4477=CARTESIAN_POINT('',(75.5,2.50000000000003,-22.5000000000009));
#4478=CARTESIAN_POINT('',(75.5,3.,22.5000000000012));
#4479=CARTESIAN_POINT('Origin',(67.5,3.,22.5000000000012));
#4480=CARTESIAN_POINT('',(67.4999999999999,2.50000000000003,30.5000000000012));
#4481=CARTESIAN_POINT('Origin',(67.5,2.50000000000003,22.5000000000012));
#4482=CARTESIAN_POINT('',(67.4999999999999,3.,30.5000000000012));
#4483=CARTESIAN_POINT('Origin',(24.8193472919817,3.,30.5000000000012));
#4484=CARTESIAN_POINT('',(24.8193472919817,2.50000000000003,30.5000000000012));
#4485=CARTESIAN_POINT('',(24.8193472919817,2.50000000000003,30.5000000000012));
#4486=CARTESIAN_POINT('',(24.8193472919817,3.,30.5000000000012));
#4487=CARTESIAN_POINT('Origin',(24.8193472919817,3.,40.5000000000012));
#4488=CARTESIAN_POINT('Origin',(24.8193472919817,2.50000000000003,40.5000000000012));
#4489=CARTESIAN_POINT('Origin',(24.8193472919817,3.,-40.5000000000012));
#4490=CARTESIAN_POINT('',(24.8193472919817,2.50000000000003,-30.5000000000012));
#4491=CARTESIAN_POINT('Origin',(24.8193472919817,2.50000000000003,-40.5000000000012));
#4492=CARTESIAN_POINT('',(24.8193472919817,3.,-30.5000000000012));
#4493=CARTESIAN_POINT('Origin',(24.8193472919817,3.,-30.5000000000012));
#4494=CARTESIAN_POINT('',(24.8193472919817,2.50000000000003,-30.5000000000012));
#4495=CARTESIAN_POINT('Origin',(47.5,3.,2.5));
#4496=CARTESIAN_POINT('',(47.5,2.900000000017,2.50000000002786));
#4497=CARTESIAN_POINT('',(47.5,3.,2.5));
#4498=CARTESIAN_POINT('',(67.5,2.90000000000004,2.5));
#4499=CARTESIAN_POINT('',(47.5,2.90000000000004,2.5));
#4500=CARTESIAN_POINT('',(67.5,3.,2.5));
#4501=CARTESIAN_POINT('Origin',(67.5,3.,-3.46944695195361E-15));
#4502=CARTESIAN_POINT('',(67.5,2.900000000017,-2.50000000002816));
#4503=CARTESIAN_POINT('Origin',(67.5,2.90000000000004,-3.46944695195361E-15));
#4504=CARTESIAN_POINT('',(67.5,3.,-2.50000000000031));
#4505=CARTESIAN_POINT('Origin',(47.5,3.,-2.5000000000003));
#4506=CARTESIAN_POINT('',(47.5,2.90000000001697,-2.50000000002816));
#4507=CARTESIAN_POINT('',(47.5,2.90000000000004,-2.5000000000003));
#4508=CARTESIAN_POINT('',(47.5,3.,-2.5000000000003));
#4509=CARTESIAN_POINT('Origin',(47.5,3.,0.));
#4510=CARTESIAN_POINT('Origin',(47.5,2.90000000000004,0.));
#4511=CARTESIAN_POINT('Origin',(52.5,3.,-7.50000000000061));
#4512=CARTESIAN_POINT('',(52.5,3.,-7.50000000000061));
#4513=CARTESIAN_POINT('',(67.5,2.89999999999999,-7.5000000000006));
#4514=CARTESIAN_POINT('',(52.5,2.89999999999999,-7.50000000000061));
#4515=CARTESIAN_POINT('',(67.5,3.,-7.5000000000006));
#4516=CARTESIAN_POINT('Origin',(67.5,3.,-9.0000000000003));
#4517=CARTESIAN_POINT('',(67.5,2.90000000001694,-10.4999999999951));
#4518=CARTESIAN_POINT('Origin',(67.5,2.89999999999999,-9.0000000000003));
#4519=CARTESIAN_POINT('',(67.5,3.,-10.5000000000003));
#4520=CARTESIAN_POINT('Origin',(52.5,3.,-10.5000000000003));
#4521=CARTESIAN_POINT('',(52.5,2.89999999999999,-10.5000000000003));
#4522=CARTESIAN_POINT('',(52.5,3.,-10.5000000000003));
#4523=CARTESIAN_POINT('Origin',(52.5,3.,-9.00000000000031));
#4524=CARTESIAN_POINT('Origin',(52.5,3.,10.5));
#4525=CARTESIAN_POINT('',(52.5,3.,10.5));
#4526=CARTESIAN_POINT('',(67.5,2.89999999999999,10.5000000000006));
#4527=CARTESIAN_POINT('',(52.5,2.89999999999999,10.5));
#4528=CARTESIAN_POINT('',(67.5,3.,10.5000000000006));
#4529=CARTESIAN_POINT('Origin',(67.5,3.,9.0000000000006));
#4530=CARTESIAN_POINT('',(67.5,2.90000000001697,7.50000000001311));
#4531=CARTESIAN_POINT('Origin',(67.5,2.89999999999999,9.0000000000006));
#4532=CARTESIAN_POINT('',(67.5,3.,7.50000000000061));
#4533=CARTESIAN_POINT('Origin',(52.5,3.,7.50000000000061));
#4534=CARTESIAN_POINT('',(52.5,2.89999999999999,7.50000000000061));
#4535=CARTESIAN_POINT('',(52.5,3.,7.50000000000061));
#4536=CARTESIAN_POINT('Origin',(52.5,3.,9.));
#4537=CARTESIAN_POINT('Origin',(67.5,3.,30.0000000000013));
#4538=CARTESIAN_POINT('',(67.4999999999999,3.,30.0000000000013));
#4539=CARTESIAN_POINT('',(24.8193472919817,3.,30.0000000000013));
#4540=CARTESIAN_POINT('Origin',(24.8193472919817,3.,40.5000000000012));
#4541=CARTESIAN_POINT('Origin',(24.8193472919817,3.,-40.5000000000012));
#4542=CARTESIAN_POINT('',(24.8193472919817,3.,-30.0000000000013));
#4543=CARTESIAN_POINT('Origin',(67.5,3.,-30.0000000000013));
#4544=CARTESIAN_POINT('',(67.4999999999999,3.,-30.0000000000013));
#4545=CARTESIAN_POINT('Origin',(67.5,2.50000000000003,-22.5000000000006));
#4546=CARTESIAN_POINT('',(75.0000000000001,3.,-22.5000000000006));
#4547=CARTESIAN_POINT('Origin',(75.,3.00000000000242,22.5000000000012));
#4548=CARTESIAN_POINT('',(75.,3.00000000000242,22.5000000000012));
#4549=CARTESIAN_POINT('Origin',(67.5,2.50000000000003,22.5000000000012));
#4550=CARTESIAN_POINT('Origin',(52.5,2.89999999999999,-7.50000000000061));
#4551=CARTESIAN_POINT('',(67.5,2.89999999999999,-7.50000000000061));
#4552=CARTESIAN_POINT('Origin',(67.5,3.00000000004275,-9.0000000000003));
#4553=CARTESIAN_POINT('',(67.5,2.90000000001694,-10.4999999999951));
#4554=CARTESIAN_POINT('Origin',(52.5,2.89999999999999,-10.5000000000003));
#4555=CARTESIAN_POINT('Origin',(47.5,2.9999999999859,0.));
#4556=CARTESIAN_POINT('',(47.5,2.900000000017,2.50000000002786));
#4557=CARTESIAN_POINT('',(47.5,2.9999999999859,-2.60000000001502));
#4558=CARTESIAN_POINT('Origin',(47.5,2.90000000000004,2.5));
#4559=CARTESIAN_POINT('',(67.5,2.90000000000004,2.5));
#4560=CARTESIAN_POINT('Origin',(67.5,2.9999999999859,-3.46944695195361E-15));
#4561=CARTESIAN_POINT('',(67.5,2.900000000017,-2.50000000002816));
#4562=CARTESIAN_POINT('Origin',(47.5,2.90000000000004,-2.5000000000003));
#4563=CARTESIAN_POINT('Origin',(52.5,2.89999999999999,10.5));
#4564=CARTESIAN_POINT('',(67.5,2.89999999999999,10.5000000000006));
#4565=CARTESIAN_POINT('Origin',(67.5,3.00000000004275,9.0000000000006));
#4566=CARTESIAN_POINT('',(67.5,2.90000000001697,7.50000000001311));
#4567=CARTESIAN_POINT('Origin',(52.5,2.89999999999999,7.50000000000061));
#4568=CARTESIAN_POINT('Origin',(-7.75000000000231,19.512798066954,-20.3500000000008));
#4569=CARTESIAN_POINT('',(-7.75000000000231,19.512798066954,-19.8500000000008));
#4570=CARTESIAN_POINT('Origin',(-2.44249065417534E-12,19.512798066954,-19.8500000000012));
#4571=CARTESIAN_POINT('',(9.57999999999765,0.200000000000061,-19.8500000000012));
#4572=CARTESIAN_POINT('',(9.58000000000006,-27.2677465148845,-19.8500000000012));
#4573=CARTESIAN_POINT('',(-9.58000000000231,0.200000000000033,-19.8500000000009));
#4574=CARTESIAN_POINT('',(-9.58000000000231,0.200000000000033,-19.8500000000009));
#4575=CARTESIAN_POINT('',(-9.57999999999989,-27.2677465148845,-19.8500000000012));
#4576=CARTESIAN_POINT('',(7.74999999999765,19.512798066954,-19.8500000000009));
#4577=CARTESIAN_POINT('Origin',(7.74999999999765,19.512798066954,-20.3500000000008));
#4578=CARTESIAN_POINT('Origin',(-7.75000000000231,19.512798066954,-25.6500000000015));
#4579=CARTESIAN_POINT('',(-7.75000000000234,19.512798066954,-26.1500000000014));
#4580=CARTESIAN_POINT('Origin',(7.75000000000001,19.512798066954,-25.6500000000011));
#4581=CARTESIAN_POINT('',(7.75000000000001,19.512798066954,-26.1500000000012));
#4582=CARTESIAN_POINT('Origin',(-2.41473507855972E-12,19.512798066954,-26.1500000000015));
#4583=CARTESIAN_POINT('',(-9.58000000000231,0.199999999997619,-26.1500000000012));
#4584=CARTESIAN_POINT('',(-9.57999999999987,-27.2677465148845,-26.1500000000015));
#4585=CARTESIAN_POINT('',(9.57999999999765,0.200000000000061,-26.1500000000014));
#4586=CARTESIAN_POINT('',(9.57999999999765,0.200000000000061,-26.1500000000015));
#4587=CARTESIAN_POINT('',(9.58000000000009,-27.2677465148845,-26.1500000000014));
#4588=CARTESIAN_POINT('Origin',(-9.57999999999987,-27.2677465148845,-23.0000000000012));
#4589=CARTESIAN_POINT('Origin',(-9.58000000000231,0.199999999997619,-23.0000000000009));
#4590=CARTESIAN_POINT('Origin',(9.58000000000006,-27.2677465148845,-23.0000000000012));
#4591=CARTESIAN_POINT('Origin',(9.57999999999765,0.200000000000061,-23.0000000000012));
#4592=CARTESIAN_POINT('Origin',(67.5,0.,-19.6500000000008));
#4593=CARTESIAN_POINT('',(-9.58000000000231,0.200000000000033,-19.8500000000009));
#4594=CARTESIAN_POINT('',(9.57999999999765,0.,-19.6500000000011));
#4595=CARTESIAN_POINT('Origin',(9.58000000000003,0.,-23.0000000000012));
#4596=CARTESIAN_POINT('',(9.58000000000006,0.,-26.3500000000015));
#4597=CARTESIAN_POINT('Origin',(-9.58000000000231,-2.44249065417534E-12,
-23.0000000000009));
#4598=CARTESIAN_POINT('',(-9.58000000000231,0.199999999997619,-26.1500000000012));
#4599=CARTESIAN_POINT('Origin',(67.5000000000001,0.,-26.3500000000015));
#4600=CARTESIAN_POINT('',(0.,0.,0.));
#4601=CARTESIAN_POINT('Origin',(274.965587958324,-7.6743377598142,1.5));
#4602=CARTESIAN_POINT('',(273.965587958324,-7.6743377598142,1.3));
#4603=CARTESIAN_POINT('Origin',(274.965587958324,-7.6743377598142,1.3));
#4604=CARTESIAN_POINT('',(273.765587958324,-7.6743377598142,1.5));
#4605=CARTESIAN_POINT('',(273.765587958324,-7.6743377598142,1.5));
#4606=CARTESIAN_POINT('Origin',(274.965587958324,-7.6743377598142,1.5));
#4607=CARTESIAN_POINT('Origin',(274.965587958324,-7.6743377598142,1.5));
#4608=CARTESIAN_POINT('',(273.965587958324,-7.6743377598142,0.1));
#4609=CARTESIAN_POINT('Origin',(274.965587958324,-7.6743377598142,0.1));
#4610=CARTESIAN_POINT('',(273.965587958324,-7.6743377598142,1.5));
#4611=CARTESIAN_POINT('Origin',(277.313587373546,12.8920644230204,1.5));
#4612=CARTESIAN_POINT('',(276.313587373547,12.8920644230204,1.3));
#4613=CARTESIAN_POINT('Origin',(277.313587373546,12.8920644230204,1.3));
#4614=CARTESIAN_POINT('',(276.113587373546,12.8920644230204,1.5));
#4615=CARTESIAN_POINT('',(276.113587373546,12.8920644230204,1.5));
#4616=CARTESIAN_POINT('Origin',(277.313587373546,12.8920644230204,1.5));
#4617=CARTESIAN_POINT('Origin',(277.313587373546,12.8920644230204,1.5));
#4618=CARTESIAN_POINT('',(276.313587373546,12.8920644230204,0.1));
#4619=CARTESIAN_POINT('Origin',(277.313587373546,12.8920644230204,0.1));
#4620=CARTESIAN_POINT('',(276.313587373546,12.8920644230204,1.5));
#4621=CARTESIAN_POINT('Origin',(279.651566470403,10.0082555280587,0.));
#4622=CARTESIAN_POINT('',(279.708281432123,10.505028527644,1.5));
#4623=CARTESIAN_POINT('',(280.148339469989,9.95154056633831,1.5));
#4624=CARTESIAN_POINT('Origin',(279.651566470403,10.0082555280587,1.5));
#4625=CARTESIAN_POINT('',(279.708281432123,10.505028527644,2.9));
#4626=CARTESIAN_POINT('',(279.708281432123,10.505028527644,3.1));
#4627=CARTESIAN_POINT('',(280.148339469989,9.95154056633831,2.9));
#4628=CARTESIAN_POINT('Origin',(279.651566470403,10.0082555280587,2.9));
#4629=CARTESIAN_POINT('',(280.148339469989,9.95154056633831,0.));
#4630=CARTESIAN_POINT('Origin',(275.598064260837,9.06193642910724,0.));
#4631=CARTESIAN_POINT('',(274.848064260837,9.06193642910724,0.1));
#4632=CARTESIAN_POINT('Origin',(275.598064260837,9.06193642910724,0.1));
#4633=CARTESIAN_POINT('',(274.848064260837,9.06193642910724,1.3));
#4634=CARTESIAN_POINT('',(274.848064260837,9.06193642910724,0.));
#4635=CARTESIAN_POINT('Origin',(275.598064260837,9.06193642910724,1.3));
#4636=CARTESIAN_POINT('Origin',(276.969223076573,-1.32060292800716,0.));
#4637=CARTESIAN_POINT('',(276.219223076573,-1.32060292800716,0.1));
#4638=CARTESIAN_POINT('Origin',(276.969223076573,-1.32060292800716,0.1));
#4639=CARTESIAN_POINT('',(276.219223076573,-1.32060292800716,1.3));
#4640=CARTESIAN_POINT('',(276.219223076573,-1.32060292800716,0.));
#4641=CARTESIAN_POINT('Origin',(276.969223076573,-1.32060292800716,1.3));
#4642=CARTESIAN_POINT('Origin',(274.15750423314,-3.55609776036147,0.));
#4643=CARTESIAN_POINT('',(273.40750423314,-3.55609776036147,0.1));
#4644=CARTESIAN_POINT('Origin',(274.15750423314,-3.55609776036147,0.1));
#4645=CARTESIAN_POINT('',(273.40750423314,-3.55609776036147,1.3));
#4646=CARTESIAN_POINT('',(273.40750423314,-3.55609776036147,0.));
#4647=CARTESIAN_POINT('Origin',(274.15750423314,-3.55609776036147,1.3));
#4648=CARTESIAN_POINT('Origin',(276.681111071033,-3.8442097659009,0.));
#4649=CARTESIAN_POINT('',(275.931111071034,-3.8442097659009,0.1));
#4650=CARTESIAN_POINT('Origin',(276.681111071033,-3.8442097659009,0.1));
#4651=CARTESIAN_POINT('',(275.931111071034,-3.8442097659009,1.3));
#4652=CARTESIAN_POINT('',(275.931111071034,-3.8442097659009,0.));
#4653=CARTESIAN_POINT('Origin',(276.681111071033,-3.8442097659009,1.3));
#4654=CARTESIAN_POINT('Origin',(278.121671098731,8.77382442356781,0.));
#4655=CARTESIAN_POINT('',(277.371671098731,8.77382442356781,0.1));
#4656=CARTESIAN_POINT('Origin',(278.121671098731,8.77382442356781,0.1));
#4657=CARTESIAN_POINT('',(277.371671098731,8.77382442356781,1.3));
#4658=CARTESIAN_POINT('',(277.371671098731,8.77382442356781,0.));
#4659=CARTESIAN_POINT('Origin',(278.121671098731,8.77382442356781,1.3));
#4660=CARTESIAN_POINT('Origin',(277.833559093191,6.25021758567407,0.));
#4661=CARTESIAN_POINT('',(277.083559093191,6.25021758567407,0.1));
#4662=CARTESIAN_POINT('Origin',(277.833559093191,6.25021758567407,0.1));
#4663=CARTESIAN_POINT('',(277.083559093191,6.25021758567407,1.3));
#4664=CARTESIAN_POINT('',(277.083559093191,6.25021758567407,0.));
#4665=CARTESIAN_POINT('Origin',(277.833559093191,6.25021758567407,1.3));
#4666=CARTESIAN_POINT('Origin',(275.309952255298,6.5383295912135,0.));
#4667=CARTESIAN_POINT('',(274.559952255298,6.5383295912135,0.1));
#4668=CARTESIAN_POINT('Origin',(275.309952255298,6.5383295912135,0.1));
#4669=CARTESIAN_POINT('',(274.559952255298,6.5383295912135,1.3));
#4670=CARTESIAN_POINT('',(274.559952255298,6.5383295912135,0.));
#4671=CARTESIAN_POINT('Origin',(275.309952255298,6.5383295912135,1.3));
#4672=CARTESIAN_POINT('Origin',(275.021840249758,4.01472275331975,0.));
#4673=CARTESIAN_POINT('',(274.271840249758,4.01472275331975,0.1));
#4674=CARTESIAN_POINT('Origin',(275.021840249758,4.01472275331975,0.1));
#4675=CARTESIAN_POINT('',(274.271840249758,4.01472275331975,1.3));
#4676=CARTESIAN_POINT('',(274.271840249758,4.01472275331975,0.));
#4677=CARTESIAN_POINT('Origin',(275.021840249758,4.01472275331975,1.3));
#4678=CARTESIAN_POINT('Origin',(274.445616238679,-1.03249092246773,0.));
#4679=CARTESIAN_POINT('',(273.695616238679,-1.03249092246773,0.1));
#4680=CARTESIAN_POINT('Origin',(274.445616238679,-1.03249092246773,0.1));
#4681=CARTESIAN_POINT('',(273.695616238679,-1.03249092246773,1.3));
#4682=CARTESIAN_POINT('',(273.695616238679,-1.03249092246773,0.));
#4683=CARTESIAN_POINT('Origin',(274.445616238679,-1.03249092246773,1.3));
#4684=CARTESIAN_POINT('Origin',(277.257335082112,1.20300390988658,0.));
#4685=CARTESIAN_POINT('',(276.507335082112,1.20300390988658,0.1));
#4686=CARTESIAN_POINT('Origin',(277.257335082112,1.20300390988658,0.1));
#4687=CARTESIAN_POINT('',(276.507335082112,1.20300390988658,1.3));
#4688=CARTESIAN_POINT('',(276.507335082112,1.20300390988658,0.));
#4689=CARTESIAN_POINT('Origin',(277.257335082112,1.20300390988658,1.3));
#4690=CARTESIAN_POINT('Origin',(274.733728244219,1.49111591542601,0.));
#4691=CARTESIAN_POINT('',(273.983728244219,1.49111591542601,0.1));
#4692=CARTESIAN_POINT('Origin',(274.733728244219,1.49111591542601,0.1));
#4693=CARTESIAN_POINT('',(273.983728244219,1.49111591542601,1.3));
#4694=CARTESIAN_POINT('',(273.983728244219,1.49111591542601,0.));
#4695=CARTESIAN_POINT('Origin',(274.733728244219,1.49111591542601,1.3));
#4696=CARTESIAN_POINT('Origin',(277.545447087652,3.72661074778033,0.));
#4697=CARTESIAN_POINT('',(276.795447087652,3.72661074778033,0.1));
#4698=CARTESIAN_POINT('Origin',(277.545447087652,3.72661074778033,0.1));
#4699=CARTESIAN_POINT('',(276.795447087652,3.72661074778033,1.3));
#4700=CARTESIAN_POINT('',(276.795447087652,3.72661074778033,0.));
#4701=CARTESIAN_POINT('Origin',(277.545447087652,3.72661074778033,1.3));
#4702=CARTESIAN_POINT('Origin',(277.545447087652,3.72661074778033,1.3));
#4703=CARTESIAN_POINT('',(276.545447087652,3.72661074778033,1.3));
#4704=CARTESIAN_POINT('Origin',(277.545447087652,3.72661074778033,1.3));
#4705=CARTESIAN_POINT('',(276.545447087652,3.72661074778033,2.9));
#4706=CARTESIAN_POINT('',(276.545447087652,3.72661074778033,1.3));
#4707=CARTESIAN_POINT('Origin',(277.545447087652,3.72661074778033,2.9));
#4708=CARTESIAN_POINT('Origin',(274.733728244219,1.49111591542601,1.3));
#4709=CARTESIAN_POINT('',(273.733728244219,1.49111591542601,1.3));
#4710=CARTESIAN_POINT('Origin',(274.733728244219,1.49111591542601,1.3));
#4711=CARTESIAN_POINT('',(273.733728244219,1.49111591542601,2.9));
#4712=CARTESIAN_POINT('',(273.733728244219,1.49111591542601,1.3));
#4713=CARTESIAN_POINT('Origin',(274.733728244219,1.49111591542601,2.9));
#4714=CARTESIAN_POINT('Origin',(277.257335082112,1.20300390988658,1.3));
#4715=CARTESIAN_POINT('',(276.257335082112,1.20300390988658,1.3));
#4716=CARTESIAN_POINT('Origin',(277.257335082112,1.20300390988658,1.3));
#4717=CARTESIAN_POINT('',(276.257335082112,1.20300390988658,2.9));
#4718=CARTESIAN_POINT('',(276.257335082112,1.20300390988658,1.3));
#4719=CARTESIAN_POINT('Origin',(277.257335082112,1.20300390988658,2.9));
#4720=CARTESIAN_POINT('Origin',(274.445616238679,-1.03249092246773,1.3));
#4721=CARTESIAN_POINT('',(273.445616238679,-1.03249092246773,1.3));
#4722=CARTESIAN_POINT('Origin',(274.445616238679,-1.03249092246773,1.3));
#4723=CARTESIAN_POINT('',(273.445616238679,-1.03249092246773,2.9));
#4724=CARTESIAN_POINT('',(273.445616238679,-1.03249092246773,1.3));
#4725=CARTESIAN_POINT('Origin',(274.445616238679,-1.03249092246773,2.9));
#4726=CARTESIAN_POINT('Origin',(275.021840249758,4.01472275331975,1.3));
#4727=CARTESIAN_POINT('',(274.021840249758,4.01472275331975,1.3));
#4728=CARTESIAN_POINT('Origin',(275.021840249758,4.01472275331975,1.3));
#4729=CARTESIAN_POINT('',(274.021840249758,4.01472275331975,2.9));
#4730=CARTESIAN_POINT('',(274.021840249758,4.01472275331975,1.3));
#4731=CARTESIAN_POINT('Origin',(275.021840249758,4.01472275331975,2.9));
#4732=CARTESIAN_POINT('Origin',(275.309952255298,6.5383295912135,1.3));
#4733=CARTESIAN_POINT('',(274.309952255298,6.5383295912135,1.3));
#4734=CARTESIAN_POINT('Origin',(275.309952255298,6.5383295912135,1.3));
#4735=CARTESIAN_POINT('',(274.309952255298,6.5383295912135,2.9));
#4736=CARTESIAN_POINT('',(274.309952255298,6.5383295912135,1.3));
#4737=CARTESIAN_POINT('Origin',(275.309952255298,6.5383295912135,2.9));
#4738=CARTESIAN_POINT('Origin',(277.833559093191,6.25021758567407,1.3));
#4739=CARTESIAN_POINT('',(276.833559093191,6.25021758567407,1.3));
#4740=CARTESIAN_POINT('Origin',(277.833559093191,6.25021758567407,1.3));
#4741=CARTESIAN_POINT('',(276.833559093191,6.25021758567407,2.9));
#4742=CARTESIAN_POINT('',(276.833559093191,6.25021758567407,1.3));
#4743=CARTESIAN_POINT('Origin',(277.833559093191,6.25021758567407,2.9));
#4744=CARTESIAN_POINT('Origin',(278.121671098731,8.77382442356781,1.3));
#4745=CARTESIAN_POINT('',(277.121671098731,8.77382442356781,1.3));
#4746=CARTESIAN_POINT('Origin',(278.121671098731,8.77382442356781,1.3));
#4747=CARTESIAN_POINT('',(277.121671098731,8.77382442356781,2.9));
#4748=CARTESIAN_POINT('',(277.121671098731,8.77382442356781,1.3));
#4749=CARTESIAN_POINT('Origin',(278.121671098731,8.77382442356781,2.9));
#4750=CARTESIAN_POINT('Origin',(276.681111071033,-3.8442097659009,1.3));
#4751=CARTESIAN_POINT('',(275.681111071033,-3.8442097659009,1.3));
#4752=CARTESIAN_POINT('Origin',(276.681111071033,-3.8442097659009,1.3));
#4753=CARTESIAN_POINT('',(275.681111071033,-3.8442097659009,2.9));
#4754=CARTESIAN_POINT('',(275.681111071033,-3.8442097659009,1.3));
#4755=CARTESIAN_POINT('Origin',(276.681111071033,-3.8442097659009,2.9));
#4756=CARTESIAN_POINT('Origin',(274.15750423314,-3.55609776036147,1.3));
#4757=CARTESIAN_POINT('',(273.15750423314,-3.55609776036147,1.3));
#4758=CARTESIAN_POINT('Origin',(274.15750423314,-3.55609776036147,1.3));
#4759=CARTESIAN_POINT('',(273.15750423314,-3.55609776036147,2.9));
#4760=CARTESIAN_POINT('',(273.15750423314,-3.55609776036147,1.3));
#4761=CARTESIAN_POINT('Origin',(274.15750423314,-3.55609776036147,2.9));
#4762=CARTESIAN_POINT('Origin',(276.969223076573,-1.32060292800716,1.3));
#4763=CARTESIAN_POINT('',(275.969223076573,-1.32060292800716,1.3));
#4764=CARTESIAN_POINT('Origin',(276.969223076573,-1.32060292800716,1.3));
#4765=CARTESIAN_POINT('',(275.969223076573,-1.32060292800716,2.9));
#4766=CARTESIAN_POINT('',(275.969223076573,-1.32060292800716,1.3));
#4767=CARTESIAN_POINT('Origin',(276.969223076573,-1.32060292800716,2.9));
#4768=CARTESIAN_POINT('Origin',(275.598064260837,9.06193642910724,1.3));
#4769=CARTESIAN_POINT('',(274.598064260837,9.06193642910724,1.3));
#4770=CARTESIAN_POINT('Origin',(275.598064260837,9.06193642910724,1.3));
#4771=CARTESIAN_POINT('',(274.598064260837,9.06193642910724,2.9));
#4772=CARTESIAN_POINT('',(274.598064260837,9.06193642910724,1.3));
#4773=CARTESIAN_POINT('Origin',(275.598064260837,9.06193642910724,2.9));
#4774=CARTESIAN_POINT('Origin',(275.052928999373,-6.90930734045272,2.3));
#4775=CARTESIAN_POINT('',(271.923259101985,-6.55200308161445,1.5));
#4776=CARTESIAN_POINT('',(278.182598896761,-7.26661159929098,1.5));
#4777=CARTESIAN_POINT('Origin',(275.052928999373,-6.90930734045272,1.5));
#4778=CARTESIAN_POINT('',(271.923259101985,-6.55200308161445,0.1));
#4779=CARTESIAN_POINT('',(271.923259101985,-6.55200308161445,1.1));
#4780=CARTESIAN_POINT('',(278.182598896761,-7.26661159929098,0.1));
#4781=CARTESIAN_POINT('Origin',(275.052928999373,-6.90930734045272,0.1));
#4782=CARTESIAN_POINT('',(278.182598896761,-7.26661159929098,2.3));
#4783=CARTESIAN_POINT('Origin',(279.782134982648,10.0939985371629,0.1));
#4784=CARTESIAN_POINT('',(274.096576435109,12.4843382624974,0.1));
#4785=CARTESIAN_POINT('',(271.923259101985,-6.55200308161444,0.1));
#4786=CARTESIAN_POINT('',(280.355916229885,11.7697297448208,0.1));
#4787=CARTESIAN_POINT('Origin',(277.226246332497,12.1270340036591,0.1));
#4788=CARTESIAN_POINT('',(278.182598896761,-7.26661159929098,0.1));
#4789=CARTESIAN_POINT('Origin',(275.052928999373,-6.90930734045272,1.5));
#4790=CARTESIAN_POINT('',(273.888999675213,10.6661490840148,1.5));
#4791=CARTESIAN_POINT('',(274.096576435109,12.4843382624974,1.5));
#4792=CARTESIAN_POINT('',(271.923259101985,-6.55200308161444,1.5));
#4793=CARTESIAN_POINT('',(274.442487636518,11.1062071218798,1.5));
#4794=CARTESIAN_POINT('Origin',(274.385772674798,10.6094341222944,1.5));
#4795=CARTESIAN_POINT('',(279.827506952024,10.4914169368312,1.5));
#4796=CARTESIAN_POINT('',(280.355916229885,11.7697297448208,1.5));
#4797=CARTESIAN_POINT('',(278.182598896761,-7.26661159929098,1.5));
#4798=CARTESIAN_POINT('Origin',(277.226246332497,12.1270340036591,1.5));
#4799=CARTESIAN_POINT('Origin',(275.052928999373,-6.90930734045272,1.5));
#4800=CARTESIAN_POINT('',(272.130835861882,-4.73381390313197,1.5));
#4801=CARTESIAN_POINT('',(271.923259101985,-6.55200308161444,1.5));
#4802=CARTESIAN_POINT('',(278.390175656657,-5.4484224208085,1.5));
#4803=CARTESIAN_POINT('',(278.182598896761,-7.26661159929098,1.5));
#4804=CARTESIAN_POINT('',(277.836687695352,-5.88848045867351,1.5));
#4805=CARTESIAN_POINT('Origin',(277.893402657072,-5.39170745908813,1.5));
#4806=CARTESIAN_POINT('',(272.570893899746,-5.28730186443769,1.5));
#4807=CARTESIAN_POINT('',(272.451668379846,-5.27369027362482,1.5));
#4808=CARTESIAN_POINT('Origin',(272.627608861467,-4.79052886485232,1.5));
#4809=CARTESIAN_POINT('Origin',(277.226246332497,12.1270340036591,2.3));
#4810=CARTESIAN_POINT('',(274.096576435109,12.4843382624974,1.1));
#4811=CARTESIAN_POINT('',(280.355916229885,11.7697297448208,2.3));
#4812=CARTESIAN_POINT('Origin',(272.451668379846,-5.27369027362482,3.1));
#4813=CARTESIAN_POINT('',(272.570893899746,-5.28730186443769,2.9));
#4814=CARTESIAN_POINT('',(277.836687695352,-5.88848045867351,2.9));
#4815=CARTESIAN_POINT('',(272.451668379846,-5.27369027362482,2.9));
#4816=CARTESIAN_POINT('',(272.570893899746,-5.28730186443769,3.1));
#4817=CARTESIAN_POINT('',(277.836687695352,-5.88848045867351,3.1));
#4818=CARTESIAN_POINT('Origin',(279.827506952024,10.4914169368312,3.1));
#4819=CARTESIAN_POINT('',(274.442487636518,11.1062071218798,2.9));
#4820=CARTESIAN_POINT('',(274.442487636518,11.1062071218798,3.1));
#4821=CARTESIAN_POINT('',(279.827506952024,10.4914169368312,2.9));
#4822=CARTESIAN_POINT('Origin',(274.277890147242,10.7224003130244,2.9));
#4823=CARTESIAN_POINT('',(273.888999675213,10.6661490840148,2.9));
#4824=CARTESIAN_POINT('Origin',(274.385772674798,10.6094341222944,2.9));
#4825=CARTESIAN_POINT('',(272.130835861882,-4.73381390313197,2.9));
#4826=CARTESIAN_POINT('',(273.900342667557,10.7655036839319,2.9));
#4827=CARTESIAN_POINT('Origin',(272.627608861467,-4.79052886485232,2.9));
#4828=CARTESIAN_POINT('',(278.390175656657,-5.4484224208085,2.9));
#4829=CARTESIAN_POINT('Origin',(277.893402657072,-5.39170745908813,2.9));
#4830=CARTESIAN_POINT('',(280.159682462333,10.0508951662554,2.9));
#4831=CARTESIAN_POINT('Origin',(275.598064260837,9.06193642910724,1.3));
#4832=CARTESIAN_POINT('Origin',(276.969223076573,-1.32060292800716,1.3));
#4833=CARTESIAN_POINT('Origin',(274.15750423314,-3.55609776036147,1.3));
#4834=CARTESIAN_POINT('Origin',(276.681111071033,-3.8442097659009,1.3));
#4835=CARTESIAN_POINT('Origin',(278.121671098731,8.77382442356781,1.3));
#4836=CARTESIAN_POINT('Origin',(277.833559093191,6.25021758567407,1.3));
#4837=CARTESIAN_POINT('Origin',(275.309952255298,6.5383295912135,1.3));
#4838=CARTESIAN_POINT('Origin',(275.021840249758,4.01472275331975,1.3));
#4839=CARTESIAN_POINT('Origin',(274.445616238679,-1.03249092246773,1.3));
#4840=CARTESIAN_POINT('Origin',(277.257335082112,1.20300390988658,1.3));
#4841=CARTESIAN_POINT('Origin',(274.733728244219,1.49111591542601,1.3));
#4842=CARTESIAN_POINT('Origin',(277.545447087652,3.72661074778033,1.3));
#4843=CARTESIAN_POINT('Origin',(277.945004318957,-9.34773036444038,0.));
#4844=CARTESIAN_POINT('',(278.390175656657,-5.4484224208085,0.));
#4845=CARTESIAN_POINT('Origin',(274.47659695711,15.8129825724266,0.));
#4846=CARTESIAN_POINT('',(273.888999675213,10.6661490840148,0.));
#4847=CARTESIAN_POINT('',(272.130835861881,-4.73381390313196,0.));
#4848=CARTESIAN_POINT('Origin',(274.385772674798,10.6094341222944,3.1));
#4849=CARTESIAN_POINT('Origin',(272.627608861467,-4.79052886485232,0.));
#4850=CARTESIAN_POINT('Origin',(277.893402657072,-5.39170745908813,3.1));
#4851=CARTESIAN_POINT('',(0.,0.,0.));
#4852=CARTESIAN_POINT('Origin',(0.,0.,-3.1));
#4853=CARTESIAN_POINT('',(-0.500000000000026,6.12323399573708E-17,-3.1));
#4854=CARTESIAN_POINT('Origin',(0.,0.,-3.1));
#4855=CARTESIAN_POINT('',(-3.06161699786838E-17,-3.74939945665464E-33,-3.6));
#4856=CARTESIAN_POINT('Origin',(0.,0.,-3.1));
#4857=CARTESIAN_POINT('Origin',(0.,0.,-3.6));
#4858=CARTESIAN_POINT('',(-0.500000000000026,-6.12323399573708E-17,-2.1));
#4859=CARTESIAN_POINT('Origin',(0.,0.,-2.1));
#4860=CARTESIAN_POINT('',(-0.500000000000026,-6.12323399573708E-17,-3.6));
#4861=CARTESIAN_POINT('Origin',(0.,0.,-2.1));
#4862=CARTESIAN_POINT('',(-0.749999999999983,-9.18485099360494E-17,0.));
#4863=CARTESIAN_POINT('Origin',(0.,0.,0.));
#4864=CARTESIAN_POINT('',(-0.749999999999983,-9.18485099360494E-17,-2.1));
#4865=CARTESIAN_POINT('',(-0.749999999999983,-9.18485099360494E-17,-2.1));
#4866=CARTESIAN_POINT('Origin',(0.,0.,-2.1));
#4867=CARTESIAN_POINT('Origin',(0.,0.,0.4));
#4868=CARTESIAN_POINT('',(0.999999999999998,-1.22464679914735E-16,0.));
#4869=CARTESIAN_POINT('Origin',(0.,0.,0.));
#4870=CARTESIAN_POINT('',(0.999999999999998,-1.22464679914735E-16,0.4));
#4871=CARTESIAN_POINT('',(0.999999999999998,-1.22464679914735E-16,0.4));
#4872=CARTESIAN_POINT('Origin',(0.,0.,0.4));
#4873=CARTESIAN_POINT('Origin',(0.,0.,0.4));
#4874=CARTESIAN_POINT('Origin',(0.,0.,0.));
#4875=CARTESIAN_POINT('Origin',(0.,0.,-2.1));
#4876=CARTESIAN_POINT('',(0.,0.,0.));
#4877=CARTESIAN_POINT('Origin',(67.5000000000046,-22.4999999999729,0.5));
#4878=CARTESIAN_POINT('',(69.5000000000046,-22.4999999999729,0.5));
#4879=CARTESIAN_POINT('Origin',(67.5000000000046,-22.4999999999729,0.5));
#4880=CARTESIAN_POINT('',(69.5000000000046,-22.4999999999729,0.));
#4881=CARTESIAN_POINT('',(69.5000000000046,-22.4999999999729,0.5));
#4882=CARTESIAN_POINT('Origin',(67.5000000000046,-22.4999999999729,0.));
#4883=CARTESIAN_POINT('Origin',(67.5000000000046,-22.4999999999729,0.5));
#4884=CARTESIAN_POINT('',(74.3500000000046,-22.4999999999729,0.));
#4885=CARTESIAN_POINT('Origin',(67.5000000000046,-22.4999999999729,0.));
#4886=CARTESIAN_POINT('',(74.3500000000046,-22.4999999999729,0.5));
#4887=CARTESIAN_POINT('',(74.3500000000046,-22.4999999999729,0.5));
#4888=CARTESIAN_POINT('Origin',(67.5000000000046,-22.4999999999729,0.5));
#4889=CARTESIAN_POINT('Origin',(67.5000000000046,-22.4999999999729,0.5));
#4890=CARTESIAN_POINT('Origin',(67.5000000000046,-22.4999999999729,0.));
#4891=CARTESIAN_POINT('',(-1.24344978758018E-13,0.299999999999887,1.4210854715202E-13));
#4892=CARTESIAN_POINT('',(297.06145937016,0.300000000000438,33.9145180134013));
#4893=CARTESIAN_POINT('',(24.2699999999769,-1.00000000000019,-6.3499999999949));
#4894=CARTESIAN_POINT('',(-7.18110015895945E-10,-2.20000000000011,7.89768250797351E-11));
#4895=CARTESIAN_POINT('',(21.729999999977,-1.00000000000021,-6.34999999999501));
#4896=CARTESIAN_POINT('',(24.2699999999768,-1.00000000000019,-3.80999999999499));
#4897=CARTESIAN_POINT('',(21.729999999977,-1.00000000000019,-3.80999999999499));
#4898=CARTESIAN_POINT('',(21.7299999999769,-1.00000000000016,-1.26999999999502));
#4899=CARTESIAN_POINT('',(24.2699999999769,-1.00000000000012,-1.26999999999498));
#4900=CARTESIAN_POINT('',(24.2699999999769,-1.0000000000001,1.27000000000496));
#4901=CARTESIAN_POINT('',(21.7299999999769,-1.0000000000001,1.27000000000493));
#4902=CARTESIAN_POINT('',(21.7299999999768,-1.00000000000005,3.81000000000494));
#4903=CARTESIAN_POINT('',(24.2699999998865,-0.999999999912102,3.81000000005713));
#4904=CARTESIAN_POINT('',(24.2699999999769,-1.00000000000001,6.35000000000499));
#4905=CARTESIAN_POINT('',(21.729999999977,-1.00000000000001,6.35000000000495));
#4906=CARTESIAN_POINT('',(41.5090518956723,-2.2000000000001,1.06497608857648));
#4907=UNCERTAINTY_MEASURE_WITH_UNIT(LENGTH_MEASURE(0.01),#4919,
'DISTANCE_ACCURACY_VALUE',
'Maximum model space distance between geometric entities at asserted c
onnectivities');
#4908=UNCERTAINTY_MEASURE_WITH_UNIT(LENGTH_MEASURE(0.01),#4919,
'DISTANCE_ACCURACY_VALUE',
'Maximum model space distance between geometric entities at asserted c
onnectivities');
#4909=UNCERTAINTY_MEASURE_WITH_UNIT(LENGTH_MEASURE(0.01),#4919,
'DISTANCE_ACCURACY_VALUE',
'Maximum model space distance between geometric entities at asserted c
onnectivities');
#4910=UNCERTAINTY_MEASURE_WITH_UNIT(LENGTH_MEASURE(0.01),#4919,
'DISTANCE_ACCURACY_VALUE',
'Maximum model space distance between geometric entities at asserted c
onnectivities');
#4911=UNCERTAINTY_MEASURE_WITH_UNIT(LENGTH_MEASURE(0.01),#4919,
'DISTANCE_ACCURACY_VALUE',
'Maximum model space distance between geometric entities at asserted c
onnectivities');
#4912=UNCERTAINTY_MEASURE_WITH_UNIT(LENGTH_MEASURE(0.01),#4919,
'DISTANCE_ACCURACY_VALUE',
'Maximum model space distance between geometric entities at asserted c
onnectivities');
#4913=(
GEOMETRIC_REPRESENTATION_CONTEXT(3)
GLOBAL_UNCERTAINTY_ASSIGNED_CONTEXT((#4907))
GLOBAL_UNIT_ASSIGNED_CONTEXT((#4919,#4921,#4922))
REPRESENTATION_CONTEXT('','3D')
);
#4914=(
GEOMETRIC_REPRESENTATION_CONTEXT(3)
GLOBAL_UNCERTAINTY_ASSIGNED_CONTEXT((#4908))
GLOBAL_UNIT_ASSIGNED_CONTEXT((#4919,#4921,#4922))
REPRESENTATION_CONTEXT('','3D')
);
#4915=(
GEOMETRIC_REPRESENTATION_CONTEXT(3)
GLOBAL_UNCERTAINTY_ASSIGNED_CONTEXT((#4909))
GLOBAL_UNIT_ASSIGNED_CONTEXT((#4919,#4921,#4922))
REPRESENTATION_CONTEXT('','3D')
);
#4916=(
GEOMETRIC_REPRESENTATION_CONTEXT(3)
GLOBAL_UNCERTAINTY_ASSIGNED_CONTEXT((#4910))
GLOBAL_UNIT_ASSIGNED_CONTEXT((#4919,#4921,#4922))
REPRESENTATION_CONTEXT('','3D')
);
#4917=(
GEOMETRIC_REPRESENTATION_CONTEXT(3)
GLOBAL_UNCERTAINTY_ASSIGNED_CONTEXT((#4911))
GLOBAL_UNIT_ASSIGNED_CONTEXT((#4919,#4921,#4922))
REPRESENTATION_CONTEXT('','3D')
);
#4918=(
GEOMETRIC_REPRESENTATION_CONTEXT(3)
GLOBAL_UNCERTAINTY_ASSIGNED_CONTEXT((#4912))
GLOBAL_UNIT_ASSIGNED_CONTEXT((#4919,#4921,#4922))
REPRESENTATION_CONTEXT('','3D')
);
#4919=(
LENGTH_UNIT()
NAMED_UNIT(*)
SI_UNIT(.MILLI.,.METRE.)
);
#4920=(
LENGTH_UNIT()
NAMED_UNIT(*)
SI_UNIT($,.METRE.)
);
#4921=(
NAMED_UNIT(*)
PLANE_ANGLE_UNIT()
SI_UNIT($,.RADIAN.)
);
#4922=(
NAMED_UNIT(*)
SI_UNIT($,.STERADIAN.)
SOLID_ANGLE_UNIT()
);
#4923=SHAPE_DEFINITION_REPRESENTATION(#4928,#4949);
#4924=SHAPE_DEFINITION_REPRESENTATION(#4929,#4950);
#4925=SHAPE_DEFINITION_REPRESENTATION(#4930,#4951);
#4926=SHAPE_DEFINITION_REPRESENTATION(#4931,#4952);
#4927=SHAPE_DEFINITION_REPRESENTATION(#4932,#4953);
#4928=PRODUCT_DEFINITION_SHAPE('',$,#4955);
#4929=PRODUCT_DEFINITION_SHAPE('',$,#4956);
#4930=PRODUCT_DEFINITION_SHAPE('',$,#4957);
#4931=PRODUCT_DEFINITION_SHAPE('',$,#4958);
#4932=PRODUCT_DEFINITION_SHAPE('',$,#4959);
#4933=PRODUCT_DEFINITION_SHAPE($,$,#59);
#4934=PRODUCT_DEFINITION_SHAPE($,$,#60);
#4935=PRODUCT_DEFINITION_SHAPE($,$,#61);
#4936=PRODUCT_DEFINITION_SHAPE($,$,#62);
#4937=PRODUCT_DEFINITION_SHAPE($,$,#63);
#4938=PRODUCT_DEFINITION_SHAPE($,$,#64);
#4939=PRODUCT_DEFINITION_SHAPE($,$,#65);
#4940=PRODUCT_DEFINITION_SHAPE($,$,#66);
#4941=PRODUCT_DEFINITION_SHAPE($,$,#67);
#4942=PRODUCT_DEFINITION_SHAPE($,$,#68);
#4943=PRODUCT_DEFINITION_SHAPE($,$,#69);
#4944=PRODUCT_DEFINITION_SHAPE($,$,#70);
#4945=PRODUCT_DEFINITION_SHAPE($,$,#71);
#4946=PRODUCT_DEFINITION_SHAPE($,$,#72);
#4947=PRODUCT_DEFINITION_SHAPE($,$,#73);
#4948=PRODUCT_DEFINITION_SHAPE($,$,#74);
#4949=SHAPE_REPRESENTATION('',(#2859,#3197,#3198,#3199,#3200,#3201,#3202,
#3203,#3204,#3205,#3206,#3207,#3208,#3209,#3210,#3211,#3212),#4913);
#4950=SHAPE_REPRESENTATION('',(#2860),#4914);
#4951=SHAPE_REPRESENTATION('',(#3052),#4915);
#4952=SHAPE_REPRESENTATION('',(#3173),#4916);
#4953=SHAPE_REPRESENTATION('',(#3188),#4917);
#4954=PRODUCT_DEFINITION_CONTEXT('part definition',#4971,'design');
#4955=PRODUCT_DEFINITION('2026-02-16-09-30-32-762',
'UFACTORY Camera Stand 2',#4960,#4954);
#4956=PRODUCT_DEFINITION('2026-02-16-09-30-32-763',
'MM0154 \X\C9\X\E3\X\CF\X\F1\X\CD\X\B7\X\B9\X\CC\X\B6\X\A8\X\B0\X\E513
05\X\A3\X\A8\X\B6\X\A8\X\CE\X\BB\X\CF\X\FA\X\A3\X\A9A2',#4961,#4954);
#4957=PRODUCT_DEFINITION('2026-02-16-09-30-32-764',
'\X\C9\X\E3\X\CF\X\F1\X\CD\X\B7\X\B9\X\CC\X\B6\X\A8\X\B0\X\E5\X\B6\X\A5
\X\D5\X\EB\X\BD\X\BA\X\BF\X\C7\X\A3\X\A8\X\B6\X\A8\X\CE\X\BB\X\CF\X\FA
\X\A3\X\A9A2',#4962,#4954);
#4958=PRODUCT_DEFINITION('2026-02-16-09-30-32-765',
'\X\C9\X\E3\X\CF\X\F1\X\CD\X\B7\X\D6\X\A7\X\BC\X\DC\X\B6\X\A5\X\D5\X\EB',
#4963,#4954);
#4959=PRODUCT_DEFINITION('2026-02-16-09-30-32-766',
'\X\C1\X\E3\X\BC\X\FE1^XI1305-_M',#4964,#4954);
#4960=PRODUCT_DEFINITION_FORMATION('',$,#4973);
#4961=PRODUCT_DEFINITION_FORMATION('',$,#4974);
#4962=PRODUCT_DEFINITION_FORMATION('',$,#4975);
#4963=PRODUCT_DEFINITION_FORMATION('',$,#4976);
#4964=PRODUCT_DEFINITION_FORMATION('',$,#4977);
#4965=PRODUCT_RELATED_PRODUCT_CATEGORY('UFACTORY Camera Stand 2',
'UFACTORY Camera Stand 2',(#4973));
#4966=PRODUCT_RELATED_PRODUCT_CATEGORY(
'MM0154 \X\C9\X\E3\X\CF\X\F1\X\CD\X\B7\X\B9\X\CC\X\B6\X\A8\X\B0\X\E513
05\X\A3\X\A8\X\B6\X\A8\X\CE\X\BB\X\CF\X\FA\X\A3\X\A9A2',
'MM0154 \X\C9\X\E3\X\CF\X\F1\X\CD\X\B7\X\B9\X\CC\X\B6\X\A8\X\B0\X\E513
05\X\A3\X\A8\X\B6\X\A8\X\CE\X\BB\X\CF\X\FA\X\A3\X\A9A2',(#4974));
#4967=PRODUCT_RELATED_PRODUCT_CATEGORY(
'\X\C9\X\E3\X\CF\X\F1\X\CD\X\B7\X\B9\X\CC\X\B6\X\A8\X\B0\X\E5\X\B6\X\A5
\X\D5\X\EB\X\BD\X\BA\X\BF\X\C7\X\A3\X\A8\X\B6\X\A8\X\CE\X\BB\X\CF\X\FA
\X\A3\X\A9A2',
'\X\C9\X\E3\X\CF\X\F1\X\CD\X\B7\X\B9\X\CC\X\B6\X\A8\X\B0\X\E5\X\B6\X\A5
\X\D5\X\EB\X\BD\X\BA\X\BF\X\C7\X\A3\X\A8\X\B6\X\A8\X\CE\X\BB\X\CF\X\FA
\X\A3\X\A9A2',(#4975));
#4968=PRODUCT_RELATED_PRODUCT_CATEGORY('\X\C9\X\E3\X\CF\X\F1\X\CD\X\B7
\X\D6\X\A7\X\BC\X\DC\X\B6\X\A5\X\D5\X\EB',
'\X\C9\X\E3\X\CF\X\F1\X\CD\X\B7\X\D6\X\A7\X\BC\X\DC\X\B6\X\A5\X\D5\X\EB',
(#4976));
#4969=PRODUCT_RELATED_PRODUCT_CATEGORY('\X\C1\X\E3\X\BC\X\FE1^XI1305-_
M','\X\C1\X\E3\X\BC\X\FE1^XI1305-_M',(#4977));
#4970=APPLICATION_PROTOCOL_DEFINITION('international standard',
'automotive_design',2009,#4971);
#4971=APPLICATION_CONTEXT(
'Core Data for Automotive Mechanical Design Process');
#4972=PRODUCT_CONTEXT('part definition',#4971,'mechanical');
#4973=PRODUCT('2026-02-16-09-30-32-762','UFACTORY Camera Stand 2',
'STEP AP214',(#4972));
#4974=PRODUCT('2026-02-16-09-30-32-763',
'MM0154 \X\C9\X\E3\X\CF\X\F1\X\CD\X\B7\X\B9\X\CC\X\B6\X\A8\X\B0\X\E513
05\X\A3\X\A8\X\B6\X\A8\X\CE\X\BB\X\CF\X\FA\X\A3\X\A9A2',$,(#4972));
#4975=PRODUCT('2026-02-16-09-30-32-764',
'\X\C9\X\E3\X\CF\X\F1\X\CD\X\B7\X\B9\X\CC\X\B6\X\A8\X\B0\X\E5\X\B6\X\A5
\X\D5\X\EB\X\BD\X\BA\X\BF\X\C7\X\A3\X\A8\X\B6\X\A8\X\CE\X\BB\X\CF\X\FA
\X\A3\X\A9A2',$,(#4972));
#4976=PRODUCT('2026-02-16-09-30-32-765','\X\C9\X\E3\X\CF\X\F1\X\CD\X\B7
\X\D6\X\A7\X\BC\X\DC\X\B6\X\A5\X\D5\X\EB',$,(#4972));
#4977=PRODUCT('2026-02-16-09-30-32-766','\X\C1\X\E3\X\BC\X\FE1^XI1305-
_M',$,(#4972));
#4978=PRESENTATION_STYLE_ASSIGNMENT((#4980));
#4979=PRESENTATION_STYLE_ASSIGNMENT((#4981));
#4980=SURFACE_STYLE_USAGE(.BOTH.,#4982);
#4981=SURFACE_STYLE_USAGE(.BOTH.,#4983);
#4982=SURFACE_SIDE_STYLE('',(#4984));
#4983=SURFACE_SIDE_STYLE('',(#4985));
#4984=SURFACE_STYLE_FILL_AREA(#4986);
#4985=SURFACE_STYLE_FILL_AREA(#4987);
#4986=FILL_AREA_STYLE('Steel - Satin',(#4988));
#4987=FILL_AREA_STYLE('Opaque(255,255,255)',(#4989));
#4988=FILL_AREA_STYLE_COLOUR('Steel - Satin',#4990);
#4989=FILL_AREA_STYLE_COLOUR('Opaque(255,255,255)',#4991);
#4990=COLOUR_RGB('Steel - Satin',0.627450980392157,0.627450980392157,0.627450980392157);
#4991=COLOUR_RGB('Opaque(255,255,255)',1.,1.,1.);
ENDSEC;
END-ISO-10303-21;
