solid ASCII
  facet normal 9.954719e-01 -9.505604e-02 0.000000e+00
    outer loop
      vertex   -2.794579e+01 5.677537e-01 -6.000000e+00
      vertex   -2.794579e+01 5.677537e-01 0.000000e+00
      vertex   -2.800000e+01 0.000000e+00 -6.000000e+00
    endloop
  endfacet
  facet normal 9.954719e-01 -9.505604e-02 5.820504e-18
    outer loop
      vertex   -2.800000e+01 0.000000e+00 -6.000000e+00
      vertex   -2.794579e+01 5.677537e-01 0.000000e+00
      vertex   -2.800000e+01 3.673940e-16 0.000000e+00
    endloop
  endfacet
  facet normal 9.954719e-01 9.505604e-02 -5.820504e-18
    outer loop
      vertex   -2.800000e+01 0.000000e+00 -6.000000e+00
      vertex   -2.800000e+01 3.673940e-16 0.000000e+00
      vertex   -2.794579e+01 -5.677537e-01 -6.000000e+00
    endloop
  endfacet
  facet normal 9.954719e-01 9.505604e-02 -0.000000e+00
    outer loop
      vertex   -2.794579e+01 -5.677537e-01 -6.000000e+00
      vertex   -2.800000e+01 3.673940e-16 0.000000e+00
      vertex   -2.794579e+01 -5.677537e-01 0.000000e+00
    endloop
  endfacet
  facet normal 9.594930e-01 2.817326e-01 -0.000000e+00
    outer loop
      vertex   -2.794579e+01 -5.677537e-01 -6.000000e+00
      vertex   -2.794579e+01 -5.677537e-01 0.000000e+00
      vertex   -2.778510e+01 -1.114987e+00 -6.000000e+00
    endloop
  endfacet
  facet normal 9.594930e-01 2.817326e-01 -0.000000e+00
    outer loop
      vertex   -2.778510e+01 -1.114987e+00 -6.000000e+00
      vertex   -2.794579e+01 -5.677537e-01 0.000000e+00
      vertex   -2.778510e+01 -1.114987e+00 0.000000e+00
    endloop
  endfacet
  facet normal 8.888354e-01 4.582265e-01 -0.000000e+00
    outer loop
      vertex   -2.778510e+01 -1.114987e+00 -6.000000e+00
      vertex   -2.778510e+01 -1.114987e+00 0.000000e+00
      vertex   -2.752376e+01 -1.621922e+00 -6.000000e+00
    endloop
  endfacet
  facet normal 8.888354e-01 4.582265e-01 -0.000000e+00
    outer loop
      vertex   -2.752376e+01 -1.621922e+00 -6.000000e+00
      vertex   -2.778510e+01 -1.114987e+00 0.000000e+00
      vertex   -2.752376e+01 -1.621922e+00 0.000000e+00
    endloop
  endfacet
  facet normal 7.860531e-01 6.181590e-01 -0.000000e+00
    outer loop
      vertex   -2.752376e+01 -1.621922e+00 -6.000000e+00
      vertex   -2.752376e+01 -1.621922e+00 0.000000e+00
      vertex   -2.717120e+01 -2.070237e+00 -6.000000e+00
    endloop
  endfacet
  facet normal 7.860531e-01 6.181590e-01 -0.000000e+00
    outer loop
      vertex   -2.717120e+01 -2.070237e+00 -6.000000e+00
      vertex   -2.752376e+01 -1.621922e+00 0.000000e+00
      vertex   -2.717120e+01 -2.070237e+00 0.000000e+00
    endloop
  endfacet
  facet normal 6.548607e-01 7.557496e-01 -0.000000e+00
    outer loop
      vertex   -2.717120e+01 -2.070237e+00 -6.000000e+00
      vertex   -2.717120e+01 -2.070237e+00 0.000000e+00
      vertex   -2.674017e+01 -2.443728e+00 -6.000000e+00
    endloop
  endfacet
  facet normal 6.548607e-01 7.557496e-01 -0.000000e+00
    outer loop
      vertex   -2.674017e+01 -2.443728e+00 -6.000000e+00
      vertex   -2.717120e+01 -2.070237e+00 0.000000e+00
      vertex   -2.674017e+01 -2.443728e+00 0.000000e+00
    endloop
  endfacet
  facet normal 5.000000e-01 8.660254e-01 -0.000000e+00
    outer loop
      vertex   -2.674017e+01 -2.443728e+00 -6.000000e+00
      vertex   -2.674017e+01 -2.443728e+00 0.000000e+00
      vertex   -2.624625e+01 -2.728896e+00 -6.000000e+00
    endloop
  endfacet
  facet normal 5.000000e-01 8.660254e-01 -0.000000e+00
    outer loop
      vertex   -2.624625e+01 -2.728896e+00 -6.000000e+00
      vertex   -2.674017e+01 -2.443728e+00 0.000000e+00
      vertex   -2.624625e+01 -2.728896e+00 0.000000e+00
    endloop
  endfacet
  facet normal 3.270680e-01 9.450008e-01 -0.000000e+00
    outer loop
      vertex   -2.624625e+01 -2.728896e+00 -6.000000e+00
      vertex   -2.624625e+01 -2.728896e+00 0.000000e+00
      vertex   -2.570728e+01 -2.915435e+00 -6.000000e+00
    endloop
  endfacet
  facet normal 3.270680e-01 9.450008e-01 -0.000000e+00
    outer loop
      vertex   -2.570728e+01 -2.915435e+00 -6.000000e+00
      vertex   -2.624625e+01 -2.728896e+00 0.000000e+00
      vertex   -2.570728e+01 -2.915435e+00 0.000000e+00
    endloop
  endfacet
  facet normal 1.423148e-01 9.898214e-01 -0.000000e+00
    outer loop
      vertex   -2.570728e+01 -2.915435e+00 -6.000000e+00
      vertex   -2.570728e+01 -2.915435e+00 0.000000e+00
      vertex   -2.514275e+01 -2.996602e+00 -6.000000e+00
    endloop
  endfacet
  facet normal 1.423148e-01 9.898214e-01 -0.000000e+00
    outer loop
      vertex   -2.514275e+01 -2.996602e+00 -6.000000e+00
      vertex   -2.570728e+01 -2.915435e+00 0.000000e+00
      vertex   -2.514275e+01 -2.996602e+00 0.000000e+00
    endloop
  endfacet
  facet normal -4.758192e-02 9.988673e-01 0.000000e+00
    outer loop
      vertex   -2.514275e+01 -2.996602e+00 -6.000000e+00
      vertex   -2.514275e+01 -2.996602e+00 0.000000e+00
      vertex   -2.457306e+01 -2.969464e+00 -6.000000e+00
    endloop
  endfacet
  facet normal -4.758192e-02 9.988673e-01 0.000000e+00
    outer loop
      vertex   -2.457306e+01 -2.969464e+00 -6.000000e+00
      vertex   -2.514275e+01 -2.996602e+00 0.000000e+00
      vertex   -2.457306e+01 -2.969464e+00 0.000000e+00
    endloop
  endfacet
  facet normal -2.357589e-01 9.718116e-01 0.000000e+00
    outer loop
      vertex   -2.457306e+01 -2.969464e+00 -6.000000e+00
      vertex   -2.457306e+01 -2.969464e+00 0.000000e+00
      vertex   -2.401880e+01 -2.835002e+00 -6.000000e+00
    endloop
  endfacet
  facet normal -2.357589e-01 9.718116e-01 0.000000e+00
    outer loop
      vertex   -2.401880e+01 -2.835002e+00 -6.000000e+00
      vertex   -2.457306e+01 -2.969464e+00 0.000000e+00
      vertex   -2.401880e+01 -2.835002e+00 0.000000e+00
    endloop
  endfacet
  facet normal -4.154150e-01 9.096320e-01 0.000000e+00
    outer loop
      vertex   -2.401880e+01 -2.835002e+00 -6.000000e+00
      vertex   -2.401880e+01 -2.835002e+00 0.000000e+00
      vertex   -2.350000e+01 -2.598076e+00 -6.000000e+00
    endloop
  endfacet
  facet normal -4.154150e-01 9.096320e-01 0.000000e+00
    outer loop
      vertex   -2.350000e+01 -2.598076e+00 -6.000000e+00
      vertex   -2.401880e+01 -2.835002e+00 0.000000e+00
      vertex   -2.350000e+01 -2.598076e+00 0.000000e+00
    endloop
  endfacet
  facet normal -5.800569e-01 8.145760e-01 0.000000e+00
    outer loop
      vertex   -2.350000e+01 -2.598076e+00 -6.000000e+00
      vertex   -2.350000e+01 -2.598076e+00 0.000000e+00
      vertex   -2.303542e+01 -2.267249e+00 -6.000000e+00
    endloop
  endfacet
  facet normal -5.800569e-01 8.145760e-01 0.000000e+00
    outer loop
      vertex   -2.303542e+01 -2.267249e+00 -6.000000e+00
      vertex   -2.350000e+01 -2.598076e+00 0.000000e+00
      vertex   -2.303542e+01 -2.267249e+00 0.000000e+00
    endloop
  endfacet
  facet normal -7.237340e-01 6.900790e-01 0.000000e+00
    outer loop
      vertex   -2.303542e+01 -2.267249e+00 -6.000000e+00
      vertex   -2.303542e+01 -2.267249e+00 0.000000e+00
      vertex   -2.264184e+01 -1.854477e+00 -6.000000e+00
    endloop
  endfacet
  facet normal -7.237340e-01 6.900790e-01 0.000000e+00
    outer loop
      vertex   -2.264184e+01 -1.854477e+00 -6.000000e+00
      vertex   -2.303542e+01 -2.267249e+00 0.000000e+00
      vertex   -2.264184e+01 -1.854477e+00 0.000000e+00
    endloop
  endfacet
  facet normal -8.412535e-01 5.406408e-01 0.000000e+00
    outer loop
      vertex   -2.264184e+01 -1.854477e+00 -6.000000e+00
      vertex   -2.264184e+01 -1.854477e+00 0.000000e+00
      vertex   -2.233349e+01 -1.374680e+00 -6.000000e+00
    endloop
  endfacet
  facet normal -8.412535e-01 5.406408e-01 0.000000e+00
    outer loop
      vertex   -2.233349e+01 -1.374680e+00 -6.000000e+00
      vertex   -2.264184e+01 -1.854477e+00 0.000000e+00
      vertex   -2.233349e+01 -1.374680e+00 0.000000e+00
    endloop
  endfacet
  facet normal -9.283679e-01 3.716625e-01 0.000000e+00
    outer loop
      vertex   -2.233349e+01 -1.374680e+00 -6.000000e+00
      vertex   -2.233349e+01 -1.374680e+00 0.000000e+00
      vertex   -2.212152e+01 -8.451977e-01 -6.000000e+00
    endloop
  endfacet
  facet normal -9.283679e-01 3.716625e-01 0.000000e+00
    outer loop
      vertex   -2.212152e+01 -8.451977e-01 -6.000000e+00
      vertex   -2.233349e+01 -1.374680e+00 0.000000e+00
      vertex   -2.212152e+01 -8.451977e-01 0.000000e+00
    endloop
  endfacet
  facet normal -9.819287e-01 1.892512e-01 0.000000e+00
    outer loop
      vertex   -2.212152e+01 -8.451977e-01 -6.000000e+00
      vertex   -2.212152e+01 -8.451977e-01 0.000000e+00
      vertex   -2.201358e+01 -2.851681e-01 -6.000000e+00
    endloop
  endfacet
  facet normal -9.819287e-01 1.892512e-01 0.000000e+00
    outer loop
      vertex   -2.201358e+01 -2.851681e-01 -6.000000e+00
      vertex   -2.212152e+01 -8.451977e-01 0.000000e+00
      vertex   -2.201358e+01 -2.851681e-01 0.000000e+00
    endloop
  endfacet
  facet normal -1.000000e+00 0.000000e+00 0.000000e+00
    outer loop
      vertex   -2.201358e+01 -2.851681e-01 -6.000000e+00
      vertex   -2.201358e+01 -2.851681e-01 0.000000e+00
      vertex   -2.201358e+01 2.851681e-01 -6.000000e+00
    endloop
  endfacet
  facet normal -1.000000e+00 0.000000e+00 0.000000e+00
    outer loop
      vertex   -2.201358e+01 2.851681e-01 -6.000000e+00
      vertex   -2.201358e+01 -2.851681e-01 0.000000e+00
      vertex   -2.201358e+01 2.851681e-01 0.000000e+00
    endloop
  endfacet
  facet normal -9.819287e-01 -1.892512e-01 0.000000e+00
    outer loop
      vertex   -2.201358e+01 2.851681e-01 -6.000000e+00
      vertex   -2.201358e+01 2.851681e-01 0.000000e+00
      vertex   -2.212152e+01 8.451977e-01 -6.000000e+00
    endloop
  endfacet
  facet normal -9.819287e-01 -1.892512e-01 0.000000e+00
    outer loop
      vertex   -2.212152e+01 8.451977e-01 -6.000000e+00
      vertex   -2.201358e+01 2.851681e-01 0.000000e+00
      vertex   -2.212152e+01 8.451977e-01 0.000000e+00
    endloop
  endfacet
  facet normal -9.283679e-01 -3.716625e-01 0.000000e+00
    outer loop
      vertex   -2.212152e+01 8.451977e-01 -6.000000e+00
      vertex   -2.212152e+01 8.451977e-01 0.000000e+00
      vertex   -2.233349e+01 1.374680e+00 -6.000000e+00
    endloop
  endfacet
  facet normal -9.283679e-01 -3.716625e-01 0.000000e+00
    outer loop
      vertex   -2.233349e+01 1.374680e+00 -6.000000e+00
      vertex   -2.212152e+01 8.451977e-01 0.000000e+00
      vertex   -2.233349e+01 1.374680e+00 0.000000e+00
    endloop
  endfacet
  facet normal -8.412535e-01 -5.406408e-01 0.000000e+00
    outer loop
      vertex   -2.233349e+01 1.374680e+00 -6.000000e+00
      vertex   -2.233349e+01 1.374680e+00 0.000000e+00
      vertex   -2.264184e+01 1.854477e+00 -6.000000e+00
    endloop
  endfacet
  facet normal -8.412535e-01 -5.406408e-01 0.000000e+00
    outer loop
      vertex   -2.264184e+01 1.854477e+00 -6.000000e+00
      vertex   -2.233349e+01 1.374680e+00 0.000000e+00
      vertex   -2.264184e+01 1.854477e+00 0.000000e+00
    endloop
  endfacet
  facet normal -7.237340e-01 -6.900790e-01 0.000000e+00
    outer loop
      vertex   -2.264184e+01 1.854477e+00 -6.000000e+00
      vertex   -2.264184e+01 1.854477e+00 0.000000e+00
      vertex   -2.303542e+01 2.267249e+00 -6.000000e+00
    endloop
  endfacet
  facet normal -7.237340e-01 -6.900790e-01 0.000000e+00
    outer loop
      vertex   -2.303542e+01 2.267249e+00 -6.000000e+00
      vertex   -2.264184e+01 1.854477e+00 0.000000e+00
      vertex   -2.303542e+01 2.267249e+00 0.000000e+00
    endloop
  endfacet
  facet normal -5.800569e-01 -8.145760e-01 0.000000e+00
    outer loop
      vertex   -2.303542e+01 2.267249e+00 -6.000000e+00
      vertex   -2.303542e+01 2.267249e+00 0.000000e+00
      vertex   -2.350000e+01 2.598076e+00 -6.000000e+00
    endloop
  endfacet
  facet normal -5.800569e-01 -8.145760e-01 0.000000e+00
    outer loop
      vertex   -2.350000e+01 2.598076e+00 -6.000000e+00
      vertex   -2.303542e+01 2.267249e+00 0.000000e+00
      vertex   -2.350000e+01 2.598076e+00 0.000000e+00
    endloop
  endfacet
  facet normal -4.154150e-01 -9.096320e-01 0.000000e+00
    outer loop
      vertex   -2.350000e+01 2.598076e+00 -6.000000e+00
      vertex   -2.350000e+01 2.598076e+00 0.000000e+00
      vertex   -2.401880e+01 2.835002e+00 -6.000000e+00
    endloop
  endfacet
  facet normal -4.154150e-01 -9.096320e-01 0.000000e+00
    outer loop
      vertex   -2.401880e+01 2.835002e+00 -6.000000e+00
      vertex   -2.350000e+01 2.598076e+00 0.000000e+00
      vertex   -2.401880e+01 2.835002e+00 0.000000e+00
    endloop
  endfacet
  facet normal -2.357589e-01 -9.718116e-01 0.000000e+00
    outer loop
      vertex   -2.401880e+01 2.835002e+00 -6.000000e+00
      vertex   -2.401880e+01 2.835002e+00 0.000000e+00
      vertex   -2.457306e+01 2.969464e+00 -6.000000e+00
    endloop
  endfacet
  facet normal -2.357589e-01 -9.718116e-01 0.000000e+00
    outer loop
      vertex   -2.457306e+01 2.969464e+00 -6.000000e+00
      vertex   -2.401880e+01 2.835002e+00 0.000000e+00
      vertex   -2.457306e+01 2.969464e+00 0.000000e+00
    endloop
  endfacet
  facet normal -4.758192e-02 -9.988673e-01 0.000000e+00
    outer loop
      vertex   -2.457306e+01 2.969464e+00 -6.000000e+00
      vertex   -2.457306e+01 2.969464e+00 0.000000e+00
      vertex   -2.514275e+01 2.996602e+00 -6.000000e+00
    endloop
  endfacet
  facet normal -4.758192e-02 -9.988673e-01 0.000000e+00
    outer loop
      vertex   -2.514275e+01 2.996602e+00 -6.000000e+00
      vertex   -2.457306e+01 2.969464e+00 0.000000e+00
      vertex   -2.514275e+01 2.996602e+00 0.000000e+00
    endloop
  endfacet
  facet normal 1.423148e-01 -9.898214e-01 0.000000e+00
    outer loop
      vertex   -2.514275e+01 2.996602e+00 -6.000000e+00
      vertex   -2.514275e+01 2.996602e+00 0.000000e+00
      vertex   -2.570728e+01 2.915435e+00 -6.000000e+00
    endloop
  endfacet
  facet normal 1.423148e-01 -9.898214e-01 0.000000e+00
    outer loop
      vertex   -2.570728e+01 2.915435e+00 -6.000000e+00
      vertex   -2.514275e+01 2.996602e+00 0.000000e+00
      vertex   -2.570728e+01 2.915435e+00 0.000000e+00
    endloop
  endfacet
  facet normal 3.270680e-01 -9.450008e-01 0.000000e+00
    outer loop
      vertex   -2.570728e+01 2.915435e+00 -6.000000e+00
      vertex   -2.570728e+01 2.915435e+00 0.000000e+00
      vertex   -2.624625e+01 2.728896e+00 -6.000000e+00
    endloop
  endfacet
  facet normal 3.270680e-01 -9.450008e-01 0.000000e+00
    outer loop
      vertex   -2.624625e+01 2.728896e+00 -6.000000e+00
      vertex   -2.570728e+01 2.915435e+00 0.000000e+00
      vertex   -2.624625e+01 2.728896e+00 0.000000e+00
    endloop
  endfacet
  facet normal 5.000000e-01 -8.660254e-01 0.000000e+00
    outer loop
      vertex   -2.624625e+01 2.728896e+00 -6.000000e+00
      vertex   -2.624625e+01 2.728896e+00 0.000000e+00
      vertex   -2.674017e+01 2.443728e+00 -6.000000e+00
    endloop
  endfacet
  facet normal 5.000000e-01 -8.660254e-01 0.000000e+00
    outer loop
      vertex   -2.674017e+01 2.443728e+00 -6.000000e+00
      vertex   -2.624625e+01 2.728896e+00 0.000000e+00
      vertex   -2.674017e+01 2.443728e+00 0.000000e+00
    endloop
  endfacet
  facet normal 6.548607e-01 -7.557496e-01 0.000000e+00
    outer loop
      vertex   -2.674017e+01 2.443728e+00 -6.000000e+00
      vertex   -2.674017e+01 2.443728e+00 0.000000e+00
      vertex   -2.717120e+01 2.070237e+00 -6.000000e+00
    endloop
  endfacet
  facet normal 6.548607e-01 -7.557496e-01 0.000000e+00
    outer loop
      vertex   -2.717120e+01 2.070237e+00 -6.000000e+00
      vertex   -2.674017e+01 2.443728e+00 0.000000e+00
      vertex   -2.717120e+01 2.070237e+00 0.000000e+00
    endloop
  endfacet
  facet normal 7.860531e-01 -6.181590e-01 0.000000e+00
    outer loop
      vertex   -2.717120e+01 2.070237e+00 -6.000000e+00
      vertex   -2.717120e+01 2.070237e+00 0.000000e+00
      vertex   -2.752376e+01 1.621922e+00 -6.000000e+00
    endloop
  endfacet
  facet normal 7.860531e-01 -6.181590e-01 0.000000e+00
    outer loop
      vertex   -2.752376e+01 1.621922e+00 -6.000000e+00
      vertex   -2.717120e+01 2.070237e+00 0.000000e+00
      vertex   -2.752376e+01 1.621922e+00 0.000000e+00
    endloop
  endfacet
  facet normal 8.888354e-01 -4.582265e-01 0.000000e+00
    outer loop
      vertex   -2.752376e+01 1.621922e+00 -6.000000e+00
      vertex   -2.752376e+01 1.621922e+00 0.000000e+00
      vertex   -2.778510e+01 1.114987e+00 -6.000000e+00
    endloop
  endfacet
  facet normal 8.888354e-01 -4.582265e-01 0.000000e+00
    outer loop
      vertex   -2.778510e+01 1.114987e+00 -6.000000e+00
      vertex   -2.752376e+01 1.621922e+00 0.000000e+00
      vertex   -2.778510e+01 1.114987e+00 0.000000e+00
    endloop
  endfacet
  facet normal 9.594930e-01 -2.817326e-01 0.000000e+00
    outer loop
      vertex   -2.778510e+01 1.114987e+00 -6.000000e+00
      vertex   -2.778510e+01 1.114987e+00 0.000000e+00
      vertex   -2.794579e+01 5.677537e-01 -6.000000e+00
    endloop
  endfacet
  facet normal 9.594930e-01 -2.817326e-01 0.000000e+00
    outer loop
      vertex   -2.794579e+01 5.677537e-01 -6.000000e+00
      vertex   -2.778510e+01 1.114987e+00 0.000000e+00
      vertex   -2.794579e+01 5.677537e-01 0.000000e+00
    endloop
  endfacet
  facet normal 9.948693e-01 -1.011683e-01 0.000000e+00
    outer loop
      vertex   1.045322e+01 7.523376e+00 -6.000000e+00
      vertex   1.045322e+01 7.523376e+00 0.000000e+00
      vertex   1.040000e+01 7.000000e+00 -6.000000e+00
    endloop
  endfacet
  facet normal 9.948693e-01 -1.011683e-01 0.000000e+00
    outer loop
      vertex   1.040000e+01 7.000000e+00 -6.000000e+00
      vertex   1.045322e+01 7.523376e+00 0.000000e+00
      vertex   1.040000e+01 7.000000e+00 0.000000e+00
    endloop
  endfacet
  facet normal 9.948693e-01 1.011683e-01 -0.000000e+00
    outer loop
      vertex   1.040000e+01 7.000000e+00 -6.000000e+00
      vertex   1.040000e+01 7.000000e+00 0.000000e+00
      vertex   1.045322e+01 6.476624e+00 -6.000000e+00
    endloop
  endfacet
  facet normal 9.948693e-01 1.011683e-01 -0.000000e+00
    outer loop
      vertex   1.045322e+01 6.476624e+00 -6.000000e+00
      vertex   1.040000e+01 7.000000e+00 0.000000e+00
      vertex   1.045322e+01 6.476624e+00 0.000000e+00
    endloop
  endfacet
  facet normal 9.541393e-01 2.993631e-01 -0.000000e+00
    outer loop
      vertex   1.045322e+01 6.476624e+00 -6.000000e+00
      vertex   1.045322e+01 6.476624e+00 0.000000e+00
      vertex   1.061071e+01 5.974675e+00 -6.000000e+00
    endloop
  endfacet
  facet normal 9.541393e-01 2.993631e-01 -0.000000e+00
    outer loop
      vertex   1.061071e+01 5.974675e+00 -6.000000e+00
      vertex   1.045322e+01 6.476624e+00 0.000000e+00
      vertex   1.061071e+01 5.974675e+00 0.000000e+00
    endloop
  endfacet
  facet normal 8.743466e-01 4.853020e-01 -0.000000e+00
    outer loop
      vertex   1.061071e+01 5.974675e+00 -6.000000e+00
      vertex   1.061071e+01 5.974675e+00 0.000000e+00
      vertex   1.086602e+01 5.514703e+00 -6.000000e+00
    endloop
  endfacet
  facet normal 8.743466e-01 4.853020e-01 -0.000000e+00
    outer loop
      vertex   1.086602e+01 5.514703e+00 -6.000000e+00
      vertex   1.061071e+01 5.974675e+00 0.000000e+00
      vertex   1.086602e+01 5.514703e+00 0.000000e+00
    endloop
  endfacet
  facet normal 7.587581e-01 6.513725e-01 -0.000000e+00
    outer loop
      vertex   1.086602e+01 5.514703e+00 -6.000000e+00
      vertex   1.086602e+01 5.514703e+00 0.000000e+00
      vertex   1.120869e+01 5.115539e+00 -6.000000e+00
    endloop
  endfacet
  facet normal 7.587581e-01 6.513725e-01 -0.000000e+00
    outer loop
      vertex   1.120869e+01 5.115539e+00 -6.000000e+00
      vertex   1.086602e+01 5.514703e+00 0.000000e+00
      vertex   1.120869e+01 5.115539e+00 0.000000e+00
    endloop
  endfacet
  facet normal 6.121060e-01 7.907757e-01 -0.000000e+00
    outer loop
      vertex   1.120869e+01 5.115539e+00 -6.000000e+00
      vertex   1.120869e+01 5.115539e+00 0.000000e+00
      vertex   1.162469e+01 4.793525e+00 -6.000000e+00
    endloop
  endfacet
  facet normal 6.121060e-01 7.907757e-01 -0.000000e+00
    outer loop
      vertex   1.162469e+01 4.793525e+00 -6.000000e+00
      vertex   1.120869e+01 5.115539e+00 0.000000e+00
      vertex   1.162469e+01 4.793525e+00 0.000000e+00
    endloop
  endfacet
  facet normal 4.403942e-01 8.978045e-01 -0.000000e+00
    outer loop
      vertex   1.162469e+01 4.793525e+00 -6.000000e+00
      vertex   1.162469e+01 4.793525e+00 0.000000e+00
      vertex   1.209701e+01 4.561844e+00 -6.000000e+00
    endloop
  endfacet
  facet normal 4.403942e-01 8.978045e-01 -0.000000e+00
    outer loop
      vertex   1.209701e+01 4.561844e+00 -6.000000e+00
      vertex   1.162469e+01 4.793525e+00 0.000000e+00
      vertex   1.209701e+01 4.561844e+00 0.000000e+00
    endloop
  endfacet
  facet normal 2.506525e-01 9.680771e-01 -0.000000e+00
    outer loop
      vertex   1.209701e+01 4.561844e+00 -6.000000e+00
      vertex   1.209701e+01 4.561844e+00 0.000000e+00
      vertex   1.260629e+01 4.429982e+00 -6.000000e+00
    endloop
  endfacet
  facet normal 2.506525e-01 9.680771e-01 -0.000000e+00
    outer loop
      vertex   1.260629e+01 4.429982e+00 -6.000000e+00
      vertex   1.209701e+01 4.561844e+00 0.000000e+00
      vertex   1.260629e+01 4.429982e+00 0.000000e+00
    endloop
  endfacet
  facet normal 5.064917e-02 9.987165e-01 -0.000000e+00
    outer loop
      vertex   1.260629e+01 4.429982e+00 -6.000000e+00
      vertex   1.260629e+01 4.429982e+00 0.000000e+00
      vertex   1.313169e+01 4.403337e+00 -6.000000e+00
    endloop
  endfacet
  facet normal 5.064917e-02 9.987165e-01 -0.000000e+00
    outer loop
      vertex   1.313169e+01 4.403337e+00 -6.000000e+00
      vertex   1.260629e+01 4.429982e+00 0.000000e+00
      vertex   1.313169e+01 4.403337e+00 0.000000e+00
    endloop
  endfacet
  facet normal -1.514278e-01 9.884683e-01 0.000000e+00
    outer loop
      vertex   1.313169e+01 4.403337e+00 -6.000000e+00
      vertex   1.313169e+01 4.403337e+00 0.000000e+00
      vertex   1.365170e+01 4.482999e+00 -6.000000e+00
    endloop
  endfacet
  facet normal -1.514278e-01 9.884683e-01 0.000000e+00
    outer loop
      vertex   1.365170e+01 4.482999e+00 -6.000000e+00
      vertex   1.313169e+01 4.403337e+00 0.000000e+00
      vertex   1.365170e+01 4.482999e+00 0.000000e+00
    endloop
  endfacet
  facet normal -3.473053e-01 9.377521e-01 0.000000e+00
    outer loop
      vertex   1.365170e+01 4.482999e+00 -6.000000e+00
      vertex   1.365170e+01 4.482999e+00 0.000000e+00
      vertex   1.414502e+01 4.665708e+00 -6.000000e+00
    endloop
  endfacet
  facet normal -3.473053e-01 9.377521e-01 0.000000e+00
    outer loop
      vertex   1.414502e+01 4.665708e+00 -6.000000e+00
      vertex   1.365170e+01 4.482999e+00 0.000000e+00
      vertex   1.414502e+01 4.665708e+00 0.000000e+00
    endloop
  endfacet
  facet normal -5.289640e-01 8.486443e-01 0.000000e+00
    outer loop
      vertex   1.414502e+01 4.665708e+00 -6.000000e+00
      vertex   1.414502e+01 4.665708e+00 0.000000e+00
      vertex   1.459148e+01 4.943983e+00 -6.000000e+00
    endloop
  endfacet
  facet normal -5.289640e-01 8.486443e-01 0.000000e+00
    outer loop
      vertex   1.459148e+01 4.943983e+00 -6.000000e+00
      vertex   1.414502e+01 4.665708e+00 0.000000e+00
      vertex   1.459148e+01 4.943983e+00 0.000000e+00
    endloop
  endfacet
  facet normal -6.889669e-01 7.247928e-01 0.000000e+00
    outer loop
      vertex   1.459148e+01 4.943983e+00 -6.000000e+00
      vertex   1.459148e+01 4.943983e+00 0.000000e+00
      vertex   1.497277e+01 5.306432e+00 -6.000000e+00
    endloop
  endfacet
  facet normal -6.889669e-01 7.247928e-01 0.000000e+00
    outer loop
      vertex   1.497277e+01 5.306432e+00 -6.000000e+00
      vertex   1.459148e+01 4.943983e+00 0.000000e+00
      vertex   1.497277e+01 5.306432e+00 0.000000e+00
    endloop
  endfacet
  facet normal -8.207634e-01 5.712682e-01 0.000000e+00
    outer loop
      vertex   1.497277e+01 5.306432e+00 -6.000000e+00
      vertex   1.497277e+01 5.306432e+00 0.000000e+00
      vertex   1.527330e+01 5.738215e+00 -6.000000e+00
    endloop
  endfacet
  facet normal -8.207634e-01 5.712682e-01 0.000000e+00
    outer loop
      vertex   1.527330e+01 5.738215e+00 -6.000000e+00
      vertex   1.497277e+01 5.306432e+00 0.000000e+00
      vertex   1.527330e+01 5.738215e+00 0.000000e+00
    endloop
  endfacet
  facet normal -9.189578e-01 3.943559e-01 0.000000e+00
    outer loop
      vertex   1.527330e+01 5.738215e+00 -6.000000e+00
      vertex   1.527330e+01 5.738215e+00 0.000000e+00
      vertex   1.548076e+01 6.221656e+00 -6.000000e+00
    endloop
  endfacet
  facet normal -9.189578e-01 3.943559e-01 0.000000e+00
    outer loop
      vertex   1.548076e+01 6.221656e+00 -6.000000e+00
      vertex   1.527330e+01 5.738215e+00 0.000000e+00
      vertex   1.548076e+01 6.221656e+00 0.000000e+00
    endloop
  endfacet
  facet normal -9.795299e-01 2.012985e-01 0.000000e+00
    outer loop
      vertex   1.548076e+01 6.221656e+00 -6.000000e+00
      vertex   1.548076e+01 6.221656e+00 0.000000e+00
      vertex   1.558666e+01 6.736962e+00 -6.000000e+00
    endloop
  endfacet
  facet normal -9.795299e-01 2.012985e-01 0.000000e+00
    outer loop
      vertex   1.558666e+01 6.736962e+00 -6.000000e+00
      vertex   1.548076e+01 6.221656e+00 0.000000e+00
      vertex   1.558666e+01 6.736962e+00 0.000000e+00
    endloop
  endfacet
  facet normal -1.000000e+00 0.000000e+00 0.000000e+00
    outer loop
      vertex   1.558666e+01 6.736962e+00 -6.000000e+00
      vertex   1.558666e+01 6.736962e+00 0.000000e+00
      vertex   1.558666e+01 7.263038e+00 -6.000000e+00
    endloop
  endfacet
  facet normal -1.000000e+00 0.000000e+00 0.000000e+00
    outer loop
      vertex   1.558666e+01 7.263038e+00 -6.000000e+00
      vertex   1.558666e+01 6.736962e+00 0.000000e+00
      vertex   1.558666e+01 7.263038e+00 0.000000e+00
    endloop
  endfacet
  facet normal -9.795299e-01 -2.012985e-01 0.000000e+00
    outer loop
      vertex   1.558666e+01 7.263038e+00 -6.000000e+00
      vertex   1.558666e+01 7.263038e+00 0.000000e+00
      vertex   1.548076e+01 7.778344e+00 -6.000000e+00
    endloop
  endfacet
  facet normal -9.795299e-01 -2.012985e-01 0.000000e+00
    outer loop
      vertex   1.548076e+01 7.778344e+00 -6.000000e+00
      vertex   1.558666e+01 7.263038e+00 0.000000e+00
      vertex   1.548076e+01 7.778344e+00 0.000000e+00
    endloop
  endfacet
  facet normal -9.189578e-01 -3.943559e-01 0.000000e+00
    outer loop
      vertex   1.548076e+01 7.778344e+00 -6.000000e+00
      vertex   1.548076e+01 7.778344e+00 0.000000e+00
      vertex   1.527330e+01 8.261785e+00 -6.000000e+00
    endloop
  endfacet
  facet normal -9.189578e-01 -3.943559e-01 0.000000e+00
    outer loop
      vertex   1.527330e+01 8.261785e+00 -6.000000e+00
      vertex   1.548076e+01 7.778344e+00 0.000000e+00
      vertex   1.527330e+01 8.261785e+00 0.000000e+00
    endloop
  endfacet
  facet normal -8.207634e-01 -5.712682e-01 0.000000e+00
    outer loop
      vertex   1.527330e+01 8.261785e+00 -6.000000e+00
      vertex   1.527330e+01 8.261785e+00 0.000000e+00
      vertex   1.497277e+01 8.693568e+00 -6.000000e+00
    endloop
  endfacet
  facet normal -8.207634e-01 -5.712682e-01 0.000000e+00
    outer loop
      vertex   1.497277e+01 8.693568e+00 -6.000000e+00
      vertex   1.527330e+01 8.261785e+00 0.000000e+00
      vertex   1.497277e+01 8.693568e+00 0.000000e+00
    endloop
  endfacet
  facet normal -6.889669e-01 -7.247928e-01 0.000000e+00
    outer loop
      vertex   1.497277e+01 8.693568e+00 -6.000000e+00
      vertex   1.497277e+01 8.693568e+00 0.000000e+00
      vertex   1.459148e+01 9.056017e+00 -6.000000e+00
    endloop
  endfacet
  facet normal -6.889669e-01 -7.247928e-01 0.000000e+00
    outer loop
      vertex   1.459148e+01 9.056017e+00 -6.000000e+00
      vertex   1.497277e+01 8.693568e+00 0.000000e+00
      vertex   1.459148e+01 9.056017e+00 0.000000e+00
    endloop
  endfacet
  facet normal -5.289640e-01 -8.486443e-01 0.000000e+00
    outer loop
      vertex   1.459148e+01 9.056017e+00 -6.000000e+00
      vertex   1.459148e+01 9.056017e+00 0.000000e+00
      vertex   1.414502e+01 9.334292e+00 -6.000000e+00
    endloop
  endfacet
  facet normal -5.289640e-01 -8.486443e-01 0.000000e+00
    outer loop
      vertex   1.414502e+01 9.334292e+00 -6.000000e+00
      vertex   1.459148e+01 9.056017e+00 0.000000e+00
      vertex   1.414502e+01 9.334292e+00 0.000000e+00
    endloop
  endfacet
  facet normal -3.473053e-01 -9.377521e-01 0.000000e+00
    outer loop
      vertex   1.414502e+01 9.334292e+00 -6.000000e+00
      vertex   1.414502e+01 9.334292e+00 0.000000e+00
      vertex   1.365170e+01 9.517001e+00 -6.000000e+00
    endloop
  endfacet
  facet normal -3.473053e-01 -9.377521e-01 0.000000e+00
    outer loop
      vertex   1.365170e+01 9.517001e+00 -6.000000e+00
      vertex   1.414502e+01 9.334292e+00 0.000000e+00
      vertex   1.365170e+01 9.517001e+00 0.000000e+00
    endloop
  endfacet
  facet normal -1.514278e-01 -9.884683e-01 0.000000e+00
    outer loop
      vertex   1.365170e+01 9.517001e+00 -6.000000e+00
      vertex   1.365170e+01 9.517001e+00 0.000000e+00
      vertex   1.313169e+01 9.596663e+00 -6.000000e+00
    endloop
  endfacet
  facet normal -1.514278e-01 -9.884683e-01 0.000000e+00
    outer loop
      vertex   1.313169e+01 9.596663e+00 -6.000000e+00
      vertex   1.365170e+01 9.517001e+00 0.000000e+00
      vertex   1.313169e+01 9.596663e+00 0.000000e+00
    endloop
  endfacet
  facet normal 5.064917e-02 -9.987165e-01 0.000000e+00
    outer loop
      vertex   1.313169e+01 9.596663e+00 -6.000000e+00
      vertex   1.313169e+01 9.596663e+00 0.000000e+00
      vertex   1.260629e+01 9.570018e+00 -6.000000e+00
    endloop
  endfacet
  facet normal 5.064917e-02 -9.987165e-01 0.000000e+00
    outer loop
      vertex   1.260629e+01 9.570018e+00 -6.000000e+00
      vertex   1.313169e+01 9.596663e+00 0.000000e+00
      vertex   1.260629e+01 9.570018e+00 0.000000e+00
    endloop
  endfacet
  facet normal 2.506525e-01 -9.680771e-01 0.000000e+00
    outer loop
      vertex   1.260629e+01 9.570018e+00 -6.000000e+00
      vertex   1.260629e+01 9.570018e+00 0.000000e+00
      vertex   1.209701e+01 9.438156e+00 -6.000000e+00
    endloop
  endfacet
  facet normal 2.506525e-01 -9.680771e-01 0.000000e+00
    outer loop
      vertex   1.209701e+01 9.438156e+00 -6.000000e+00
      vertex   1.260629e+01 9.570018e+00 0.000000e+00
      vertex   1.209701e+01 9.438156e+00 0.000000e+00
    endloop
  endfacet
  facet normal 4.403942e-01 -8.978045e-01 0.000000e+00
    outer loop
      vertex   1.209701e+01 9.438156e+00 -6.000000e+00
      vertex   1.209701e+01 9.438156e+00 0.000000e+00
      vertex   1.162469e+01 9.206475e+00 -6.000000e+00
    endloop
  endfacet
  facet normal 4.403942e-01 -8.978045e-01 0.000000e+00
    outer loop
      vertex   1.162469e+01 9.206475e+00 -6.000000e+00
      vertex   1.209701e+01 9.438156e+00 0.000000e+00
      vertex   1.162469e+01 9.206475e+00 0.000000e+00
    endloop
  endfacet
  facet normal 6.121060e-01 -7.907757e-01 0.000000e+00
    outer loop
      vertex   1.162469e+01 9.206475e+00 -6.000000e+00
      vertex   1.162469e+01 9.206475e+00 0.000000e+00
      vertex   1.120869e+01 8.884461e+00 -6.000000e+00
    endloop
  endfacet
  facet normal 6.121060e-01 -7.907757e-01 0.000000e+00
    outer loop
      vertex   1.120869e+01 8.884461e+00 -6.000000e+00
      vertex   1.162469e+01 9.206475e+00 0.000000e+00
      vertex   1.120869e+01 8.884461e+00 0.000000e+00
    endloop
  endfacet
  facet normal 7.587581e-01 -6.513725e-01 0.000000e+00
    outer loop
      vertex   1.120869e+01 8.884461e+00 -6.000000e+00
      vertex   1.120869e+01 8.884461e+00 0.000000e+00
      vertex   1.086602e+01 8.485297e+00 -6.000000e+00
    endloop
  endfacet
  facet normal 7.587581e-01 -6.513725e-01 0.000000e+00
    outer loop
      vertex   1.086602e+01 8.485297e+00 -6.000000e+00
      vertex   1.120869e+01 8.884461e+00 0.000000e+00
      vertex   1.086602e+01 8.485297e+00 0.000000e+00
    endloop
  endfacet
  facet normal 8.743466e-01 -4.853020e-01 0.000000e+00
    outer loop
      vertex   1.086602e+01 8.485297e+00 -6.000000e+00
      vertex   1.086602e+01 8.485297e+00 0.000000e+00
      vertex   1.061071e+01 8.025325e+00 -6.000000e+00
    endloop
  endfacet
  facet normal 8.743466e-01 -4.853020e-01 0.000000e+00
    outer loop
      vertex   1.061071e+01 8.025325e+00 -6.000000e+00
      vertex   1.086602e+01 8.485297e+00 0.000000e+00
      vertex   1.061071e+01 8.025325e+00 0.000000e+00
    endloop
  endfacet
  facet normal 9.541393e-01 -2.993631e-01 0.000000e+00
    outer loop
      vertex   1.061071e+01 8.025325e+00 -6.000000e+00
      vertex   1.061071e+01 8.025325e+00 0.000000e+00
      vertex   1.045322e+01 7.523376e+00 -6.000000e+00
    endloop
  endfacet
  facet normal 9.541393e-01 -2.993631e-01 0.000000e+00
    outer loop
      vertex   1.045322e+01 7.523376e+00 -6.000000e+00
      vertex   1.061071e+01 8.025325e+00 0.000000e+00
      vertex   1.045322e+01 7.523376e+00 0.000000e+00
    endloop
  endfacet
  facet normal -9.995524e-01 -2.991547e-02 0.000000e+00
    outer loop
      vertex   -3.094451e+01 -1.853929e+00 -6.000000e+00
      vertex   -3.094451e+01 -1.853929e+00 0.000000e+00
      vertex   -3.100000e+01 3.330669e-15 -6.000000e+00
    endloop
  endfacet
  facet normal -9.995524e-01 -2.991547e-02 -5.895318e-16
    outer loop
      vertex   -3.100000e+01 3.330669e-15 -6.000000e+00
      vertex   -3.094451e+01 -1.853929e+00 0.000000e+00
      vertex   -3.100000e+01 3.796405e-15 0.000000e+00
    endloop
  endfacet
  facet normal -9.995524e-01 2.991547e-02 -5.941761e-16
    outer loop
      vertex   -3.100000e+01 3.330669e-15 -6.000000e+00
      vertex   -3.100000e+01 3.796405e-15 0.000000e+00
      vertex   -3.094451e+01 1.853929e+00 -6.000000e+00
    endloop
  endfacet
  facet normal -9.995524e-01 2.991547e-02 0.000000e+00
    outer loop
      vertex   -3.094451e+01 1.853929e+00 -6.000000e+00
      vertex   -3.100000e+01 3.796405e-15 0.000000e+00
      vertex   -3.094451e+01 1.853929e+00 0.000000e+00
    endloop
  endfacet
  facet normal -9.959743e-01 8.963931e-02 0.000000e+00
    outer loop
      vertex   -3.094451e+01 1.853929e+00 -6.000000e+00
      vertex   -3.094451e+01 1.853929e+00 0.000000e+00
      vertex   -3.077825e+01 3.701221e+00 -6.000000e+00
    endloop
  endfacet
  facet normal -9.959743e-01 8.963931e-02 0.000000e+00
    outer loop
      vertex   -3.077825e+01 3.701221e+00 -6.000000e+00
      vertex   -3.094451e+01 1.853929e+00 0.000000e+00
      vertex   -3.077825e+01 3.701221e+00 0.000000e+00
    endloop
  endfacet
  facet normal -9.888308e-01 1.490423e-01 0.000000e+00
    outer loop
      vertex   -3.077825e+01 3.701221e+00 -6.000000e+00
      vertex   -3.077825e+01 3.701221e+00 0.000000e+00
      vertex   -3.050182e+01 5.535264e+00 -6.000000e+00
    endloop
  endfacet
  facet normal -9.888308e-01 1.490423e-01 0.000000e+00
    outer loop
      vertex   -3.050182e+01 5.535264e+00 -6.000000e+00
      vertex   -3.077825e+01 3.701221e+00 0.000000e+00
      vertex   -3.050182e+01 5.535264e+00 0.000000e+00
    endloop
  endfacet
  facet normal -9.781476e-01 2.079117e-01 0.000000e+00
    outer loop
      vertex   -3.050182e+01 5.535264e+00 -6.000000e+00
      vertex   -3.050182e+01 5.535264e+00 0.000000e+00
      vertex   -3.011619e+01 7.349492e+00 -6.000000e+00
    endloop
  endfacet
  facet normal -9.781476e-01 2.079117e-01 0.000000e+00
    outer loop
      vertex   -3.011619e+01 7.349492e+00 -6.000000e+00
      vertex   -3.050182e+01 5.535264e+00 0.000000e+00
      vertex   -3.011619e+01 7.349492e+00 0.000000e+00
    endloop
  endfacet
  facet normal -9.639629e-01 2.660368e-01 0.000000e+00
    outer loop
      vertex   -3.011619e+01 7.349492e+00 -6.000000e+00
      vertex   -3.011619e+01 7.349492e+00 0.000000e+00
      vertex   -2.962276e+01 9.137410e+00 -6.000000e+00
    endloop
  endfacet
  facet normal -9.639629e-01 2.660368e-01 0.000000e+00
    outer loop
      vertex   -2.962276e+01 9.137410e+00 -6.000000e+00
      vertex   -3.011619e+01 7.349492e+00 0.000000e+00
      vertex   -2.962276e+01 9.137410e+00 0.000000e+00
    endloop
  endfacet
  facet normal -9.463274e-01 3.232097e-01 0.000000e+00
    outer loop
      vertex   -2.962276e+01 9.137410e+00 -6.000000e+00
      vertex   -2.962276e+01 9.137410e+00 0.000000e+00
      vertex   -2.902328e+01 1.089262e+01 -6.000000e+00
    endloop
  endfacet
  facet normal -9.463274e-01 3.232097e-01 0.000000e+00
    outer loop
      vertex   -2.902328e+01 1.089262e+01 -6.000000e+00
      vertex   -2.962276e+01 9.137410e+00 0.000000e+00
      vertex   -2.902328e+01 1.089262e+01 0.000000e+00
    endloop
  endfacet
  facet normal -9.253043e-01 3.792255e-01 0.000000e+00
    outer loop
      vertex   -2.902328e+01 1.089262e+01 -6.000000e+00
      vertex   -2.902328e+01 1.089262e+01 0.000000e+00
      vertex   -2.831991e+01 1.260884e+01 -6.000000e+00
    endloop
  endfacet
  facet normal -9.253043e-01 3.792255e-01 0.000000e+00
    outer loop
      vertex   -2.831991e+01 1.260884e+01 -6.000000e+00
      vertex   -2.902328e+01 1.089262e+01 0.000000e+00
      vertex   -2.831991e+01 1.260884e+01 0.000000e+00
    endloop
  endfacet
  facet normal -9.009689e-01 4.338837e-01 0.000000e+00
    outer loop
      vertex   -2.831991e+01 1.260884e+01 -6.000000e+00
      vertex   -2.831991e+01 1.260884e+01 0.000000e+00
      vertex   -2.751516e+01 1.427992e+01 -6.000000e+00
    endloop
  endfacet
  facet normal -9.009689e-01 4.338837e-01 0.000000e+00
    outer loop
      vertex   -2.751516e+01 1.427992e+01 -6.000000e+00
      vertex   -2.831991e+01 1.260884e+01 0.000000e+00
      vertex   -2.751516e+01 1.427992e+01 0.000000e+00
    endloop
  endfacet
  facet normal -8.734082e-01 4.869888e-01 0.000000e+00
    outer loop
      vertex   -2.751516e+01 1.427992e+01 -6.000000e+00
      vertex   -2.751516e+01 1.427992e+01 0.000000e+00
      vertex   -2.661191e+01 1.589988e+01 -6.000000e+00
    endloop
  endfacet
  facet normal -8.734082e-01 4.869888e-01 0.000000e+00
    outer loop
      vertex   -2.661191e+01 1.589988e+01 -6.000000e+00
      vertex   -2.751516e+01 1.427992e+01 0.000000e+00
      vertex   -2.661191e+01 1.589988e+01 0.000000e+00
    endloop
  endfacet
  facet normal -8.427210e-01 5.383506e-01 0.000000e+00
    outer loop
      vertex   -2.661191e+01 1.589988e+01 -6.000000e+00
      vertex   -2.661191e+01 1.589988e+01 0.000000e+00
      vertex   -2.561340e+01 1.746292e+01 -6.000000e+00
    endloop
  endfacet
  facet normal -8.427210e-01 5.383506e-01 0.000000e+00
    outer loop
      vertex   -2.561340e+01 1.746292e+01 -6.000000e+00
      vertex   -2.661191e+01 1.589988e+01 0.000000e+00
      vertex   -2.561340e+01 1.746292e+01 0.000000e+00
    endloop
  endfacet
  facet normal -8.090170e-01 5.877853e-01 0.000000e+00
    outer loop
      vertex   -2.561340e+01 1.746292e+01 -6.000000e+00
      vertex   -2.561340e+01 1.746292e+01 0.000000e+00
      vertex   -2.452320e+01 1.896345e+01 -6.000000e+00
    endloop
  endfacet
  facet normal -8.090170e-01 5.877853e-01 0.000000e+00
    outer loop
      vertex   -2.452320e+01 1.896345e+01 -6.000000e+00
      vertex   -2.561340e+01 1.746292e+01 0.000000e+00
      vertex   -2.452320e+01 1.896345e+01 0.000000e+00
    endloop
  endfacet
  facet normal -7.724170e-01 6.351158e-01 0.000000e+00
    outer loop
      vertex   -2.452320e+01 1.896345e+01 -6.000000e+00
      vertex   -2.452320e+01 1.896345e+01 0.000000e+00
      vertex   -2.334522e+01 2.039610e+01 -6.000000e+00
    endloop
  endfacet
  facet normal -7.724170e-01 6.351158e-01 0.000000e+00
    outer loop
      vertex   -2.334522e+01 2.039610e+01 -6.000000e+00
      vertex   -2.452320e+01 1.896345e+01 0.000000e+00
      vertex   -2.334522e+01 2.039610e+01 0.000000e+00
    endloop
  endfacet
  facet normal -7.330519e-01 6.801727e-01 0.000000e+00
    outer loop
      vertex   -2.334522e+01 2.039610e+01 -6.000000e+00
      vertex   -2.334522e+01 2.039610e+01 0.000000e+00
      vertex   -2.208366e+01 2.175573e+01 -6.000000e+00
    endloop
  endfacet
  facet normal -7.330519e-01 6.801727e-01 0.000000e+00
    outer loop
      vertex   -2.208366e+01 2.175573e+01 -6.000000e+00
      vertex   -2.334522e+01 2.039610e+01 0.000000e+00
      vertex   -2.208366e+01 2.175573e+01 0.000000e+00
    endloop
  endfacet
  facet normal -6.910626e-01 7.227949e-01 0.000000e+00
    outer loop
      vertex   -2.208366e+01 2.175573e+01 -6.000000e+00
      vertex   -2.208366e+01 2.175573e+01 0.000000e+00
      vertex   -2.074305e+01 2.303749e+01 -6.000000e+00
    endloop
  endfacet
  facet normal -6.910626e-01 7.227949e-01 0.000000e+00
    outer loop
      vertex   -2.074305e+01 2.303749e+01 -6.000000e+00
      vertex   -2.208366e+01 2.175573e+01 0.000000e+00
      vertex   -2.074305e+01 2.303749e+01 0.000000e+00
    endloop
  endfacet
  facet normal -6.465996e-01 7.628296e-01 0.000000e+00
    outer loop
      vertex   -2.074305e+01 2.303749e+01 -6.000000e+00
      vertex   -2.074305e+01 2.303749e+01 0.000000e+00
      vertex   -1.932818e+01 2.423678e+01 -6.000000e+00
    endloop
  endfacet
  facet normal -6.465996e-01 7.628296e-01 0.000000e+00
    outer loop
      vertex   -1.932818e+01 2.423678e+01 -6.000000e+00
      vertex   -2.074305e+01 2.303749e+01 0.000000e+00
      vertex   -1.932818e+01 2.423678e+01 0.000000e+00
    endloop
  endfacet
  facet normal -5.998219e-01 8.001335e-01 0.000000e+00
    outer loop
      vertex   -1.932818e+01 2.423678e+01 -6.000000e+00
      vertex   -1.932818e+01 2.423678e+01 0.000000e+00
      vertex   -1.784413e+01 2.534930e+01 -6.000000e+00
    endloop
  endfacet
  facet normal -5.998219e-01 8.001335e-01 0.000000e+00
    outer loop
      vertex   -1.784413e+01 2.534930e+01 -6.000000e+00
      vertex   -1.932818e+01 2.423678e+01 0.000000e+00
      vertex   -1.784413e+01 2.534930e+01 0.000000e+00
    endloop
  endfacet
  facet normal -5.508970e-01 8.345733e-01 0.000000e+00
    outer loop
      vertex   -1.784413e+01 2.534930e+01 -6.000000e+00
      vertex   -1.784413e+01 2.534930e+01 0.000000e+00
      vertex   -1.629620e+01 2.637108e+01 -6.000000e+00
    endloop
  endfacet
  facet normal -5.508970e-01 8.345733e-01 0.000000e+00
    outer loop
      vertex   -1.629620e+01 2.637108e+01 -6.000000e+00
      vertex   -1.784413e+01 2.534930e+01 0.000000e+00
      vertex   -1.629620e+01 2.637108e+01 0.000000e+00
    endloop
  endfacet
  facet normal -5.000000e-01 8.660254e-01 0.000000e+00
    outer loop
      vertex   -1.629620e+01 2.637108e+01 -6.000000e+00
      vertex   -1.629620e+01 2.637108e+01 0.000000e+00
      vertex   -1.468993e+01 2.729846e+01 -6.000000e+00
    endloop
  endfacet
  facet normal -5.000000e-01 8.660254e-01 0.000000e+00
    outer loop
      vertex   -1.468993e+01 2.729846e+01 -6.000000e+00
      vertex   -1.629620e+01 2.637108e+01 0.000000e+00
      vertex   -1.468993e+01 2.729846e+01 0.000000e+00
    endloop
  endfacet
  facet normal -4.473131e-01 8.943774e-01 0.000000e+00
    outer loop
      vertex   -1.468993e+01 2.729846e+01 -6.000000e+00
      vertex   -1.468993e+01 2.729846e+01 0.000000e+00
      vertex   -1.303107e+01 2.812812e+01 -6.000000e+00
    endloop
  endfacet
  facet normal -4.473131e-01 8.943774e-01 0.000000e+00
    outer loop
      vertex   -1.303107e+01 2.812812e+01 -6.000000e+00
      vertex   -1.468993e+01 2.729846e+01 0.000000e+00
      vertex   -1.303107e+01 2.812812e+01 0.000000e+00
    endloop
  endfacet
  facet normal -3.930250e-01 9.195278e-01 0.000000e+00
    outer loop
      vertex   -1.303107e+01 2.812812e+01 -6.000000e+00
      vertex   -1.303107e+01 2.812812e+01 0.000000e+00
      vertex   -1.132557e+01 2.885709e+01 -6.000000e+00
    endloop
  endfacet
  facet normal -3.930250e-01 9.195278e-01 0.000000e+00
    outer loop
      vertex   -1.132557e+01 2.885709e+01 -6.000000e+00
      vertex   -1.303107e+01 2.812812e+01 0.000000e+00
      vertex   -1.132557e+01 2.885709e+01 0.000000e+00
    endloop
  endfacet
  facet normal -3.373300e-01 9.413865e-01 0.000000e+00
    outer loop
      vertex   -1.132557e+01 2.885709e+01 -6.000000e+00
      vertex   -1.132557e+01 2.885709e+01 0.000000e+00
      vertex   -9.579527e+00 2.948275e+01 -6.000000e+00
    endloop
  endfacet
  facet normal -3.373300e-01 9.413865e-01 0.000000e+00
    outer loop
      vertex   -9.579527e+00 2.948275e+01 -6.000000e+00
      vertex   -1.132557e+01 2.885709e+01 0.000000e+00
      vertex   -9.579527e+00 2.948275e+01 0.000000e+00
    endloop
  endfacet
  facet normal -2.804274e-01 9.598752e-01 0.000000e+00
    outer loop
      vertex   -9.579527e+00 2.948275e+01 -6.000000e+00
      vertex   -9.579527e+00 2.948275e+01 0.000000e+00
      vertex   -7.799190e+00 3.000288e+01 -6.000000e+00
    endloop
  endfacet
  facet normal -2.804274e-01 9.598752e-01 0.000000e+00
    outer loop
      vertex   -7.799190e+00 3.000288e+01 -6.000000e+00
      vertex   -9.579527e+00 2.948275e+01 0.000000e+00
      vertex   -7.799190e+00 3.000288e+01 0.000000e+00
    endloop
  endfacet
  facet normal -2.225209e-01 9.749279e-01 0.000000e+00
    outer loop
      vertex   -7.799190e+00 3.000288e+01 -6.000000e+00
      vertex   -7.799190e+00 3.000288e+01 0.000000e+00
      vertex   -5.990933e+00 3.041560e+01 -6.000000e+00
    endloop
  endfacet
  facet normal -2.225209e-01 9.749279e-01 0.000000e+00
    outer loop
      vertex   -5.990933e+00 3.041560e+01 -6.000000e+00
      vertex   -7.799190e+00 3.000288e+01 0.000000e+00
      vertex   -5.990933e+00 3.041560e+01 0.000000e+00
    endloop
  endfacet
  facet normal -1.638179e-01 9.864906e-01 0.000000e+00
    outer loop
      vertex   -5.990933e+00 3.041560e+01 -6.000000e+00
      vertex   -5.990933e+00 3.041560e+01 0.000000e+00
      vertex   -4.161231e+00 3.071944e+01 -6.000000e+00
    endloop
  endfacet
  facet normal -1.638179e-01 9.864906e-01 0.000000e+00
    outer loop
      vertex   -4.161231e+00 3.071944e+01 -6.000000e+00
      vertex   -5.990933e+00 3.041560e+01 0.000000e+00
      vertex   -4.161231e+00 3.071944e+01 0.000000e+00
    endloop
  endfacet
  facet normal -1.045285e-01 9.945219e-01 0.000000e+00
    outer loop
      vertex   -4.161231e+00 3.071944e+01 -6.000000e+00
      vertex   -4.161231e+00 3.071944e+01 0.000000e+00
      vertex   -2.316633e+00 3.091332e+01 -6.000000e+00
    endloop
  endfacet
  facet normal -1.045285e-01 9.945219e-01 0.000000e+00
    outer loop
      vertex   -2.316633e+00 3.091332e+01 -6.000000e+00
      vertex   -4.161231e+00 3.071944e+01 0.000000e+00
      vertex   -2.316633e+00 3.091332e+01 0.000000e+00
    endloop
  endfacet
  facet normal -4.486483e-02 9.989931e-01 0.000000e+00
    outer loop
      vertex   -2.316633e+00 3.091332e+01 -6.000000e+00
      vertex   -2.316633e+00 3.091332e+01 0.000000e+00
      vertex   -4.637416e-01 3.099653e+01 -6.000000e+00
    endloop
  endfacet
  facet normal -4.486483e-02 9.989931e-01 0.000000e+00
    outer loop
      vertex   -4.637416e-01 3.099653e+01 -6.000000e+00
      vertex   -2.316633e+00 3.091332e+01 0.000000e+00
      vertex   -4.637416e-01 3.099653e+01 0.000000e+00
    endloop
  endfacet
  facet normal 1.495941e-02 9.998881e-01 -0.000000e+00
    outer loop
      vertex   -4.637416e-01 3.099653e+01 -6.000000e+00
      vertex   -4.637416e-01 3.099653e+01 0.000000e+00
      vertex   1.390810e+00 3.096879e+01 -6.000000e+00
    endloop
  endfacet
  facet normal 1.495941e-02 9.998881e-01 -0.000000e+00
    outer loop
      vertex   1.390810e+00 3.096879e+01 -6.000000e+00
      vertex   -4.637416e-01 3.099653e+01 0.000000e+00
      vertex   1.390810e+00 3.096879e+01 0.000000e+00
    endloop
  endfacet
  facet normal 7.473009e-02 9.972038e-01 -0.000000e+00
    outer loop
      vertex   1.390810e+00 3.096879e+01 -6.000000e+00
      vertex   1.390810e+00 3.096879e+01 0.000000e+00
      vertex   3.240382e+00 3.083018e+01 -6.000000e+00
    endloop
  endfacet
  facet normal 7.473009e-02 9.972038e-01 -0.000000e+00
    outer loop
      vertex   3.240382e+00 3.083018e+01 -6.000000e+00
      vertex   1.390810e+00 3.096879e+01 0.000000e+00
      vertex   3.240382e+00 3.083018e+01 0.000000e+00
    endloop
  endfacet
  facet normal 1.342333e-01 9.909498e-01 -0.000000e+00
    outer loop
      vertex   3.240382e+00 3.083018e+01 -6.000000e+00
      vertex   3.240382e+00 3.083018e+01 0.000000e+00
      vertex   5.078355e+00 3.058121e+01 -6.000000e+00
    endloop
  endfacet
  facet normal 1.342333e-01 9.909498e-01 -0.000000e+00
    outer loop
      vertex   5.078355e+00 3.058121e+01 -6.000000e+00
      vertex   3.240382e+00 3.083018e+01 0.000000e+00
      vertex   5.078355e+00 3.058121e+01 0.000000e+00
    endloop
  endfacet
  facet normal 1.932559e-01 9.811484e-01 -0.000000e+00
    outer loop
      vertex   5.078355e+00 3.058121e+01 -6.000000e+00
      vertex   5.078355e+00 3.058121e+01 0.000000e+00
      vertex   6.898149e+00 3.022277e+01 -6.000000e+00
    endloop
  endfacet
  facet normal 1.932559e-01 9.811484e-01 -0.000000e+00
    outer loop
      vertex   6.898149e+00 3.022277e+01 -6.000000e+00
      vertex   5.078355e+00 3.058121e+01 0.000000e+00
      vertex   6.898149e+00 3.022277e+01 0.000000e+00
    endloop
  endfacet
  facet normal 2.515868e-01 9.678347e-01 -0.000000e+00
    outer loop
      vertex   6.898149e+00 3.022277e+01 -6.000000e+00
      vertex   6.898149e+00 3.022277e+01 0.000000e+00
      vertex   8.693249e+00 2.975613e+01 -6.000000e+00
    endloop
  endfacet
  facet normal 2.515868e-01 9.678347e-01 -0.000000e+00
    outer loop
      vertex   8.693249e+00 2.975613e+01 -6.000000e+00
      vertex   6.898149e+00 3.022277e+01 0.000000e+00
      vertex   8.693249e+00 2.975613e+01 0.000000e+00
    endloop
  endfacet
  facet normal 3.090170e-01 9.510565e-01 -0.000000e+00
    outer loop
      vertex   8.693249e+00 2.975613e+01 -6.000000e+00
      vertex   8.693249e+00 2.975613e+01 0.000000e+00
      vertex   1.045723e+01 2.918298e+01 -6.000000e+00
    endloop
  endfacet
  facet normal 3.090170e-01 9.510565e-01 -0.000000e+00
    outer loop
      vertex   1.045723e+01 2.918298e+01 -6.000000e+00
      vertex   8.693249e+00 2.975613e+01 0.000000e+00
      vertex   1.045723e+01 2.918298e+01 0.000000e+00
    endloop
  endfacet
  facet normal 3.653410e-01 9.308737e-01 -0.000000e+00
    outer loop
      vertex   1.045723e+01 2.918298e+01 -6.000000e+00
      vertex   1.045723e+01 2.918298e+01 0.000000e+00
      vertex   1.218378e+01 2.850536e+01 -6.000000e+00
    endloop
  endfacet
  facet normal 3.653410e-01 9.308737e-01 -0.000000e+00
    outer loop
      vertex   1.218378e+01 2.850536e+01 -6.000000e+00
      vertex   1.045723e+01 2.918298e+01 0.000000e+00
      vertex   1.218378e+01 2.850536e+01 0.000000e+00
    endloop
  endfacet
  facet normal 4.203572e-01 9.073587e-01 -0.000000e+00
    outer loop
      vertex   1.218378e+01 2.850536e+01 -6.000000e+00
      vertex   1.218378e+01 2.850536e+01 0.000000e+00
      vertex   1.386671e+01 2.772570e+01 -6.000000e+00
    endloop
  endfacet
  facet normal 4.203572e-01 9.073587e-01 -0.000000e+00
    outer loop
      vertex   1.386671e+01 2.772570e+01 -6.000000e+00
      vertex   1.218378e+01 2.850536e+01 0.000000e+00
      vertex   1.386671e+01 2.772570e+01 0.000000e+00
    endloop
  endfacet
  facet normal 4.738687e-01 8.805955e-01 -0.000000e+00
    outer loop
      vertex   1.386671e+01 2.772570e+01 -6.000000e+00
      vertex   1.386671e+01 2.772570e+01 0.000000e+00
      vertex   1.550000e+01 2.684679e+01 -6.000000e+00
    endloop
  endfacet
  facet normal 4.738687e-01 8.805955e-01 -0.000000e+00
    outer loop
      vertex   1.550000e+01 2.684679e+01 -6.000000e+00
      vertex   1.386671e+01 2.772570e+01 0.000000e+00
      vertex   1.550000e+01 2.684679e+01 0.000000e+00
    endloop
  endfacet
  facet normal 5.256838e-01 8.506801e-01 -0.000000e+00
    outer loop
      vertex   1.550000e+01 2.684679e+01 -6.000000e+00
      vertex   1.550000e+01 2.684679e+01 0.000000e+00
      vertex   1.707781e+01 2.587177e+01 -6.000000e+00
    endloop
  endfacet
  facet normal 5.256838e-01 8.506801e-01 -0.000000e+00
    outer loop
      vertex   1.707781e+01 2.587177e+01 -6.000000e+00
      vertex   1.550000e+01 2.684679e+01 0.000000e+00
      vertex   1.707781e+01 2.587177e+01 0.000000e+00
    endloop
  endfacet
  facet normal 5.756171e-01 8.177194e-01 -0.000000e+00
    outer loop
      vertex   1.707781e+01 2.587177e+01 -6.000000e+00
      vertex   1.707781e+01 2.587177e+01 0.000000e+00
      vertex   1.859448e+01 2.480414e+01 -6.000000e+00
    endloop
  endfacet
  facet normal 5.756171e-01 8.177194e-01 -0.000000e+00
    outer loop
      vertex   1.859448e+01 2.480414e+01 -6.000000e+00
      vertex   1.707781e+01 2.587177e+01 0.000000e+00
      vertex   1.859448e+01 2.480414e+01 0.000000e+00
    endloop
  endfacet
  facet normal 6.234898e-01 7.818315e-01 -0.000000e+00
    outer loop
      vertex   1.859448e+01 2.480414e+01 -6.000000e+00
      vertex   1.859448e+01 2.480414e+01 0.000000e+00
      vertex   2.004459e+01 2.364772e+01 -6.000000e+00
    endloop
  endfacet
  facet normal 6.234898e-01 7.818315e-01 -0.000000e+00
    outer loop
      vertex   2.004459e+01 2.364772e+01 -6.000000e+00
      vertex   1.859448e+01 2.480414e+01 0.000000e+00
      vertex   2.004459e+01 2.364772e+01 0.000000e+00
    endloop
  endfacet
  facet normal 6.691306e-01 7.431448e-01 -0.000000e+00
    outer loop
      vertex   2.004459e+01 2.364772e+01 -6.000000e+00
      vertex   2.004459e+01 2.364772e+01 0.000000e+00
      vertex   2.142294e+01 2.240664e+01 -6.000000e+00
    endloop
  endfacet
  facet normal 6.691306e-01 7.431448e-01 -0.000000e+00
    outer loop
      vertex   2.142294e+01 2.240664e+01 -6.000000e+00
      vertex   2.004459e+01 2.364772e+01 0.000000e+00
      vertex   2.142294e+01 2.240664e+01 0.000000e+00
    endloop
  endfacet
  facet normal 7.123761e-01 7.017979e-01 -0.000000e+00
    outer loop
      vertex   2.142294e+01 2.240664e+01 -6.000000e+00
      vertex   2.142294e+01 2.240664e+01 0.000000e+00
      vertex   2.272461e+01 2.108535e+01 -6.000000e+00
    endloop
  endfacet
  facet normal 7.123761e-01 7.017979e-01 -0.000000e+00
    outer loop
      vertex   2.272461e+01 2.108535e+01 -6.000000e+00
      vertex   2.142294e+01 2.240664e+01 0.000000e+00
      vertex   2.272461e+01 2.108535e+01 0.000000e+00
    endloop
  endfacet
  facet normal 7.530715e-01 6.579387e-01 -0.000000e+00
    outer loop
      vertex   2.272461e+01 2.108535e+01 -6.000000e+00
      vertex   2.272461e+01 2.108535e+01 0.000000e+00
      vertex   2.394493e+01 1.968859e+01 -6.000000e+00
    endloop
  endfacet
  facet normal 7.530715e-01 6.579387e-01 -0.000000e+00
    outer loop
      vertex   2.394493e+01 1.968859e+01 -6.000000e+00
      vertex   2.272461e+01 2.108535e+01 0.000000e+00
      vertex   2.394493e+01 1.968859e+01 0.000000e+00
    endloop
  endfacet
  facet normal 7.910710e-01 6.117243e-01 -0.000000e+00
    outer loop
      vertex   2.394493e+01 1.968859e+01 -6.000000e+00
      vertex   2.394493e+01 1.968859e+01 0.000000e+00
      vertex   2.507953e+01 1.822134e+01 -6.000000e+00
    endloop
  endfacet
  facet normal 7.910710e-01 6.117243e-01 -0.000000e+00
    outer loop
      vertex   2.507953e+01 1.822134e+01 -6.000000e+00
      vertex   2.394493e+01 1.968859e+01 0.000000e+00
      vertex   2.507953e+01 1.822134e+01 0.000000e+00
    endloop
  endfacet
  facet normal 8.262388e-01 5.633201e-01 -0.000000e+00
    outer loop
      vertex   2.507953e+01 1.822134e+01 -6.000000e+00
      vertex   2.507953e+01 1.822134e+01 0.000000e+00
      vertex   2.612435e+01 1.668887e+01 -6.000000e+00
    endloop
  endfacet
  facet normal 8.262388e-01 5.633201e-01 -0.000000e+00
    outer loop
      vertex   2.612435e+01 1.668887e+01 -6.000000e+00
      vertex   2.507953e+01 1.822134e+01 0.000000e+00
      vertex   2.612435e+01 1.668887e+01 0.000000e+00
    endloop
  endfacet
  facet normal 8.584488e-01 5.128993e-01 -0.000000e+00
    outer loop
      vertex   2.612435e+01 1.668887e+01 -6.000000e+00
      vertex   2.612435e+01 1.668887e+01 0.000000e+00
      vertex   2.707565e+01 1.509665e+01 -6.000000e+00
    endloop
  endfacet
  facet normal 8.584488e-01 5.128993e-01 -0.000000e+00
    outer loop
      vertex   2.707565e+01 1.509665e+01 -6.000000e+00
      vertex   2.612435e+01 1.668887e+01 0.000000e+00
      vertex   2.707565e+01 1.509665e+01 0.000000e+00
    endloop
  endfacet
  facet normal 8.875858e-01 4.606425e-01 -0.000000e+00
    outer loop
      vertex   2.707565e+01 1.509665e+01 -6.000000e+00
      vertex   2.707565e+01 1.509665e+01 0.000000e+00
      vertex   2.793003e+01 1.345040e+01 -6.000000e+00
    endloop
  endfacet
  facet normal 8.875858e-01 4.606425e-01 -0.000000e+00
    outer loop
      vertex   2.793003e+01 1.345040e+01 -6.000000e+00
      vertex   2.707565e+01 1.509665e+01 0.000000e+00
      vertex   2.793003e+01 1.345040e+01 0.000000e+00
    endloop
  endfacet
  facet normal 9.135455e-01 4.067366e-01 -0.000000e+00
    outer loop
      vertex   2.793003e+01 1.345040e+01 -6.000000e+00
      vertex   2.793003e+01 1.345040e+01 0.000000e+00
      vertex   2.868443e+01 1.175599e+01 -6.000000e+00
    endloop
  endfacet
  facet normal 9.135455e-01 4.067366e-01 -0.000000e+00
    outer loop
      vertex   2.868443e+01 1.175599e+01 -6.000000e+00
      vertex   2.793003e+01 1.345040e+01 0.000000e+00
      vertex   2.868443e+01 1.175599e+01 0.000000e+00
    endloop
  endfacet
  facet normal 9.362349e-01 3.513748e-01 -0.000000e+00
    outer loop
      vertex   2.868443e+01 1.175599e+01 -6.000000e+00
      vertex   2.868443e+01 1.175599e+01 0.000000e+00
      vertex   2.933615e+01 1.001950e+01 -6.000000e+00
    endloop
  endfacet
  facet normal 9.362349e-01 3.513748e-01 -0.000000e+00
    outer loop
      vertex   2.933615e+01 1.001950e+01 -6.000000e+00
      vertex   2.868443e+01 1.175599e+01 0.000000e+00
      vertex   2.933615e+01 1.001950e+01 0.000000e+00
    endloop
  endfacet
  facet normal 9.555728e-01 2.947552e-01 -0.000000e+00
    outer loop
      vertex   2.933615e+01 1.001950e+01 -6.000000e+00
      vertex   2.933615e+01 1.001950e+01 0.000000e+00
      vertex   2.988285e+01 8.247142e+00 -6.000000e+00
    endloop
  endfacet
  facet normal 9.555728e-01 2.947552e-01 -0.000000e+00
    outer loop
      vertex   2.988285e+01 8.247142e+00 -6.000000e+00
      vertex   2.933615e+01 1.001950e+01 0.000000e+00
      vertex   2.988285e+01 8.247142e+00 0.000000e+00
    endloop
  endfacet
  facet normal 9.714900e-01 2.370804e-01 -0.000000e+00
    outer loop
      vertex   2.988285e+01 8.247142e+00 -6.000000e+00
      vertex   2.988285e+01 8.247142e+00 0.000000e+00
      vertex   3.032258e+01 6.445262e+00 -6.000000e+00
    endloop
  endfacet
  facet normal 9.714900e-01 2.370804e-01 -0.000000e+00
    outer loop
      vertex   3.032258e+01 6.445262e+00 -6.000000e+00
      vertex   2.988285e+01 8.247142e+00 0.000000e+00
      vertex   3.032258e+01 6.445262e+00 0.000000e+00
    endloop
  endfacet
  facet normal 9.839296e-01 1.785569e-01 -0.000000e+00
    outer loop
      vertex   3.032258e+01 6.445262e+00 -6.000000e+00
      vertex   3.032258e+01 6.445262e+00 0.000000e+00
      vertex   3.065376e+01 4.620310e+00 -6.000000e+00
    endloop
  endfacet
  facet normal 9.839296e-01 1.785569e-01 -0.000000e+00
    outer loop
      vertex   3.065376e+01 4.620310e+00 -6.000000e+00
      vertex   3.032258e+01 6.445262e+00 0.000000e+00
      vertex   3.065376e+01 4.620310e+00 0.000000e+00
    endloop
  endfacet
  facet normal 9.928469e-01 1.193942e-01 -0.000000e+00
    outer loop
      vertex   3.065376e+01 4.620310e+00 -6.000000e+00
      vertex   3.065376e+01 4.620310e+00 0.000000e+00
      vertex   3.087520e+01 2.778819e+00 -6.000000e+00
    endloop
  endfacet
  facet normal 9.928469e-01 1.193942e-01 -0.000000e+00
    outer loop
      vertex   3.087520e+01 2.778819e+00 -6.000000e+00
      vertex   3.065376e+01 4.620310e+00 0.000000e+00
      vertex   3.087520e+01 2.778819e+00 0.000000e+00
    endloop
  endfacet
  facet normal 9.982101e-01 5.980415e-02 -0.000000e+00
    outer loop
      vertex   3.087520e+01 2.778819e+00 -6.000000e+00
      vertex   3.087520e+01 2.778819e+00 0.000000e+00
      vertex   3.098613e+01 9.273795e-01 -6.000000e+00
    endloop
  endfacet
  facet normal 9.982101e-01 5.980415e-02 -0.000000e+00
    outer loop
      vertex   3.098613e+01 9.273795e-01 -6.000000e+00
      vertex   3.087520e+01 2.778819e+00 0.000000e+00
      vertex   3.098613e+01 9.273795e-01 0.000000e+00
    endloop
  endfacet
  facet normal 1.000000e+00 0.000000e+00 -0.000000e+00
    outer loop
      vertex   3.098613e+01 9.273795e-01 -6.000000e+00
      vertex   3.098613e+01 9.273795e-01 0.000000e+00
      vertex   3.098613e+01 -9.273795e-01 -6.000000e+00
    endloop
  endfacet
  facet normal 1.000000e+00 0.000000e+00 0.000000e+00
    outer loop
      vertex   3.098613e+01 -9.273795e-01 -6.000000e+00
      vertex   3.098613e+01 9.273795e-01 0.000000e+00
      vertex   3.098613e+01 -9.273795e-01 0.000000e+00
    endloop
  endfacet
  facet normal 9.982101e-01 -5.980415e-02 0.000000e+00
    outer loop
      vertex   3.098613e+01 -9.273795e-01 -6.000000e+00
      vertex   3.098613e+01 -9.273795e-01 0.000000e+00
      vertex   3.087520e+01 -2.778819e+00 -6.000000e+00
    endloop
  endfacet
  facet normal 9.982101e-01 -5.980415e-02 0.000000e+00
    outer loop
      vertex   3.087520e+01 -2.778819e+00 -6.000000e+00
      vertex   3.098613e+01 -9.273795e-01 0.000000e+00
      vertex   3.087520e+01 -2.778819e+00 0.000000e+00
    endloop
  endfacet
  facet normal 9.928469e-01 -1.193942e-01 0.000000e+00
    outer loop
      vertex   3.087520e+01 -2.778819e+00 -6.000000e+00
      vertex   3.087520e+01 -2.778819e+00 0.000000e+00
      vertex   3.065376e+01 -4.620310e+00 -6.000000e+00
    endloop
  endfacet
  facet normal 9.928469e-01 -1.193942e-01 0.000000e+00
    outer loop
      vertex   3.065376e+01 -4.620310e+00 -6.000000e+00
      vertex   3.087520e+01 -2.778819e+00 0.000000e+00
      vertex   3.065376e+01 -4.620310e+00 0.000000e+00
    endloop
  endfacet
  facet normal 9.839296e-01 -1.785569e-01 0.000000e+00
    outer loop
      vertex   3.065376e+01 -4.620310e+00 -6.000000e+00
      vertex   3.065376e+01 -4.620310e+00 0.000000e+00
      vertex   3.032258e+01 -6.445262e+00 -6.000000e+00
    endloop
  endfacet
  facet normal 9.839296e-01 -1.785569e-01 0.000000e+00
    outer loop
      vertex   3.032258e+01 -6.445262e+00 -6.000000e+00
      vertex   3.065376e+01 -4.620310e+00 0.000000e+00
      vertex   3.032258e+01 -6.445262e+00 0.000000e+00
    endloop
  endfacet
  facet normal 9.714900e-01 -2.370804e-01 0.000000e+00
    outer loop
      vertex   3.032258e+01 -6.445262e+00 -6.000000e+00
      vertex   3.032258e+01 -6.445262e+00 0.000000e+00
      vertex   2.988285e+01 -8.247142e+00 -6.000000e+00
    endloop
  endfacet
  facet normal 9.714900e-01 -2.370804e-01 0.000000e+00
    outer loop
      vertex   2.988285e+01 -8.247142e+00 -6.000000e+00
      vertex   3.032258e+01 -6.445262e+00 0.000000e+00
      vertex   2.988285e+01 -8.247142e+00 0.000000e+00
    endloop
  endfacet
  facet normal 9.555728e-01 -2.947552e-01 0.000000e+00
    outer loop
      vertex   2.988285e+01 -8.247142e+00 -6.000000e+00
      vertex   2.988285e+01 -8.247142e+00 0.000000e+00
      vertex   2.933615e+01 -1.001950e+01 -6.000000e+00
    endloop
  endfacet
  facet normal 9.555728e-01 -2.947552e-01 0.000000e+00
    outer loop
      vertex   2.933615e+01 -1.001950e+01 -6.000000e+00
      vertex   2.988285e+01 -8.247142e+00 0.000000e+00
      vertex   2.933615e+01 -1.001950e+01 0.000000e+00
    endloop
  endfacet
  facet normal 9.362349e-01 -3.513748e-01 0.000000e+00
    outer loop
      vertex   2.933615e+01 -1.001950e+01 -6.000000e+00
      vertex   2.933615e+01 -1.001950e+01 0.000000e+00
      vertex   2.868443e+01 -1.175599e+01 -6.000000e+00
    endloop
  endfacet
  facet normal 9.362349e-01 -3.513748e-01 0.000000e+00
    outer loop
      vertex   2.868443e+01 -1.175599e+01 -6.000000e+00
      vertex   2.933615e+01 -1.001950e+01 0.000000e+00
      vertex   2.868443e+01 -1.175599e+01 0.000000e+00
    endloop
  endfacet
  facet normal 9.135455e-01 -4.067366e-01 0.000000e+00
    outer loop
      vertex   2.868443e+01 -1.175599e+01 -6.000000e+00
      vertex   2.868443e+01 -1.175599e+01 0.000000e+00
      vertex   2.793003e+01 -1.345040e+01 -6.000000e+00
    endloop
  endfacet
  facet normal 9.135455e-01 -4.067366e-01 0.000000e+00
    outer loop
      vertex   2.793003e+01 -1.345040e+01 -6.000000e+00
      vertex   2.868443e+01 -1.175599e+01 0.000000e+00
      vertex   2.793003e+01 -1.345040e+01 0.000000e+00
    endloop
  endfacet
  facet normal 8.875858e-01 -4.606425e-01 0.000000e+00
    outer loop
      vertex   2.793003e+01 -1.345040e+01 -6.000000e+00
      vertex   2.793003e+01 -1.345040e+01 0.000000e+00
      vertex   2.707565e+01 -1.509665e+01 -6.000000e+00
    endloop
  endfacet
  facet normal 8.875858e-01 -4.606425e-01 0.000000e+00
    outer loop
      vertex   2.707565e+01 -1.509665e+01 -6.000000e+00
      vertex   2.793003e+01 -1.345040e+01 0.000000e+00
      vertex   2.707565e+01 -1.509665e+01 0.000000e+00
    endloop
  endfacet
  facet normal 8.584488e-01 -5.128993e-01 0.000000e+00
    outer loop
      vertex   2.707565e+01 -1.509665e+01 -6.000000e+00
      vertex   2.707565e+01 -1.509665e+01 0.000000e+00
      vertex   2.612435e+01 -1.668887e+01 -6.000000e+00
    endloop
  endfacet
  facet normal 8.584488e-01 -5.128993e-01 0.000000e+00
    outer loop
      vertex   2.612435e+01 -1.668887e+01 -6.000000e+00
      vertex   2.707565e+01 -1.509665e+01 0.000000e+00
      vertex   2.612435e+01 -1.668887e+01 0.000000e+00
    endloop
  endfacet
  facet normal 8.262388e-01 -5.633201e-01 0.000000e+00
    outer loop
      vertex   2.612435e+01 -1.668887e+01 -6.000000e+00
      vertex   2.612435e+01 -1.668887e+01 0.000000e+00
      vertex   2.507953e+01 -1.822134e+01 -6.000000e+00
    endloop
  endfacet
  facet normal 8.262388e-01 -5.633201e-01 0.000000e+00
    outer loop
      vertex   2.507953e+01 -1.822134e+01 -6.000000e+00
      vertex   2.612435e+01 -1.668887e+01 0.000000e+00
      vertex   2.507953e+01 -1.822134e+01 0.000000e+00
    endloop
  endfacet
  facet normal 7.910710e-01 -6.117243e-01 0.000000e+00
    outer loop
      vertex   2.507953e+01 -1.822134e+01 -6.000000e+00
      vertex   2.507953e+01 -1.822134e+01 0.000000e+00
      vertex   2.394493e+01 -1.968859e+01 -6.000000e+00
    endloop
  endfacet
  facet normal 7.910710e-01 -6.117243e-01 0.000000e+00
    outer loop
      vertex   2.394493e+01 -1.968859e+01 -6.000000e+00
      vertex   2.507953e+01 -1.822134e+01 0.000000e+00
      vertex   2.394493e+01 -1.968859e+01 0.000000e+00
    endloop
  endfacet
  facet normal 7.530715e-01 -6.579387e-01 0.000000e+00
    outer loop
      vertex   2.394493e+01 -1.968859e+01 -6.000000e+00
      vertex   2.394493e+01 -1.968859e+01 0.000000e+00
      vertex   2.272461e+01 -2.108535e+01 -6.000000e+00
    endloop
  endfacet
  facet normal 7.530715e-01 -6.579387e-01 0.000000e+00
    outer loop
      vertex   2.272461e+01 -2.108535e+01 -6.000000e+00
      vertex   2.394493e+01 -1.968859e+01 0.000000e+00
      vertex   2.272461e+01 -2.108535e+01 0.000000e+00
    endloop
  endfacet
  facet normal 7.123761e-01 -7.017979e-01 0.000000e+00
    outer loop
      vertex   2.272461e+01 -2.108535e+01 -6.000000e+00
      vertex   2.272461e+01 -2.108535e+01 0.000000e+00
      vertex   2.142294e+01 -2.240664e+01 -6.000000e+00
    endloop
  endfacet
  facet normal 7.123761e-01 -7.017979e-01 0.000000e+00
    outer loop
      vertex   2.142294e+01 -2.240664e+01 -6.000000e+00
      vertex   2.272461e+01 -2.108535e+01 0.000000e+00
      vertex   2.142294e+01 -2.240664e+01 0.000000e+00
    endloop
  endfacet
  facet normal 6.691306e-01 -7.431448e-01 0.000000e+00
    outer loop
      vertex   2.142294e+01 -2.240664e+01 -6.000000e+00
      vertex   2.142294e+01 -2.240664e+01 0.000000e+00
      vertex   2.004459e+01 -2.364772e+01 -6.000000e+00
    endloop
  endfacet
  facet normal 6.691306e-01 -7.431448e-01 0.000000e+00
    outer loop
      vertex   2.004459e+01 -2.364772e+01 -6.000000e+00
      vertex   2.142294e+01 -2.240664e+01 0.000000e+00
      vertex   2.004459e+01 -2.364772e+01 0.000000e+00
    endloop
  endfacet
  facet normal 6.234898e-01 -7.818315e-01 0.000000e+00
    outer loop
      vertex   2.004459e+01 -2.364772e+01 -6.000000e+00
      vertex   2.004459e+01 -2.364772e+01 0.000000e+00
      vertex   1.859448e+01 -2.480414e+01 -6.000000e+00
    endloop
  endfacet
  facet normal 6.234898e-01 -7.818315e-01 0.000000e+00
    outer loop
      vertex   1.859448e+01 -2.480414e+01 -6.000000e+00
      vertex   2.004459e+01 -2.364772e+01 0.000000e+00
      vertex   1.859448e+01 -2.480414e+01 0.000000e+00
    endloop
  endfacet
  facet normal 5.756171e-01 -8.177194e-01 0.000000e+00
    outer loop
      vertex   1.859448e+01 -2.480414e+01 -6.000000e+00
      vertex   1.859448e+01 -2.480414e+01 0.000000e+00
      vertex   1.707781e+01 -2.587177e+01 -6.000000e+00
    endloop
  endfacet
  facet normal 5.756171e-01 -8.177194e-01 0.000000e+00
    outer loop
      vertex   1.707781e+01 -2.587177e+01 -6.000000e+00
      vertex   1.859448e+01 -2.480414e+01 0.000000e+00
      vertex   1.707781e+01 -2.587177e+01 0.000000e+00
    endloop
  endfacet
  facet normal 5.256838e-01 -8.506801e-01 0.000000e+00
    outer loop
      vertex   1.707781e+01 -2.587177e+01 -6.000000e+00
      vertex   1.707781e+01 -2.587177e+01 0.000000e+00
      vertex   1.550000e+01 -2.684679e+01 -6.000000e+00
    endloop
  endfacet
  facet normal 5.256838e-01 -8.506801e-01 0.000000e+00
    outer loop
      vertex   1.550000e+01 -2.684679e+01 -6.000000e+00
      vertex   1.707781e+01 -2.587177e+01 0.000000e+00
      vertex   1.550000e+01 -2.684679e+01 0.000000e+00
    endloop
  endfacet
  facet normal 4.738687e-01 -8.805955e-01 0.000000e+00
    outer loop
      vertex   1.550000e+01 -2.684679e+01 -6.000000e+00
      vertex   1.550000e+01 -2.684679e+01 0.000000e+00
      vertex   1.386671e+01 -2.772570e+01 -6.000000e+00
    endloop
  endfacet
  facet normal 4.738687e-01 -8.805955e-01 0.000000e+00
    outer loop
      vertex   1.386671e+01 -2.772570e+01 -6.000000e+00
      vertex   1.550000e+01 -2.684679e+01 0.000000e+00
      vertex   1.386671e+01 -2.772570e+01 0.000000e+00
    endloop
  endfacet
  facet normal 4.203572e-01 -9.073587e-01 0.000000e+00
    outer loop
      vertex   1.386671e+01 -2.772570e+01 -6.000000e+00
      vertex   1.386671e+01 -2.772570e+01 0.000000e+00
      vertex   1.218378e+01 -2.850536e+01 -6.000000e+00
    endloop
  endfacet
  facet normal 4.203572e-01 -9.073587e-01 0.000000e+00
    outer loop
      vertex   1.218378e+01 -2.850536e+01 -6.000000e+00
      vertex   1.386671e+01 -2.772570e+01 0.000000e+00
      vertex   1.218378e+01 -2.850536e+01 0.000000e+00
    endloop
  endfacet
  facet normal 3.653410e-01 -9.308737e-01 0.000000e+00
    outer loop
      vertex   1.218378e+01 -2.850536e+01 -6.000000e+00
      vertex   1.218378e+01 -2.850536e+01 0.000000e+00
      vertex   1.045723e+01 -2.918298e+01 -6.000000e+00
    endloop
  endfacet
  facet normal 3.653410e-01 -9.308737e-01 0.000000e+00
    outer loop
      vertex   1.045723e+01 -2.918298e+01 -6.000000e+00
      vertex   1.218378e+01 -2.850536e+01 0.000000e+00
      vertex   1.045723e+01 -2.918298e+01 0.000000e+00
    endloop
  endfacet
  facet normal 3.090170e-01 -9.510565e-01 0.000000e+00
    outer loop
      vertex   1.045723e+01 -2.918298e+01 -6.000000e+00
      vertex   1.045723e+01 -2.918298e+01 0.000000e+00
      vertex   8.693249e+00 -2.975613e+01 -6.000000e+00
    endloop
  endfacet
  facet normal 3.090170e-01 -9.510565e-01 0.000000e+00
    outer loop
      vertex   8.693249e+00 -2.975613e+01 -6.000000e+00
      vertex   1.045723e+01 -2.918298e+01 0.000000e+00
      vertex   8.693249e+00 -2.975613e+01 0.000000e+00
    endloop
  endfacet
  facet normal 2.515868e-01 -9.678347e-01 0.000000e+00
    outer loop
      vertex   8.693249e+00 -2.975613e+01 -6.000000e+00
      vertex   8.693249e+00 -2.975613e+01 0.000000e+00
      vertex   6.898149e+00 -3.022277e+01 -6.000000e+00
    endloop
  endfacet
  facet normal 2.515868e-01 -9.678347e-01 0.000000e+00
    outer loop
      vertex   6.898149e+00 -3.022277e+01 -6.000000e+00
      vertex   8.693249e+00 -2.975613e+01 0.000000e+00
      vertex   6.898149e+00 -3.022277e+01 0.000000e+00
    endloop
  endfacet
  facet normal 1.932559e-01 -9.811484e-01 0.000000e+00
    outer loop
      vertex   6.898149e+00 -3.022277e+01 -6.000000e+00
      vertex   6.898149e+00 -3.022277e+01 0.000000e+00
      vertex   5.078355e+00 -3.058121e+01 -6.000000e+00
    endloop
  endfacet
  facet normal 1.932559e-01 -9.811484e-01 0.000000e+00
    outer loop
      vertex   5.078355e+00 -3.058121e+01 -6.000000e+00
      vertex   6.898149e+00 -3.022277e+01 0.000000e+00
      vertex   5.078355e+00 -3.058121e+01 0.000000e+00
    endloop
  endfacet
  facet normal 1.342333e-01 -9.909498e-01 0.000000e+00
    outer loop
      vertex   5.078355e+00 -3.058121e+01 -6.000000e+00
      vertex   5.078355e+00 -3.058121e+01 0.000000e+00
      vertex   3.240382e+00 -3.083018e+01 -6.000000e+00
    endloop
  endfacet
  facet normal 1.342333e-01 -9.909498e-01 0.000000e+00
    outer loop
      vertex   3.240382e+00 -3.083018e+01 -6.000000e+00
      vertex   5.078355e+00 -3.058121e+01 0.000000e+00
      vertex   3.240382e+00 -3.083018e+01 0.000000e+00
    endloop
  endfacet
  facet normal 7.473009e-02 -9.972038e-01 0.000000e+00
    outer loop
      vertex   3.240382e+00 -3.083018e+01 -6.000000e+00
      vertex   3.240382e+00 -3.083018e+01 0.000000e+00
      vertex   1.390810e+00 -3.096879e+01 -6.000000e+00
    endloop
  endfacet
  facet normal 7.473009e-02 -9.972038e-01 0.000000e+00
    outer loop
      vertex   1.390810e+00 -3.096879e+01 -6.000000e+00
      vertex   3.240382e+00 -3.083018e+01 0.000000e+00
      vertex   1.390810e+00 -3.096879e+01 0.000000e+00
    endloop
  endfacet
  facet normal 1.495941e-02 -9.998881e-01 0.000000e+00
    outer loop
      vertex   1.390810e+00 -3.096879e+01 -6.000000e+00
      vertex   1.390810e+00 -3.096879e+01 0.000000e+00
      vertex   -4.637416e-01 -3.099653e+01 -6.000000e+00
    endloop
  endfacet
  facet normal 1.495941e-02 -9.998881e-01 0.000000e+00
    outer loop
      vertex   -4.637416e-01 -3.099653e+01 -6.000000e+00
      vertex   1.390810e+00 -3.096879e+01 0.000000e+00
      vertex   -4.637416e-01 -3.099653e+01 0.000000e+00
    endloop
  endfacet
  facet normal -4.486483e-02 -9.989931e-01 0.000000e+00
    outer loop
      vertex   -4.637416e-01 -3.099653e+01 -6.000000e+00
      vertex   -4.637416e-01 -3.099653e+01 0.000000e+00
      vertex   -2.316633e+00 -3.091332e+01 -6.000000e+00
    endloop
  endfacet
  facet normal -4.486483e-02 -9.989931e-01 0.000000e+00
    outer loop
      vertex   -2.316633e+00 -3.091332e+01 -6.000000e+00
      vertex   -4.637416e-01 -3.099653e+01 0.000000e+00
      vertex   -2.316633e+00 -3.091332e+01 0.000000e+00
    endloop
  endfacet
  facet normal -1.045285e-01 -9.945219e-01 0.000000e+00
    outer loop
      vertex   -2.316633e+00 -3.091332e+01 -6.000000e+00
      vertex   -2.316633e+00 -3.091332e+01 0.000000e+00
      vertex   -4.161231e+00 -3.071944e+01 -6.000000e+00
    endloop
  endfacet
  facet normal -1.045285e-01 -9.945219e-01 0.000000e+00
    outer loop
      vertex   -4.161231e+00 -3.071944e+01 -6.000000e+00
      vertex   -2.316633e+00 -3.091332e+01 0.000000e+00
      vertex   -4.161231e+00 -3.071944e+01 0.000000e+00
    endloop
  endfacet
  facet normal -1.638179e-01 -9.864906e-01 0.000000e+00
    outer loop
      vertex   -4.161231e+00 -3.071944e+01 -6.000000e+00
      vertex   -4.161231e+00 -3.071944e+01 0.000000e+00
      vertex   -5.990933e+00 -3.041560e+01 -6.000000e+00
    endloop
  endfacet
  facet normal -1.638179e-01 -9.864906e-01 0.000000e+00
    outer loop
      vertex   -5.990933e+00 -3.041560e+01 -6.000000e+00
      vertex   -4.161231e+00 -3.071944e+01 0.000000e+00
      vertex   -5.990933e+00 -3.041560e+01 0.000000e+00
    endloop
  endfacet
  facet normal -2.225209e-01 -9.749279e-01 0.000000e+00
    outer loop
      vertex   -5.990933e+00 -3.041560e+01 -6.000000e+00
      vertex   -5.990933e+00 -3.041560e+01 0.000000e+00
      vertex   -7.799190e+00 -3.000288e+01 -6.000000e+00
    endloop
  endfacet
  facet normal -2.225209e-01 -9.749279e-01 0.000000e+00
    outer loop
      vertex   -7.799190e+00 -3.000288e+01 -6.000000e+00
      vertex   -5.990933e+00 -3.041560e+01 0.000000e+00
      vertex   -7.799190e+00 -3.000288e+01 0.000000e+00
    endloop
  endfacet
  facet normal -2.804274e-01 -9.598752e-01 0.000000e+00
    outer loop
      vertex   -7.799190e+00 -3.000288e+01 -6.000000e+00
      vertex   -7.799190e+00 -3.000288e+01 0.000000e+00
      vertex   -9.579527e+00 -2.948275e+01 -6.000000e+00
    endloop
  endfacet
  facet normal -2.804274e-01 -9.598752e-01 0.000000e+00
    outer loop
      vertex   -9.579527e+00 -2.948275e+01 -6.000000e+00
      vertex   -7.799190e+00 -3.000288e+01 0.000000e+00
      vertex   -9.579527e+00 -2.948275e+01 0.000000e+00
    endloop
  endfacet
  facet normal -3.373300e-01 -9.413865e-01 0.000000e+00
    outer loop
      vertex   -9.579527e+00 -2.948275e+01 -6.000000e+00
      vertex   -9.579527e+00 -2.948275e+01 0.000000e+00
      vertex   -1.132557e+01 -2.885709e+01 -6.000000e+00
    endloop
  endfacet
  facet normal -3.373300e-01 -9.413865e-01 0.000000e+00
    outer loop
      vertex   -1.132557e+01 -2.885709e+01 -6.000000e+00
      vertex   -9.579527e+00 -2.948275e+01 0.000000e+00
      vertex   -1.132557e+01 -2.885709e+01 0.000000e+00
    endloop
  endfacet
  facet normal -3.930250e-01 -9.195278e-01 0.000000e+00
    outer loop
      vertex   -1.132557e+01 -2.885709e+01 -6.000000e+00
      vertex   -1.132557e+01 -2.885709e+01 0.000000e+00
      vertex   -1.303107e+01 -2.812812e+01 -6.000000e+00
    endloop
  endfacet
  facet normal -3.930250e-01 -9.195278e-01 0.000000e+00
    outer loop
      vertex   -1.303107e+01 -2.812812e+01 -6.000000e+00
      vertex   -1.132557e+01 -2.885709e+01 0.000000e+00
      vertex   -1.303107e+01 -2.812812e+01 0.000000e+00
    endloop
  endfacet
  facet normal -4.473131e-01 -8.943774e-01 0.000000e+00
    outer loop
      vertex   -1.303107e+01 -2.812812e+01 -6.000000e+00
      vertex   -1.303107e+01 -2.812812e+01 0.000000e+00
      vertex   -1.468993e+01 -2.729846e+01 -6.000000e+00
    endloop
  endfacet
  facet normal -4.473131e-01 -8.943774e-01 0.000000e+00
    outer loop
      vertex   -1.468993e+01 -2.729846e+01 -6.000000e+00
      vertex   -1.303107e+01 -2.812812e+01 0.000000e+00
      vertex   -1.468993e+01 -2.729846e+01 0.000000e+00
    endloop
  endfacet
  facet normal -5.000000e-01 -8.660254e-01 0.000000e+00
    outer loop
      vertex   -1.468993e+01 -2.729846e+01 -6.000000e+00
      vertex   -1.468993e+01 -2.729846e+01 0.000000e+00
      vertex   -1.629620e+01 -2.637108e+01 -6.000000e+00
    endloop
  endfacet
  facet normal -5.000000e-01 -8.660254e-01 0.000000e+00
    outer loop
      vertex   -1.629620e+01 -2.637108e+01 -6.000000e+00
      vertex   -1.468993e+01 -2.729846e+01 0.000000e+00
      vertex   -1.629620e+01 -2.637108e+01 0.000000e+00
    endloop
  endfacet
  facet normal -5.508970e-01 -8.345733e-01 0.000000e+00
    outer loop
      vertex   -1.629620e+01 -2.637108e+01 -6.000000e+00
      vertex   -1.629620e+01 -2.637108e+01 0.000000e+00
      vertex   -1.784413e+01 -2.534930e+01 -6.000000e+00
    endloop
  endfacet
  facet normal -5.508970e-01 -8.345733e-01 0.000000e+00
    outer loop
      vertex   -1.784413e+01 -2.534930e+01 -6.000000e+00
      vertex   -1.629620e+01 -2.637108e+01 0.000000e+00
      vertex   -1.784413e+01 -2.534930e+01 0.000000e+00
    endloop
  endfacet
  facet normal -5.998219e-01 -8.001335e-01 0.000000e+00
    outer loop
      vertex   -1.784413e+01 -2.534930e+01 -6.000000e+00
      vertex   -1.784413e+01 -2.534930e+01 0.000000e+00
      vertex   -1.932818e+01 -2.423678e+01 -6.000000e+00
    endloop
  endfacet
  facet normal -5.998219e-01 -8.001335e-01 0.000000e+00
    outer loop
      vertex   -1.932818e+01 -2.423678e+01 -6.000000e+00
      vertex   -1.784413e+01 -2.534930e+01 0.000000e+00
      vertex   -1.932818e+01 -2.423678e+01 0.000000e+00
    endloop
  endfacet
  facet normal -6.465996e-01 -7.628296e-01 0.000000e+00
    outer loop
      vertex   -1.932818e+01 -2.423678e+01 -6.000000e+00
      vertex   -1.932818e+01 -2.423678e+01 0.000000e+00
      vertex   -2.074305e+01 -2.303749e+01 -6.000000e+00
    endloop
  endfacet
  facet normal -6.465996e-01 -7.628296e-01 0.000000e+00
    outer loop
      vertex   -2.074305e+01 -2.303749e+01 -6.000000e+00
      vertex   -1.932818e+01 -2.423678e+01 0.000000e+00
      vertex   -2.074305e+01 -2.303749e+01 0.000000e+00
    endloop
  endfacet
  facet normal -6.910626e-01 -7.227949e-01 0.000000e+00
    outer loop
      vertex   -2.074305e+01 -2.303749e+01 -6.000000e+00
      vertex   -2.074305e+01 -2.303749e+01 0.000000e+00
      vertex   -2.208366e+01 -2.175573e+01 -6.000000e+00
    endloop
  endfacet
  facet normal -6.910626e-01 -7.227949e-01 0.000000e+00
    outer loop
      vertex   -2.208366e+01 -2.175573e+01 -6.000000e+00
      vertex   -2.074305e+01 -2.303749e+01 0.000000e+00
      vertex   -2.208366e+01 -2.175573e+01 0.000000e+00
    endloop
  endfacet
  facet normal -7.330519e-01 -6.801727e-01 0.000000e+00
    outer loop
      vertex   -2.208366e+01 -2.175573e+01 -6.000000e+00
      vertex   -2.208366e+01 -2.175573e+01 0.000000e+00
      vertex   -2.334522e+01 -2.039610e+01 -6.000000e+00
    endloop
  endfacet
  facet normal -7.330519e-01 -6.801727e-01 0.000000e+00
    outer loop
      vertex   -2.334522e+01 -2.039610e+01 -6.000000e+00
      vertex   -2.208366e+01 -2.175573e+01 0.000000e+00
      vertex   -2.334522e+01 -2.039610e+01 0.000000e+00
    endloop
  endfacet
  facet normal -7.724170e-01 -6.351158e-01 0.000000e+00
    outer loop
      vertex   -2.334522e+01 -2.039610e+01 -6.000000e+00
      vertex   -2.334522e+01 -2.039610e+01 0.000000e+00
      vertex   -2.452320e+01 -1.896345e+01 -6.000000e+00
    endloop
  endfacet
  facet normal -7.724170e-01 -6.351158e-01 0.000000e+00
    outer loop
      vertex   -2.452320e+01 -1.896345e+01 -6.000000e+00
      vertex   -2.334522e+01 -2.039610e+01 0.000000e+00
      vertex   -2.452320e+01 -1.896345e+01 0.000000e+00
    endloop
  endfacet
  facet normal -8.090170e-01 -5.877853e-01 0.000000e+00
    outer loop
      vertex   -2.452320e+01 -1.896345e+01 -6.000000e+00
      vertex   -2.452320e+01 -1.896345e+01 0.000000e+00
      vertex   -2.561340e+01 -1.746292e+01 -6.000000e+00
    endloop
  endfacet
  facet normal -8.090170e-01 -5.877853e-01 0.000000e+00
    outer loop
      vertex   -2.561340e+01 -1.746292e+01 -6.000000e+00
      vertex   -2.452320e+01 -1.896345e+01 0.000000e+00
      vertex   -2.561340e+01 -1.746292e+01 0.000000e+00
    endloop
  endfacet
  facet normal -8.427210e-01 -5.383506e-01 0.000000e+00
    outer loop
      vertex   -2.561340e+01 -1.746292e+01 -6.000000e+00
      vertex   -2.561340e+01 -1.746292e+01 0.000000e+00
      vertex   -2.661191e+01 -1.589988e+01 -6.000000e+00
    endloop
  endfacet
  facet normal -8.427210e-01 -5.383506e-01 0.000000e+00
    outer loop
      vertex   -2.661191e+01 -1.589988e+01 -6.000000e+00
      vertex   -2.561340e+01 -1.746292e+01 0.000000e+00
      vertex   -2.661191e+01 -1.589988e+01 0.000000e+00
    endloop
  endfacet
  facet normal -8.734082e-01 -4.869888e-01 0.000000e+00
    outer loop
      vertex   -2.661191e+01 -1.589988e+01 -6.000000e+00
      vertex   -2.661191e+01 -1.589988e+01 0.000000e+00
      vertex   -2.751516e+01 -1.427992e+01 -6.000000e+00
    endloop
  endfacet
  facet normal -8.734082e-01 -4.869888e-01 0.000000e+00
    outer loop
      vertex   -2.751516e+01 -1.427992e+01 -6.000000e+00
      vertex   -2.661191e+01 -1.589988e+01 0.000000e+00
      vertex   -2.751516e+01 -1.427992e+01 0.000000e+00
    endloop
  endfacet
  facet normal -9.009689e-01 -4.338837e-01 0.000000e+00
    outer loop
      vertex   -2.751516e+01 -1.427992e+01 -6.000000e+00
      vertex   -2.751516e+01 -1.427992e+01 0.000000e+00
      vertex   -2.831991e+01 -1.260884e+01 -6.000000e+00
    endloop
  endfacet
  facet normal -9.009689e-01 -4.338837e-01 0.000000e+00
    outer loop
      vertex   -2.831991e+01 -1.260884e+01 -6.000000e+00
      vertex   -2.751516e+01 -1.427992e+01 0.000000e+00
      vertex   -2.831991e+01 -1.260884e+01 0.000000e+00
    endloop
  endfacet
  facet normal -9.253043e-01 -3.792255e-01 0.000000e+00
    outer loop
      vertex   -2.831991e+01 -1.260884e+01 -6.000000e+00
      vertex   -2.831991e+01 -1.260884e+01 0.000000e+00
      vertex   -2.902328e+01 -1.089262e+01 -6.000000e+00
    endloop
  endfacet
  facet normal -9.253043e-01 -3.792255e-01 0.000000e+00
    outer loop
      vertex   -2.902328e+01 -1.089262e+01 -6.000000e+00
      vertex   -2.831991e+01 -1.260884e+01 0.000000e+00
      vertex   -2.902328e+01 -1.089262e+01 0.000000e+00
    endloop
  endfacet
  facet normal -9.463274e-01 -3.232097e-01 0.000000e+00
    outer loop
      vertex   -2.902328e+01 -1.089262e+01 -6.000000e+00
      vertex   -2.902328e+01 -1.089262e+01 0.000000e+00
      vertex   -2.962276e+01 -9.137410e+00 -6.000000e+00
    endloop
  endfacet
  facet normal -9.463274e-01 -3.232097e-01 0.000000e+00
    outer loop
      vertex   -2.962276e+01 -9.137410e+00 -6.000000e+00
      vertex   -2.902328e+01 -1.089262e+01 0.000000e+00
      vertex   -2.962276e+01 -9.137410e+00 0.000000e+00
    endloop
  endfacet
  facet normal -9.639629e-01 -2.660368e-01 0.000000e+00
    outer loop
      vertex   -2.962276e+01 -9.137410e+00 -6.000000e+00
      vertex   -2.962276e+01 -9.137410e+00 0.000000e+00
      vertex   -3.011619e+01 -7.349492e+00 -6.000000e+00
    endloop
  endfacet
  facet normal -9.639629e-01 -2.660368e-01 0.000000e+00
    outer loop
      vertex   -3.011619e+01 -7.349492e+00 -6.000000e+00
      vertex   -2.962276e+01 -9.137410e+00 0.000000e+00
      vertex   -3.011619e+01 -7.349492e+00 0.000000e+00
    endloop
  endfacet
  facet normal -9.781476e-01 -2.079117e-01 0.000000e+00
    outer loop
      vertex   -3.011619e+01 -7.349492e+00 -6.000000e+00
      vertex   -3.011619e+01 -7.349492e+00 0.000000e+00
      vertex   -3.050182e+01 -5.535264e+00 -6.000000e+00
    endloop
  endfacet
  facet normal -9.781476e-01 -2.079117e-01 0.000000e+00
    outer loop
      vertex   -3.050182e+01 -5.535264e+00 -6.000000e+00
      vertex   -3.011619e+01 -7.349492e+00 0.000000e+00
      vertex   -3.050182e+01 -5.535264e+00 0.000000e+00
    endloop
  endfacet
  facet normal -9.888308e-01 -1.490423e-01 0.000000e+00
    outer loop
      vertex   -3.050182e+01 -5.535264e+00 -6.000000e+00
      vertex   -3.050182e+01 -5.535264e+00 0.000000e+00
      vertex   -3.077825e+01 -3.701221e+00 -6.000000e+00
    endloop
  endfacet
  facet normal -9.888308e-01 -1.490423e-01 0.000000e+00
    outer loop
      vertex   -3.077825e+01 -3.701221e+00 -6.000000e+00
      vertex   -3.050182e+01 -5.535264e+00 0.000000e+00
      vertex   -3.077825e+01 -3.701221e+00 0.000000e+00
    endloop
  endfacet
  facet normal -9.959743e-01 -8.963931e-02 0.000000e+00
    outer loop
      vertex   -3.077825e+01 -3.701221e+00 -6.000000e+00
      vertex   -3.077825e+01 -3.701221e+00 0.000000e+00
      vertex   -3.094451e+01 -1.853929e+00 -6.000000e+00
    endloop
  endfacet
  facet normal -9.959743e-01 -8.963931e-02 0.000000e+00
    outer loop
      vertex   -3.094451e+01 -1.853929e+00 -6.000000e+00
      vertex   -3.077825e+01 -3.701221e+00 0.000000e+00
      vertex   -3.094451e+01 -1.853929e+00 0.000000e+00
    endloop
  endfacet
  facet normal 0.000000e+00 0.000000e+00 -1.000000e+00
    outer loop
      vertex   1.045322e+01 7.523376e+00 -6.000000e+00
      vertex   1.040000e+01 7.000000e+00 -6.000000e+00
      vertex   -3.011619e+01 7.349492e+00 -6.000000e+00
    endloop
  endfacet
  facet normal 0.000000e+00 0.000000e+00 -1.000000e+00
    outer loop
      vertex   -3.011619e+01 7.349492e+00 -6.000000e+00
      vertex   1.040000e+01 7.000000e+00 -6.000000e+00
      vertex   1.045322e+01 6.476624e+00 -6.000000e+00
    endloop
  endfacet
  facet normal 0.000000e+00 0.000000e+00 -1.000000e+00
    outer loop
      vertex   -3.011619e+01 7.349492e+00 -6.000000e+00
      vertex   1.045322e+01 6.476624e+00 -6.000000e+00
      vertex   1.061071e+01 5.974675e+00 -6.000000e+00
    endloop
  endfacet
  facet normal 0.000000e+00 -0.000000e+00 -1.000000e+00
    outer loop
      vertex   -3.011619e+01 7.349492e+00 -6.000000e+00
      vertex   1.061071e+01 5.974675e+00 -6.000000e+00
      vertex   -3.050182e+01 5.535264e+00 -6.000000e+00
    endloop
  endfacet
  facet normal 0.000000e+00 0.000000e+00 -1.000000e+00
    outer loop
      vertex   -3.050182e+01 5.535264e+00 -6.000000e+00
      vertex   1.061071e+01 5.974675e+00 -6.000000e+00
      vertex   1.086602e+01 5.514703e+00 -6.000000e+00
    endloop
  endfacet
  facet normal 0.000000e+00 0.000000e+00 -1.000000e+00
    outer loop
      vertex   -3.050182e+01 5.535264e+00 -6.000000e+00
      vertex   1.086602e+01 5.514703e+00 -6.000000e+00
      vertex   1.120869e+01 5.115539e+00 -6.000000e+00
    endloop
  endfacet
  facet normal -0.000000e+00 -0.000000e+00 -1.000000e+00
    outer loop
      vertex   1.120869e+01 5.115539e+00 -6.000000e+00
      vertex   1.162469e+01 4.793525e+00 -6.000000e+00
      vertex   -3.050182e+01 5.535264e+00 -6.000000e+00
    endloop
  endfacet
  facet normal 0.000000e+00 0.000000e+00 -1.000000e+00
    outer loop
      vertex   -3.050182e+01 5.535264e+00 -6.000000e+00
      vertex   1.162469e+01 4.793525e+00 -6.000000e+00
      vertex   1.209701e+01 4.561844e+00 -6.000000e+00
    endloop
  endfacet
  facet normal 0.000000e+00 0.000000e+00 -1.000000e+00
    outer loop
      vertex   -3.050182e+01 5.535264e+00 -6.000000e+00
      vertex   1.209701e+01 4.561844e+00 -6.000000e+00
      vertex   1.260629e+01 4.429982e+00 -6.000000e+00
    endloop
  endfacet
  facet normal -0.000000e+00 -0.000000e+00 -1.000000e+00
    outer loop
      vertex   1.260629e+01 4.429982e+00 -6.000000e+00
      vertex   1.313169e+01 4.403337e+00 -6.000000e+00
      vertex   -3.050182e+01 5.535264e+00 -6.000000e+00
    endloop
  endfacet
  facet normal 0.000000e+00 -0.000000e+00 -1.000000e+00
    outer loop
      vertex   -3.050182e+01 5.535264e+00 -6.000000e+00
      vertex   1.313169e+01 4.403337e+00 -6.000000e+00
      vertex   -3.077825e+01 3.701221e+00 -6.000000e+00
    endloop
  endfacet
  facet normal 0.000000e+00 0.000000e+00 -1.000000e+00
    outer loop
      vertex   -3.077825e+01 3.701221e+00 -6.000000e+00
      vertex   1.313169e+01 4.403337e+00 -6.000000e+00
      vertex   3.065376e+01 4.620310e+00 -6.000000e+00
    endloop
  endfacet
  facet normal 0.000000e+00 0.000000e+00 -1.000000e+00
    outer loop
      vertex   -3.077825e+01 3.701221e+00 -6.000000e+00
      vertex   3.065376e+01 4.620310e+00 -6.000000e+00
      vertex   -2.514275e+01 2.996602e+00 -6.000000e+00
    endloop
  endfacet
  facet normal 0.000000e+00 0.000000e+00 -1.000000e+00
    outer loop
      vertex   -2.514275e+01 2.996602e+00 -6.000000e+00
      vertex   3.065376e+01 4.620310e+00 -6.000000e+00
      vertex   -2.457306e+01 2.969464e+00 -6.000000e+00
    endloop
  endfacet
  facet normal 0.000000e+00 0.000000e+00 -1.000000e+00
    outer loop
      vertex   -2.457306e+01 2.969464e+00 -6.000000e+00
      vertex   3.065376e+01 4.620310e+00 -6.000000e+00
      vertex   -2.401880e+01 2.835002e+00 -6.000000e+00
    endloop
  endfacet
  facet normal 0.000000e+00 0.000000e+00 -1.000000e+00
    outer loop
      vertex   -2.401880e+01 2.835002e+00 -6.000000e+00
      vertex   3.065376e+01 4.620310e+00 -6.000000e+00
      vertex   3.087520e+01 2.778819e+00 -6.000000e+00
    endloop
  endfacet
  facet normal 0.000000e+00 0.000000e+00 -1.000000e+00
    outer loop
      vertex   -2.401880e+01 2.835002e+00 -6.000000e+00
      vertex   3.087520e+01 2.778819e+00 -6.000000e+00
      vertex   -2.350000e+01 2.598076e+00 -6.000000e+00
    endloop
  endfacet
  facet normal 0.000000e+00 0.000000e+00 -1.000000e+00
    outer loop
      vertex   -2.350000e+01 2.598076e+00 -6.000000e+00
      vertex   3.087520e+01 2.778819e+00 -6.000000e+00
      vertex   -2.303542e+01 2.267249e+00 -6.000000e+00
    endloop
  endfacet
  facet normal 0.000000e+00 0.000000e+00 -1.000000e+00
    outer loop
      vertex   -2.303542e+01 2.267249e+00 -6.000000e+00
      vertex   3.087520e+01 2.778819e+00 -6.000000e+00
      vertex   -2.264184e+01 1.854477e+00 -6.000000e+00
    endloop
  endfacet
  facet normal 0.000000e+00 0.000000e+00 -1.000000e+00
    outer loop
      vertex   -2.264184e+01 1.854477e+00 -6.000000e+00
      vertex   3.087520e+01 2.778819e+00 -6.000000e+00
      vertex   -2.233349e+01 1.374680e+00 -6.000000e+00
    endloop
  endfacet
  facet normal 0.000000e+00 0.000000e+00 -1.000000e+00
    outer loop
      vertex   -2.233349e+01 1.374680e+00 -6.000000e+00
      vertex   3.087520e+01 2.778819e+00 -6.000000e+00
      vertex   3.098613e+01 9.273795e-01 -6.000000e+00
    endloop
  endfacet
  facet normal 0.000000e+00 0.000000e+00 -1.000000e+00
    outer loop
      vertex   -2.233349e+01 1.374680e+00 -6.000000e+00
      vertex   3.098613e+01 9.273795e-01 -6.000000e+00
      vertex   -2.212152e+01 8.451977e-01 -6.000000e+00
    endloop
  endfacet
  facet normal 0.000000e+00 0.000000e+00 -1.000000e+00
    outer loop
      vertex   -2.212152e+01 8.451977e-01 -6.000000e+00
      vertex   3.098613e+01 9.273795e-01 -6.000000e+00
      vertex   -2.201358e+01 2.851681e-01 -6.000000e+00
    endloop
  endfacet
  facet normal 0.000000e+00 0.000000e+00 -1.000000e+00
    outer loop
      vertex   -2.201358e+01 2.851681e-01 -6.000000e+00
      vertex   3.098613e+01 9.273795e-01 -6.000000e+00
      vertex   -2.201358e+01 -2.851681e-01 -6.000000e+00
    endloop
  endfacet
  facet normal 0.000000e+00 -0.000000e+00 -1.000000e+00
    outer loop
      vertex   -2.201358e+01 -2.851681e-01 -6.000000e+00
      vertex   3.098613e+01 9.273795e-01 -6.000000e+00
      vertex   -2.212152e+01 -8.451977e-01 -6.000000e+00
    endloop
  endfacet
  facet normal 0.000000e+00 0.000000e+00 -1.000000e+00
    outer loop
      vertex   -2.212152e+01 -8.451977e-01 -6.000000e+00
      vertex   3.098613e+01 9.273795e-01 -6.000000e+00
      vertex   3.098613e+01 -9.273795e-01 -6.000000e+00
    endloop
  endfacet
  facet normal 0.000000e+00 -0.000000e+00 -1.000000e+00
    outer loop
      vertex   -2.212152e+01 -8.451977e-01 -6.000000e+00
      vertex   3.098613e+01 -9.273795e-01 -6.000000e+00
      vertex   -2.233349e+01 -1.374680e+00 -6.000000e+00
    endloop
  endfacet
  facet normal 0.000000e+00 -0.000000e+00 -1.000000e+00
    outer loop
      vertex   -2.233349e+01 -1.374680e+00 -6.000000e+00
      vertex   3.098613e+01 -9.273795e-01 -6.000000e+00
      vertex   -2.264184e+01 -1.854477e+00 -6.000000e+00
    endloop
  endfacet
  facet normal 0.000000e+00 -0.000000e+00 -1.000000e+00
    outer loop
      vertex   -2.264184e+01 -1.854477e+00 -6.000000e+00
      vertex   3.098613e+01 -9.273795e-01 -6.000000e+00
      vertex   -2.303542e+01 -2.267249e+00 -6.000000e+00
    endloop
  endfacet
  facet normal 0.000000e+00 -0.000000e+00 -1.000000e+00
    outer loop
      vertex   -2.303542e+01 -2.267249e+00 -6.000000e+00
      vertex   3.098613e+01 -9.273795e-01 -6.000000e+00
      vertex   -2.350000e+01 -2.598076e+00 -6.000000e+00
    endloop
  endfacet
  facet normal 0.000000e+00 0.000000e+00 -1.000000e+00
    outer loop
      vertex   -2.350000e+01 -2.598076e+00 -6.000000e+00
      vertex   3.098613e+01 -9.273795e-01 -6.000000e+00
      vertex   3.087520e+01 -2.778819e+00 -6.000000e+00
    endloop
  endfacet
  facet normal 0.000000e+00 -0.000000e+00 -1.000000e+00
    outer loop
      vertex   -2.350000e+01 -2.598076e+00 -6.000000e+00
      vertex   3.087520e+01 -2.778819e+00 -6.000000e+00
      vertex   -2.401880e+01 -2.835002e+00 -6.000000e+00
    endloop
  endfacet
  facet normal 0.000000e+00 -0.000000e+00 -1.000000e+00
    outer loop
      vertex   -2.401880e+01 -2.835002e+00 -6.000000e+00
      vertex   3.087520e+01 -2.778819e+00 -6.000000e+00
      vertex   -2.457306e+01 -2.969464e+00 -6.000000e+00
    endloop
  endfacet
  facet normal 0.000000e+00 0.000000e+00 -1.000000e+00
    outer loop
      vertex   -2.457306e+01 -2.969464e+00 -6.000000e+00
      vertex   3.087520e+01 -2.778819e+00 -6.000000e+00
      vertex   3.065376e+01 -4.620310e+00 -6.000000e+00
    endloop
  endfacet
  facet normal 0.000000e+00 0.000000e+00 -1.000000e+00
    outer loop
      vertex   -2.457306e+01 -2.969464e+00 -6.000000e+00
      vertex   3.065376e+01 -4.620310e+00 -6.000000e+00
      vertex   3.032258e+01 -6.445262e+00 -6.000000e+00
    endloop
  endfacet
  facet normal 0.000000e+00 0.000000e+00 -1.000000e+00
    outer loop
      vertex   1.313169e+01 4.403337e+00 -6.000000e+00
      vertex   1.365170e+01 4.482999e+00 -6.000000e+00
      vertex   3.065376e+01 4.620310e+00 -6.000000e+00
    endloop
  endfacet
  facet normal -0.000000e+00 0.000000e+00 -1.000000e+00
    outer loop
      vertex   3.065376e+01 4.620310e+00 -6.000000e+00
      vertex   1.365170e+01 4.482999e+00 -6.000000e+00
      vertex   1.414502e+01 4.665708e+00 -6.000000e+00
    endloop
  endfacet
  facet normal 0.000000e+00 0.000000e+00 -1.000000e+00
    outer loop
      vertex   3.065376e+01 4.620310e+00 -6.000000e+00
      vertex   1.414502e+01 4.665708e+00 -6.000000e+00
      vertex   3.032258e+01 6.445262e+00 -6.000000e+00
    endloop
  endfacet
  facet normal 0.000000e+00 0.000000e+00 -1.000000e+00
    outer loop
      vertex   3.032258e+01 6.445262e+00 -6.000000e+00
      vertex   1.414502e+01 4.665708e+00 -6.000000e+00
      vertex   1.459148e+01 4.943983e+00 -6.000000e+00
    endloop
  endfacet
  facet normal 0.000000e+00 0.000000e+00 -1.000000e+00
    outer loop
      vertex   3.032258e+01 6.445262e+00 -6.000000e+00
      vertex   1.459148e+01 4.943983e+00 -6.000000e+00
      vertex   1.497277e+01 5.306432e+00 -6.000000e+00
    endloop
  endfacet
  facet normal 0.000000e+00 0.000000e+00 -1.000000e+00
    outer loop
      vertex   1.497277e+01 5.306432e+00 -6.000000e+00
      vertex   1.527330e+01 5.738215e+00 -6.000000e+00
      vertex   3.032258e+01 6.445262e+00 -6.000000e+00
    endloop
  endfacet
  facet normal 0.000000e+00 0.000000e+00 -1.000000e+00
    outer loop
      vertex   3.032258e+01 6.445262e+00 -6.000000e+00
      vertex   1.527330e+01 5.738215e+00 -6.000000e+00
      vertex   1.548076e+01 6.221656e+00 -6.000000e+00
    endloop
  endfacet
  facet normal -0.000000e+00 0.000000e+00 -1.000000e+00
    outer loop
      vertex   3.032258e+01 6.445262e+00 -6.000000e+00
      vertex   1.548076e+01 6.221656e+00 -6.000000e+00
      vertex   1.558666e+01 6.736962e+00 -6.000000e+00
    endloop
  endfacet
  facet normal 0.000000e+00 0.000000e+00 -1.000000e+00
    outer loop
      vertex   3.032258e+01 6.445262e+00 -6.000000e+00
      vertex   1.558666e+01 6.736962e+00 -6.000000e+00
      vertex   2.988285e+01 8.247142e+00 -6.000000e+00
    endloop
  endfacet
  facet normal 0.000000e+00 0.000000e+00 -1.000000e+00
    outer loop
      vertex   2.988285e+01 8.247142e+00 -6.000000e+00
      vertex   1.558666e+01 6.736962e+00 -6.000000e+00
      vertex   1.558666e+01 7.263038e+00 -6.000000e+00
    endloop
  endfacet
  facet normal 0.000000e+00 0.000000e+00 -1.000000e+00
    outer loop
      vertex   2.988285e+01 8.247142e+00 -6.000000e+00
      vertex   1.558666e+01 7.263038e+00 -6.000000e+00
      vertex   1.548076e+01 7.778344e+00 -6.000000e+00
    endloop
  endfacet
  facet normal 0.000000e+00 0.000000e+00 -1.000000e+00
    outer loop
      vertex   1.548076e+01 7.778344e+00 -6.000000e+00
      vertex   1.527330e+01 8.261785e+00 -6.000000e+00
      vertex   2.988285e+01 8.247142e+00 -6.000000e+00
    endloop
  endfacet
  facet normal 0.000000e+00 0.000000e+00 -1.000000e+00
    outer loop
      vertex   2.988285e+01 8.247142e+00 -6.000000e+00
      vertex   1.527330e+01 8.261785e+00 -6.000000e+00
      vertex   2.933615e+01 1.001950e+01 -6.000000e+00
    endloop
  endfacet
  facet normal 0.000000e+00 0.000000e+00 -1.000000e+00
    outer loop
      vertex   2.933615e+01 1.001950e+01 -6.000000e+00
      vertex   1.527330e+01 8.261785e+00 -6.000000e+00
      vertex   1.497277e+01 8.693568e+00 -6.000000e+00
    endloop
  endfacet
  facet normal 0.000000e+00 0.000000e+00 -1.000000e+00
    outer loop
      vertex   2.933615e+01 1.001950e+01 -6.000000e+00
      vertex   1.497277e+01 8.693568e+00 -6.000000e+00
      vertex   1.459148e+01 9.056017e+00 -6.000000e+00
    endloop
  endfacet
  facet normal 0.000000e+00 0.000000e+00 -1.000000e+00
    outer loop
      vertex   1.459148e+01 9.056017e+00 -6.000000e+00
      vertex   1.414502e+01 9.334292e+00 -6.000000e+00
      vertex   2.933615e+01 1.001950e+01 -6.000000e+00
    endloop
  endfacet
  facet normal 0.000000e+00 0.000000e+00 -1.000000e+00
    outer loop
      vertex   2.933615e+01 1.001950e+01 -6.000000e+00
      vertex   1.414502e+01 9.334292e+00 -6.000000e+00
      vertex   1.365170e+01 9.517001e+00 -6.000000e+00
    endloop
  endfacet
  facet normal 0.000000e+00 0.000000e+00 -1.000000e+00
    outer loop
      vertex   2.933615e+01 1.001950e+01 -6.000000e+00
      vertex   1.365170e+01 9.517001e+00 -6.000000e+00
      vertex   1.313169e+01 9.596663e+00 -6.000000e+00
    endloop
  endfacet
  facet normal -0.000000e+00 0.000000e+00 -1.000000e+00
    outer loop
      vertex   2.933615e+01 1.001950e+01 -6.000000e+00
      vertex   1.313169e+01 9.596663e+00 -6.000000e+00
      vertex   -2.902328e+01 1.089262e+01 -6.000000e+00
    endloop
  endfacet
  facet normal 0.000000e+00 0.000000e+00 -1.000000e+00
    outer loop
      vertex   -2.902328e+01 1.089262e+01 -6.000000e+00
      vertex   1.313169e+01 9.596663e+00 -6.000000e+00
      vertex   1.260629e+01 9.570018e+00 -6.000000e+00
    endloop
  endfacet
  facet normal 0.000000e+00 0.000000e+00 -1.000000e+00
    outer loop
      vertex   -2.902328e+01 1.089262e+01 -6.000000e+00
      vertex   1.260629e+01 9.570018e+00 -6.000000e+00
      vertex   1.209701e+01 9.438156e+00 -6.000000e+00
    endloop
  endfacet
  facet normal -0.000000e+00 0.000000e+00 -1.000000e+00
    outer loop
      vertex   1.209701e+01 9.438156e+00 -6.000000e+00
      vertex   1.162469e+01 9.206475e+00 -6.000000e+00
      vertex   -2.902328e+01 1.089262e+01 -6.000000e+00
    endloop
  endfacet
  facet normal 0.000000e+00 -0.000000e+00 -1.000000e+00
    outer loop
      vertex   -2.902328e+01 1.089262e+01 -6.000000e+00
      vertex   1.162469e+01 9.206475e+00 -6.000000e+00
      vertex   -2.962276e+01 9.137410e+00 -6.000000e+00
    endloop
  endfacet
  facet normal 0.000000e+00 0.000000e+00 -1.000000e+00
    outer loop
      vertex   -2.962276e+01 9.137410e+00 -6.000000e+00
      vertex   1.162469e+01 9.206475e+00 -6.000000e+00
      vertex   1.120869e+01 8.884461e+00 -6.000000e+00
    endloop
  endfacet
  facet normal 0.000000e+00 0.000000e+00 -1.000000e+00
    outer loop
      vertex   -2.962276e+01 9.137410e+00 -6.000000e+00
      vertex   1.120869e+01 8.884461e+00 -6.000000e+00
      vertex   1.086602e+01 8.485297e+00 -6.000000e+00
    endloop
  endfacet
  facet normal -0.000000e+00 0.000000e+00 -1.000000e+00
    outer loop
      vertex   1.086602e+01 8.485297e+00 -6.000000e+00
      vertex   1.061071e+01 8.025325e+00 -6.000000e+00
      vertex   -2.962276e+01 9.137410e+00 -6.000000e+00
    endloop
  endfacet
  facet normal 0.000000e+00 0.000000e+00 -1.000000e+00
    outer loop
      vertex   -2.962276e+01 9.137410e+00 -6.000000e+00
      vertex   1.061071e+01 8.025325e+00 -6.000000e+00
      vertex   1.045322e+01 7.523376e+00 -6.000000e+00
    endloop
  endfacet
  facet normal 0.000000e+00 -0.000000e+00 -1.000000e+00
    outer loop
      vertex   -2.962276e+01 9.137410e+00 -6.000000e+00
      vertex   1.045322e+01 7.523376e+00 -6.000000e+00
      vertex   -3.011619e+01 7.349492e+00 -6.000000e+00
    endloop
  endfacet
  facet normal 0.000000e+00 0.000000e+00 -1.000000e+00
    outer loop
      vertex   -2.794579e+01 5.677537e-01 -6.000000e+00
      vertex   -2.800000e+01 0.000000e+00 -6.000000e+00
      vertex   -3.100000e+01 3.330669e-15 -6.000000e+00
    endloop
  endfacet
  facet normal 0.000000e+00 0.000000e+00 -1.000000e+00
    outer loop
      vertex   -3.100000e+01 3.330669e-15 -6.000000e+00
      vertex   -2.800000e+01 0.000000e+00 -6.000000e+00
      vertex   -2.794579e+01 -5.677537e-01 -6.000000e+00
    endloop
  endfacet
  facet normal 0.000000e+00 0.000000e+00 -1.000000e+00
    outer loop
      vertex   -3.100000e+01 3.330669e-15 -6.000000e+00
      vertex   -2.794579e+01 -5.677537e-01 -6.000000e+00
      vertex   -3.094451e+01 -1.853929e+00 -6.000000e+00
    endloop
  endfacet
  facet normal 0.000000e+00 0.000000e+00 -1.000000e+00
    outer loop
      vertex   -3.094451e+01 -1.853929e+00 -6.000000e+00
      vertex   -2.794579e+01 -5.677537e-01 -6.000000e+00
      vertex   -2.778510e+01 -1.114987e+00 -6.000000e+00
    endloop
  endfacet
  facet normal 0.000000e+00 0.000000e+00 -1.000000e+00
    outer loop
      vertex   -3.094451e+01 -1.853929e+00 -6.000000e+00
      vertex   -2.778510e+01 -1.114987e+00 -6.000000e+00
      vertex   -2.752376e+01 -1.621922e+00 -6.000000e+00
    endloop
  endfacet
  facet normal 0.000000e+00 0.000000e+00 -1.000000e+00
    outer loop
      vertex   -3.094451e+01 -1.853929e+00 -6.000000e+00
      vertex   -2.752376e+01 -1.621922e+00 -6.000000e+00
      vertex   -3.077825e+01 -3.701221e+00 -6.000000e+00
    endloop
  endfacet
  facet normal 0.000000e+00 0.000000e+00 -1.000000e+00
    outer loop
      vertex   -3.077825e+01 -3.701221e+00 -6.000000e+00
      vertex   -2.752376e+01 -1.621922e+00 -6.000000e+00
      vertex   -2.717120e+01 -2.070237e+00 -6.000000e+00
    endloop
  endfacet
  facet normal 0.000000e+00 0.000000e+00 -1.000000e+00
    outer loop
      vertex   -3.077825e+01 -3.701221e+00 -6.000000e+00
      vertex   -2.717120e+01 -2.070237e+00 -6.000000e+00
      vertex   -2.674017e+01 -2.443728e+00 -6.000000e+00
    endloop
  endfacet
  facet normal 0.000000e+00 -0.000000e+00 -1.000000e+00
    outer loop
      vertex   -2.674017e+01 -2.443728e+00 -6.000000e+00
      vertex   -2.624625e+01 -2.728896e+00 -6.000000e+00
      vertex   -3.077825e+01 -3.701221e+00 -6.000000e+00
    endloop
  endfacet
  facet normal 0.000000e+00 0.000000e+00 -1.000000e+00
    outer loop
      vertex   -3.077825e+01 -3.701221e+00 -6.000000e+00
      vertex   -2.624625e+01 -2.728896e+00 -6.000000e+00
      vertex   -2.570728e+01 -2.915435e+00 -6.000000e+00
    endloop
  endfacet
  facet normal 0.000000e+00 0.000000e+00 -1.000000e+00
    outer loop
      vertex   -3.077825e+01 -3.701221e+00 -6.000000e+00
      vertex   -2.570728e+01 -2.915435e+00 -6.000000e+00
      vertex   -2.514275e+01 -2.996602e+00 -6.000000e+00
    endloop
  endfacet
  facet normal 0.000000e+00 0.000000e+00 -1.000000e+00
    outer loop
      vertex   -2.457306e+01 -2.969464e+00 -6.000000e+00
      vertex   -2.962276e+01 -9.137410e+00 -6.000000e+00
      vertex   -2.514275e+01 -2.996602e+00 -6.000000e+00
    endloop
  endfacet
  facet normal 0.000000e+00 0.000000e+00 -1.000000e+00
    outer loop
      vertex   -2.514275e+01 -2.996602e+00 -6.000000e+00
      vertex   -2.962276e+01 -9.137410e+00 -6.000000e+00
      vertex   -3.011619e+01 -7.349492e+00 -6.000000e+00
    endloop
  endfacet
  facet normal 0.000000e+00 0.000000e+00 -1.000000e+00
    outer loop
      vertex   -2.514275e+01 -2.996602e+00 -6.000000e+00
      vertex   -3.011619e+01 -7.349492e+00 -6.000000e+00
      vertex   -3.050182e+01 -5.535264e+00 -6.000000e+00
    endloop
  endfacet
  facet normal -0.000000e+00 0.000000e+00 -1.000000e+00
    outer loop
      vertex   -2.514275e+01 2.996602e+00 -6.000000e+00
      vertex   -2.570728e+01 2.915435e+00 -6.000000e+00
      vertex   -3.077825e+01 3.701221e+00 -6.000000e+00
    endloop
  endfacet
  facet normal 0.000000e+00 0.000000e+00 -1.000000e+00
    outer loop
      vertex   -3.077825e+01 3.701221e+00 -6.000000e+00
      vertex   -2.570728e+01 2.915435e+00 -6.000000e+00
      vertex   -2.624625e+01 2.728896e+00 -6.000000e+00
    endloop
  endfacet
  facet normal 0.000000e+00 0.000000e+00 -1.000000e+00
    outer loop
      vertex   -3.077825e+01 3.701221e+00 -6.000000e+00
      vertex   -2.624625e+01 2.728896e+00 -6.000000e+00
      vertex   -2.674017e+01 2.443728e+00 -6.000000e+00
    endloop
  endfacet
  facet normal -0.000000e+00 0.000000e+00 -1.000000e+00
    outer loop
      vertex   -2.674017e+01 2.443728e+00 -6.000000e+00
      vertex   -2.717120e+01 2.070237e+00 -6.000000e+00
      vertex   -3.077825e+01 3.701221e+00 -6.000000e+00
    endloop
  endfacet
  facet normal 0.000000e+00 0.000000e+00 -1.000000e+00
    outer loop
      vertex   -3.077825e+01 3.701221e+00 -6.000000e+00
      vertex   -2.717120e+01 2.070237e+00 -6.000000e+00
      vertex   -2.752376e+01 1.621922e+00 -6.000000e+00
    endloop
  endfacet
  facet normal 0.000000e+00 -0.000000e+00 -1.000000e+00
    outer loop
      vertex   -3.077825e+01 3.701221e+00 -6.000000e+00
      vertex   -2.752376e+01 1.621922e+00 -6.000000e+00
      vertex   -3.094451e+01 1.853929e+00 -6.000000e+00
    endloop
  endfacet
  facet normal 0.000000e+00 0.000000e+00 -1.000000e+00
    outer loop
      vertex   -3.094451e+01 1.853929e+00 -6.000000e+00
      vertex   -2.752376e+01 1.621922e+00 -6.000000e+00
      vertex   -2.778510e+01 1.114987e+00 -6.000000e+00
    endloop
  endfacet
  facet normal 0.000000e+00 0.000000e+00 -1.000000e+00
    outer loop
      vertex   -3.094451e+01 1.853929e+00 -6.000000e+00
      vertex   -2.778510e+01 1.114987e+00 -6.000000e+00
      vertex   -2.794579e+01 5.677537e-01 -6.000000e+00
    endloop
  endfacet
  facet normal 0.000000e+00 -0.000000e+00 -1.000000e+00
    outer loop
      vertex   -3.094451e+01 1.853929e+00 -6.000000e+00
      vertex   -2.794579e+01 5.677537e-01 -6.000000e+00
      vertex   -3.100000e+01 3.330669e-15 -6.000000e+00
    endloop
  endfacet
  facet normal 0.000000e+00 0.000000e+00 -1.000000e+00
    outer loop
      vertex   2.933615e+01 1.001950e+01 -6.000000e+00
      vertex   -2.902328e+01 1.089262e+01 -6.000000e+00
      vertex   2.868443e+01 1.175599e+01 -6.000000e+00
    endloop
  endfacet
  facet normal -0.000000e+00 0.000000e+00 -1.000000e+00
    outer loop
      vertex   2.868443e+01 1.175599e+01 -6.000000e+00
      vertex   -2.902328e+01 1.089262e+01 -6.000000e+00
      vertex   -2.831991e+01 1.260884e+01 -6.000000e+00
    endloop
  endfacet
  facet normal 0.000000e+00 0.000000e+00 -1.000000e+00
    outer loop
      vertex   2.868443e+01 1.175599e+01 -6.000000e+00
      vertex   -2.831991e+01 1.260884e+01 -6.000000e+00
      vertex   2.793003e+01 1.345040e+01 -6.000000e+00
    endloop
  endfacet
  facet normal -0.000000e+00 0.000000e+00 -1.000000e+00
    outer loop
      vertex   2.793003e+01 1.345040e+01 -6.000000e+00
      vertex   -2.831991e+01 1.260884e+01 -6.000000e+00
      vertex   -2.751516e+01 1.427992e+01 -6.000000e+00
    endloop
  endfacet
  facet normal 0.000000e+00 0.000000e+00 -1.000000e+00
    outer loop
      vertex   2.793003e+01 1.345040e+01 -6.000000e+00
      vertex   -2.751516e+01 1.427992e+01 -6.000000e+00
      vertex   2.707565e+01 1.509665e+01 -6.000000e+00
    endloop
  endfacet
  facet normal -0.000000e+00 0.000000e+00 -1.000000e+00
    outer loop
      vertex   2.707565e+01 1.509665e+01 -6.000000e+00
      vertex   -2.751516e+01 1.427992e+01 -6.000000e+00
      vertex   -2.661191e+01 1.589988e+01 -6.000000e+00
    endloop
  endfacet
  facet normal 0.000000e+00 0.000000e+00 -1.000000e+00
    outer loop
      vertex   2.707565e+01 1.509665e+01 -6.000000e+00
      vertex   -2.661191e+01 1.589988e+01 -6.000000e+00
      vertex   2.612435e+01 1.668887e+01 -6.000000e+00
    endloop
  endfacet
  facet normal -0.000000e+00 0.000000e+00 -1.000000e+00
    outer loop
      vertex   2.612435e+01 1.668887e+01 -6.000000e+00
      vertex   -2.661191e+01 1.589988e+01 -6.000000e+00
      vertex   -2.561340e+01 1.746292e+01 -6.000000e+00
    endloop
  endfacet
  facet normal 0.000000e+00 0.000000e+00 -1.000000e+00
    outer loop
      vertex   2.612435e+01 1.668887e+01 -6.000000e+00
      vertex   -2.561340e+01 1.746292e+01 -6.000000e+00
      vertex   2.507953e+01 1.822134e+01 -6.000000e+00
    endloop
  endfacet
  facet normal -0.000000e+00 0.000000e+00 -1.000000e+00
    outer loop
      vertex   2.507953e+01 1.822134e+01 -6.000000e+00
      vertex   -2.561340e+01 1.746292e+01 -6.000000e+00
      vertex   -2.452320e+01 1.896345e+01 -6.000000e+00
    endloop
  endfacet
  facet normal 0.000000e+00 0.000000e+00 -1.000000e+00
    outer loop
      vertex   2.507953e+01 1.822134e+01 -6.000000e+00
      vertex   -2.452320e+01 1.896345e+01 -6.000000e+00
      vertex   2.394493e+01 1.968859e+01 -6.000000e+00
    endloop
  endfacet
  facet normal -0.000000e+00 0.000000e+00 -1.000000e+00
    outer loop
      vertex   2.394493e+01 1.968859e+01 -6.000000e+00
      vertex   -2.452320e+01 1.896345e+01 -6.000000e+00
      vertex   -2.334522e+01 2.039610e+01 -6.000000e+00
    endloop
  endfacet
  facet normal 0.000000e+00 0.000000e+00 -1.000000e+00
    outer loop
      vertex   2.394493e+01 1.968859e+01 -6.000000e+00
      vertex   -2.334522e+01 2.039610e+01 -6.000000e+00
      vertex   2.272461e+01 2.108535e+01 -6.000000e+00
    endloop
  endfacet
  facet normal -0.000000e+00 0.000000e+00 -1.000000e+00
    outer loop
      vertex   2.272461e+01 2.108535e+01 -6.000000e+00
      vertex   -2.334522e+01 2.039610e+01 -6.000000e+00
      vertex   -2.208366e+01 2.175573e+01 -6.000000e+00
    endloop
  endfacet
  facet normal 0.000000e+00 0.000000e+00 -1.000000e+00
    outer loop
      vertex   2.272461e+01 2.108535e+01 -6.000000e+00
      vertex   -2.208366e+01 2.175573e+01 -6.000000e+00
      vertex   2.142294e+01 2.240664e+01 -6.000000e+00
    endloop
  endfacet
  facet normal -0.000000e+00 0.000000e+00 -1.000000e+00
    outer loop
      vertex   2.142294e+01 2.240664e+01 -6.000000e+00
      vertex   -2.208366e+01 2.175573e+01 -6.000000e+00
      vertex   -2.074305e+01 2.303749e+01 -6.000000e+00
    endloop
  endfacet
  facet normal 0.000000e+00 0.000000e+00 -1.000000e+00
    outer loop
      vertex   2.142294e+01 2.240664e+01 -6.000000e+00
      vertex   -2.074305e+01 2.303749e+01 -6.000000e+00
      vertex   2.004459e+01 2.364772e+01 -6.000000e+00
    endloop
  endfacet
  facet normal -0.000000e+00 0.000000e+00 -1.000000e+00
    outer loop
      vertex   2.004459e+01 2.364772e+01 -6.000000e+00
      vertex   -2.074305e+01 2.303749e+01 -6.000000e+00
      vertex   -1.932818e+01 2.423678e+01 -6.000000e+00
    endloop
  endfacet
  facet normal 0.000000e+00 0.000000e+00 -1.000000e+00
    outer loop
      vertex   2.004459e+01 2.364772e+01 -6.000000e+00
      vertex   -1.932818e+01 2.423678e+01 -6.000000e+00
      vertex   1.859448e+01 2.480414e+01 -6.000000e+00
    endloop
  endfacet
  facet normal -0.000000e+00 0.000000e+00 -1.000000e+00
    outer loop
      vertex   1.859448e+01 2.480414e+01 -6.000000e+00
      vertex   -1.932818e+01 2.423678e+01 -6.000000e+00
      vertex   -1.784413e+01 2.534930e+01 -6.000000e+00
    endloop
  endfacet
  facet normal 0.000000e+00 0.000000e+00 -1.000000e+00
    outer loop
      vertex   1.859448e+01 2.480414e+01 -6.000000e+00
      vertex   -1.784413e+01 2.534930e+01 -6.000000e+00
      vertex   1.707781e+01 2.587177e+01 -6.000000e+00
    endloop
  endfacet
  facet normal -0.000000e+00 0.000000e+00 -1.000000e+00
    outer loop
      vertex   1.707781e+01 2.587177e+01 -6.000000e+00
      vertex   -1.784413e+01 2.534930e+01 -6.000000e+00
      vertex   -1.629620e+01 2.637108e+01 -6.000000e+00
    endloop
  endfacet
  facet normal 0.000000e+00 0.000000e+00 -1.000000e+00
    outer loop
      vertex   1.707781e+01 2.587177e+01 -6.000000e+00
      vertex   -1.629620e+01 2.637108e+01 -6.000000e+00
      vertex   1.550000e+01 2.684679e+01 -6.000000e+00
    endloop
  endfacet
  facet normal -0.000000e+00 0.000000e+00 -1.000000e+00
    outer loop
      vertex   1.550000e+01 2.684679e+01 -6.000000e+00
      vertex   -1.629620e+01 2.637108e+01 -6.000000e+00
      vertex   -1.468993e+01 2.729846e+01 -6.000000e+00
    endloop
  endfacet
  facet normal 0.000000e+00 0.000000e+00 -1.000000e+00
    outer loop
      vertex   1.550000e+01 2.684679e+01 -6.000000e+00
      vertex   -1.468993e+01 2.729846e+01 -6.000000e+00
      vertex   1.386671e+01 2.772570e+01 -6.000000e+00
    endloop
  endfacet
  facet normal -0.000000e+00 0.000000e+00 -1.000000e+00
    outer loop
      vertex   1.386671e+01 2.772570e+01 -6.000000e+00
      vertex   -1.468993e+01 2.729846e+01 -6.000000e+00
      vertex   -1.303107e+01 2.812812e+01 -6.000000e+00
    endloop
  endfacet
  facet normal 0.000000e+00 0.000000e+00 -1.000000e+00
    outer loop
      vertex   1.386671e+01 2.772570e+01 -6.000000e+00
      vertex   -1.303107e+01 2.812812e+01 -6.000000e+00
      vertex   1.218378e+01 2.850536e+01 -6.000000e+00
    endloop
  endfacet
  facet normal -0.000000e+00 0.000000e+00 -1.000000e+00
    outer loop
      vertex   1.218378e+01 2.850536e+01 -6.000000e+00
      vertex   -1.303107e+01 2.812812e+01 -6.000000e+00
      vertex   -1.132557e+01 2.885709e+01 -6.000000e+00
    endloop
  endfacet
  facet normal 0.000000e+00 0.000000e+00 -1.000000e+00
    outer loop
      vertex   1.218378e+01 2.850536e+01 -6.000000e+00
      vertex   -1.132557e+01 2.885709e+01 -6.000000e+00
      vertex   1.045723e+01 2.918298e+01 -6.000000e+00
    endloop
  endfacet
  facet normal -0.000000e+00 0.000000e+00 -1.000000e+00
    outer loop
      vertex   1.045723e+01 2.918298e+01 -6.000000e+00
      vertex   -1.132557e+01 2.885709e+01 -6.000000e+00
      vertex   -9.579527e+00 2.948275e+01 -6.000000e+00
    endloop
  endfacet
  facet normal 0.000000e+00 0.000000e+00 -1.000000e+00
    outer loop
      vertex   1.045723e+01 2.918298e+01 -6.000000e+00
      vertex   -9.579527e+00 2.948275e+01 -6.000000e+00
      vertex   8.693249e+00 2.975613e+01 -6.000000e+00
    endloop
  endfacet
  facet normal -0.000000e+00 0.000000e+00 -1.000000e+00
    outer loop
      vertex   8.693249e+00 2.975613e+01 -6.000000e+00
      vertex   -9.579527e+00 2.948275e+01 -6.000000e+00
      vertex   -7.799190e+00 3.000288e+01 -6.000000e+00
    endloop
  endfacet
  facet normal 0.000000e+00 0.000000e+00 -1.000000e+00
    outer loop
      vertex   8.693249e+00 2.975613e+01 -6.000000e+00
      vertex   -7.799190e+00 3.000288e+01 -6.000000e+00
      vertex   6.898149e+00 3.022277e+01 -6.000000e+00
    endloop
  endfacet
  facet normal -0.000000e+00 0.000000e+00 -1.000000e+00
    outer loop
      vertex   6.898149e+00 3.022277e+01 -6.000000e+00
      vertex   -7.799190e+00 3.000288e+01 -6.000000e+00
      vertex   -5.990933e+00 3.041560e+01 -6.000000e+00
    endloop
  endfacet
  facet normal 0.000000e+00 0.000000e+00 -1.000000e+00
    outer loop
      vertex   6.898149e+00 3.022277e+01 -6.000000e+00
      vertex   -5.990933e+00 3.041560e+01 -6.000000e+00
      vertex   5.078355e+00 3.058121e+01 -6.000000e+00
    endloop
  endfacet
  facet normal -0.000000e+00 0.000000e+00 -1.000000e+00
    outer loop
      vertex   5.078355e+00 3.058121e+01 -6.000000e+00
      vertex   -5.990933e+00 3.041560e+01 -6.000000e+00
      vertex   -4.161231e+00 3.071944e+01 -6.000000e+00
    endloop
  endfacet
  facet normal 0.000000e+00 0.000000e+00 -1.000000e+00
    outer loop
      vertex   5.078355e+00 3.058121e+01 -6.000000e+00
      vertex   -4.161231e+00 3.071944e+01 -6.000000e+00
      vertex   3.240382e+00 3.083018e+01 -6.000000e+00
    endloop
  endfacet
  facet normal -0.000000e+00 0.000000e+00 -1.000000e+00
    outer loop
      vertex   3.240382e+00 3.083018e+01 -6.000000e+00
      vertex   -4.161231e+00 3.071944e+01 -6.000000e+00
      vertex   -2.316633e+00 3.091332e+01 -6.000000e+00
    endloop
  endfacet
  facet normal 0.000000e+00 0.000000e+00 -1.000000e+00
    outer loop
      vertex   3.240382e+00 3.083018e+01 -6.000000e+00
      vertex   -2.316633e+00 3.091332e+01 -6.000000e+00
      vertex   1.390810e+00 3.096879e+01 -6.000000e+00
    endloop
  endfacet
  facet normal -0.000000e+00 0.000000e+00 -1.000000e+00
    outer loop
      vertex   1.390810e+00 3.096879e+01 -6.000000e+00
      vertex   -2.316633e+00 3.091332e+01 -6.000000e+00
      vertex   -4.637416e-01 3.099653e+01 -6.000000e+00
    endloop
  endfacet
  facet normal -0.000000e+00 0.000000e+00 -1.000000e+00
    outer loop
      vertex   3.032258e+01 -6.445262e+00 -6.000000e+00
      vertex   2.988285e+01 -8.247142e+00 -6.000000e+00
      vertex   -2.457306e+01 -2.969464e+00 -6.000000e+00
    endloop
  endfacet
  facet normal 0.000000e+00 0.000000e+00 -1.000000e+00
    outer loop
      vertex   -2.457306e+01 -2.969464e+00 -6.000000e+00
      vertex   2.988285e+01 -8.247142e+00 -6.000000e+00
      vertex   2.933615e+01 -1.001950e+01 -6.000000e+00
    endloop
  endfacet
  facet normal 0.000000e+00 0.000000e+00 -1.000000e+00
    outer loop
      vertex   -2.457306e+01 -2.969464e+00 -6.000000e+00
      vertex   2.933615e+01 -1.001950e+01 -6.000000e+00
      vertex   2.868443e+01 -1.175599e+01 -6.000000e+00
    endloop
  endfacet
  facet normal -0.000000e+00 0.000000e+00 -1.000000e+00
    outer loop
      vertex   2.868443e+01 -1.175599e+01 -6.000000e+00
      vertex   2.793003e+01 -1.345040e+01 -6.000000e+00
      vertex   -2.457306e+01 -2.969464e+00 -6.000000e+00
    endloop
  endfacet
  facet normal 0.000000e+00 0.000000e+00 -1.000000e+00
    outer loop
      vertex   -2.457306e+01 -2.969464e+00 -6.000000e+00
      vertex   2.793003e+01 -1.345040e+01 -6.000000e+00
      vertex   2.707565e+01 -1.509665e+01 -6.000000e+00
    endloop
  endfacet
  facet normal 0.000000e+00 0.000000e+00 -1.000000e+00
    outer loop
      vertex   -2.457306e+01 -2.969464e+00 -6.000000e+00
      vertex   2.707565e+01 -1.509665e+01 -6.000000e+00
      vertex   2.612435e+01 -1.668887e+01 -6.000000e+00
    endloop
  endfacet
  facet normal -0.000000e+00 0.000000e+00 -1.000000e+00
    outer loop
      vertex   2.612435e+01 -1.668887e+01 -6.000000e+00
      vertex   2.507953e+01 -1.822134e+01 -6.000000e+00
      vertex   -2.457306e+01 -2.969464e+00 -6.000000e+00
    endloop
  endfacet
  facet normal 0.000000e+00 0.000000e+00 -1.000000e+00
    outer loop
      vertex   -2.457306e+01 -2.969464e+00 -6.000000e+00
      vertex   2.507953e+01 -1.822134e+01 -6.000000e+00
      vertex   2.394493e+01 -1.968859e+01 -6.000000e+00
    endloop
  endfacet
  facet normal 0.000000e+00 0.000000e+00 -1.000000e+00
    outer loop
      vertex   -2.457306e+01 -2.969464e+00 -6.000000e+00
      vertex   2.394493e+01 -1.968859e+01 -6.000000e+00
      vertex   2.272461e+01 -2.108535e+01 -6.000000e+00
    endloop
  endfacet
  facet normal -0.000000e+00 0.000000e+00 -1.000000e+00
    outer loop
      vertex   2.272461e+01 -2.108535e+01 -6.000000e+00
      vertex   2.142294e+01 -2.240664e+01 -6.000000e+00
      vertex   -2.457306e+01 -2.969464e+00 -6.000000e+00
    endloop
  endfacet
  facet normal 0.000000e+00 0.000000e+00 -1.000000e+00
    outer loop
      vertex   -2.457306e+01 -2.969464e+00 -6.000000e+00
      vertex   2.142294e+01 -2.240664e+01 -6.000000e+00
      vertex   2.004459e+01 -2.364772e+01 -6.000000e+00
    endloop
  endfacet
  facet normal 0.000000e+00 0.000000e+00 -1.000000e+00
    outer loop
      vertex   -2.457306e+01 -2.969464e+00 -6.000000e+00
      vertex   2.004459e+01 -2.364772e+01 -6.000000e+00
      vertex   1.859448e+01 -2.480414e+01 -6.000000e+00
    endloop
  endfacet
  facet normal -0.000000e+00 0.000000e+00 -1.000000e+00
    outer loop
      vertex   1.859448e+01 -2.480414e+01 -6.000000e+00
      vertex   1.707781e+01 -2.587177e+01 -6.000000e+00
      vertex   -2.457306e+01 -2.969464e+00 -6.000000e+00
    endloop
  endfacet
  facet normal 0.000000e+00 0.000000e+00 -1.000000e+00
    outer loop
      vertex   -2.457306e+01 -2.969464e+00 -6.000000e+00
      vertex   1.707781e+01 -2.587177e+01 -6.000000e+00
      vertex   1.550000e+01 -2.684679e+01 -6.000000e+00
    endloop
  endfacet
  facet normal 0.000000e+00 0.000000e+00 -1.000000e+00
    outer loop
      vertex   -2.457306e+01 -2.969464e+00 -6.000000e+00
      vertex   1.550000e+01 -2.684679e+01 -6.000000e+00
      vertex   1.386671e+01 -2.772570e+01 -6.000000e+00
    endloop
  endfacet
  facet normal -0.000000e+00 0.000000e+00 -1.000000e+00
    outer loop
      vertex   1.386671e+01 -2.772570e+01 -6.000000e+00
      vertex   1.218378e+01 -2.850536e+01 -6.000000e+00
      vertex   -2.457306e+01 -2.969464e+00 -6.000000e+00
    endloop
  endfacet
  facet normal 0.000000e+00 0.000000e+00 -1.000000e+00
    outer loop
      vertex   -2.457306e+01 -2.969464e+00 -6.000000e+00
      vertex   1.218378e+01 -2.850536e+01 -6.000000e+00
      vertex   1.045723e+01 -2.918298e+01 -6.000000e+00
    endloop
  endfacet
  facet normal 0.000000e+00 0.000000e+00 -1.000000e+00
    outer loop
      vertex   -2.457306e+01 -2.969464e+00 -6.000000e+00
      vertex   1.045723e+01 -2.918298e+01 -6.000000e+00
      vertex   8.693249e+00 -2.975613e+01 -6.000000e+00
    endloop
  endfacet
  facet normal -0.000000e+00 0.000000e+00 -1.000000e+00
    outer loop
      vertex   8.693249e+00 -2.975613e+01 -6.000000e+00
      vertex   6.898149e+00 -3.022277e+01 -6.000000e+00
      vertex   -2.457306e+01 -2.969464e+00 -6.000000e+00
    endloop
  endfacet
  facet normal 0.000000e+00 0.000000e+00 -1.000000e+00
    outer loop
      vertex   -2.457306e+01 -2.969464e+00 -6.000000e+00
      vertex   6.898149e+00 -3.022277e+01 -6.000000e+00
      vertex   5.078355e+00 -3.058121e+01 -6.000000e+00
    endloop
  endfacet
  facet normal 0.000000e+00 0.000000e+00 -1.000000e+00
    outer loop
      vertex   -2.457306e+01 -2.969464e+00 -6.000000e+00
      vertex   5.078355e+00 -3.058121e+01 -6.000000e+00
      vertex   3.240382e+00 -3.083018e+01 -6.000000e+00
    endloop
  endfacet
  facet normal -0.000000e+00 0.000000e+00 -1.000000e+00
    outer loop
      vertex   3.240382e+00 -3.083018e+01 -6.000000e+00
      vertex   1.390810e+00 -3.096879e+01 -6.000000e+00
      vertex   -2.457306e+01 -2.969464e+00 -6.000000e+00
    endloop
  endfacet
  facet normal 0.000000e+00 0.000000e+00 -1.000000e+00
    outer loop
      vertex   -2.457306e+01 -2.969464e+00 -6.000000e+00
      vertex   1.390810e+00 -3.096879e+01 -6.000000e+00
      vertex   -4.637416e-01 -3.099653e+01 -6.000000e+00
    endloop
  endfacet
  facet normal 0.000000e+00 0.000000e+00 -1.000000e+00
    outer loop
      vertex   -2.457306e+01 -2.969464e+00 -6.000000e+00
      vertex   -4.637416e-01 -3.099653e+01 -6.000000e+00
      vertex   -2.316633e+00 -3.091332e+01 -6.000000e+00
    endloop
  endfacet
  facet normal 0.000000e+00 0.000000e+00 -1.000000e+00
    outer loop
      vertex   -2.316633e+00 -3.091332e+01 -6.000000e+00
      vertex   -4.161231e+00 -3.071944e+01 -6.000000e+00
      vertex   -2.457306e+01 -2.969464e+00 -6.000000e+00
    endloop
  endfacet
  facet normal 0.000000e+00 0.000000e+00 -1.000000e+00
    outer loop
      vertex   -2.457306e+01 -2.969464e+00 -6.000000e+00
      vertex   -4.161231e+00 -3.071944e+01 -6.000000e+00
      vertex   -5.990933e+00 -3.041560e+01 -6.000000e+00
    endloop
  endfacet
  facet normal 0.000000e+00 0.000000e+00 -1.000000e+00
    outer loop
      vertex   -2.457306e+01 -2.969464e+00 -6.000000e+00
      vertex   -5.990933e+00 -3.041560e+01 -6.000000e+00
      vertex   -7.799190e+00 -3.000288e+01 -6.000000e+00
    endloop
  endfacet
  facet normal 0.000000e+00 0.000000e+00 -1.000000e+00
    outer loop
      vertex   -7.799190e+00 -3.000288e+01 -6.000000e+00
      vertex   -9.579527e+00 -2.948275e+01 -6.000000e+00
      vertex   -2.457306e+01 -2.969464e+00 -6.000000e+00
    endloop
  endfacet
  facet normal 0.000000e+00 0.000000e+00 -1.000000e+00
    outer loop
      vertex   -2.457306e+01 -2.969464e+00 -6.000000e+00
      vertex   -9.579527e+00 -2.948275e+01 -6.000000e+00
      vertex   -1.132557e+01 -2.885709e+01 -6.000000e+00
    endloop
  endfacet
  facet normal 0.000000e+00 0.000000e+00 -1.000000e+00
    outer loop
      vertex   -2.457306e+01 -2.969464e+00 -6.000000e+00
      vertex   -1.132557e+01 -2.885709e+01 -6.000000e+00
      vertex   -1.303107e+01 -2.812812e+01 -6.000000e+00
    endloop
  endfacet
  facet normal 0.000000e+00 0.000000e+00 -1.000000e+00
    outer loop
      vertex   -1.303107e+01 -2.812812e+01 -6.000000e+00
      vertex   -1.468993e+01 -2.729846e+01 -6.000000e+00
      vertex   -2.457306e+01 -2.969464e+00 -6.000000e+00
    endloop
  endfacet
  facet normal 0.000000e+00 0.000000e+00 -1.000000e+00
    outer loop
      vertex   -2.457306e+01 -2.969464e+00 -6.000000e+00
      vertex   -1.468993e+01 -2.729846e+01 -6.000000e+00
      vertex   -1.629620e+01 -2.637108e+01 -6.000000e+00
    endloop
  endfacet
  facet normal 0.000000e+00 0.000000e+00 -1.000000e+00
    outer loop
      vertex   -2.457306e+01 -2.969464e+00 -6.000000e+00
      vertex   -1.629620e+01 -2.637108e+01 -6.000000e+00
      vertex   -1.784413e+01 -2.534930e+01 -6.000000e+00
    endloop
  endfacet
  facet normal 0.000000e+00 0.000000e+00 -1.000000e+00
    outer loop
      vertex   -1.784413e+01 -2.534930e+01 -6.000000e+00
      vertex   -1.932818e+01 -2.423678e+01 -6.000000e+00
      vertex   -2.457306e+01 -2.969464e+00 -6.000000e+00
    endloop
  endfacet
  facet normal 0.000000e+00 0.000000e+00 -1.000000e+00
    outer loop
      vertex   -2.457306e+01 -2.969464e+00 -6.000000e+00
      vertex   -1.932818e+01 -2.423678e+01 -6.000000e+00
      vertex   -2.074305e+01 -2.303749e+01 -6.000000e+00
    endloop
  endfacet
  facet normal 0.000000e+00 0.000000e+00 -1.000000e+00
    outer loop
      vertex   -2.457306e+01 -2.969464e+00 -6.000000e+00
      vertex   -2.074305e+01 -2.303749e+01 -6.000000e+00
      vertex   -2.208366e+01 -2.175573e+01 -6.000000e+00
    endloop
  endfacet
  facet normal 0.000000e+00 0.000000e+00 -1.000000e+00
    outer loop
      vertex   -2.208366e+01 -2.175573e+01 -6.000000e+00
      vertex   -2.334522e+01 -2.039610e+01 -6.000000e+00
      vertex   -2.457306e+01 -2.969464e+00 -6.000000e+00
    endloop
  endfacet
  facet normal 0.000000e+00 0.000000e+00 -1.000000e+00
    outer loop
      vertex   -2.457306e+01 -2.969464e+00 -6.000000e+00
      vertex   -2.334522e+01 -2.039610e+01 -6.000000e+00
      vertex   -2.452320e+01 -1.896345e+01 -6.000000e+00
    endloop
  endfacet
  facet normal 0.000000e+00 -0.000000e+00 -1.000000e+00
    outer loop
      vertex   -2.457306e+01 -2.969464e+00 -6.000000e+00
      vertex   -2.452320e+01 -1.896345e+01 -6.000000e+00
      vertex   -2.561340e+01 -1.746292e+01 -6.000000e+00
    endloop
  endfacet
  facet normal 0.000000e+00 0.000000e+00 -1.000000e+00
    outer loop
      vertex   -2.561340e+01 -1.746292e+01 -6.000000e+00
      vertex   -2.661191e+01 -1.589988e+01 -6.000000e+00
      vertex   -2.457306e+01 -2.969464e+00 -6.000000e+00
    endloop
  endfacet
  facet normal 0.000000e+00 0.000000e+00 -1.000000e+00
    outer loop
      vertex   -2.457306e+01 -2.969464e+00 -6.000000e+00
      vertex   -2.661191e+01 -1.589988e+01 -6.000000e+00
      vertex   -2.751516e+01 -1.427992e+01 -6.000000e+00
    endloop
  endfacet
  facet normal 0.000000e+00 0.000000e+00 -1.000000e+00
    outer loop
      vertex   -2.457306e+01 -2.969464e+00 -6.000000e+00
      vertex   -2.751516e+01 -1.427992e+01 -6.000000e+00
      vertex   -2.831991e+01 -1.260884e+01 -6.000000e+00
    endloop
  endfacet
  facet normal 0.000000e+00 0.000000e+00 -1.000000e+00
    outer loop
      vertex   -2.831991e+01 -1.260884e+01 -6.000000e+00
      vertex   -2.902328e+01 -1.089262e+01 -6.000000e+00
      vertex   -2.457306e+01 -2.969464e+00 -6.000000e+00
    endloop
  endfacet
  facet normal 0.000000e+00 0.000000e+00 -1.000000e+00
    outer loop
      vertex   -2.457306e+01 -2.969464e+00 -6.000000e+00
      vertex   -2.902328e+01 -1.089262e+01 -6.000000e+00
      vertex   -2.962276e+01 -9.137410e+00 -6.000000e+00
    endloop
  endfacet
  facet normal 0.000000e+00 0.000000e+00 -1.000000e+00
    outer loop
      vertex   -3.050182e+01 -5.535264e+00 -6.000000e+00
      vertex   -3.077825e+01 -3.701221e+00 -6.000000e+00
      vertex   -2.514275e+01 -2.996602e+00 -6.000000e+00
    endloop
  endfacet
  facet normal 0.000000e+00 0.000000e+00 1.000000e+00
    outer loop
      vertex   1.045322e+01 6.476624e+00 0.000000e+00
      vertex   1.040000e+01 7.000000e+00 0.000000e+00
      vertex   -3.011619e+01 7.349492e+00 0.000000e+00
    endloop
  endfacet
  facet normal -0.000000e+00 0.000000e+00 1.000000e+00
    outer loop
      vertex   -3.011619e+01 7.349492e+00 0.000000e+00
      vertex   1.040000e+01 7.000000e+00 0.000000e+00
      vertex   1.045322e+01 7.523376e+00 0.000000e+00
    endloop
  endfacet
  facet normal 0.000000e+00 0.000000e+00 1.000000e+00
    outer loop
      vertex   -3.011619e+01 7.349492e+00 0.000000e+00
      vertex   1.045322e+01 7.523376e+00 0.000000e+00
      vertex   -2.962276e+01 9.137410e+00 0.000000e+00
    endloop
  endfacet
  facet normal 0.000000e+00 0.000000e+00 1.000000e+00
    outer loop
      vertex   -2.962276e+01 9.137410e+00 0.000000e+00
      vertex   1.045322e+01 7.523376e+00 0.000000e+00
      vertex   1.061071e+01 8.025325e+00 0.000000e+00
    endloop
  endfacet
  facet normal 0.000000e+00 0.000000e+00 1.000000e+00
    outer loop
      vertex   -2.962276e+01 9.137410e+00 0.000000e+00
      vertex   1.061071e+01 8.025325e+00 0.000000e+00
      vertex   1.086602e+01 8.485297e+00 0.000000e+00
    endloop
  endfacet
  facet normal 0.000000e+00 -0.000000e+00 1.000000e+00
    outer loop
      vertex   1.086602e+01 8.485297e+00 0.000000e+00
      vertex   1.120869e+01 8.884461e+00 0.000000e+00
      vertex   -2.962276e+01 9.137410e+00 0.000000e+00
    endloop
  endfacet
  facet normal -0.000000e+00 0.000000e+00 1.000000e+00
    outer loop
      vertex   -2.962276e+01 9.137410e+00 0.000000e+00
      vertex   1.120869e+01 8.884461e+00 0.000000e+00
      vertex   1.162469e+01 9.206475e+00 0.000000e+00
    endloop
  endfacet
  facet normal 0.000000e+00 0.000000e+00 1.000000e+00
    outer loop
      vertex   -2.962276e+01 9.137410e+00 0.000000e+00
      vertex   1.162469e+01 9.206475e+00 0.000000e+00
      vertex   -2.902328e+01 1.089262e+01 0.000000e+00
    endloop
  endfacet
  facet normal 0.000000e+00 0.000000e+00 1.000000e+00
    outer loop
      vertex   -2.902328e+01 1.089262e+01 0.000000e+00
      vertex   1.162469e+01 9.206475e+00 0.000000e+00
      vertex   1.209701e+01 9.438156e+00 0.000000e+00
    endloop
  endfacet
  facet normal 0.000000e+00 0.000000e+00 1.000000e+00
    outer loop
      vertex   -2.902328e+01 1.089262e+01 0.000000e+00
      vertex   1.209701e+01 9.438156e+00 0.000000e+00
      vertex   1.260629e+01 9.570018e+00 0.000000e+00
    endloop
  endfacet
  facet normal 0.000000e+00 -0.000000e+00 1.000000e+00
    outer loop
      vertex   1.260629e+01 9.570018e+00 0.000000e+00
      vertex   1.313169e+01 9.596663e+00 0.000000e+00
      vertex   -2.902328e+01 1.089262e+01 0.000000e+00
    endloop
  endfacet
  facet normal 0.000000e+00 0.000000e+00 1.000000e+00
    outer loop
      vertex   -2.902328e+01 1.089262e+01 0.000000e+00
      vertex   1.313169e+01 9.596663e+00 0.000000e+00
      vertex   2.933615e+01 1.001950e+01 0.000000e+00
    endloop
  endfacet
  facet normal -0.000000e+00 0.000000e+00 1.000000e+00
    outer loop
      vertex   -2.902328e+01 1.089262e+01 0.000000e+00
      vertex   2.933615e+01 1.001950e+01 0.000000e+00
      vertex   2.868443e+01 1.175599e+01 0.000000e+00
    endloop
  endfacet
  facet normal -0.000000e+00 0.000000e+00 1.000000e+00
    outer loop
      vertex   1.313169e+01 9.596663e+00 0.000000e+00
      vertex   1.365170e+01 9.517001e+00 0.000000e+00
      vertex   2.933615e+01 1.001950e+01 0.000000e+00
    endloop
  endfacet
  facet normal 0.000000e+00 0.000000e+00 1.000000e+00
    outer loop
      vertex   2.933615e+01 1.001950e+01 0.000000e+00
      vertex   1.365170e+01 9.517001e+00 0.000000e+00
      vertex   1.414502e+01 9.334292e+00 0.000000e+00
    endloop
  endfacet
  facet normal 0.000000e+00 0.000000e+00 1.000000e+00
    outer loop
      vertex   2.933615e+01 1.001950e+01 0.000000e+00
      vertex   1.414502e+01 9.334292e+00 0.000000e+00
      vertex   1.459148e+01 9.056017e+00 0.000000e+00
    endloop
  endfacet
  facet normal -0.000000e+00 0.000000e+00 1.000000e+00
    outer loop
      vertex   1.459148e+01 9.056017e+00 0.000000e+00
      vertex   1.497277e+01 8.693568e+00 0.000000e+00
      vertex   2.933615e+01 1.001950e+01 0.000000e+00
    endloop
  endfacet
  facet normal 0.000000e+00 0.000000e+00 1.000000e+00
    outer loop
      vertex   2.933615e+01 1.001950e+01 0.000000e+00
      vertex   1.497277e+01 8.693568e+00 0.000000e+00
      vertex   1.527330e+01 8.261785e+00 0.000000e+00
    endloop
  endfacet
  facet normal 0.000000e+00 0.000000e+00 1.000000e+00
    outer loop
      vertex   2.933615e+01 1.001950e+01 0.000000e+00
      vertex   1.527330e+01 8.261785e+00 0.000000e+00
      vertex   2.988285e+01 8.247142e+00 0.000000e+00
    endloop
  endfacet
  facet normal 0.000000e+00 0.000000e+00 1.000000e+00
    outer loop
      vertex   2.988285e+01 8.247142e+00 0.000000e+00
      vertex   1.527330e+01 8.261785e+00 0.000000e+00
      vertex   1.548076e+01 7.778344e+00 0.000000e+00
    endloop
  endfacet
  facet normal 0.000000e+00 0.000000e+00 1.000000e+00
    outer loop
      vertex   2.988285e+01 8.247142e+00 0.000000e+00
      vertex   1.548076e+01 7.778344e+00 0.000000e+00
      vertex   1.558666e+01 7.263038e+00 0.000000e+00
    endloop
  endfacet
  facet normal -0.000000e+00 0.000000e+00 1.000000e+00
    outer loop
      vertex   1.558666e+01 7.263038e+00 0.000000e+00
      vertex   1.558666e+01 6.736962e+00 0.000000e+00
      vertex   2.988285e+01 8.247142e+00 0.000000e+00
    endloop
  endfacet
  facet normal 0.000000e+00 0.000000e+00 1.000000e+00
    outer loop
      vertex   2.988285e+01 8.247142e+00 0.000000e+00
      vertex   1.558666e+01 6.736962e+00 0.000000e+00
      vertex   3.032258e+01 6.445262e+00 0.000000e+00
    endloop
  endfacet
  facet normal 0.000000e+00 0.000000e+00 1.000000e+00
    outer loop
      vertex   3.032258e+01 6.445262e+00 0.000000e+00
      vertex   1.558666e+01 6.736962e+00 0.000000e+00
      vertex   1.548076e+01 6.221656e+00 0.000000e+00
    endloop
  endfacet
  facet normal 0.000000e+00 0.000000e+00 1.000000e+00
    outer loop
      vertex   3.032258e+01 6.445262e+00 0.000000e+00
      vertex   1.548076e+01 6.221656e+00 0.000000e+00
      vertex   1.527330e+01 5.738215e+00 0.000000e+00
    endloop
  endfacet
  facet normal -0.000000e+00 0.000000e+00 1.000000e+00
    outer loop
      vertex   1.527330e+01 5.738215e+00 0.000000e+00
      vertex   1.497277e+01 5.306432e+00 0.000000e+00
      vertex   3.032258e+01 6.445262e+00 0.000000e+00
    endloop
  endfacet
  facet normal 0.000000e+00 0.000000e+00 1.000000e+00
    outer loop
      vertex   3.032258e+01 6.445262e+00 0.000000e+00
      vertex   1.497277e+01 5.306432e+00 0.000000e+00
      vertex   1.459148e+01 4.943983e+00 0.000000e+00
    endloop
  endfacet
  facet normal 0.000000e+00 0.000000e+00 1.000000e+00
    outer loop
      vertex   3.032258e+01 6.445262e+00 0.000000e+00
      vertex   1.459148e+01 4.943983e+00 0.000000e+00
      vertex   1.414502e+01 4.665708e+00 0.000000e+00
    endloop
  endfacet
  facet normal 0.000000e+00 0.000000e+00 1.000000e+00
    outer loop
      vertex   3.032258e+01 6.445262e+00 0.000000e+00
      vertex   1.414502e+01 4.665708e+00 0.000000e+00
      vertex   3.065376e+01 4.620310e+00 0.000000e+00
    endloop
  endfacet
  facet normal 0.000000e+00 0.000000e+00 1.000000e+00
    outer loop
      vertex   3.065376e+01 4.620310e+00 0.000000e+00
      vertex   1.414502e+01 4.665708e+00 0.000000e+00
      vertex   1.365170e+01 4.482999e+00 0.000000e+00
    endloop
  endfacet
  facet normal 0.000000e+00 0.000000e+00 1.000000e+00
    outer loop
      vertex   3.065376e+01 4.620310e+00 0.000000e+00
      vertex   1.365170e+01 4.482999e+00 0.000000e+00
      vertex   1.313169e+01 4.403337e+00 0.000000e+00
    endloop
  endfacet
  facet normal 0.000000e+00 0.000000e+00 1.000000e+00
    outer loop
      vertex   1.260629e+01 4.429982e+00 0.000000e+00
      vertex   -3.050182e+01 5.535264e+00 0.000000e+00
      vertex   1.313169e+01 4.403337e+00 0.000000e+00
    endloop
  endfacet
  facet normal 0.000000e+00 0.000000e+00 1.000000e+00
    outer loop
      vertex   1.313169e+01 4.403337e+00 0.000000e+00
      vertex   -3.050182e+01 5.535264e+00 0.000000e+00
      vertex   -3.077825e+01 3.701221e+00 0.000000e+00
    endloop
  endfacet
  facet normal -0.000000e+00 0.000000e+00 1.000000e+00
    outer loop
      vertex   1.313169e+01 4.403337e+00 0.000000e+00
      vertex   -3.077825e+01 3.701221e+00 0.000000e+00
      vertex   3.065376e+01 4.620310e+00 0.000000e+00
    endloop
  endfacet
  facet normal 0.000000e+00 0.000000e+00 1.000000e+00
    outer loop
      vertex   3.065376e+01 4.620310e+00 0.000000e+00
      vertex   -3.077825e+01 3.701221e+00 0.000000e+00
      vertex   -2.514275e+01 2.996602e+00 0.000000e+00
    endloop
  endfacet
  facet normal 0.000000e+00 0.000000e+00 1.000000e+00
    outer loop
      vertex   3.065376e+01 4.620310e+00 0.000000e+00
      vertex   -2.514275e+01 2.996602e+00 0.000000e+00
      vertex   -2.457306e+01 2.969464e+00 0.000000e+00
    endloop
  endfacet
  facet normal 0.000000e+00 0.000000e+00 1.000000e+00
    outer loop
      vertex   1.260629e+01 4.429982e+00 0.000000e+00
      vertex   1.209701e+01 4.561844e+00 0.000000e+00
      vertex   -3.050182e+01 5.535264e+00 0.000000e+00
    endloop
  endfacet
  facet normal 0.000000e+00 0.000000e+00 1.000000e+00
    outer loop
      vertex   -3.050182e+01 5.535264e+00 0.000000e+00
      vertex   1.209701e+01 4.561844e+00 0.000000e+00
      vertex   1.162469e+01 4.793525e+00 0.000000e+00
    endloop
  endfacet
  facet normal 0.000000e+00 0.000000e+00 1.000000e+00
    outer loop
      vertex   -3.050182e+01 5.535264e+00 0.000000e+00
      vertex   1.162469e+01 4.793525e+00 0.000000e+00
      vertex   1.120869e+01 5.115539e+00 0.000000e+00
    endloop
  endfacet
  facet normal 0.000000e+00 0.000000e+00 1.000000e+00
    outer loop
      vertex   1.120869e+01 5.115539e+00 0.000000e+00
      vertex   1.086602e+01 5.514703e+00 0.000000e+00
      vertex   -3.050182e+01 5.535264e+00 0.000000e+00
    endloop
  endfacet
  facet normal -0.000000e+00 0.000000e+00 1.000000e+00
    outer loop
      vertex   -3.050182e+01 5.535264e+00 0.000000e+00
      vertex   1.086602e+01 5.514703e+00 0.000000e+00
      vertex   1.061071e+01 5.974675e+00 0.000000e+00
    endloop
  endfacet
  facet normal 0.000000e+00 0.000000e+00 1.000000e+00
    outer loop
      vertex   -3.050182e+01 5.535264e+00 0.000000e+00
      vertex   1.061071e+01 5.974675e+00 0.000000e+00
      vertex   -3.011619e+01 7.349492e+00 0.000000e+00
    endloop
  endfacet
  facet normal 0.000000e+00 0.000000e+00 1.000000e+00
    outer loop
      vertex   -3.011619e+01 7.349492e+00 0.000000e+00
      vertex   1.061071e+01 5.974675e+00 0.000000e+00
      vertex   1.045322e+01 6.476624e+00 0.000000e+00
    endloop
  endfacet
  facet normal 0.000000e+00 0.000000e+00 1.000000e+00
    outer loop
      vertex   -2.794579e+01 -5.677537e-01 0.000000e+00
      vertex   -2.800000e+01 3.673940e-16 0.000000e+00
      vertex   -3.100000e+01 3.796405e-15 0.000000e+00
    endloop
  endfacet
  facet normal -0.000000e+00 0.000000e+00 1.000000e+00
    outer loop
      vertex   -3.100000e+01 3.796405e-15 0.000000e+00
      vertex   -2.800000e+01 3.673940e-16 0.000000e+00
      vertex   -2.794579e+01 5.677537e-01 0.000000e+00
    endloop
  endfacet
  facet normal 0.000000e+00 0.000000e+00 1.000000e+00
    outer loop
      vertex   -3.100000e+01 3.796405e-15 0.000000e+00
      vertex   -2.794579e+01 5.677537e-01 0.000000e+00
      vertex   -3.094451e+01 1.853929e+00 0.000000e+00
    endloop
  endfacet
  facet normal 0.000000e+00 0.000000e+00 1.000000e+00
    outer loop
      vertex   -3.094451e+01 1.853929e+00 0.000000e+00
      vertex   -2.794579e+01 5.677537e-01 0.000000e+00
      vertex   -2.778510e+01 1.114987e+00 0.000000e+00
    endloop
  endfacet
  facet normal 0.000000e+00 0.000000e+00 1.000000e+00
    outer loop
      vertex   -3.094451e+01 1.853929e+00 0.000000e+00
      vertex   -2.778510e+01 1.114987e+00 0.000000e+00
      vertex   -2.752376e+01 1.621922e+00 0.000000e+00
    endloop
  endfacet
  facet normal -0.000000e+00 0.000000e+00 1.000000e+00
    outer loop
      vertex   -3.094451e+01 1.853929e+00 0.000000e+00
      vertex   -2.752376e+01 1.621922e+00 0.000000e+00
      vertex   -3.077825e+01 3.701221e+00 0.000000e+00
    endloop
  endfacet
  facet normal 0.000000e+00 0.000000e+00 1.000000e+00
    outer loop
      vertex   -3.077825e+01 3.701221e+00 0.000000e+00
      vertex   -2.752376e+01 1.621922e+00 0.000000e+00
      vertex   -2.717120e+01 2.070237e+00 0.000000e+00
    endloop
  endfacet
  facet normal 0.000000e+00 0.000000e+00 1.000000e+00
    outer loop
      vertex   -3.077825e+01 3.701221e+00 0.000000e+00
      vertex   -2.717120e+01 2.070237e+00 0.000000e+00
      vertex   -2.674017e+01 2.443728e+00 0.000000e+00
    endloop
  endfacet
  facet normal 0.000000e+00 -0.000000e+00 1.000000e+00
    outer loop
      vertex   -2.674017e+01 2.443728e+00 0.000000e+00
      vertex   -2.624625e+01 2.728896e+00 0.000000e+00
      vertex   -3.077825e+01 3.701221e+00 0.000000e+00
    endloop
  endfacet
  facet normal 0.000000e+00 0.000000e+00 1.000000e+00
    outer loop
      vertex   -3.077825e+01 3.701221e+00 0.000000e+00
      vertex   -2.624625e+01 2.728896e+00 0.000000e+00
      vertex   -2.570728e+01 2.915435e+00 0.000000e+00
    endloop
  endfacet
  facet normal 0.000000e+00 0.000000e+00 1.000000e+00
    outer loop
      vertex   -3.077825e+01 3.701221e+00 0.000000e+00
      vertex   -2.570728e+01 2.915435e+00 0.000000e+00
      vertex   -2.514275e+01 2.996602e+00 0.000000e+00
    endloop
  endfacet
  facet normal -0.000000e+00 0.000000e+00 1.000000e+00
    outer loop
      vertex   -2.457306e+01 2.969464e+00 0.000000e+00
      vertex   -2.401880e+01 2.835002e+00 0.000000e+00
      vertex   3.065376e+01 4.620310e+00 0.000000e+00
    endloop
  endfacet
  facet normal 0.000000e+00 0.000000e+00 1.000000e+00
    outer loop
      vertex   3.065376e+01 4.620310e+00 0.000000e+00
      vertex   -2.401880e+01 2.835002e+00 0.000000e+00
      vertex   3.087520e+01 2.778819e+00 0.000000e+00
    endloop
  endfacet
  facet normal 0.000000e+00 0.000000e+00 1.000000e+00
    outer loop
      vertex   3.087520e+01 2.778819e+00 0.000000e+00
      vertex   -2.401880e+01 2.835002e+00 0.000000e+00
      vertex   -2.350000e+01 2.598076e+00 0.000000e+00
    endloop
  endfacet
  facet normal 0.000000e+00 0.000000e+00 1.000000e+00
    outer loop
      vertex   3.087520e+01 2.778819e+00 0.000000e+00
      vertex   -2.350000e+01 2.598076e+00 0.000000e+00
      vertex   -2.303542e+01 2.267249e+00 0.000000e+00
    endloop
  endfacet
  facet normal -0.000000e+00 0.000000e+00 1.000000e+00
    outer loop
      vertex   -2.303542e+01 2.267249e+00 0.000000e+00
      vertex   -2.264184e+01 1.854477e+00 0.000000e+00
      vertex   3.087520e+01 2.778819e+00 0.000000e+00
    endloop
  endfacet
  facet normal 0.000000e+00 0.000000e+00 1.000000e+00
    outer loop
      vertex   3.087520e+01 2.778819e+00 0.000000e+00
      vertex   -2.264184e+01 1.854477e+00 0.000000e+00
      vertex   -2.233349e+01 1.374680e+00 0.000000e+00
    endloop
  endfacet
  facet normal 0.000000e+00 0.000000e+00 1.000000e+00
    outer loop
      vertex   3.087520e+01 2.778819e+00 0.000000e+00
      vertex   -2.233349e+01 1.374680e+00 0.000000e+00
      vertex   3.098613e+01 9.273795e-01 0.000000e+00
    endloop
  endfacet
  facet normal 0.000000e+00 0.000000e+00 1.000000e+00
    outer loop
      vertex   3.098613e+01 9.273795e-01 0.000000e+00
      vertex   -2.233349e+01 1.374680e+00 0.000000e+00
      vertex   -2.212152e+01 8.451977e-01 0.000000e+00
    endloop
  endfacet
  facet normal 0.000000e+00 0.000000e+00 1.000000e+00
    outer loop
      vertex   3.098613e+01 9.273795e-01 0.000000e+00
      vertex   -2.212152e+01 8.451977e-01 0.000000e+00
      vertex   -2.201358e+01 2.851681e-01 0.000000e+00
    endloop
  endfacet
  facet normal -0.000000e+00 0.000000e+00 1.000000e+00
    outer loop
      vertex   -2.201358e+01 2.851681e-01 0.000000e+00
      vertex   -2.201358e+01 -2.851681e-01 0.000000e+00
      vertex   3.098613e+01 9.273795e-01 0.000000e+00
    endloop
  endfacet
  facet normal 0.000000e+00 0.000000e+00 1.000000e+00
    outer loop
      vertex   3.098613e+01 9.273795e-01 0.000000e+00
      vertex   -2.201358e+01 -2.851681e-01 0.000000e+00
      vertex   -2.212152e+01 -8.451977e-01 0.000000e+00
    endloop
  endfacet
  facet normal 0.000000e+00 0.000000e+00 1.000000e+00
    outer loop
      vertex   3.098613e+01 9.273795e-01 0.000000e+00
      vertex   -2.212152e+01 -8.451977e-01 0.000000e+00
      vertex   3.098613e+01 -9.273795e-01 0.000000e+00
    endloop
  endfacet
  facet normal 0.000000e+00 0.000000e+00 1.000000e+00
    outer loop
      vertex   3.098613e+01 -9.273795e-01 0.000000e+00
      vertex   -2.212152e+01 -8.451977e-01 0.000000e+00
      vertex   -2.233349e+01 -1.374680e+00 0.000000e+00
    endloop
  endfacet
  facet normal 0.000000e+00 0.000000e+00 1.000000e+00
    outer loop
      vertex   3.098613e+01 -9.273795e-01 0.000000e+00
      vertex   -2.233349e+01 -1.374680e+00 0.000000e+00
      vertex   -2.264184e+01 -1.854477e+00 0.000000e+00
    endloop
  endfacet
  facet normal -0.000000e+00 0.000000e+00 1.000000e+00
    outer loop
      vertex   -2.264184e+01 -1.854477e+00 0.000000e+00
      vertex   -2.303542e+01 -2.267249e+00 0.000000e+00
      vertex   3.098613e+01 -9.273795e-01 0.000000e+00
    endloop
  endfacet
  facet normal 0.000000e+00 0.000000e+00 1.000000e+00
    outer loop
      vertex   3.098613e+01 -9.273795e-01 0.000000e+00
      vertex   -2.303542e+01 -2.267249e+00 0.000000e+00
      vertex   -2.350000e+01 -2.598076e+00 0.000000e+00
    endloop
  endfacet
  facet normal 0.000000e+00 0.000000e+00 1.000000e+00
    outer loop
      vertex   3.098613e+01 -9.273795e-01 0.000000e+00
      vertex   -2.350000e+01 -2.598076e+00 0.000000e+00
      vertex   3.087520e+01 -2.778819e+00 0.000000e+00
    endloop
  endfacet
  facet normal 0.000000e+00 0.000000e+00 1.000000e+00
    outer loop
      vertex   3.087520e+01 -2.778819e+00 0.000000e+00
      vertex   -2.350000e+01 -2.598076e+00 0.000000e+00
      vertex   -2.401880e+01 -2.835002e+00 0.000000e+00
    endloop
  endfacet
  facet normal 0.000000e+00 0.000000e+00 1.000000e+00
    outer loop
      vertex   3.087520e+01 -2.778819e+00 0.000000e+00
      vertex   -2.401880e+01 -2.835002e+00 0.000000e+00
      vertex   -2.457306e+01 -2.969464e+00 0.000000e+00
    endloop
  endfacet
  facet normal -0.000000e+00 0.000000e+00 1.000000e+00
    outer loop
      vertex   -2.514275e+01 -2.996602e+00 0.000000e+00
      vertex   -2.962276e+01 -9.137410e+00 0.000000e+00
      vertex   -2.457306e+01 -2.969464e+00 0.000000e+00
    endloop
  endfacet
  facet normal 0.000000e+00 0.000000e+00 1.000000e+00
    outer loop
      vertex   -2.457306e+01 -2.969464e+00 0.000000e+00
      vertex   -2.962276e+01 -9.137410e+00 0.000000e+00
      vertex   -2.902328e+01 -1.089262e+01 0.000000e+00
    endloop
  endfacet
  facet normal 0.000000e+00 0.000000e+00 1.000000e+00
    outer loop
      vertex   -2.457306e+01 -2.969464e+00 0.000000e+00
      vertex   -2.902328e+01 -1.089262e+01 0.000000e+00
      vertex   -2.831991e+01 -1.260884e+01 0.000000e+00
    endloop
  endfacet
  facet normal 0.000000e+00 0.000000e+00 1.000000e+00
    outer loop
      vertex   -2.570728e+01 -2.915435e+00 0.000000e+00
      vertex   -3.077825e+01 -3.701221e+00 0.000000e+00
      vertex   -2.514275e+01 -2.996602e+00 0.000000e+00
    endloop
  endfacet
  facet normal 0.000000e+00 0.000000e+00 1.000000e+00
    outer loop
      vertex   -2.514275e+01 -2.996602e+00 0.000000e+00
      vertex   -3.077825e+01 -3.701221e+00 0.000000e+00
      vertex   -3.050182e+01 -5.535264e+00 0.000000e+00
    endloop
  endfacet
  facet normal 0.000000e+00 0.000000e+00 1.000000e+00
    outer loop
      vertex   -2.514275e+01 -2.996602e+00 0.000000e+00
      vertex   -3.050182e+01 -5.535264e+00 0.000000e+00
      vertex   -3.011619e+01 -7.349492e+00 0.000000e+00
    endloop
  endfacet
  facet normal 0.000000e+00 0.000000e+00 1.000000e+00
    outer loop
      vertex   -2.570728e+01 -2.915435e+00 0.000000e+00
      vertex   -2.624625e+01 -2.728896e+00 0.000000e+00
      vertex   -3.077825e+01 -3.701221e+00 0.000000e+00
    endloop
  endfacet
  facet normal 0.000000e+00 0.000000e+00 1.000000e+00
    outer loop
      vertex   -3.077825e+01 -3.701221e+00 0.000000e+00
      vertex   -2.624625e+01 -2.728896e+00 0.000000e+00
      vertex   -2.674017e+01 -2.443728e+00 0.000000e+00
    endloop
  endfacet
  facet normal 0.000000e+00 0.000000e+00 1.000000e+00
    outer loop
      vertex   -3.077825e+01 -3.701221e+00 0.000000e+00
      vertex   -2.674017e+01 -2.443728e+00 0.000000e+00
      vertex   -2.717120e+01 -2.070237e+00 0.000000e+00
    endloop
  endfacet
  facet normal 0.000000e+00 0.000000e+00 1.000000e+00
    outer loop
      vertex   -2.717120e+01 -2.070237e+00 0.000000e+00
      vertex   -2.752376e+01 -1.621922e+00 0.000000e+00
      vertex   -3.077825e+01 -3.701221e+00 0.000000e+00
    endloop
  endfacet
  facet normal 0.000000e+00 -0.000000e+00 1.000000e+00
    outer loop
      vertex   -3.077825e+01 -3.701221e+00 0.000000e+00
      vertex   -2.752376e+01 -1.621922e+00 0.000000e+00
      vertex   -3.094451e+01 -1.853929e+00 0.000000e+00
    endloop
  endfacet
  facet normal 0.000000e+00 0.000000e+00 1.000000e+00
    outer loop
      vertex   -3.094451e+01 -1.853929e+00 0.000000e+00
      vertex   -2.752376e+01 -1.621922e+00 0.000000e+00
      vertex   -2.778510e+01 -1.114987e+00 0.000000e+00
    endloop
  endfacet
  facet normal 0.000000e+00 0.000000e+00 1.000000e+00
    outer loop
      vertex   -3.094451e+01 -1.853929e+00 0.000000e+00
      vertex   -2.778510e+01 -1.114987e+00 0.000000e+00
      vertex   -2.794579e+01 -5.677537e-01 0.000000e+00
    endloop
  endfacet
  facet normal 0.000000e+00 -0.000000e+00 1.000000e+00
    outer loop
      vertex   -3.094451e+01 -1.853929e+00 0.000000e+00
      vertex   -2.794579e+01 -5.677537e-01 0.000000e+00
      vertex   -3.100000e+01 3.796405e-15 0.000000e+00
    endloop
  endfacet
  facet normal -0.000000e+00 0.000000e+00 1.000000e+00
    outer loop
      vertex   -3.011619e+01 -7.349492e+00 0.000000e+00
      vertex   -2.962276e+01 -9.137410e+00 0.000000e+00
      vertex   -2.514275e+01 -2.996602e+00 0.000000e+00
    endloop
  endfacet
  facet normal -0.000000e+00 0.000000e+00 1.000000e+00
    outer loop
      vertex   -2.831991e+01 -1.260884e+01 0.000000e+00
      vertex   -2.751516e+01 -1.427992e+01 0.000000e+00
      vertex   -2.457306e+01 -2.969464e+00 0.000000e+00
    endloop
  endfacet
  facet normal 0.000000e+00 0.000000e+00 1.000000e+00
    outer loop
      vertex   -2.457306e+01 -2.969464e+00 0.000000e+00
      vertex   -2.751516e+01 -1.427992e+01 0.000000e+00
      vertex   -2.661191e+01 -1.589988e+01 0.000000e+00
    endloop
  endfacet
  facet normal 0.000000e+00 0.000000e+00 1.000000e+00
    outer loop
      vertex   -2.457306e+01 -2.969464e+00 0.000000e+00
      vertex   -2.661191e+01 -1.589988e+01 0.000000e+00
      vertex   -2.561340e+01 -1.746292e+01 0.000000e+00
    endloop
  endfacet
  facet normal -0.000000e+00 0.000000e+00 1.000000e+00
    outer loop
      vertex   -2.561340e+01 -1.746292e+01 0.000000e+00
      vertex   -2.452320e+01 -1.896345e+01 0.000000e+00
      vertex   -2.457306e+01 -2.969464e+00 0.000000e+00
    endloop
  endfacet
  facet normal 0.000000e+00 0.000000e+00 1.000000e+00
    outer loop
      vertex   -2.457306e+01 -2.969464e+00 0.000000e+00
      vertex   -2.452320e+01 -1.896345e+01 0.000000e+00
      vertex   -2.334522e+01 -2.039610e+01 0.000000e+00
    endloop
  endfacet
  facet normal 0.000000e+00 0.000000e+00 1.000000e+00
    outer loop
      vertex   -2.457306e+01 -2.969464e+00 0.000000e+00
      vertex   -2.334522e+01 -2.039610e+01 0.000000e+00
      vertex   -2.208366e+01 -2.175573e+01 0.000000e+00
    endloop
  endfacet
  facet normal -0.000000e+00 -0.000000e+00 1.000000e+00
    outer loop
      vertex   -2.208366e+01 -2.175573e+01 0.000000e+00
      vertex   -2.074305e+01 -2.303749e+01 0.000000e+00
      vertex   -2.457306e+01 -2.969464e+00 0.000000e+00
    endloop
  endfacet
  facet normal 0.000000e+00 0.000000e+00 1.000000e+00
    outer loop
      vertex   -2.457306e+01 -2.969464e+00 0.000000e+00
      vertex   -2.074305e+01 -2.303749e+01 0.000000e+00
      vertex   -1.932818e+01 -2.423678e+01 0.000000e+00
    endloop
  endfacet
  facet normal 0.000000e+00 0.000000e+00 1.000000e+00
    outer loop
      vertex   -2.457306e+01 -2.969464e+00 0.000000e+00
      vertex   -1.932818e+01 -2.423678e+01 0.000000e+00
      vertex   -1.784413e+01 -2.534930e+01 0.000000e+00
    endloop
  endfacet
  facet normal -0.000000e+00 -0.000000e+00 1.000000e+00
    outer loop
      vertex   -1.784413e+01 -2.534930e+01 0.000000e+00
      vertex   -1.629620e+01 -2.637108e+01 0.000000e+00
      vertex   -2.457306e+01 -2.969464e+00 0.000000e+00
    endloop
  endfacet
  facet normal 0.000000e+00 0.000000e+00 1.000000e+00
    outer loop
      vertex   -2.457306e+01 -2.969464e+00 0.000000e+00
      vertex   -1.629620e+01 -2.637108e+01 0.000000e+00
      vertex   -1.468993e+01 -2.729846e+01 0.000000e+00
    endloop
  endfacet
  facet normal 0.000000e+00 0.000000e+00 1.000000e+00
    outer loop
      vertex   -2.457306e+01 -2.969464e+00 0.000000e+00
      vertex   -1.468993e+01 -2.729846e+01 0.000000e+00
      vertex   -1.303107e+01 -2.812812e+01 0.000000e+00
    endloop
  endfacet
  facet normal -0.000000e+00 -0.000000e+00 1.000000e+00
    outer loop
      vertex   -1.303107e+01 -2.812812e+01 0.000000e+00
      vertex   -1.132557e+01 -2.885709e+01 0.000000e+00
      vertex   -2.457306e+01 -2.969464e+00 0.000000e+00
    endloop
  endfacet
  facet normal 0.000000e+00 0.000000e+00 1.000000e+00
    outer loop
      vertex   -2.457306e+01 -2.969464e+00 0.000000e+00
      vertex   -1.132557e+01 -2.885709e+01 0.000000e+00
      vertex   -9.579527e+00 -2.948275e+01 0.000000e+00
    endloop
  endfacet
  facet normal 0.000000e+00 0.000000e+00 1.000000e+00
    outer loop
      vertex   -2.457306e+01 -2.969464e+00 0.000000e+00
      vertex   -9.579527e+00 -2.948275e+01 0.000000e+00
      vertex   -7.799190e+00 -3.000288e+01 0.000000e+00
    endloop
  endfacet
  facet normal -0.000000e+00 -0.000000e+00 1.000000e+00
    outer loop
      vertex   -7.799190e+00 -3.000288e+01 0.000000e+00
      vertex   -5.990933e+00 -3.041560e+01 0.000000e+00
      vertex   -2.457306e+01 -2.969464e+00 0.000000e+00
    endloop
  endfacet
  facet normal 0.000000e+00 0.000000e+00 1.000000e+00
    outer loop
      vertex   -2.457306e+01 -2.969464e+00 0.000000e+00
      vertex   -5.990933e+00 -3.041560e+01 0.000000e+00
      vertex   -4.161231e+00 -3.071944e+01 0.000000e+00
    endloop
  endfacet
  facet normal 0.000000e+00 0.000000e+00 1.000000e+00
    outer loop
      vertex   -2.457306e+01 -2.969464e+00 0.000000e+00
      vertex   -4.161231e+00 -3.071944e+01 0.000000e+00
      vertex   -2.316633e+00 -3.091332e+01 0.000000e+00
    endloop
  endfacet
  facet normal -0.000000e+00 -0.000000e+00 1.000000e+00
    outer loop
      vertex   -2.316633e+00 -3.091332e+01 0.000000e+00
      vertex   -4.637416e-01 -3.099653e+01 0.000000e+00
      vertex   -2.457306e+01 -2.969464e+00 0.000000e+00
    endloop
  endfacet
  facet normal 0.000000e+00 0.000000e+00 1.000000e+00
    outer loop
      vertex   -2.457306e+01 -2.969464e+00 0.000000e+00
      vertex   -4.637416e-01 -3.099653e+01 0.000000e+00
      vertex   1.390810e+00 -3.096879e+01 0.000000e+00
    endloop
  endfacet
  facet normal 0.000000e+00 0.000000e+00 1.000000e+00
    outer loop
      vertex   -2.457306e+01 -2.969464e+00 0.000000e+00
      vertex   1.390810e+00 -3.096879e+01 0.000000e+00
      vertex   3.240382e+00 -3.083018e+01 0.000000e+00
    endloop
  endfacet
  facet normal 0.000000e+00 -0.000000e+00 1.000000e+00
    outer loop
      vertex   3.240382e+00 -3.083018e+01 0.000000e+00
      vertex   5.078355e+00 -3.058121e+01 0.000000e+00
      vertex   -2.457306e+01 -2.969464e+00 0.000000e+00
    endloop
  endfacet
  facet normal 0.000000e+00 0.000000e+00 1.000000e+00
    outer loop
      vertex   -2.457306e+01 -2.969464e+00 0.000000e+00
      vertex   5.078355e+00 -3.058121e+01 0.000000e+00
      vertex   6.898149e+00 -3.022277e+01 0.000000e+00
    endloop
  endfacet
  facet normal 0.000000e+00 0.000000e+00 1.000000e+00
    outer loop
      vertex   -2.457306e+01 -2.969464e+00 0.000000e+00
      vertex   6.898149e+00 -3.022277e+01 0.000000e+00
      vertex   8.693249e+00 -2.975613e+01 0.000000e+00
    endloop
  endfacet
  facet normal 0.000000e+00 -0.000000e+00 1.000000e+00
    outer loop
      vertex   8.693249e+00 -2.975613e+01 0.000000e+00
      vertex   1.045723e+01 -2.918298e+01 0.000000e+00
      vertex   -2.457306e+01 -2.969464e+00 0.000000e+00
    endloop
  endfacet
  facet normal 0.000000e+00 0.000000e+00 1.000000e+00
    outer loop
      vertex   -2.457306e+01 -2.969464e+00 0.000000e+00
      vertex   1.045723e+01 -2.918298e+01 0.000000e+00
      vertex   1.218378e+01 -2.850536e+01 0.000000e+00
    endloop
  endfacet
  facet normal 0.000000e+00 0.000000e+00 1.000000e+00
    outer loop
      vertex   -2.457306e+01 -2.969464e+00 0.000000e+00
      vertex   1.218378e+01 -2.850536e+01 0.000000e+00
      vertex   1.386671e+01 -2.772570e+01 0.000000e+00
    endloop
  endfacet
  facet normal 0.000000e+00 -0.000000e+00 1.000000e+00
    outer loop
      vertex   1.386671e+01 -2.772570e+01 0.000000e+00
      vertex   1.550000e+01 -2.684679e+01 0.000000e+00
      vertex   -2.457306e+01 -2.969464e+00 0.000000e+00
    endloop
  endfacet
  facet normal 0.000000e+00 0.000000e+00 1.000000e+00
    outer loop
      vertex   -2.457306e+01 -2.969464e+00 0.000000e+00
      vertex   1.550000e+01 -2.684679e+01 0.000000e+00
      vertex   1.707781e+01 -2.587177e+01 0.000000e+00
    endloop
  endfacet
  facet normal 0.000000e+00 0.000000e+00 1.000000e+00
    outer loop
      vertex   -2.457306e+01 -2.969464e+00 0.000000e+00
      vertex   1.707781e+01 -2.587177e+01 0.000000e+00
      vertex   1.859448e+01 -2.480414e+01 0.000000e+00
    endloop
  endfacet
  facet normal 0.000000e+00 -0.000000e+00 1.000000e+00
    outer loop
      vertex   1.859448e+01 -2.480414e+01 0.000000e+00
      vertex   2.004459e+01 -2.364772e+01 0.000000e+00
      vertex   -2.457306e+01 -2.969464e+00 0.000000e+00
    endloop
  endfacet
  facet normal 0.000000e+00 0.000000e+00 1.000000e+00
    outer loop
      vertex   -2.457306e+01 -2.969464e+00 0.000000e+00
      vertex   2.004459e+01 -2.364772e+01 0.000000e+00
      vertex   2.142294e+01 -2.240664e+01 0.000000e+00
    endloop
  endfacet
  facet normal 0.000000e+00 0.000000e+00 1.000000e+00
    outer loop
      vertex   -2.457306e+01 -2.969464e+00 0.000000e+00
      vertex   2.142294e+01 -2.240664e+01 0.000000e+00
      vertex   2.272461e+01 -2.108535e+01 0.000000e+00
    endloop
  endfacet
  facet normal 0.000000e+00 -0.000000e+00 1.000000e+00
    outer loop
      vertex   2.272461e+01 -2.108535e+01 0.000000e+00
      vertex   2.394493e+01 -1.968859e+01 0.000000e+00
      vertex   -2.457306e+01 -2.969464e+00 0.000000e+00
    endloop
  endfacet
  facet normal 0.000000e+00 0.000000e+00 1.000000e+00
    outer loop
      vertex   -2.457306e+01 -2.969464e+00 0.000000e+00
      vertex   2.394493e+01 -1.968859e+01 0.000000e+00
      vertex   2.507953e+01 -1.822134e+01 0.000000e+00
    endloop
  endfacet
  facet normal 0.000000e+00 0.000000e+00 1.000000e+00
    outer loop
      vertex   -2.457306e+01 -2.969464e+00 0.000000e+00
      vertex   2.507953e+01 -1.822134e+01 0.000000e+00
      vertex   2.612435e+01 -1.668887e+01 0.000000e+00
    endloop
  endfacet
  facet normal 0.000000e+00 -0.000000e+00 1.000000e+00
    outer loop
      vertex   2.612435e+01 -1.668887e+01 0.000000e+00
      vertex   2.707565e+01 -1.509665e+01 0.000000e+00
      vertex   -2.457306e+01 -2.969464e+00 0.000000e+00
    endloop
  endfacet
  facet normal 0.000000e+00 0.000000e+00 1.000000e+00
    outer loop
      vertex   -2.457306e+01 -2.969464e+00 0.000000e+00
      vertex   2.707565e+01 -1.509665e+01 0.000000e+00
      vertex   2.793003e+01 -1.345040e+01 0.000000e+00
    endloop
  endfacet
  facet normal 0.000000e+00 0.000000e+00 1.000000e+00
    outer loop
      vertex   -2.457306e+01 -2.969464e+00 0.000000e+00
      vertex   2.793003e+01 -1.345040e+01 0.000000e+00
      vertex   2.868443e+01 -1.175599e+01 0.000000e+00
    endloop
  endfacet
  facet normal 0.000000e+00 -0.000000e+00 1.000000e+00
    outer loop
      vertex   2.868443e+01 -1.175599e+01 0.000000e+00
      vertex   2.933615e+01 -1.001950e+01 0.000000e+00
      vertex   -2.457306e+01 -2.969464e+00 0.000000e+00
    endloop
  endfacet
  facet normal 0.000000e+00 0.000000e+00 1.000000e+00
    outer loop
      vertex   -2.457306e+01 -2.969464e+00 0.000000e+00
      vertex   2.933615e+01 -1.001950e+01 0.000000e+00
      vertex   2.988285e+01 -8.247142e+00 0.000000e+00
    endloop
  endfacet
  facet normal 0.000000e+00 0.000000e+00 1.000000e+00
    outer loop
      vertex   -2.457306e+01 -2.969464e+00 0.000000e+00
      vertex   2.988285e+01 -8.247142e+00 0.000000e+00
      vertex   3.032258e+01 -6.445262e+00 0.000000e+00
    endloop
  endfacet
  facet normal 0.000000e+00 -0.000000e+00 1.000000e+00
    outer loop
      vertex   3.032258e+01 -6.445262e+00 0.000000e+00
      vertex   3.065376e+01 -4.620310e+00 0.000000e+00
      vertex   -2.457306e+01 -2.969464e+00 0.000000e+00
    endloop
  endfacet
  facet normal -0.000000e+00 0.000000e+00 1.000000e+00
    outer loop
      vertex   -2.457306e+01 -2.969464e+00 0.000000e+00
      vertex   3.065376e+01 -4.620310e+00 0.000000e+00
      vertex   3.087520e+01 -2.778819e+00 0.000000e+00
    endloop
  endfacet
  facet normal 0.000000e+00 0.000000e+00 1.000000e+00
    outer loop
      vertex   -2.902328e+01 1.089262e+01 0.000000e+00
      vertex   2.868443e+01 1.175599e+01 0.000000e+00
      vertex   -2.831991e+01 1.260884e+01 0.000000e+00
    endloop
  endfacet
  facet normal -0.000000e+00 0.000000e+00 1.000000e+00
    outer loop
      vertex   -2.831991e+01 1.260884e+01 0.000000e+00
      vertex   2.868443e+01 1.175599e+01 0.000000e+00
      vertex   2.793003e+01 1.345040e+01 0.000000e+00
    endloop
  endfacet
  facet normal 0.000000e+00 0.000000e+00 1.000000e+00
    outer loop
      vertex   -2.831991e+01 1.260884e+01 0.000000e+00
      vertex   2.793003e+01 1.345040e+01 0.000000e+00
      vertex   -2.751516e+01 1.427992e+01 0.000000e+00
    endloop
  endfacet
  facet normal -0.000000e+00 0.000000e+00 1.000000e+00
    outer loop
      vertex   -2.751516e+01 1.427992e+01 0.000000e+00
      vertex   2.793003e+01 1.345040e+01 0.000000e+00
      vertex   2.707565e+01 1.509665e+01 0.000000e+00
    endloop
  endfacet
  facet normal 0.000000e+00 0.000000e+00 1.000000e+00
    outer loop
      vertex   -2.751516e+01 1.427992e+01 0.000000e+00
      vertex   2.707565e+01 1.509665e+01 0.000000e+00
      vertex   -2.661191e+01 1.589988e+01 0.000000e+00
    endloop
  endfacet
  facet normal -0.000000e+00 0.000000e+00 1.000000e+00
    outer loop
      vertex   -2.661191e+01 1.589988e+01 0.000000e+00
      vertex   2.707565e+01 1.509665e+01 0.000000e+00
      vertex   2.612435e+01 1.668887e+01 0.000000e+00
    endloop
  endfacet
  facet normal 0.000000e+00 0.000000e+00 1.000000e+00
    outer loop
      vertex   -2.661191e+01 1.589988e+01 0.000000e+00
      vertex   2.612435e+01 1.668887e+01 0.000000e+00
      vertex   -2.561340e+01 1.746292e+01 0.000000e+00
    endloop
  endfacet
  facet normal -0.000000e+00 0.000000e+00 1.000000e+00
    outer loop
      vertex   -2.561340e+01 1.746292e+01 0.000000e+00
      vertex   2.612435e+01 1.668887e+01 0.000000e+00
      vertex   2.507953e+01 1.822134e+01 0.000000e+00
    endloop
  endfacet
  facet normal 0.000000e+00 0.000000e+00 1.000000e+00
    outer loop
      vertex   -2.561340e+01 1.746292e+01 0.000000e+00
      vertex   2.507953e+01 1.822134e+01 0.000000e+00
      vertex   -2.452320e+01 1.896345e+01 0.000000e+00
    endloop
  endfacet
  facet normal -0.000000e+00 0.000000e+00 1.000000e+00
    outer loop
      vertex   -2.452320e+01 1.896345e+01 0.000000e+00
      vertex   2.507953e+01 1.822134e+01 0.000000e+00
      vertex   2.394493e+01 1.968859e+01 0.000000e+00
    endloop
  endfacet
  facet normal 0.000000e+00 0.000000e+00 1.000000e+00
    outer loop
      vertex   -2.452320e+01 1.896345e+01 0.000000e+00
      vertex   2.394493e+01 1.968859e+01 0.000000e+00
      vertex   -2.334522e+01 2.039610e+01 0.000000e+00
    endloop
  endfacet
  facet normal -0.000000e+00 0.000000e+00 1.000000e+00
    outer loop
      vertex   -2.334522e+01 2.039610e+01 0.000000e+00
      vertex   2.394493e+01 1.968859e+01 0.000000e+00
      vertex   2.272461e+01 2.108535e+01 0.000000e+00
    endloop
  endfacet
  facet normal 0.000000e+00 0.000000e+00 1.000000e+00
    outer loop
      vertex   -2.334522e+01 2.039610e+01 0.000000e+00
      vertex   2.272461e+01 2.108535e+01 0.000000e+00
      vertex   -2.208366e+01 2.175573e+01 0.000000e+00
    endloop
  endfacet
  facet normal -0.000000e+00 0.000000e+00 1.000000e+00
    outer loop
      vertex   -2.208366e+01 2.175573e+01 0.000000e+00
      vertex   2.272461e+01 2.108535e+01 0.000000e+00
      vertex   2.142294e+01 2.240664e+01 0.000000e+00
    endloop
  endfacet
  facet normal 0.000000e+00 0.000000e+00 1.000000e+00
    outer loop
      vertex   -2.208366e+01 2.175573e+01 0.000000e+00
      vertex   2.142294e+01 2.240664e+01 0.000000e+00
      vertex   -2.074305e+01 2.303749e+01 0.000000e+00
    endloop
  endfacet
  facet normal -0.000000e+00 0.000000e+00 1.000000e+00
    outer loop
      vertex   -2.074305e+01 2.303749e+01 0.000000e+00
      vertex   2.142294e+01 2.240664e+01 0.000000e+00
      vertex   2.004459e+01 2.364772e+01 0.000000e+00
    endloop
  endfacet
  facet normal 0.000000e+00 0.000000e+00 1.000000e+00
    outer loop
      vertex   -2.074305e+01 2.303749e+01 0.000000e+00
      vertex   2.004459e+01 2.364772e+01 0.000000e+00
      vertex   -1.932818e+01 2.423678e+01 0.000000e+00
    endloop
  endfacet
  facet normal -0.000000e+00 0.000000e+00 1.000000e+00
    outer loop
      vertex   -1.932818e+01 2.423678e+01 0.000000e+00
      vertex   2.004459e+01 2.364772e+01 0.000000e+00
      vertex   1.859448e+01 2.480414e+01 0.000000e+00
    endloop
  endfacet
  facet normal 0.000000e+00 0.000000e+00 1.000000e+00
    outer loop
      vertex   -1.932818e+01 2.423678e+01 0.000000e+00
      vertex   1.859448e+01 2.480414e+01 0.000000e+00
      vertex   -1.784413e+01 2.534930e+01 0.000000e+00
    endloop
  endfacet
  facet normal -0.000000e+00 0.000000e+00 1.000000e+00
    outer loop
      vertex   -1.784413e+01 2.534930e+01 0.000000e+00
      vertex   1.859448e+01 2.480414e+01 0.000000e+00
      vertex   1.707781e+01 2.587177e+01 0.000000e+00
    endloop
  endfacet
  facet normal 0.000000e+00 0.000000e+00 1.000000e+00
    outer loop
      vertex   -1.784413e+01 2.534930e+01 0.000000e+00
      vertex   1.707781e+01 2.587177e+01 0.000000e+00
      vertex   -1.629620e+01 2.637108e+01 0.000000e+00
    endloop
  endfacet
  facet normal -0.000000e+00 0.000000e+00 1.000000e+00
    outer loop
      vertex   -1.629620e+01 2.637108e+01 0.000000e+00
      vertex   1.707781e+01 2.587177e+01 0.000000e+00
      vertex   1.550000e+01 2.684679e+01 0.000000e+00
    endloop
  endfacet
  facet normal 0.000000e+00 0.000000e+00 1.000000e+00
    outer loop
      vertex   -1.629620e+01 2.637108e+01 0.000000e+00
      vertex   1.550000e+01 2.684679e+01 0.000000e+00
      vertex   -1.468993e+01 2.729846e+01 0.000000e+00
    endloop
  endfacet
  facet normal -0.000000e+00 0.000000e+00 1.000000e+00
    outer loop
      vertex   -1.468993e+01 2.729846e+01 0.000000e+00
      vertex   1.550000e+01 2.684679e+01 0.000000e+00
      vertex   1.386671e+01 2.772570e+01 0.000000e+00
    endloop
  endfacet
  facet normal 0.000000e+00 0.000000e+00 1.000000e+00
    outer loop
      vertex   -1.468993e+01 2.729846e+01 0.000000e+00
      vertex   1.386671e+01 2.772570e+01 0.000000e+00
      vertex   -1.303107e+01 2.812812e+01 0.000000e+00
    endloop
  endfacet
  facet normal -0.000000e+00 0.000000e+00 1.000000e+00
    outer loop
      vertex   -1.303107e+01 2.812812e+01 0.000000e+00
      vertex   1.386671e+01 2.772570e+01 0.000000e+00
      vertex   1.218378e+01 2.850536e+01 0.000000e+00
    endloop
  endfacet
  facet normal 0.000000e+00 0.000000e+00 1.000000e+00
    outer loop
      vertex   -1.303107e+01 2.812812e+01 0.000000e+00
      vertex   1.218378e+01 2.850536e+01 0.000000e+00
      vertex   -1.132557e+01 2.885709e+01 0.000000e+00
    endloop
  endfacet
  facet normal -0.000000e+00 0.000000e+00 1.000000e+00
    outer loop
      vertex   -1.132557e+01 2.885709e+01 0.000000e+00
      vertex   1.218378e+01 2.850536e+01 0.000000e+00
      vertex   1.045723e+01 2.918298e+01 0.000000e+00
    endloop
  endfacet
  facet normal 0.000000e+00 0.000000e+00 1.000000e+00
    outer loop
      vertex   -1.132557e+01 2.885709e+01 0.000000e+00
      vertex   1.045723e+01 2.918298e+01 0.000000e+00
      vertex   -9.579527e+00 2.948275e+01 0.000000e+00
    endloop
  endfacet
  facet normal -0.000000e+00 0.000000e+00 1.000000e+00
    outer loop
      vertex   -9.579527e+00 2.948275e+01 0.000000e+00
      vertex   1.045723e+01 2.918298e+01 0.000000e+00
      vertex   8.693249e+00 2.975613e+01 0.000000e+00
    endloop
  endfacet
  facet normal 0.000000e+00 0.000000e+00 1.000000e+00
    outer loop
      vertex   -9.579527e+00 2.948275e+01 0.000000e+00
      vertex   8.693249e+00 2.975613e+01 0.000000e+00
      vertex   -7.799190e+00 3.000288e+01 0.000000e+00
    endloop
  endfacet
  facet normal -0.000000e+00 0.000000e+00 1.000000e+00
    outer loop
      vertex   -7.799190e+00 3.000288e+01 0.000000e+00
      vertex   8.693249e+00 2.975613e+01 0.000000e+00
      vertex   6.898149e+00 3.022277e+01 0.000000e+00
    endloop
  endfacet
  facet normal 0.000000e+00 0.000000e+00 1.000000e+00
    outer loop
      vertex   -7.799190e+00 3.000288e+01 0.000000e+00
      vertex   6.898149e+00 3.022277e+01 0.000000e+00
      vertex   -5.990933e+00 3.041560e+01 0.000000e+00
    endloop
  endfacet
  facet normal -0.000000e+00 0.000000e+00 1.000000e+00
    outer loop
      vertex   -5.990933e+00 3.041560e+01 0.000000e+00
      vertex   6.898149e+00 3.022277e+01 0.000000e+00
      vertex   5.078355e+00 3.058121e+01 0.000000e+00
    endloop
  endfacet
  facet normal 0.000000e+00 0.000000e+00 1.000000e+00
    outer loop
      vertex   -5.990933e+00 3.041560e+01 0.000000e+00
      vertex   5.078355e+00 3.058121e+01 0.000000e+00
      vertex   -4.161231e+00 3.071944e+01 0.000000e+00
    endloop
  endfacet
  facet normal -0.000000e+00 0.000000e+00 1.000000e+00
    outer loop
      vertex   -4.161231e+00 3.071944e+01 0.000000e+00
      vertex   5.078355e+00 3.058121e+01 0.000000e+00
      vertex   3.240382e+00 3.083018e+01 0.000000e+00
    endloop
  endfacet
  facet normal 0.000000e+00 0.000000e+00 1.000000e+00
    outer loop
      vertex   -4.161231e+00 3.071944e+01 0.000000e+00
      vertex   3.240382e+00 3.083018e+01 0.000000e+00
      vertex   -2.316633e+00 3.091332e+01 0.000000e+00
    endloop
  endfacet
  facet normal -0.000000e+00 0.000000e+00 1.000000e+00
    outer loop
      vertex   -2.316633e+00 3.091332e+01 0.000000e+00
      vertex   3.240382e+00 3.083018e+01 0.000000e+00
      vertex   1.390810e+00 3.096879e+01 0.000000e+00
    endloop
  endfacet
  facet normal 0.000000e+00 0.000000e+00 1.000000e+00
    outer loop
      vertex   -2.316633e+00 3.091332e+01 0.000000e+00
      vertex   1.390810e+00 3.096879e+01 0.000000e+00
      vertex   -4.637416e-01 3.099653e+01 0.000000e+00
    endloop
  endfacet
endsolid
