[0.041s] DEBUG:colcon:Command line arguments: ['/usr/bin/colcon', 'build']
[0.042s] DEBUG:colcon:Parsed command line arguments: Namespace(log_base=None, log_level=None, verb_name='build', build_base='build', install_base='install', merge_install=False, symlink_install=False, test_result_base=None, continue_on_error=False, executor='parallel', parallel_workers=20, event_handlers=None, ignore_user_meta=False, metas=['./colcon.meta'], base_paths=['.'], packages_ignore=None, packages_ignore_regex=None, paths=None, packages_up_to=None, packages_up_to_regex=None, packages_above=None, packages_above_and_dependencies=None, packages_above_depth=None, packages_select_by_dep=None, packages_skip_by_dep=None, packages_skip_up_to=None, packages_select_build_failed=False, packages_skip_build_finished=False, packages_select_test_failures=False, packages_skip_test_passed=False, packages_select=None, packages_skip=None, packages_select_regex=None, packages_skip_regex=None, packages_start=None, packages_end=None, allow_overriding=[], cmake_args=None, cmake_target=None, cmake_target_skip_unavailable=False, cmake_clean_cache=False, cmake_clean_first=False, cmake_force_configure=False, ament_cmake_args=None, catkin_cmake_args=None, catkin_skip_building_tests=False, mixin_files=None, mixin=None, verb_parser=<colcon_mixin.mixin.mixin_argument.MixinArgumentDecorator object at 0x70142a64ed20>, verb_extension=<colcon_core.verb.build.BuildVerb object at 0x70142a64ea20>, main=<bound method BuildVerb.main of <colcon_core.verb.build.BuildVerb object at 0x70142a64ea20>>, mixin_verb=('build',))
[0.058s] Level 1:colcon.colcon_core.package_discovery:discover_packages(colcon_meta) check parameters
[0.058s] Level 1:colcon.colcon_core.package_discovery:discover_packages(recursive) check parameters
[0.058s] Level 1:colcon.colcon_core.package_discovery:discover_packages(ignore) check parameters
[0.058s] Level 1:colcon.colcon_core.package_discovery:discover_packages(path) check parameters
[0.058s] Level 1:colcon.colcon_core.package_discovery:discover_packages(colcon_meta) discover
[0.058s] Level 1:colcon.colcon_core.package_discovery:discover_packages(recursive) discover
[0.058s] INFO:colcon.colcon_core.package_discovery:Crawling recursively for packages in '/home/martinalangua/Desktop/ufactory_ros2'
[0.059s] Level 1:colcon.colcon_core.package_identification:_identify(.) by extensions ['ignore', 'ignore_ament_install']
[0.059s] Level 1:colcon.colcon_core.package_identification:_identify(.) by extension 'ignore'
[0.059s] Level 1:colcon.colcon_core.package_identification:_identify(.) by extension 'ignore_ament_install'
[0.059s] Level 1:colcon.colcon_core.package_identification:_identify(.) by extensions ['colcon_pkg']
[0.059s] Level 1:colcon.colcon_core.package_identification:_identify(.) by extension 'colcon_pkg'
[0.059s] Level 1:colcon.colcon_core.package_identification:_identify(.) by extensions ['colcon_meta']
[0.059s] Level 1:colcon.colcon_core.package_identification:_identify(.) by extension 'colcon_meta'
[0.059s] Level 1:colcon.colcon_core.package_identification:_identify(.) by extensions ['ros']
[0.059s] Level 1:colcon.colcon_core.package_identification:_identify(.) by extension 'ros'
[0.070s] Level 1:colcon.colcon_core.package_identification:_identify(.) by extensions ['cmake', 'python']
[0.070s] Level 1:colcon.colcon_core.package_identification:_identify(.) by extension 'cmake'
[0.070s] Level 1:colcon.colcon_core.package_identification:_identify(.) by extension 'python'
[0.070s] Level 1:colcon.colcon_core.package_identification:_identify(.) by extensions ['python_setup_py']
[0.070s] Level 1:colcon.colcon_core.package_identification:_identify(.) by extension 'python_setup_py'
[0.070s] Level 1:colcon.colcon_core.package_identification:_identify(build) by extensions ['ignore', 'ignore_ament_install']
[0.070s] Level 1:colcon.colcon_core.package_identification:_identify(build) by extension 'ignore'
[0.070s] Level 1:colcon.colcon_core.package_identification:_identify(build) ignored
[0.070s] Level 1:colcon.colcon_core.package_identification:_identify(install) by extensions ['ignore', 'ignore_ament_install']
[0.070s] Level 1:colcon.colcon_core.package_identification:_identify(install) by extension 'ignore'
[0.070s] Level 1:colcon.colcon_core.package_identification:_identify(install) ignored
[0.070s] Level 1:colcon.colcon_core.package_identification:_identify(isaac-sim) by extensions ['ignore', 'ignore_ament_install']
[0.070s] Level 1:colcon.colcon_core.package_identification:_identify(isaac-sim) by extension 'ignore'
[0.070s] Level 1:colcon.colcon_core.package_identification:_identify(isaac-sim) by extension 'ignore_ament_install'
[0.070s] Level 1:colcon.colcon_core.package_identification:_identify(isaac-sim) by extensions ['colcon_pkg']
[0.070s] Level 1:colcon.colcon_core.package_identification:_identify(isaac-sim) by extension 'colcon_pkg'
[0.070s] Level 1:colcon.colcon_core.package_identification:_identify(isaac-sim) by extensions ['colcon_meta']
[0.070s] Level 1:colcon.colcon_core.package_identification:_identify(isaac-sim) by extension 'colcon_meta'
[0.070s] Level 1:colcon.colcon_core.package_identification:_identify(isaac-sim) by extensions ['ros']
[0.070s] Level 1:colcon.colcon_core.package_identification:_identify(isaac-sim) by extension 'ros'
[0.070s] Level 1:colcon.colcon_core.package_identification:_identify(isaac-sim) by extensions ['cmake', 'python']
[0.070s] Level 1:colcon.colcon_core.package_identification:_identify(isaac-sim) by extension 'cmake'
[0.070s] Level 1:colcon.colcon_core.package_identification:_identify(isaac-sim) by extension 'python'
[0.070s] Level 1:colcon.colcon_core.package_identification:_identify(isaac-sim) by extensions ['python_setup_py']
[0.070s] Level 1:colcon.colcon_core.package_identification:_identify(isaac-sim) by extension 'python_setup_py'
[0.070s] Level 1:colcon.colcon_core.package_identification:_identify(isaac-sim/850conCamara) by extensions ['ignore', 'ignore_ament_install']
[0.070s] Level 1:colcon.colcon_core.package_identification:_identify(isaac-sim/850conCamara) by extension 'ignore'
[0.071s] Level 1:colcon.colcon_core.package_identification:_identify(isaac-sim/850conCamara) by extension 'ignore_ament_install'
[0.071s] Level 1:colcon.colcon_core.package_identification:_identify(isaac-sim/850conCamara) by extensions ['colcon_pkg']
[0.071s] Level 1:colcon.colcon_core.package_identification:_identify(isaac-sim/850conCamara) by extension 'colcon_pkg'
[0.071s] Level 1:colcon.colcon_core.package_identification:_identify(isaac-sim/850conCamara) by extensions ['colcon_meta']
[0.071s] Level 1:colcon.colcon_core.package_identification:_identify(isaac-sim/850conCamara) by extension 'colcon_meta'
[0.071s] Level 1:colcon.colcon_core.package_identification:_identify(isaac-sim/850conCamara) by extensions ['ros']
[0.071s] Level 1:colcon.colcon_core.package_identification:_identify(isaac-sim/850conCamara) by extension 'ros'
[0.071s] Level 1:colcon.colcon_core.package_identification:_identify(isaac-sim/850conCamara) by extensions ['cmake', 'python']
[0.071s] Level 1:colcon.colcon_core.package_identification:_identify(isaac-sim/850conCamara) by extension 'cmake'
[0.071s] Level 1:colcon.colcon_core.package_identification:_identify(isaac-sim/850conCamara) by extension 'python'
[0.071s] Level 1:colcon.colcon_core.package_identification:_identify(isaac-sim/850conCamara) by extensions ['python_setup_py']
[0.071s] Level 1:colcon.colcon_core.package_identification:_identify(isaac-sim/850conCamara) by extension 'python_setup_py'
[0.071s] Level 1:colcon.colcon_core.package_identification:_identify(isaac-sim/850conCamara/ft_sensor) by extensions ['ignore', 'ignore_ament_install']
[0.071s] Level 1:colcon.colcon_core.package_identification:_identify(isaac-sim/850conCamara/ft_sensor) by extension 'ignore'
[0.071s] Level 1:colcon.colcon_core.package_identification:_identify(isaac-sim/850conCamara/ft_sensor) by extension 'ignore_ament_install'
[0.071s] Level 1:colcon.colcon_core.package_identification:_identify(isaac-sim/850conCamara/ft_sensor) by extensions ['colcon_pkg']
[0.071s] Level 1:colcon.colcon_core.package_identification:_identify(isaac-sim/850conCamara/ft_sensor) by extension 'colcon_pkg'
[0.071s] Level 1:colcon.colcon_core.package_identification:_identify(isaac-sim/850conCamara/ft_sensor) by extensions ['colcon_meta']
[0.071s] Level 1:colcon.colcon_core.package_identification:_identify(isaac-sim/850conCamara/ft_sensor) by extension 'colcon_meta'
[0.071s] Level 1:colcon.colcon_core.package_identification:_identify(isaac-sim/850conCamara/ft_sensor) by extensions ['ros']
[0.071s] Level 1:colcon.colcon_core.package_identification:_identify(isaac-sim/850conCamara/ft_sensor) by extension 'ros'
[0.071s] Level 1:colcon.colcon_core.package_identification:_identify(isaac-sim/850conCamara/ft_sensor) by extensions ['cmake', 'python']
[0.071s] Level 1:colcon.colcon_core.package_identification:_identify(isaac-sim/850conCamara/ft_sensor) by extension 'cmake'
[0.071s] Level 1:colcon.colcon_core.package_identification:_identify(isaac-sim/850conCamara/ft_sensor) by extension 'python'
[0.071s] Level 1:colcon.colcon_core.package_identification:_identify(isaac-sim/850conCamara/ft_sensor) by extensions ['python_setup_py']
[0.071s] Level 1:colcon.colcon_core.package_identification:_identify(isaac-sim/850conCamara/ft_sensor) by extension 'python_setup_py'
[0.071s] Level 1:colcon.colcon_core.package_identification:_identify(isaac-sim/850conCamara/ft_sensor/img) by extensions ['ignore', 'ignore_ament_install']
[0.071s] Level 1:colcon.colcon_core.package_identification:_identify(isaac-sim/850conCamara/ft_sensor/img) by extension 'ignore'
[0.071s] Level 1:colcon.colcon_core.package_identification:_identify(isaac-sim/850conCamara/ft_sensor/img) by extension 'ignore_ament_install'
[0.071s] Level 1:colcon.colcon_core.package_identification:_identify(isaac-sim/850conCamara/ft_sensor/img) by extensions ['colcon_pkg']
[0.071s] Level 1:colcon.colcon_core.package_identification:_identify(isaac-sim/850conCamara/ft_sensor/img) by extension 'colcon_pkg'
[0.071s] Level 1:colcon.colcon_core.package_identification:_identify(isaac-sim/850conCamara/ft_sensor/img) by extensions ['colcon_meta']
[0.071s] Level 1:colcon.colcon_core.package_identification:_identify(isaac-sim/850conCamara/ft_sensor/img) by extension 'colcon_meta'
[0.071s] Level 1:colcon.colcon_core.package_identification:_identify(isaac-sim/850conCamara/ft_sensor/img) by extensions ['ros']
[0.071s] Level 1:colcon.colcon_core.package_identification:_identify(isaac-sim/850conCamara/ft_sensor/img) by extension 'ros'
[0.071s] Level 1:colcon.colcon_core.package_identification:_identify(isaac-sim/850conCamara/ft_sensor/img) by extensions ['cmake', 'python']
[0.071s] Level 1:colcon.colcon_core.package_identification:_identify(isaac-sim/850conCamara/ft_sensor/img) by extension 'cmake'
[0.071s] Level 1:colcon.colcon_core.package_identification:_identify(isaac-sim/850conCamara/ft_sensor/img) by extension 'python'
[0.071s] Level 1:colcon.colcon_core.package_identification:_identify(isaac-sim/850conCamara/ft_sensor/img) by extensions ['python_setup_py']
[0.071s] Level 1:colcon.colcon_core.package_identification:_identify(isaac-sim/850conCamara/ft_sensor/img) by extension 'python_setup_py'
[0.071s] Level 1:colcon.colcon_core.package_identification:_identify(isaac-sim/850conCamara/ft_sensor/img/old) by extensions ['ignore', 'ignore_ament_install']
[0.071s] Level 1:colcon.colcon_core.package_identification:_identify(isaac-sim/850conCamara/ft_sensor/img/old) by extension 'ignore'
[0.071s] Level 1:colcon.colcon_core.package_identification:_identify(isaac-sim/850conCamara/ft_sensor/img/old) by extension 'ignore_ament_install'
[0.071s] Level 1:colcon.colcon_core.package_identification:_identify(isaac-sim/850conCamara/ft_sensor/img/old) by extensions ['colcon_pkg']
[0.071s] Level 1:colcon.colcon_core.package_identification:_identify(isaac-sim/850conCamara/ft_sensor/img/old) by extension 'colcon_pkg'
[0.071s] Level 1:colcon.colcon_core.package_identification:_identify(isaac-sim/850conCamara/ft_sensor/img/old) by extensions ['colcon_meta']
[0.071s] Level 1:colcon.colcon_core.package_identification:_identify(isaac-sim/850conCamara/ft_sensor/img/old) by extension 'colcon_meta'
[0.071s] Level 1:colcon.colcon_core.package_identification:_identify(isaac-sim/850conCamara/ft_sensor/img/old) by extensions ['ros']
[0.071s] Level 1:colcon.colcon_core.package_identification:_identify(isaac-sim/850conCamara/ft_sensor/img/old) by extension 'ros'
[0.071s] Level 1:colcon.colcon_core.package_identification:_identify(isaac-sim/850conCamara/ft_sensor/img/old) by extensions ['cmake', 'python']
[0.071s] Level 1:colcon.colcon_core.package_identification:_identify(isaac-sim/850conCamara/ft_sensor/img/old) by extension 'cmake'
[0.071s] Level 1:colcon.colcon_core.package_identification:_identify(isaac-sim/850conCamara/ft_sensor/img/old) by extension 'python'
[0.071s] Level 1:colcon.colcon_core.package_identification:_identify(isaac-sim/850conCamara/ft_sensor/img/old) by extensions ['python_setup_py']
[0.071s] Level 1:colcon.colcon_core.package_identification:_identify(isaac-sim/850conCamara/ft_sensor/img/old) by extension 'python_setup_py'
[0.071s] Level 1:colcon.colcon_core.package_identification:_identify(isaac-sim/assets) by extensions ['ignore', 'ignore_ament_install']
[0.072s] Level 1:colcon.colcon_core.package_identification:_identify(isaac-sim/assets) by extension 'ignore'
[0.072s] Level 1:colcon.colcon_core.package_identification:_identify(isaac-sim/assets) by extension 'ignore_ament_install'
[0.072s] Level 1:colcon.colcon_core.package_identification:_identify(isaac-sim/assets) by extensions ['colcon_pkg']
[0.072s] Level 1:colcon.colcon_core.package_identification:_identify(isaac-sim/assets) by extension 'colcon_pkg'
[0.072s] Level 1:colcon.colcon_core.package_identification:_identify(isaac-sim/assets) by extensions ['colcon_meta']
[0.072s] Level 1:colcon.colcon_core.package_identification:_identify(isaac-sim/assets) by extension 'colcon_meta'
[0.072s] Level 1:colcon.colcon_core.package_identification:_identify(isaac-sim/assets) by extensions ['ros']
[0.072s] Level 1:colcon.colcon_core.package_identification:_identify(isaac-sim/assets) by extension 'ros'
[0.072s] Level 1:colcon.colcon_core.package_identification:_identify(isaac-sim/assets) by extensions ['cmake', 'python']
[0.072s] Level 1:colcon.colcon_core.package_identification:_identify(isaac-sim/assets) by extension 'cmake'
[0.072s] Level 1:colcon.colcon_core.package_identification:_identify(isaac-sim/assets) by extension 'python'
[0.072s] Level 1:colcon.colcon_core.package_identification:_identify(isaac-sim/assets) by extensions ['python_setup_py']
[0.072s] Level 1:colcon.colcon_core.package_identification:_identify(isaac-sim/assets) by extension 'python_setup_py'
[0.072s] Level 1:colcon.colcon_core.package_identification:_identify(isaac-sim/assets/MotorLineal) by extensions ['ignore', 'ignore_ament_install']
[0.072s] Level 1:colcon.colcon_core.package_identification:_identify(isaac-sim/assets/MotorLineal) by extension 'ignore'
[0.072s] Level 1:colcon.colcon_core.package_identification:_identify(isaac-sim/assets/MotorLineal) by extension 'ignore_ament_install'
[0.072s] Level 1:colcon.colcon_core.package_identification:_identify(isaac-sim/assets/MotorLineal) by extensions ['colcon_pkg']
[0.072s] Level 1:colcon.colcon_core.package_identification:_identify(isaac-sim/assets/MotorLineal) by extension 'colcon_pkg'
[0.072s] Level 1:colcon.colcon_core.package_identification:_identify(isaac-sim/assets/MotorLineal) by extensions ['colcon_meta']
[0.072s] Level 1:colcon.colcon_core.package_identification:_identify(isaac-sim/assets/MotorLineal) by extension 'colcon_meta'
[0.072s] Level 1:colcon.colcon_core.package_identification:_identify(isaac-sim/assets/MotorLineal) by extensions ['ros']
[0.072s] Level 1:colcon.colcon_core.package_identification:_identify(isaac-sim/assets/MotorLineal) by extension 'ros'
[0.072s] Level 1:colcon.colcon_core.package_identification:_identify(isaac-sim/assets/MotorLineal) by extensions ['cmake', 'python']
[0.072s] Level 1:colcon.colcon_core.package_identification:_identify(isaac-sim/assets/MotorLineal) by extension 'cmake'
[0.072s] Level 1:colcon.colcon_core.package_identification:_identify(isaac-sim/assets/MotorLineal) by extension 'python'
[0.072s] Level 1:colcon.colcon_core.package_identification:_identify(isaac-sim/assets/MotorLineal) by extensions ['python_setup_py']
[0.072s] Level 1:colcon.colcon_core.package_identification:_identify(isaac-sim/assets/MotorLineal) by extension 'python_setup_py'
[0.072s] Level 1:colcon.colcon_core.package_identification:_identify(isaac-sim/assets/MotorLineal/URDF_motorLineal) by extensions ['ignore', 'ignore_ament_install']
[0.072s] Level 1:colcon.colcon_core.package_identification:_identify(isaac-sim/assets/MotorLineal/URDF_motorLineal) by extension 'ignore'
[0.072s] Level 1:colcon.colcon_core.package_identification:_identify(isaac-sim/assets/MotorLineal/URDF_motorLineal) by extension 'ignore_ament_install'
[0.072s] Level 1:colcon.colcon_core.package_identification:_identify(isaac-sim/assets/MotorLineal/URDF_motorLineal) by extensions ['colcon_pkg']
[0.072s] Level 1:colcon.colcon_core.package_identification:_identify(isaac-sim/assets/MotorLineal/URDF_motorLineal) by extension 'colcon_pkg'
[0.072s] Level 1:colcon.colcon_core.package_identification:_identify(isaac-sim/assets/MotorLineal/URDF_motorLineal) by extensions ['colcon_meta']
[0.072s] Level 1:colcon.colcon_core.package_identification:_identify(isaac-sim/assets/MotorLineal/URDF_motorLineal) by extension 'colcon_meta'
[0.072s] Level 1:colcon.colcon_core.package_identification:_identify(isaac-sim/assets/MotorLineal/URDF_motorLineal) by extensions ['ros']
[0.072s] Level 1:colcon.colcon_core.package_identification:_identify(isaac-sim/assets/MotorLineal/URDF_motorLineal) by extension 'ros'
[0.072s] Level 1:colcon.colcon_core.package_identification:_identify(isaac-sim/assets/MotorLineal/URDF_motorLineal) by extensions ['cmake', 'python']
[0.072s] Level 1:colcon.colcon_core.package_identification:_identify(isaac-sim/assets/MotorLineal/URDF_motorLineal) by extension 'cmake'
[0.072s] Level 1:colcon.colcon_core.package_identification:_identify(isaac-sim/assets/MotorLineal/URDF_motorLineal) by extension 'python'
[0.072s] Level 1:colcon.colcon_core.package_identification:_identify(isaac-sim/assets/MotorLineal/URDF_motorLineal) by extensions ['python_setup_py']
[0.072s] Level 1:colcon.colcon_core.package_identification:_identify(isaac-sim/assets/MotorLineal/URDF_motorLineal) by extension 'python_setup_py'
[0.072s] Level 1:colcon.colcon_core.package_identification:_identify(isaac-sim/assets/MotorLineal/URDF_motorLineal/configuration) by extensions ['ignore', 'ignore_ament_install']
[0.072s] Level 1:colcon.colcon_core.package_identification:_identify(isaac-sim/assets/MotorLineal/URDF_motorLineal/configuration) by extension 'ignore'
[0.072s] Level 1:colcon.colcon_core.package_identification:_identify(isaac-sim/assets/MotorLineal/URDF_motorLineal/configuration) by extension 'ignore_ament_install'
[0.072s] Level 1:colcon.colcon_core.package_identification:_identify(isaac-sim/assets/MotorLineal/URDF_motorLineal/configuration) by extensions ['colcon_pkg']
[0.072s] Level 1:colcon.colcon_core.package_identification:_identify(isaac-sim/assets/MotorLineal/URDF_motorLineal/configuration) by extension 'colcon_pkg'
[0.072s] Level 1:colcon.colcon_core.package_identification:_identify(isaac-sim/assets/MotorLineal/URDF_motorLineal/configuration) by extensions ['colcon_meta']
[0.072s] Level 1:colcon.colcon_core.package_identification:_identify(isaac-sim/assets/MotorLineal/URDF_motorLineal/configuration) by extension 'colcon_meta'
[0.072s] Level 1:colcon.colcon_core.package_identification:_identify(isaac-sim/assets/MotorLineal/URDF_motorLineal/configuration) by extensions ['ros']
[0.072s] Level 1:colcon.colcon_core.package_identification:_identify(isaac-sim/assets/MotorLineal/URDF_motorLineal/configuration) by extension 'ros'
[0.072s] Level 1:colcon.colcon_core.package_identification:_identify(isaac-sim/assets/MotorLineal/URDF_motorLineal/configuration) by extensions ['cmake', 'python']
[0.072s] Level 1:colcon.colcon_core.package_identification:_identify(isaac-sim/assets/MotorLineal/URDF_motorLineal/configuration) by extension 'cmake'
[0.072s] Level 1:colcon.colcon_core.package_identification:_identify(isaac-sim/assets/MotorLineal/URDF_motorLineal/configuration) by extension 'python'
[0.072s] Level 1:colcon.colcon_core.package_identification:_identify(isaac-sim/assets/MotorLineal/URDF_motorLineal/configuration) by extensions ['python_setup_py']
[0.072s] Level 1:colcon.colcon_core.package_identification:_identify(isaac-sim/assets/MotorLineal/URDF_motorLineal/configuration) by extension 'python_setup_py'
[0.072s] Level 1:colcon.colcon_core.package_identification:_identify(isaac-sim/assets/MotorLineal/meshes) by extensions ['ignore', 'ignore_ament_install']
[0.073s] Level 1:colcon.colcon_core.package_identification:_identify(isaac-sim/assets/MotorLineal/meshes) by extension 'ignore'
[0.073s] Level 1:colcon.colcon_core.package_identification:_identify(isaac-sim/assets/MotorLineal/meshes) by extension 'ignore_ament_install'
[0.073s] Level 1:colcon.colcon_core.package_identification:_identify(isaac-sim/assets/MotorLineal/meshes) by extensions ['colcon_pkg']
[0.073s] Level 1:colcon.colcon_core.package_identification:_identify(isaac-sim/assets/MotorLineal/meshes) by extension 'colcon_pkg'
[0.073s] Level 1:colcon.colcon_core.package_identification:_identify(isaac-sim/assets/MotorLineal/meshes) by extensions ['colcon_meta']
[0.073s] Level 1:colcon.colcon_core.package_identification:_identify(isaac-sim/assets/MotorLineal/meshes) by extension 'colcon_meta'
[0.073s] Level 1:colcon.colcon_core.package_identification:_identify(isaac-sim/assets/MotorLineal/meshes) by extensions ['ros']
[0.073s] Level 1:colcon.colcon_core.package_identification:_identify(isaac-sim/assets/MotorLineal/meshes) by extension 'ros'
[0.073s] Level 1:colcon.colcon_core.package_identification:_identify(isaac-sim/assets/MotorLineal/meshes) by extensions ['cmake', 'python']
[0.073s] Level 1:colcon.colcon_core.package_identification:_identify(isaac-sim/assets/MotorLineal/meshes) by extension 'cmake'
[0.073s] Level 1:colcon.colcon_core.package_identification:_identify(isaac-sim/assets/MotorLineal/meshes) by extension 'python'
[0.073s] Level 1:colcon.colcon_core.package_identification:_identify(isaac-sim/assets/MotorLineal/meshes) by extensions ['python_setup_py']
[0.073s] Level 1:colcon.colcon_core.package_identification:_identify(isaac-sim/assets/MotorLineal/meshes) by extension 'python_setup_py'
[0.073s] Level 1:colcon.colcon_core.package_identification:_identify(isaac-sim/assets/SensorFuerza) by extensions ['ignore', 'ignore_ament_install']
[0.073s] Level 1:colcon.colcon_core.package_identification:_identify(isaac-sim/assets/SensorFuerza) by extension 'ignore'
[0.073s] Level 1:colcon.colcon_core.package_identification:_identify(isaac-sim/assets/SensorFuerza) by extension 'ignore_ament_install'
[0.073s] Level 1:colcon.colcon_core.package_identification:_identify(isaac-sim/assets/SensorFuerza) by extensions ['colcon_pkg']
[0.073s] Level 1:colcon.colcon_core.package_identification:_identify(isaac-sim/assets/SensorFuerza) by extension 'colcon_pkg'
[0.073s] Level 1:colcon.colcon_core.package_identification:_identify(isaac-sim/assets/SensorFuerza) by extensions ['colcon_meta']
[0.073s] Level 1:colcon.colcon_core.package_identification:_identify(isaac-sim/assets/SensorFuerza) by extension 'colcon_meta'
[0.073s] Level 1:colcon.colcon_core.package_identification:_identify(isaac-sim/assets/SensorFuerza) by extensions ['ros']
[0.073s] Level 1:colcon.colcon_core.package_identification:_identify(isaac-sim/assets/SensorFuerza) by extension 'ros'
[0.073s] Level 1:colcon.colcon_core.package_identification:_identify(isaac-sim/assets/SensorFuerza) by extensions ['cmake', 'python']
[0.073s] Level 1:colcon.colcon_core.package_identification:_identify(isaac-sim/assets/SensorFuerza) by extension 'cmake'
[0.073s] Level 1:colcon.colcon_core.package_identification:_identify(isaac-sim/assets/SensorFuerza) by extension 'python'
[0.073s] Level 1:colcon.colcon_core.package_identification:_identify(isaac-sim/assets/SensorFuerza) by extensions ['python_setup_py']
[0.073s] Level 1:colcon.colcon_core.package_identification:_identify(isaac-sim/assets/SensorFuerza) by extension 'python_setup_py'
[0.073s] Level 1:colcon.colcon_core.package_identification:_identify(isaac-sim/assets/camera_stand) by extensions ['ignore', 'ignore_ament_install']
[0.073s] Level 1:colcon.colcon_core.package_identification:_identify(isaac-sim/assets/camera_stand) by extension 'ignore'
[0.073s] Level 1:colcon.colcon_core.package_identification:_identify(isaac-sim/assets/camera_stand) by extension 'ignore_ament_install'
[0.073s] Level 1:colcon.colcon_core.package_identification:_identify(isaac-sim/assets/camera_stand) by extensions ['colcon_pkg']
[0.073s] Level 1:colcon.colcon_core.package_identification:_identify(isaac-sim/assets/camera_stand) by extension 'colcon_pkg'
[0.073s] Level 1:colcon.colcon_core.package_identification:_identify(isaac-sim/assets/camera_stand) by extensions ['colcon_meta']
[0.073s] Level 1:colcon.colcon_core.package_identification:_identify(isaac-sim/assets/camera_stand) by extension 'colcon_meta'
[0.073s] Level 1:colcon.colcon_core.package_identification:_identify(isaac-sim/assets/camera_stand) by extensions ['ros']
[0.073s] Level 1:colcon.colcon_core.package_identification:_identify(isaac-sim/assets/camera_stand) by extension 'ros'
[0.073s] Level 1:colcon.colcon_core.package_identification:_identify(isaac-sim/assets/camera_stand) by extensions ['cmake', 'python']
[0.073s] Level 1:colcon.colcon_core.package_identification:_identify(isaac-sim/assets/camera_stand) by extension 'cmake'
[0.073s] Level 1:colcon.colcon_core.package_identification:_identify(isaac-sim/assets/camera_stand) by extension 'python'
[0.073s] Level 1:colcon.colcon_core.package_identification:_identify(isaac-sim/assets/camera_stand) by extensions ['python_setup_py']
[0.073s] Level 1:colcon.colcon_core.package_identification:_identify(isaac-sim/assets/camera_stand) by extension 'python_setup_py'
[0.073s] Level 1:colcon.colcon_core.package_identification:_identify(isaac-sim/assets/mesa) by extensions ['ignore', 'ignore_ament_install']
[0.073s] Level 1:colcon.colcon_core.package_identification:_identify(isaac-sim/assets/mesa) by extension 'ignore'
[0.073s] Level 1:colcon.colcon_core.package_identification:_identify(isaac-sim/assets/mesa) by extension 'ignore_ament_install'
[0.073s] Level 1:colcon.colcon_core.package_identification:_identify(isaac-sim/assets/mesa) by extensions ['colcon_pkg']
[0.073s] Level 1:colcon.colcon_core.package_identification:_identify(isaac-sim/assets/mesa) by extension 'colcon_pkg'
[0.073s] Level 1:colcon.colcon_core.package_identification:_identify(isaac-sim/assets/mesa) by extensions ['colcon_meta']
[0.073s] Level 1:colcon.colcon_core.package_identification:_identify(isaac-sim/assets/mesa) by extension 'colcon_meta'
[0.073s] Level 1:colcon.colcon_core.package_identification:_identify(isaac-sim/assets/mesa) by extensions ['ros']
[0.073s] Level 1:colcon.colcon_core.package_identification:_identify(isaac-sim/assets/mesa) by extension 'ros'
[0.073s] Level 1:colcon.colcon_core.package_identification:_identify(isaac-sim/assets/mesa) by extensions ['cmake', 'python']
[0.073s] Level 1:colcon.colcon_core.package_identification:_identify(isaac-sim/assets/mesa) by extension 'cmake'
[0.073s] Level 1:colcon.colcon_core.package_identification:_identify(isaac-sim/assets/mesa) by extension 'python'
[0.073s] Level 1:colcon.colcon_core.package_identification:_identify(isaac-sim/assets/mesa) by extensions ['python_setup_py']
[0.073s] Level 1:colcon.colcon_core.package_identification:_identify(isaac-sim/assets/mesa) by extension 'python_setup_py'
[0.073s] Level 1:colcon.colcon_core.package_identification:_identify(isaac-sim/assets/mounting_tool) by extensions ['ignore', 'ignore_ament_install']
[0.073s] Level 1:colcon.colcon_core.package_identification:_identify(isaac-sim/assets/mounting_tool) by extension 'ignore'
[0.073s] Level 1:colcon.colcon_core.package_identification:_identify(isaac-sim/assets/mounting_tool) by extension 'ignore_ament_install'
[0.074s] Level 1:colcon.colcon_core.package_identification:_identify(isaac-sim/assets/mounting_tool) by extensions ['colcon_pkg']
[0.074s] Level 1:colcon.colcon_core.package_identification:_identify(isaac-sim/assets/mounting_tool) by extension 'colcon_pkg'
[0.074s] Level 1:colcon.colcon_core.package_identification:_identify(isaac-sim/assets/mounting_tool) by extensions ['colcon_meta']
[0.074s] Level 1:colcon.colcon_core.package_identification:_identify(isaac-sim/assets/mounting_tool) by extension 'colcon_meta'
[0.074s] Level 1:colcon.colcon_core.package_identification:_identify(isaac-sim/assets/mounting_tool) by extensions ['ros']
[0.074s] Level 1:colcon.colcon_core.package_identification:_identify(isaac-sim/assets/mounting_tool) by extension 'ros'
[0.074s] Level 1:colcon.colcon_core.package_identification:_identify(isaac-sim/assets/mounting_tool) by extensions ['cmake', 'python']
[0.074s] Level 1:colcon.colcon_core.package_identification:_identify(isaac-sim/assets/mounting_tool) by extension 'cmake'
[0.074s] Level 1:colcon.colcon_core.package_identification:_identify(isaac-sim/assets/mounting_tool) by extension 'python'
[0.074s] Level 1:colcon.colcon_core.package_identification:_identify(isaac-sim/assets/mounting_tool) by extensions ['python_setup_py']
[0.074s] Level 1:colcon.colcon_core.package_identification:_identify(isaac-sim/assets/mounting_tool) by extension 'python_setup_py'
[0.074s] Level 1:colcon.colcon_core.package_identification:_identify(isaac-sim/assets/mounting_tool/AD1100V1-Camera-Stand-20250717.STEP_) by extensions ['ignore', 'ignore_ament_install']
[0.074s] Level 1:colcon.colcon_core.package_identification:_identify(isaac-sim/assets/mounting_tool/AD1100V1-Camera-Stand-20250717.STEP_) by extension 'ignore'
[0.074s] Level 1:colcon.colcon_core.package_identification:_identify(isaac-sim/assets/mounting_tool/AD1100V1-Camera-Stand-20250717.STEP_) by extension 'ignore_ament_install'
[0.074s] Level 1:colcon.colcon_core.package_identification:_identify(isaac-sim/assets/mounting_tool/AD1100V1-Camera-Stand-20250717.STEP_) by extensions ['colcon_pkg']
[0.074s] Level 1:colcon.colcon_core.package_identification:_identify(isaac-sim/assets/mounting_tool/AD1100V1-Camera-Stand-20250717.STEP_) by extension 'colcon_pkg'
[0.074s] Level 1:colcon.colcon_core.package_identification:_identify(isaac-sim/assets/mounting_tool/AD1100V1-Camera-Stand-20250717.STEP_) by extensions ['colcon_meta']
[0.074s] Level 1:colcon.colcon_core.package_identification:_identify(isaac-sim/assets/mounting_tool/AD1100V1-Camera-Stand-20250717.STEP_) by extension 'colcon_meta'
[0.074s] Level 1:colcon.colcon_core.package_identification:_identify(isaac-sim/assets/mounting_tool/AD1100V1-Camera-Stand-20250717.STEP_) by extensions ['ros']
[0.074s] Level 1:colcon.colcon_core.package_identification:_identify(isaac-sim/assets/mounting_tool/AD1100V1-Camera-Stand-20250717.STEP_) by extension 'ros'
[0.074s] Level 1:colcon.colcon_core.package_identification:_identify(isaac-sim/assets/mounting_tool/AD1100V1-Camera-Stand-20250717.STEP_) by extensions ['cmake', 'python']
[0.074s] Level 1:colcon.colcon_core.package_identification:_identify(isaac-sim/assets/mounting_tool/AD1100V1-Camera-Stand-20250717.STEP_) by extension 'cmake'
[0.074s] Level 1:colcon.colcon_core.package_identification:_identify(isaac-sim/assets/mounting_tool/AD1100V1-Camera-Stand-20250717.STEP_) by extension 'python'
[0.074s] Level 1:colcon.colcon_core.package_identification:_identify(isaac-sim/assets/mounting_tool/AD1100V1-Camera-Stand-20250717.STEP_) by extensions ['python_setup_py']
[0.074s] Level 1:colcon.colcon_core.package_identification:_identify(isaac-sim/assets/mounting_tool/AD1100V1-Camera-Stand-20250717.STEP_) by extension 'python_setup_py'
[0.074s] Level 1:colcon.colcon_core.package_identification:_identify(isaac-sim/assets/mounting_tool/AD1100V1-Camera-Stand-20250717.STEP_/__MACOSX) by extensions ['ignore', 'ignore_ament_install']
[0.074s] Level 1:colcon.colcon_core.package_identification:_identify(isaac-sim/assets/mounting_tool/AD1100V1-Camera-Stand-20250717.STEP_/__MACOSX) by extension 'ignore'
[0.074s] Level 1:colcon.colcon_core.package_identification:_identify(isaac-sim/assets/mounting_tool/AD1100V1-Camera-Stand-20250717.STEP_/__MACOSX) by extension 'ignore_ament_install'
[0.074s] Level 1:colcon.colcon_core.package_identification:_identify(isaac-sim/assets/mounting_tool/AD1100V1-Camera-Stand-20250717.STEP_/__MACOSX) by extensions ['colcon_pkg']
[0.074s] Level 1:colcon.colcon_core.package_identification:_identify(isaac-sim/assets/mounting_tool/AD1100V1-Camera-Stand-20250717.STEP_/__MACOSX) by extension 'colcon_pkg'
[0.074s] Level 1:colcon.colcon_core.package_identification:_identify(isaac-sim/assets/mounting_tool/AD1100V1-Camera-Stand-20250717.STEP_/__MACOSX) by extensions ['colcon_meta']
[0.074s] Level 1:colcon.colcon_core.package_identification:_identify(isaac-sim/assets/mounting_tool/AD1100V1-Camera-Stand-20250717.STEP_/__MACOSX) by extension 'colcon_meta'
[0.074s] Level 1:colcon.colcon_core.package_identification:_identify(isaac-sim/assets/mounting_tool/AD1100V1-Camera-Stand-20250717.STEP_/__MACOSX) by extensions ['ros']
[0.074s] Level 1:colcon.colcon_core.package_identification:_identify(isaac-sim/assets/mounting_tool/AD1100V1-Camera-Stand-20250717.STEP_/__MACOSX) by extension 'ros'
[0.074s] Level 1:colcon.colcon_core.package_identification:_identify(isaac-sim/assets/mounting_tool/AD1100V1-Camera-Stand-20250717.STEP_/__MACOSX) by extensions ['cmake', 'python']
[0.074s] Level 1:colcon.colcon_core.package_identification:_identify(isaac-sim/assets/mounting_tool/AD1100V1-Camera-Stand-20250717.STEP_/__MACOSX) by extension 'cmake'
[0.074s] Level 1:colcon.colcon_core.package_identification:_identify(isaac-sim/assets/mounting_tool/AD1100V1-Camera-Stand-20250717.STEP_/__MACOSX) by extension 'python'
[0.074s] Level 1:colcon.colcon_core.package_identification:_identify(isaac-sim/assets/mounting_tool/AD1100V1-Camera-Stand-20250717.STEP_/__MACOSX) by extensions ['python_setup_py']
[0.074s] Level 1:colcon.colcon_core.package_identification:_identify(isaac-sim/assets/mounting_tool/AD1100V1-Camera-Stand-20250717.STEP_/__MACOSX) by extension 'python_setup_py'
[0.074s] Level 1:colcon.colcon_core.package_identification:_identify(isaac-sim/assets/mounting_tool/xArm-Mounting-Tool) by extensions ['ignore', 'ignore_ament_install']
[0.074s] Level 1:colcon.colcon_core.package_identification:_identify(isaac-sim/assets/mounting_tool/xArm-Mounting-Tool) by extension 'ignore'
[0.074s] Level 1:colcon.colcon_core.package_identification:_identify(isaac-sim/assets/mounting_tool/xArm-Mounting-Tool) by extension 'ignore_ament_install'
[0.074s] Level 1:colcon.colcon_core.package_identification:_identify(isaac-sim/assets/mounting_tool/xArm-Mounting-Tool) by extensions ['colcon_pkg']
[0.074s] Level 1:colcon.colcon_core.package_identification:_identify(isaac-sim/assets/mounting_tool/xArm-Mounting-Tool) by extension 'colcon_pkg'
[0.074s] Level 1:colcon.colcon_core.package_identification:_identify(isaac-sim/assets/mounting_tool/xArm-Mounting-Tool) by extensions ['colcon_meta']
[0.074s] Level 1:colcon.colcon_core.package_identification:_identify(isaac-sim/assets/mounting_tool/xArm-Mounting-Tool) by extension 'colcon_meta'
[0.074s] Level 1:colcon.colcon_core.package_identification:_identify(isaac-sim/assets/mounting_tool/xArm-Mounting-Tool) by extensions ['ros']
[0.074s] Level 1:colcon.colcon_core.package_identification:_identify(isaac-sim/assets/mounting_tool/xArm-Mounting-Tool) by extension 'ros'
[0.074s] Level 1:colcon.colcon_core.package_identification:_identify(isaac-sim/assets/mounting_tool/xArm-Mounting-Tool) by extensions ['cmake', 'python']
[0.074s] Level 1:colcon.colcon_core.package_identification:_identify(isaac-sim/assets/mounting_tool/xArm-Mounting-Tool) by extension 'cmake'
[0.074s] Level 1:colcon.colcon_core.package_identification:_identify(isaac-sim/assets/mounting_tool/xArm-Mounting-Tool) by extension 'python'
[0.074s] Level 1:colcon.colcon_core.package_identification:_identify(isaac-sim/assets/mounting_tool/xArm-Mounting-Tool) by extensions ['python_setup_py']
[0.074s] Level 1:colcon.colcon_core.package_identification:_identify(isaac-sim/assets/mounting_tool/xArm-Mounting-Tool) by extension 'python_setup_py'
[0.074s] Level 1:colcon.colcon_core.package_identification:_identify(isaac-sim/assets/props) by extensions ['ignore', 'ignore_ament_install']
[0.074s] Level 1:colcon.colcon_core.package_identification:_identify(isaac-sim/assets/props) by extension 'ignore'
[0.074s] Level 1:colcon.colcon_core.package_identification:_identify(isaac-sim/assets/props) by extension 'ignore_ament_install'
[0.075s] Level 1:colcon.colcon_core.package_identification:_identify(isaac-sim/assets/props) by extensions ['colcon_pkg']
[0.075s] Level 1:colcon.colcon_core.package_identification:_identify(isaac-sim/assets/props) by extension 'colcon_pkg'
[0.075s] Level 1:colcon.colcon_core.package_identification:_identify(isaac-sim/assets/props) by extensions ['colcon_meta']
[0.075s] Level 1:colcon.colcon_core.package_identification:_identify(isaac-sim/assets/props) by extension 'colcon_meta'
[0.075s] Level 1:colcon.colcon_core.package_identification:_identify(isaac-sim/assets/props) by extensions ['ros']
[0.075s] Level 1:colcon.colcon_core.package_identification:_identify(isaac-sim/assets/props) by extension 'ros'
[0.075s] Level 1:colcon.colcon_core.package_identification:_identify(isaac-sim/assets/props) by extensions ['cmake', 'python']
[0.075s] Level 1:colcon.colcon_core.package_identification:_identify(isaac-sim/assets/props) by extension 'cmake'
[0.075s] Level 1:colcon.colcon_core.package_identification:_identify(isaac-sim/assets/props) by extension 'python'
[0.075s] Level 1:colcon.colcon_core.package_identification:_identify(isaac-sim/assets/props) by extensions ['python_setup_py']
[0.075s] Level 1:colcon.colcon_core.package_identification:_identify(isaac-sim/assets/props) by extension 'python_setup_py'
[0.075s] Level 1:colcon.colcon_core.package_identification:_identify(isaac-sim/assets/uf850) by extensions ['ignore', 'ignore_ament_install']
[0.075s] Level 1:colcon.colcon_core.package_identification:_identify(isaac-sim/assets/uf850) by extension 'ignore'
[0.075s] Level 1:colcon.colcon_core.package_identification:_identify(isaac-sim/assets/uf850) by extension 'ignore_ament_install'
[0.075s] Level 1:colcon.colcon_core.package_identification:_identify(isaac-sim/assets/uf850) by extensions ['colcon_pkg']
[0.075s] Level 1:colcon.colcon_core.package_identification:_identify(isaac-sim/assets/uf850) by extension 'colcon_pkg'
[0.075s] Level 1:colcon.colcon_core.package_identification:_identify(isaac-sim/assets/uf850) by extensions ['colcon_meta']
[0.075s] Level 1:colcon.colcon_core.package_identification:_identify(isaac-sim/assets/uf850) by extension 'colcon_meta'
[0.075s] Level 1:colcon.colcon_core.package_identification:_identify(isaac-sim/assets/uf850) by extensions ['ros']
[0.075s] Level 1:colcon.colcon_core.package_identification:_identify(isaac-sim/assets/uf850) by extension 'ros'
[0.075s] Level 1:colcon.colcon_core.package_identification:_identify(isaac-sim/assets/uf850) by extensions ['cmake', 'python']
[0.075s] Level 1:colcon.colcon_core.package_identification:_identify(isaac-sim/assets/uf850) by extension 'cmake'
[0.075s] Level 1:colcon.colcon_core.package_identification:_identify(isaac-sim/assets/uf850) by extension 'python'
[0.075s] Level 1:colcon.colcon_core.package_identification:_identify(isaac-sim/assets/uf850) by extensions ['python_setup_py']
[0.075s] Level 1:colcon.colcon_core.package_identification:_identify(isaac-sim/assets/uf850) by extension 'python_setup_py'
[0.075s] Level 1:colcon.colcon_core.package_identification:_identify(isaac-sim/assets/uf850/configuration) by extensions ['ignore', 'ignore_ament_install']
[0.075s] Level 1:colcon.colcon_core.package_identification:_identify(isaac-sim/assets/uf850/configuration) by extension 'ignore'
[0.075s] Level 1:colcon.colcon_core.package_identification:_identify(isaac-sim/assets/uf850/configuration) by extension 'ignore_ament_install'
[0.075s] Level 1:colcon.colcon_core.package_identification:_identify(isaac-sim/assets/uf850/configuration) by extensions ['colcon_pkg']
[0.075s] Level 1:colcon.colcon_core.package_identification:_identify(isaac-sim/assets/uf850/configuration) by extension 'colcon_pkg'
[0.075s] Level 1:colcon.colcon_core.package_identification:_identify(isaac-sim/assets/uf850/configuration) by extensions ['colcon_meta']
[0.075s] Level 1:colcon.colcon_core.package_identification:_identify(isaac-sim/assets/uf850/configuration) by extension 'colcon_meta'
[0.075s] Level 1:colcon.colcon_core.package_identification:_identify(isaac-sim/assets/uf850/configuration) by extensions ['ros']
[0.075s] Level 1:colcon.colcon_core.package_identification:_identify(isaac-sim/assets/uf850/configuration) by extension 'ros'
[0.075s] Level 1:colcon.colcon_core.package_identification:_identify(isaac-sim/assets/uf850/configuration) by extensions ['cmake', 'python']
[0.075s] Level 1:colcon.colcon_core.package_identification:_identify(isaac-sim/assets/uf850/configuration) by extension 'cmake'
[0.075s] Level 1:colcon.colcon_core.package_identification:_identify(isaac-sim/assets/uf850/configuration) by extension 'python'
[0.075s] Level 1:colcon.colcon_core.package_identification:_identify(isaac-sim/assets/uf850/configuration) by extensions ['python_setup_py']
[0.075s] Level 1:colcon.colcon_core.package_identification:_identify(isaac-sim/assets/uf850/configuration) by extension 'python_setup_py'
[0.075s] Level 1:colcon.colcon_core.package_identification:_identify(isaac-sim/assets/uf850_with_gripper) by extensions ['ignore', 'ignore_ament_install']
[0.075s] Level 1:colcon.colcon_core.package_identification:_identify(isaac-sim/assets/uf850_with_gripper) by extension 'ignore'
[0.075s] Level 1:colcon.colcon_core.package_identification:_identify(isaac-sim/assets/uf850_with_gripper) by extension 'ignore_ament_install'
[0.075s] Level 1:colcon.colcon_core.package_identification:_identify(isaac-sim/assets/uf850_with_gripper) by extensions ['colcon_pkg']
[0.075s] Level 1:colcon.colcon_core.package_identification:_identify(isaac-sim/assets/uf850_with_gripper) by extension 'colcon_pkg'
[0.075s] Level 1:colcon.colcon_core.package_identification:_identify(isaac-sim/assets/uf850_with_gripper) by extensions ['colcon_meta']
[0.075s] Level 1:colcon.colcon_core.package_identification:_identify(isaac-sim/assets/uf850_with_gripper) by extension 'colcon_meta'
[0.075s] Level 1:colcon.colcon_core.package_identification:_identify(isaac-sim/assets/uf850_with_gripper) by extensions ['ros']
[0.075s] Level 1:colcon.colcon_core.package_identification:_identify(isaac-sim/assets/uf850_with_gripper) by extension 'ros'
[0.075s] Level 1:colcon.colcon_core.package_identification:_identify(isaac-sim/assets/uf850_with_gripper) by extensions ['cmake', 'python']
[0.075s] Level 1:colcon.colcon_core.package_identification:_identify(isaac-sim/assets/uf850_with_gripper) by extension 'cmake'
[0.075s] Level 1:colcon.colcon_core.package_identification:_identify(isaac-sim/assets/uf850_with_gripper) by extension 'python'
[0.075s] Level 1:colcon.colcon_core.package_identification:_identify(isaac-sim/assets/uf850_with_gripper) by extensions ['python_setup_py']
[0.075s] Level 1:colcon.colcon_core.package_identification:_identify(isaac-sim/assets/uf850_with_gripper) by extension 'python_setup_py'
[0.075s] Level 1:colcon.colcon_core.package_identification:_identify(isaac-sim/assets/uf850_with_gripper/configuration) by extensions ['ignore', 'ignore_ament_install']
[0.075s] Level 1:colcon.colcon_core.package_identification:_identify(isaac-sim/assets/uf850_with_gripper/configuration) by extension 'ignore'
[0.075s] Level 1:colcon.colcon_core.package_identification:_identify(isaac-sim/assets/uf850_with_gripper/configuration) by extension 'ignore_ament_install'
[0.075s] Level 1:colcon.colcon_core.package_identification:_identify(isaac-sim/assets/uf850_with_gripper/configuration) by extensions ['colcon_pkg']
[0.075s] Level 1:colcon.colcon_core.package_identification:_identify(isaac-sim/assets/uf850_with_gripper/configuration) by extension 'colcon_pkg'
[0.075s] Level 1:colcon.colcon_core.package_identification:_identify(isaac-sim/assets/uf850_with_gripper/configuration) by extensions ['colcon_meta']
[0.075s] Level 1:colcon.colcon_core.package_identification:_identify(isaac-sim/assets/uf850_with_gripper/configuration) by extension 'colcon_meta'
[0.076s] Level 1:colcon.colcon_core.package_identification:_identify(isaac-sim/assets/uf850_with_gripper/configuration) by extensions ['ros']
[0.076s] Level 1:colcon.colcon_core.package_identification:_identify(isaac-sim/assets/uf850_with_gripper/configuration) by extension 'ros'
[0.076s] Level 1:colcon.colcon_core.package_identification:_identify(isaac-sim/assets/uf850_with_gripper/configuration) by extensions ['cmake', 'python']
[0.076s] Level 1:colcon.colcon_core.package_identification:_identify(isaac-sim/assets/uf850_with_gripper/configuration) by extension 'cmake'
[0.076s] Level 1:colcon.colcon_core.package_identification:_identify(isaac-sim/assets/uf850_with_gripper/configuration) by extension 'python'
[0.076s] Level 1:colcon.colcon_core.package_identification:_identify(isaac-sim/assets/uf850_with_gripper/configuration) by extensions ['python_setup_py']
[0.076s] Level 1:colcon.colcon_core.package_identification:_identify(isaac-sim/assets/uf850_with_gripper/configuration) by extension 'python_setup_py'
[0.076s] Level 1:colcon.colcon_core.package_identification:_identify(isaac-sim/assets/xarm6) by extensions ['ignore', 'ignore_ament_install']
[0.076s] Level 1:colcon.colcon_core.package_identification:_identify(isaac-sim/assets/xarm6) by extension 'ignore'
[0.076s] Level 1:colcon.colcon_core.package_identification:_identify(isaac-sim/assets/xarm6) by extension 'ignore_ament_install'
[0.076s] Level 1:colcon.colcon_core.package_identification:_identify(isaac-sim/assets/xarm6) by extensions ['colcon_pkg']
[0.076s] Level 1:colcon.colcon_core.package_identification:_identify(isaac-sim/assets/xarm6) by extension 'colcon_pkg'
[0.076s] Level 1:colcon.colcon_core.package_identification:_identify(isaac-sim/assets/xarm6) by extensions ['colcon_meta']
[0.076s] Level 1:colcon.colcon_core.package_identification:_identify(isaac-sim/assets/xarm6) by extension 'colcon_meta'
[0.076s] Level 1:colcon.colcon_core.package_identification:_identify(isaac-sim/assets/xarm6) by extensions ['ros']
[0.076s] Level 1:colcon.colcon_core.package_identification:_identify(isaac-sim/assets/xarm6) by extension 'ros'
[0.076s] Level 1:colcon.colcon_core.package_identification:_identify(isaac-sim/assets/xarm6) by extensions ['cmake', 'python']
[0.076s] Level 1:colcon.colcon_core.package_identification:_identify(isaac-sim/assets/xarm6) by extension 'cmake'
[0.076s] Level 1:colcon.colcon_core.package_identification:_identify(isaac-sim/assets/xarm6) by extension 'python'
[0.076s] Level 1:colcon.colcon_core.package_identification:_identify(isaac-sim/assets/xarm6) by extensions ['python_setup_py']
[0.076s] Level 1:colcon.colcon_core.package_identification:_identify(isaac-sim/assets/xarm6) by extension 'python_setup_py'
[0.076s] Level 1:colcon.colcon_core.package_identification:_identify(isaac-sim/assets/xarm6/configuration) by extensions ['ignore', 'ignore_ament_install']
[0.076s] Level 1:colcon.colcon_core.package_identification:_identify(isaac-sim/assets/xarm6/configuration) by extension 'ignore'
[0.076s] Level 1:colcon.colcon_core.package_identification:_identify(isaac-sim/assets/xarm6/configuration) by extension 'ignore_ament_install'
[0.076s] Level 1:colcon.colcon_core.package_identification:_identify(isaac-sim/assets/xarm6/configuration) by extensions ['colcon_pkg']
[0.076s] Level 1:colcon.colcon_core.package_identification:_identify(isaac-sim/assets/xarm6/configuration) by extension 'colcon_pkg'
[0.076s] Level 1:colcon.colcon_core.package_identification:_identify(isaac-sim/assets/xarm6/configuration) by extensions ['colcon_meta']
[0.076s] Level 1:colcon.colcon_core.package_identification:_identify(isaac-sim/assets/xarm6/configuration) by extension 'colcon_meta'
[0.076s] Level 1:colcon.colcon_core.package_identification:_identify(isaac-sim/assets/xarm6/configuration) by extensions ['ros']
[0.076s] Level 1:colcon.colcon_core.package_identification:_identify(isaac-sim/assets/xarm6/configuration) by extension 'ros'
[0.076s] Level 1:colcon.colcon_core.package_identification:_identify(isaac-sim/assets/xarm6/configuration) by extensions ['cmake', 'python']
[0.076s] Level 1:colcon.colcon_core.package_identification:_identify(isaac-sim/assets/xarm6/configuration) by extension 'cmake'
[0.076s] Level 1:colcon.colcon_core.package_identification:_identify(isaac-sim/assets/xarm6/configuration) by extension 'python'
[0.076s] Level 1:colcon.colcon_core.package_identification:_identify(isaac-sim/assets/xarm6/configuration) by extensions ['python_setup_py']
[0.076s] Level 1:colcon.colcon_core.package_identification:_identify(isaac-sim/assets/xarm6/configuration) by extension 'python_setup_py'
[0.076s] Level 1:colcon.colcon_core.package_identification:_identify(isaac-sim/assets/xarm6_with_gripper) by extensions ['ignore', 'ignore_ament_install']
[0.076s] Level 1:colcon.colcon_core.package_identification:_identify(isaac-sim/assets/xarm6_with_gripper) by extension 'ignore'
[0.076s] Level 1:colcon.colcon_core.package_identification:_identify(isaac-sim/assets/xarm6_with_gripper) by extension 'ignore_ament_install'
[0.076s] Level 1:colcon.colcon_core.package_identification:_identify(isaac-sim/assets/xarm6_with_gripper) by extensions ['colcon_pkg']
[0.076s] Level 1:colcon.colcon_core.package_identification:_identify(isaac-sim/assets/xarm6_with_gripper) by extension 'colcon_pkg'
[0.076s] Level 1:colcon.colcon_core.package_identification:_identify(isaac-sim/assets/xarm6_with_gripper) by extensions ['colcon_meta']
[0.076s] Level 1:colcon.colcon_core.package_identification:_identify(isaac-sim/assets/xarm6_with_gripper) by extension 'colcon_meta'
[0.076s] Level 1:colcon.colcon_core.package_identification:_identify(isaac-sim/assets/xarm6_with_gripper) by extensions ['ros']
[0.076s] Level 1:colcon.colcon_core.package_identification:_identify(isaac-sim/assets/xarm6_with_gripper) by extension 'ros'
[0.076s] Level 1:colcon.colcon_core.package_identification:_identify(isaac-sim/assets/xarm6_with_gripper) by extensions ['cmake', 'python']
[0.076s] Level 1:colcon.colcon_core.package_identification:_identify(isaac-sim/assets/xarm6_with_gripper) by extension 'cmake'
[0.076s] Level 1:colcon.colcon_core.package_identification:_identify(isaac-sim/assets/xarm6_with_gripper) by extension 'python'
[0.076s] Level 1:colcon.colcon_core.package_identification:_identify(isaac-sim/assets/xarm6_with_gripper) by extensions ['python_setup_py']
[0.076s] Level 1:colcon.colcon_core.package_identification:_identify(isaac-sim/assets/xarm6_with_gripper) by extension 'python_setup_py'
[0.076s] Level 1:colcon.colcon_core.package_identification:_identify(isaac-sim/assets/xarm6_with_gripper/configuration) by extensions ['ignore', 'ignore_ament_install']
[0.076s] Level 1:colcon.colcon_core.package_identification:_identify(isaac-sim/assets/xarm6_with_gripper/configuration) by extension 'ignore'
[0.076s] Level 1:colcon.colcon_core.package_identification:_identify(isaac-sim/assets/xarm6_with_gripper/configuration) by extension 'ignore_ament_install'
[0.076s] Level 1:colcon.colcon_core.package_identification:_identify(isaac-sim/assets/xarm6_with_gripper/configuration) by extensions ['colcon_pkg']
[0.076s] Level 1:colcon.colcon_core.package_identification:_identify(isaac-sim/assets/xarm6_with_gripper/configuration) by extension 'colcon_pkg'
[0.076s] Level 1:colcon.colcon_core.package_identification:_identify(isaac-sim/assets/xarm6_with_gripper/configuration) by extensions ['colcon_meta']
[0.076s] Level 1:colcon.colcon_core.package_identification:_identify(isaac-sim/assets/xarm6_with_gripper/configuration) by extension 'colcon_meta'
[0.076s] Level 1:colcon.colcon_core.package_identification:_identify(isaac-sim/assets/xarm6_with_gripper/configuration) by extensions ['ros']
[0.076s] Level 1:colcon.colcon_core.package_identification:_identify(isaac-sim/assets/xarm6_with_gripper/configuration) by extension 'ros'
[0.077s] Level 1:colcon.colcon_core.package_identification:_identify(isaac-sim/assets/xarm6_with_gripper/configuration) by extensions ['cmake', 'python']
[0.077s] Level 1:colcon.colcon_core.package_identification:_identify(isaac-sim/assets/xarm6_with_gripper/configuration) by extension 'cmake'
[0.077s] Level 1:colcon.colcon_core.package_identification:_identify(isaac-sim/assets/xarm6_with_gripper/configuration) by extension 'python'
[0.077s] Level 1:colcon.colcon_core.package_identification:_identify(isaac-sim/assets/xarm6_with_gripper/configuration) by extensions ['python_setup_py']
[0.077s] Level 1:colcon.colcon_core.package_identification:_identify(isaac-sim/assets/xarm6_with_gripper/configuration) by extension 'python_setup_py'
[0.077s] Level 1:colcon.colcon_core.package_identification:_identify(isaac-sim/escenarios) by extensions ['ignore', 'ignore_ament_install']
[0.077s] Level 1:colcon.colcon_core.package_identification:_identify(isaac-sim/escenarios) by extension 'ignore'
[0.077s] Level 1:colcon.colcon_core.package_identification:_identify(isaac-sim/escenarios) by extension 'ignore_ament_install'
[0.077s] Level 1:colcon.colcon_core.package_identification:_identify(isaac-sim/escenarios) by extensions ['colcon_pkg']
[0.077s] Level 1:colcon.colcon_core.package_identification:_identify(isaac-sim/escenarios) by extension 'colcon_pkg'
[0.077s] Level 1:colcon.colcon_core.package_identification:_identify(isaac-sim/escenarios) by extensions ['colcon_meta']
[0.077s] Level 1:colcon.colcon_core.package_identification:_identify(isaac-sim/escenarios) by extension 'colcon_meta'
[0.077s] Level 1:colcon.colcon_core.package_identification:_identify(isaac-sim/escenarios) by extensions ['ros']
[0.077s] Level 1:colcon.colcon_core.package_identification:_identify(isaac-sim/escenarios) by extension 'ros'
[0.077s] Level 1:colcon.colcon_core.package_identification:_identify(isaac-sim/escenarios) by extensions ['cmake', 'python']
[0.077s] Level 1:colcon.colcon_core.package_identification:_identify(isaac-sim/escenarios) by extension 'cmake'
[0.077s] Level 1:colcon.colcon_core.package_identification:_identify(isaac-sim/escenarios) by extension 'python'
[0.077s] Level 1:colcon.colcon_core.package_identification:_identify(isaac-sim/escenarios) by extensions ['python_setup_py']
[0.077s] Level 1:colcon.colcon_core.package_identification:_identify(isaac-sim/escenarios) by extension 'python_setup_py'
[0.077s] Level 1:colcon.colcon_core.package_identification:_identify(isaac-sim/groundPlane) by extensions ['ignore', 'ignore_ament_install']
[0.077s] Level 1:colcon.colcon_core.package_identification:_identify(isaac-sim/groundPlane) by extension 'ignore'
[0.077s] Level 1:colcon.colcon_core.package_identification:_identify(isaac-sim/groundPlane) by extension 'ignore_ament_install'
[0.077s] Level 1:colcon.colcon_core.package_identification:_identify(isaac-sim/groundPlane) by extensions ['colcon_pkg']
[0.077s] Level 1:colcon.colcon_core.package_identification:_identify(isaac-sim/groundPlane) by extension 'colcon_pkg'
[0.077s] Level 1:colcon.colcon_core.package_identification:_identify(isaac-sim/groundPlane) by extensions ['colcon_meta']
[0.077s] Level 1:colcon.colcon_core.package_identification:_identify(isaac-sim/groundPlane) by extension 'colcon_meta'
[0.077s] Level 1:colcon.colcon_core.package_identification:_identify(isaac-sim/groundPlane) by extensions ['ros']
[0.077s] Level 1:colcon.colcon_core.package_identification:_identify(isaac-sim/groundPlane) by extension 'ros'
[0.077s] Level 1:colcon.colcon_core.package_identification:_identify(isaac-sim/groundPlane) by extensions ['cmake', 'python']
[0.077s] Level 1:colcon.colcon_core.package_identification:_identify(isaac-sim/groundPlane) by extension 'cmake'
[0.077s] Level 1:colcon.colcon_core.package_identification:_identify(isaac-sim/groundPlane) by extension 'python'
[0.077s] Level 1:colcon.colcon_core.package_identification:_identify(isaac-sim/groundPlane) by extensions ['python_setup_py']
[0.077s] Level 1:colcon.colcon_core.package_identification:_identify(isaac-sim/groundPlane) by extension 'python_setup_py'
[0.077s] Level 1:colcon.colcon_core.package_identification:_identify(isaac-sim/realsense_d435f) by extensions ['ignore', 'ignore_ament_install']
[0.077s] Level 1:colcon.colcon_core.package_identification:_identify(isaac-sim/realsense_d435f) by extension 'ignore'
[0.077s] Level 1:colcon.colcon_core.package_identification:_identify(isaac-sim/realsense_d435f) by extension 'ignore_ament_install'
[0.077s] Level 1:colcon.colcon_core.package_identification:_identify(isaac-sim/realsense_d435f) by extensions ['colcon_pkg']
[0.077s] Level 1:colcon.colcon_core.package_identification:_identify(isaac-sim/realsense_d435f) by extension 'colcon_pkg'
[0.077s] Level 1:colcon.colcon_core.package_identification:_identify(isaac-sim/realsense_d435f) by extensions ['colcon_meta']
[0.077s] Level 1:colcon.colcon_core.package_identification:_identify(isaac-sim/realsense_d435f) by extension 'colcon_meta'
[0.077s] Level 1:colcon.colcon_core.package_identification:_identify(isaac-sim/realsense_d435f) by extensions ['ros']
[0.077s] Level 1:colcon.colcon_core.package_identification:_identify(isaac-sim/realsense_d435f) by extension 'ros'
[0.077s] Level 1:colcon.colcon_core.package_identification:_identify(isaac-sim/realsense_d435f) by extensions ['cmake', 'python']
[0.077s] Level 1:colcon.colcon_core.package_identification:_identify(isaac-sim/realsense_d435f) by extension 'cmake'
[0.077s] Level 1:colcon.colcon_core.package_identification:_identify(isaac-sim/realsense_d435f) by extension 'python'
[0.077s] Level 1:colcon.colcon_core.package_identification:_identify(isaac-sim/realsense_d435f) by extensions ['python_setup_py']
[0.077s] Level 1:colcon.colcon_core.package_identification:_identify(isaac-sim/realsense_d435f) by extension 'python_setup_py'
[0.077s] Level 1:colcon.colcon_core.package_identification:_identify(isaac-sim/realsense_d435f/3d) by extensions ['ignore', 'ignore_ament_install']
[0.077s] Level 1:colcon.colcon_core.package_identification:_identify(isaac-sim/realsense_d435f/3d) by extension 'ignore'
[0.077s] Level 1:colcon.colcon_core.package_identification:_identify(isaac-sim/realsense_d435f/3d) by extension 'ignore_ament_install'
[0.077s] Level 1:colcon.colcon_core.package_identification:_identify(isaac-sim/realsense_d435f/3d) by extensions ['colcon_pkg']
[0.077s] Level 1:colcon.colcon_core.package_identification:_identify(isaac-sim/realsense_d435f/3d) by extension 'colcon_pkg'
[0.077s] Level 1:colcon.colcon_core.package_identification:_identify(isaac-sim/realsense_d435f/3d) by extensions ['colcon_meta']
[0.077s] Level 1:colcon.colcon_core.package_identification:_identify(isaac-sim/realsense_d435f/3d) by extension 'colcon_meta'
[0.077s] Level 1:colcon.colcon_core.package_identification:_identify(isaac-sim/realsense_d435f/3d) by extensions ['ros']
[0.077s] Level 1:colcon.colcon_core.package_identification:_identify(isaac-sim/realsense_d435f/3d) by extension 'ros'
[0.077s] Level 1:colcon.colcon_core.package_identification:_identify(isaac-sim/realsense_d435f/3d) by extensions ['cmake', 'python']
[0.077s] Level 1:colcon.colcon_core.package_identification:_identify(isaac-sim/realsense_d435f/3d) by extension 'cmake'
[0.077s] Level 1:colcon.colcon_core.package_identification:_identify(isaac-sim/realsense_d435f/3d) by extension 'python'
[0.077s] Level 1:colcon.colcon_core.package_identification:_identify(isaac-sim/realsense_d435f/3d) by extensions ['python_setup_py']
[0.078s] Level 1:colcon.colcon_core.package_identification:_identify(isaac-sim/realsense_d435f/3d) by extension 'python_setup_py'
[0.078s] Level 1:colcon.colcon_core.package_identification:_identify(isaac-sim/realsense_d435f/usd) by extensions ['ignore', 'ignore_ament_install']
[0.078s] Level 1:colcon.colcon_core.package_identification:_identify(isaac-sim/realsense_d435f/usd) by extension 'ignore'
[0.078s] Level 1:colcon.colcon_core.package_identification:_identify(isaac-sim/realsense_d435f/usd) by extension 'ignore_ament_install'
[0.078s] Level 1:colcon.colcon_core.package_identification:_identify(isaac-sim/realsense_d435f/usd) by extensions ['colcon_pkg']
[0.078s] Level 1:colcon.colcon_core.package_identification:_identify(isaac-sim/realsense_d435f/usd) by extension 'colcon_pkg'
[0.078s] Level 1:colcon.colcon_core.package_identification:_identify(isaac-sim/realsense_d435f/usd) by extensions ['colcon_meta']
[0.078s] Level 1:colcon.colcon_core.package_identification:_identify(isaac-sim/realsense_d435f/usd) by extension 'colcon_meta'
[0.078s] Level 1:colcon.colcon_core.package_identification:_identify(isaac-sim/realsense_d435f/usd) by extensions ['ros']
[0.078s] Level 1:colcon.colcon_core.package_identification:_identify(isaac-sim/realsense_d435f/usd) by extension 'ros'
[0.078s] Level 1:colcon.colcon_core.package_identification:_identify(isaac-sim/realsense_d435f/usd) by extensions ['cmake', 'python']
[0.078s] Level 1:colcon.colcon_core.package_identification:_identify(isaac-sim/realsense_d435f/usd) by extension 'cmake'
[0.078s] Level 1:colcon.colcon_core.package_identification:_identify(isaac-sim/realsense_d435f/usd) by extension 'python'
[0.078s] Level 1:colcon.colcon_core.package_identification:_identify(isaac-sim/realsense_d435f/usd) by extensions ['python_setup_py']
[0.078s] Level 1:colcon.colcon_core.package_identification:_identify(isaac-sim/realsense_d435f/usd) by extension 'python_setup_py'
[0.078s] Level 1:colcon.colcon_core.package_identification:_identify(isaac-sim/scripts) by extensions ['ignore', 'ignore_ament_install']
[0.078s] Level 1:colcon.colcon_core.package_identification:_identify(isaac-sim/scripts) by extension 'ignore'
[0.078s] Level 1:colcon.colcon_core.package_identification:_identify(isaac-sim/scripts) by extension 'ignore_ament_install'
[0.078s] Level 1:colcon.colcon_core.package_identification:_identify(isaac-sim/scripts) by extensions ['colcon_pkg']
[0.078s] Level 1:colcon.colcon_core.package_identification:_identify(isaac-sim/scripts) by extension 'colcon_pkg'
[0.078s] Level 1:colcon.colcon_core.package_identification:_identify(isaac-sim/scripts) by extensions ['colcon_meta']
[0.078s] Level 1:colcon.colcon_core.package_identification:_identify(isaac-sim/scripts) by extension 'colcon_meta'
[0.078s] Level 1:colcon.colcon_core.package_identification:_identify(isaac-sim/scripts) by extensions ['ros']
[0.078s] Level 1:colcon.colcon_core.package_identification:_identify(isaac-sim/scripts) by extension 'ros'
[0.078s] Level 1:colcon.colcon_core.package_identification:_identify(isaac-sim/scripts) by extensions ['cmake', 'python']
[0.078s] Level 1:colcon.colcon_core.package_identification:_identify(isaac-sim/scripts) by extension 'cmake'
[0.078s] Level 1:colcon.colcon_core.package_identification:_identify(isaac-sim/scripts) by extension 'python'
[0.078s] Level 1:colcon.colcon_core.package_identification:_identify(isaac-sim/scripts) by extensions ['python_setup_py']
[0.078s] Level 1:colcon.colcon_core.package_identification:_identify(isaac-sim/scripts) by extension 'python_setup_py'
[0.078s] Level 1:colcon.colcon_core.package_identification:_identify(isaac-sim/scripts/__pycache__) by extensions ['ignore', 'ignore_ament_install']
[0.078s] Level 1:colcon.colcon_core.package_identification:_identify(isaac-sim/scripts/__pycache__) by extension 'ignore'
[0.078s] Level 1:colcon.colcon_core.package_identification:_identify(isaac-sim/scripts/__pycache__) by extension 'ignore_ament_install'
[0.078s] Level 1:colcon.colcon_core.package_identification:_identify(isaac-sim/scripts/__pycache__) by extensions ['colcon_pkg']
[0.078s] Level 1:colcon.colcon_core.package_identification:_identify(isaac-sim/scripts/__pycache__) by extension 'colcon_pkg'
[0.078s] Level 1:colcon.colcon_core.package_identification:_identify(isaac-sim/scripts/__pycache__) by extensions ['colcon_meta']
[0.078s] Level 1:colcon.colcon_core.package_identification:_identify(isaac-sim/scripts/__pycache__) by extension 'colcon_meta'
[0.078s] Level 1:colcon.colcon_core.package_identification:_identify(isaac-sim/scripts/__pycache__) by extensions ['ros']
[0.078s] Level 1:colcon.colcon_core.package_identification:_identify(isaac-sim/scripts/__pycache__) by extension 'ros'
[0.078s] Level 1:colcon.colcon_core.package_identification:_identify(isaac-sim/scripts/__pycache__) by extensions ['cmake', 'python']
[0.078s] Level 1:colcon.colcon_core.package_identification:_identify(isaac-sim/scripts/__pycache__) by extension 'cmake'
[0.078s] Level 1:colcon.colcon_core.package_identification:_identify(isaac-sim/scripts/__pycache__) by extension 'python'
[0.078s] Level 1:colcon.colcon_core.package_identification:_identify(isaac-sim/scripts/__pycache__) by extensions ['python_setup_py']
[0.078s] Level 1:colcon.colcon_core.package_identification:_identify(isaac-sim/scripts/__pycache__) by extension 'python_setup_py'
[0.078s] Level 1:colcon.colcon_core.package_identification:_identify(isaac-sim/scripts/train) by extensions ['ignore', 'ignore_ament_install']
[0.078s] Level 1:colcon.colcon_core.package_identification:_identify(isaac-sim/scripts/train) by extension 'ignore'
[0.078s] Level 1:colcon.colcon_core.package_identification:_identify(isaac-sim/scripts/train) by extension 'ignore_ament_install'
[0.078s] Level 1:colcon.colcon_core.package_identification:_identify(isaac-sim/scripts/train) by extensions ['colcon_pkg']
[0.078s] Level 1:colcon.colcon_core.package_identification:_identify(isaac-sim/scripts/train) by extension 'colcon_pkg'
[0.078s] Level 1:colcon.colcon_core.package_identification:_identify(isaac-sim/scripts/train) by extensions ['colcon_meta']
[0.078s] Level 1:colcon.colcon_core.package_identification:_identify(isaac-sim/scripts/train) by extension 'colcon_meta'
[0.078s] Level 1:colcon.colcon_core.package_identification:_identify(isaac-sim/scripts/train) by extensions ['ros']
[0.078s] Level 1:colcon.colcon_core.package_identification:_identify(isaac-sim/scripts/train) by extension 'ros'
[0.078s] Level 1:colcon.colcon_core.package_identification:_identify(isaac-sim/scripts/train) by extensions ['cmake', 'python']
[0.078s] Level 1:colcon.colcon_core.package_identification:_identify(isaac-sim/scripts/train) by extension 'cmake'
[0.078s] Level 1:colcon.colcon_core.package_identification:_identify(isaac-sim/scripts/train) by extension 'python'
[0.078s] Level 1:colcon.colcon_core.package_identification:_identify(isaac-sim/scripts/train) by extensions ['python_setup_py']
[0.078s] Level 1:colcon.colcon_core.package_identification:_identify(isaac-sim/scripts/train) by extension 'python_setup_py'
[0.078s] Level 1:colcon.colcon_core.package_identification:_identify(isaac-sim/scripts/train/__pycache__) by extensions ['ignore', 'ignore_ament_install']
[0.079s] Level 1:colcon.colcon_core.package_identification:_identify(isaac-sim/scripts/train/__pycache__) by extension 'ignore'
[0.079s] Level 1:colcon.colcon_core.package_identification:_identify(isaac-sim/scripts/train/__pycache__) by extension 'ignore_ament_install'
[0.079s] Level 1:colcon.colcon_core.package_identification:_identify(isaac-sim/scripts/train/__pycache__) by extensions ['colcon_pkg']
[0.079s] Level 1:colcon.colcon_core.package_identification:_identify(isaac-sim/scripts/train/__pycache__) by extension 'colcon_pkg'
[0.079s] Level 1:colcon.colcon_core.package_identification:_identify(isaac-sim/scripts/train/__pycache__) by extensions ['colcon_meta']
[0.079s] Level 1:colcon.colcon_core.package_identification:_identify(isaac-sim/scripts/train/__pycache__) by extension 'colcon_meta'
[0.079s] Level 1:colcon.colcon_core.package_identification:_identify(isaac-sim/scripts/train/__pycache__) by extensions ['ros']
[0.079s] Level 1:colcon.colcon_core.package_identification:_identify(isaac-sim/scripts/train/__pycache__) by extension 'ros'
[0.079s] Level 1:colcon.colcon_core.package_identification:_identify(isaac-sim/scripts/train/__pycache__) by extensions ['cmake', 'python']
[0.079s] Level 1:colcon.colcon_core.package_identification:_identify(isaac-sim/scripts/train/__pycache__) by extension 'cmake'
[0.079s] Level 1:colcon.colcon_core.package_identification:_identify(isaac-sim/scripts/train/__pycache__) by extension 'python'
[0.079s] Level 1:colcon.colcon_core.package_identification:_identify(isaac-sim/scripts/train/__pycache__) by extensions ['python_setup_py']
[0.079s] Level 1:colcon.colcon_core.package_identification:_identify(isaac-sim/scripts/train/__pycache__) by extension 'python_setup_py'
[0.079s] Level 1:colcon.colcon_core.package_identification:_identify(isaac-sim/scripts/train/base) by extensions ['ignore', 'ignore_ament_install']
[0.079s] Level 1:colcon.colcon_core.package_identification:_identify(isaac-sim/scripts/train/base) by extension 'ignore'
[0.079s] Level 1:colcon.colcon_core.package_identification:_identify(isaac-sim/scripts/train/base) by extension 'ignore_ament_install'
[0.079s] Level 1:colcon.colcon_core.package_identification:_identify(isaac-sim/scripts/train/base) by extensions ['colcon_pkg']
[0.079s] Level 1:colcon.colcon_core.package_identification:_identify(isaac-sim/scripts/train/base) by extension 'colcon_pkg'
[0.079s] Level 1:colcon.colcon_core.package_identification:_identify(isaac-sim/scripts/train/base) by extensions ['colcon_meta']
[0.079s] Level 1:colcon.colcon_core.package_identification:_identify(isaac-sim/scripts/train/base) by extension 'colcon_meta'
[0.079s] Level 1:colcon.colcon_core.package_identification:_identify(isaac-sim/scripts/train/base) by extensions ['ros']
[0.079s] Level 1:colcon.colcon_core.package_identification:_identify(isaac-sim/scripts/train/base) by extension 'ros'
[0.079s] Level 1:colcon.colcon_core.package_identification:_identify(isaac-sim/scripts/train/base) by extensions ['cmake', 'python']
[0.079s] Level 1:colcon.colcon_core.package_identification:_identify(isaac-sim/scripts/train/base) by extension 'cmake'
[0.079s] Level 1:colcon.colcon_core.package_identification:_identify(isaac-sim/scripts/train/base) by extension 'python'
[0.079s] Level 1:colcon.colcon_core.package_identification:_identify(isaac-sim/scripts/train/base) by extensions ['python_setup_py']
[0.079s] Level 1:colcon.colcon_core.package_identification:_identify(isaac-sim/scripts/train/base) by extension 'python_setup_py'
[0.079s] Level 1:colcon.colcon_core.package_identification:_identify(isaac-sim/scripts/train/base/logs) by extensions ['ignore', 'ignore_ament_install']
[0.079s] Level 1:colcon.colcon_core.package_identification:_identify(isaac-sim/scripts/train/base/logs) by extension 'ignore'
[0.079s] Level 1:colcon.colcon_core.package_identification:_identify(isaac-sim/scripts/train/base/logs) by extension 'ignore_ament_install'
[0.079s] Level 1:colcon.colcon_core.package_identification:_identify(isaac-sim/scripts/train/base/logs) by extensions ['colcon_pkg']
[0.079s] Level 1:colcon.colcon_core.package_identification:_identify(isaac-sim/scripts/train/base/logs) by extension 'colcon_pkg'
[0.079s] Level 1:colcon.colcon_core.package_identification:_identify(isaac-sim/scripts/train/base/logs) by extensions ['colcon_meta']
[0.079s] Level 1:colcon.colcon_core.package_identification:_identify(isaac-sim/scripts/train/base/logs) by extension 'colcon_meta'
[0.079s] Level 1:colcon.colcon_core.package_identification:_identify(isaac-sim/scripts/train/base/logs) by extensions ['ros']
[0.079s] Level 1:colcon.colcon_core.package_identification:_identify(isaac-sim/scripts/train/base/logs) by extension 'ros'
[0.079s] Level 1:colcon.colcon_core.package_identification:_identify(isaac-sim/scripts/train/base/logs) by extensions ['cmake', 'python']
[0.079s] Level 1:colcon.colcon_core.package_identification:_identify(isaac-sim/scripts/train/base/logs) by extension 'cmake'
[0.079s] Level 1:colcon.colcon_core.package_identification:_identify(isaac-sim/scripts/train/base/logs) by extension 'python'
[0.079s] Level 1:colcon.colcon_core.package_identification:_identify(isaac-sim/scripts/train/base/logs) by extensions ['python_setup_py']
[0.079s] Level 1:colcon.colcon_core.package_identification:_identify(isaac-sim/scripts/train/base/logs) by extension 'python_setup_py'
[0.079s] Level 1:colcon.colcon_core.package_identification:_identify(isaac-sim/scripts/train/base/logs/skrl) by extensions ['ignore', 'ignore_ament_install']
[0.079s] Level 1:colcon.colcon_core.package_identification:_identify(isaac-sim/scripts/train/base/logs/skrl) by extension 'ignore'
[0.079s] Level 1:colcon.colcon_core.package_identification:_identify(isaac-sim/scripts/train/base/logs/skrl) by extension 'ignore_ament_install'
[0.079s] Level 1:colcon.colcon_core.package_identification:_identify(isaac-sim/scripts/train/base/logs/skrl) by extensions ['colcon_pkg']
[0.079s] Level 1:colcon.colcon_core.package_identification:_identify(isaac-sim/scripts/train/base/logs/skrl) by extension 'colcon_pkg'
[0.079s] Level 1:colcon.colcon_core.package_identification:_identify(isaac-sim/scripts/train/base/logs/skrl) by extensions ['colcon_meta']
[0.079s] Level 1:colcon.colcon_core.package_identification:_identify(isaac-sim/scripts/train/base/logs/skrl) by extension 'colcon_meta'
[0.079s] Level 1:colcon.colcon_core.package_identification:_identify(isaac-sim/scripts/train/base/logs/skrl) by extensions ['ros']
[0.079s] Level 1:colcon.colcon_core.package_identification:_identify(isaac-sim/scripts/train/base/logs/skrl) by extension 'ros'
[0.079s] Level 1:colcon.colcon_core.package_identification:_identify(isaac-sim/scripts/train/base/logs/skrl) by extensions ['cmake', 'python']
[0.079s] Level 1:colcon.colcon_core.package_identification:_identify(isaac-sim/scripts/train/base/logs/skrl) by extension 'cmake'
[0.079s] Level 1:colcon.colcon_core.package_identification:_identify(isaac-sim/scripts/train/base/logs/skrl) by extension 'python'
[0.079s] Level 1:colcon.colcon_core.package_identification:_identify(isaac-sim/scripts/train/base/logs/skrl) by extensions ['python_setup_py']
[0.079s] Level 1:colcon.colcon_core.package_identification:_identify(isaac-sim/scripts/train/base/logs/skrl) by extension 'python_setup_py'
[0.079s] Level 1:colcon.colcon_core.package_identification:_identify(isaac-sim/scripts/train/base/logs/skrl/reach_franka) by extensions ['ignore', 'ignore_ament_install']
[0.080s] Level 1:colcon.colcon_core.package_identification:_identify(isaac-sim/scripts/train/base/logs/skrl/reach_franka) by extension 'ignore'
[0.080s] Level 1:colcon.colcon_core.package_identification:_identify(isaac-sim/scripts/train/base/logs/skrl/reach_franka) by extension 'ignore_ament_install'
[0.080s] Level 1:colcon.colcon_core.package_identification:_identify(isaac-sim/scripts/train/base/logs/skrl/reach_franka) by extensions ['colcon_pkg']
[0.080s] Level 1:colcon.colcon_core.package_identification:_identify(isaac-sim/scripts/train/base/logs/skrl/reach_franka) by extension 'colcon_pkg'
[0.080s] Level 1:colcon.colcon_core.package_identification:_identify(isaac-sim/scripts/train/base/logs/skrl/reach_franka) by extensions ['colcon_meta']
[0.080s] Level 1:colcon.colcon_core.package_identification:_identify(isaac-sim/scripts/train/base/logs/skrl/reach_franka) by extension 'colcon_meta'
[0.080s] Level 1:colcon.colcon_core.package_identification:_identify(isaac-sim/scripts/train/base/logs/skrl/reach_franka) by extensions ['ros']
[0.080s] Level 1:colcon.colcon_core.package_identification:_identify(isaac-sim/scripts/train/base/logs/skrl/reach_franka) by extension 'ros'
[0.080s] Level 1:colcon.colcon_core.package_identification:_identify(isaac-sim/scripts/train/base/logs/skrl/reach_franka) by extensions ['cmake', 'python']
[0.080s] Level 1:colcon.colcon_core.package_identification:_identify(isaac-sim/scripts/train/base/logs/skrl/reach_franka) by extension 'cmake'
[0.080s] Level 1:colcon.colcon_core.package_identification:_identify(isaac-sim/scripts/train/base/logs/skrl/reach_franka) by extension 'python'
[0.080s] Level 1:colcon.colcon_core.package_identification:_identify(isaac-sim/scripts/train/base/logs/skrl/reach_franka) by extensions ['python_setup_py']
[0.080s] Level 1:colcon.colcon_core.package_identification:_identify(isaac-sim/scripts/train/base/logs/skrl/reach_franka) by extension 'python_setup_py'
[0.080s] Level 1:colcon.colcon_core.package_identification:_identify(isaac-sim/scripts/train/base/logs/skrl/reach_franka/2026-05-18_08-08-09_ppo_torch) by extensions ['ignore', 'ignore_ament_install']
[0.080s] Level 1:colcon.colcon_core.package_identification:_identify(isaac-sim/scripts/train/base/logs/skrl/reach_franka/2026-05-18_08-08-09_ppo_torch) by extension 'ignore'
[0.080s] Level 1:colcon.colcon_core.package_identification:_identify(isaac-sim/scripts/train/base/logs/skrl/reach_franka/2026-05-18_08-08-09_ppo_torch) by extension 'ignore_ament_install'
[0.080s] Level 1:colcon.colcon_core.package_identification:_identify(isaac-sim/scripts/train/base/logs/skrl/reach_franka/2026-05-18_08-08-09_ppo_torch) by extensions ['colcon_pkg']
[0.080s] Level 1:colcon.colcon_core.package_identification:_identify(isaac-sim/scripts/train/base/logs/skrl/reach_franka/2026-05-18_08-08-09_ppo_torch) by extension 'colcon_pkg'
[0.080s] Level 1:colcon.colcon_core.package_identification:_identify(isaac-sim/scripts/train/base/logs/skrl/reach_franka/2026-05-18_08-08-09_ppo_torch) by extensions ['colcon_meta']
[0.080s] Level 1:colcon.colcon_core.package_identification:_identify(isaac-sim/scripts/train/base/logs/skrl/reach_franka/2026-05-18_08-08-09_ppo_torch) by extension 'colcon_meta'
[0.080s] Level 1:colcon.colcon_core.package_identification:_identify(isaac-sim/scripts/train/base/logs/skrl/reach_franka/2026-05-18_08-08-09_ppo_torch) by extensions ['ros']
[0.080s] Level 1:colcon.colcon_core.package_identification:_identify(isaac-sim/scripts/train/base/logs/skrl/reach_franka/2026-05-18_08-08-09_ppo_torch) by extension 'ros'
[0.080s] Level 1:colcon.colcon_core.package_identification:_identify(isaac-sim/scripts/train/base/logs/skrl/reach_franka/2026-05-18_08-08-09_ppo_torch) by extensions ['cmake', 'python']
[0.080s] Level 1:colcon.colcon_core.package_identification:_identify(isaac-sim/scripts/train/base/logs/skrl/reach_franka/2026-05-18_08-08-09_ppo_torch) by extension 'cmake'
[0.080s] Level 1:colcon.colcon_core.package_identification:_identify(isaac-sim/scripts/train/base/logs/skrl/reach_franka/2026-05-18_08-08-09_ppo_torch) by extension 'python'
[0.080s] Level 1:colcon.colcon_core.package_identification:_identify(isaac-sim/scripts/train/base/logs/skrl/reach_franka/2026-05-18_08-08-09_ppo_torch) by extensions ['python_setup_py']
[0.080s] Level 1:colcon.colcon_core.package_identification:_identify(isaac-sim/scripts/train/base/logs/skrl/reach_franka/2026-05-18_08-08-09_ppo_torch) by extension 'python_setup_py'
[0.080s] Level 1:colcon.colcon_core.package_identification:_identify(isaac-sim/scripts/train/base/logs/skrl/reach_franka/2026-05-18_08-08-09_ppo_torch/checkpoints) by extensions ['ignore', 'ignore_ament_install']
[0.080s] Level 1:colcon.colcon_core.package_identification:_identify(isaac-sim/scripts/train/base/logs/skrl/reach_franka/2026-05-18_08-08-09_ppo_torch/checkpoints) by extension 'ignore'
[0.080s] Level 1:colcon.colcon_core.package_identification:_identify(isaac-sim/scripts/train/base/logs/skrl/reach_franka/2026-05-18_08-08-09_ppo_torch/checkpoints) by extension 'ignore_ament_install'
[0.080s] Level 1:colcon.colcon_core.package_identification:_identify(isaac-sim/scripts/train/base/logs/skrl/reach_franka/2026-05-18_08-08-09_ppo_torch/checkpoints) by extensions ['colcon_pkg']
[0.080s] Level 1:colcon.colcon_core.package_identification:_identify(isaac-sim/scripts/train/base/logs/skrl/reach_franka/2026-05-18_08-08-09_ppo_torch/checkpoints) by extension 'colcon_pkg'
[0.080s] Level 1:colcon.colcon_core.package_identification:_identify(isaac-sim/scripts/train/base/logs/skrl/reach_franka/2026-05-18_08-08-09_ppo_torch/checkpoints) by extensions ['colcon_meta']
[0.080s] Level 1:colcon.colcon_core.package_identification:_identify(isaac-sim/scripts/train/base/logs/skrl/reach_franka/2026-05-18_08-08-09_ppo_torch/checkpoints) by extension 'colcon_meta'
[0.080s] Level 1:colcon.colcon_core.package_identification:_identify(isaac-sim/scripts/train/base/logs/skrl/reach_franka/2026-05-18_08-08-09_ppo_torch/checkpoints) by extensions ['ros']
[0.080s] Level 1:colcon.colcon_core.package_identification:_identify(isaac-sim/scripts/train/base/logs/skrl/reach_franka/2026-05-18_08-08-09_ppo_torch/checkpoints) by extension 'ros'
[0.080s] Level 1:colcon.colcon_core.package_identification:_identify(isaac-sim/scripts/train/base/logs/skrl/reach_franka/2026-05-18_08-08-09_ppo_torch/checkpoints) by extensions ['cmake', 'python']
[0.080s] Level 1:colcon.colcon_core.package_identification:_identify(isaac-sim/scripts/train/base/logs/skrl/reach_franka/2026-05-18_08-08-09_ppo_torch/checkpoints) by extension 'cmake'
[0.080s] Level 1:colcon.colcon_core.package_identification:_identify(isaac-sim/scripts/train/base/logs/skrl/reach_franka/2026-05-18_08-08-09_ppo_torch/checkpoints) by extension 'python'
[0.080s] Level 1:colcon.colcon_core.package_identification:_identify(isaac-sim/scripts/train/base/logs/skrl/reach_franka/2026-05-18_08-08-09_ppo_torch/checkpoints) by extensions ['python_setup_py']
[0.080s] Level 1:colcon.colcon_core.package_identification:_identify(isaac-sim/scripts/train/base/logs/skrl/reach_franka/2026-05-18_08-08-09_ppo_torch/checkpoints) by extension 'python_setup_py'
[0.080s] Level 1:colcon.colcon_core.package_identification:_identify(isaac-sim/scripts/train/base/logs/skrl/reach_franka/2026-05-18_08-08-09_ppo_torch/params) by extensions ['ignore', 'ignore_ament_install']
[0.080s] Level 1:colcon.colcon_core.package_identification:_identify(isaac-sim/scripts/train/base/logs/skrl/reach_franka/2026-05-18_08-08-09_ppo_torch/params) by extension 'ignore'
[0.080s] Level 1:colcon.colcon_core.package_identification:_identify(isaac-sim/scripts/train/base/logs/skrl/reach_franka/2026-05-18_08-08-09_ppo_torch/params) by extension 'ignore_ament_install'
[0.080s] Level 1:colcon.colcon_core.package_identification:_identify(isaac-sim/scripts/train/base/logs/skrl/reach_franka/2026-05-18_08-08-09_ppo_torch/params) by extensions ['colcon_pkg']
[0.080s] Level 1:colcon.colcon_core.package_identification:_identify(isaac-sim/scripts/train/base/logs/skrl/reach_franka/2026-05-18_08-08-09_ppo_torch/params) by extension 'colcon_pkg'
[0.080s] Level 1:colcon.colcon_core.package_identification:_identify(isaac-sim/scripts/train/base/logs/skrl/reach_franka/2026-05-18_08-08-09_ppo_torch/params) by extensions ['colcon_meta']
[0.080s] Level 1:colcon.colcon_core.package_identification:_identify(isaac-sim/scripts/train/base/logs/skrl/reach_franka/2026-05-18_08-08-09_ppo_torch/params) by extension 'colcon_meta'
[0.080s] Level 1:colcon.colcon_core.package_identification:_identify(isaac-sim/scripts/train/base/logs/skrl/reach_franka/2026-05-18_08-08-09_ppo_torch/params) by extensions ['ros']
[0.080s] Level 1:colcon.colcon_core.package_identification:_identify(isaac-sim/scripts/train/base/logs/skrl/reach_franka/2026-05-18_08-08-09_ppo_torch/params) by extension 'ros'
[0.080s] Level 1:colcon.colcon_core.package_identification:_identify(isaac-sim/scripts/train/base/logs/skrl/reach_franka/2026-05-18_08-08-09_ppo_torch/params) by extensions ['cmake', 'python']
[0.080s] Level 1:colcon.colcon_core.package_identification:_identify(isaac-sim/scripts/train/base/logs/skrl/reach_franka/2026-05-18_08-08-09_ppo_torch/params) by extension 'cmake'
[0.080s] Level 1:colcon.colcon_core.package_identification:_identify(isaac-sim/scripts/train/base/logs/skrl/reach_franka/2026-05-18_08-08-09_ppo_torch/params) by extension 'python'
[0.080s] Level 1:colcon.colcon_core.package_identification:_identify(isaac-sim/scripts/train/base/logs/skrl/reach_franka/2026-05-18_08-08-09_ppo_torch/params) by extensions ['python_setup_py']
[0.081s] Level 1:colcon.colcon_core.package_identification:_identify(isaac-sim/scripts/train/base/logs/skrl/reach_franka/2026-05-18_08-08-09_ppo_torch/params) by extension 'python_setup_py'
[0.081s] Level 1:colcon.colcon_core.package_identification:_identify(isaac-sim/scripts/train/base/uf_xarm6) by extensions ['ignore', 'ignore_ament_install']
[0.081s] Level 1:colcon.colcon_core.package_identification:_identify(isaac-sim/scripts/train/base/uf_xarm6) by extension 'ignore'
[0.081s] Level 1:colcon.colcon_core.package_identification:_identify(isaac-sim/scripts/train/base/uf_xarm6) by extension 'ignore_ament_install'
[0.081s] Level 1:colcon.colcon_core.package_identification:_identify(isaac-sim/scripts/train/base/uf_xarm6) by extensions ['colcon_pkg']
[0.081s] Level 1:colcon.colcon_core.package_identification:_identify(isaac-sim/scripts/train/base/uf_xarm6) by extension 'colcon_pkg'
[0.081s] Level 1:colcon.colcon_core.package_identification:_identify(isaac-sim/scripts/train/base/uf_xarm6) by extensions ['colcon_meta']
[0.081s] Level 1:colcon.colcon_core.package_identification:_identify(isaac-sim/scripts/train/base/uf_xarm6) by extension 'colcon_meta'
[0.081s] Level 1:colcon.colcon_core.package_identification:_identify(isaac-sim/scripts/train/base/uf_xarm6) by extensions ['ros']
[0.081s] Level 1:colcon.colcon_core.package_identification:_identify(isaac-sim/scripts/train/base/uf_xarm6) by extension 'ros'
[0.081s] Level 1:colcon.colcon_core.package_identification:_identify(isaac-sim/scripts/train/base/uf_xarm6) by extensions ['cmake', 'python']
[0.081s] Level 1:colcon.colcon_core.package_identification:_identify(isaac-sim/scripts/train/base/uf_xarm6) by extension 'cmake'
[0.081s] Level 1:colcon.colcon_core.package_identification:_identify(isaac-sim/scripts/train/base/uf_xarm6) by extension 'python'
[0.081s] Level 1:colcon.colcon_core.package_identification:_identify(isaac-sim/scripts/train/base/uf_xarm6) by extensions ['python_setup_py']
[0.081s] Level 1:colcon.colcon_core.package_identification:_identify(isaac-sim/scripts/train/base/uf_xarm6) by extension 'python_setup_py'
[0.081s] Level 1:colcon.colcon_core.package_identification:_identify(isaac-sim/scripts/train/base/uf_xarm6/__pycache__) by extensions ['ignore', 'ignore_ament_install']
[0.081s] Level 1:colcon.colcon_core.package_identification:_identify(isaac-sim/scripts/train/base/uf_xarm6/__pycache__) by extension 'ignore'
[0.081s] Level 1:colcon.colcon_core.package_identification:_identify(isaac-sim/scripts/train/base/uf_xarm6/__pycache__) by extension 'ignore_ament_install'
[0.081s] Level 1:colcon.colcon_core.package_identification:_identify(isaac-sim/scripts/train/base/uf_xarm6/__pycache__) by extensions ['colcon_pkg']
[0.081s] Level 1:colcon.colcon_core.package_identification:_identify(isaac-sim/scripts/train/base/uf_xarm6/__pycache__) by extension 'colcon_pkg'
[0.081s] Level 1:colcon.colcon_core.package_identification:_identify(isaac-sim/scripts/train/base/uf_xarm6/__pycache__) by extensions ['colcon_meta']
[0.081s] Level 1:colcon.colcon_core.package_identification:_identify(isaac-sim/scripts/train/base/uf_xarm6/__pycache__) by extension 'colcon_meta'
[0.081s] Level 1:colcon.colcon_core.package_identification:_identify(isaac-sim/scripts/train/base/uf_xarm6/__pycache__) by extensions ['ros']
[0.081s] Level 1:colcon.colcon_core.package_identification:_identify(isaac-sim/scripts/train/base/uf_xarm6/__pycache__) by extension 'ros'
[0.081s] Level 1:colcon.colcon_core.package_identification:_identify(isaac-sim/scripts/train/base/uf_xarm6/__pycache__) by extensions ['cmake', 'python']
[0.081s] Level 1:colcon.colcon_core.package_identification:_identify(isaac-sim/scripts/train/base/uf_xarm6/__pycache__) by extension 'cmake'
[0.081s] Level 1:colcon.colcon_core.package_identification:_identify(isaac-sim/scripts/train/base/uf_xarm6/__pycache__) by extension 'python'
[0.081s] Level 1:colcon.colcon_core.package_identification:_identify(isaac-sim/scripts/train/base/uf_xarm6/__pycache__) by extensions ['python_setup_py']
[0.081s] Level 1:colcon.colcon_core.package_identification:_identify(isaac-sim/scripts/train/base/uf_xarm6/__pycache__) by extension 'python_setup_py'
[0.081s] Level 1:colcon.colcon_core.package_identification:_identify(isaac-sim/scripts/train/base/uf_xarm6/agents) by extensions ['ignore', 'ignore_ament_install']
[0.081s] Level 1:colcon.colcon_core.package_identification:_identify(isaac-sim/scripts/train/base/uf_xarm6/agents) by extension 'ignore'
[0.081s] Level 1:colcon.colcon_core.package_identification:_identify(isaac-sim/scripts/train/base/uf_xarm6/agents) by extension 'ignore_ament_install'
[0.081s] Level 1:colcon.colcon_core.package_identification:_identify(isaac-sim/scripts/train/base/uf_xarm6/agents) by extensions ['colcon_pkg']
[0.081s] Level 1:colcon.colcon_core.package_identification:_identify(isaac-sim/scripts/train/base/uf_xarm6/agents) by extension 'colcon_pkg'
[0.081s] Level 1:colcon.colcon_core.package_identification:_identify(isaac-sim/scripts/train/base/uf_xarm6/agents) by extensions ['colcon_meta']
[0.081s] Level 1:colcon.colcon_core.package_identification:_identify(isaac-sim/scripts/train/base/uf_xarm6/agents) by extension 'colcon_meta'
[0.081s] Level 1:colcon.colcon_core.package_identification:_identify(isaac-sim/scripts/train/base/uf_xarm6/agents) by extensions ['ros']
[0.081s] Level 1:colcon.colcon_core.package_identification:_identify(isaac-sim/scripts/train/base/uf_xarm6/agents) by extension 'ros'
[0.081s] Level 1:colcon.colcon_core.package_identification:_identify(isaac-sim/scripts/train/base/uf_xarm6/agents) by extensions ['cmake', 'python']
[0.081s] Level 1:colcon.colcon_core.package_identification:_identify(isaac-sim/scripts/train/base/uf_xarm6/agents) by extension 'cmake'
[0.081s] Level 1:colcon.colcon_core.package_identification:_identify(isaac-sim/scripts/train/base/uf_xarm6/agents) by extension 'python'
[0.081s] Level 1:colcon.colcon_core.package_identification:_identify(isaac-sim/scripts/train/base/uf_xarm6/agents) by extensions ['python_setup_py']
[0.081s] Level 1:colcon.colcon_core.package_identification:_identify(isaac-sim/scripts/train/base/uf_xarm6/agents) by extension 'python_setup_py'
[0.081s] Level 1:colcon.colcon_core.package_identification:_identify(isaac-sim/scripts/train/base/uf_xarm6/agents/__pycache__) by extensions ['ignore', 'ignore_ament_install']
[0.081s] Level 1:colcon.colcon_core.package_identification:_identify(isaac-sim/scripts/train/base/uf_xarm6/agents/__pycache__) by extension 'ignore'
[0.081s] Level 1:colcon.colcon_core.package_identification:_identify(isaac-sim/scripts/train/base/uf_xarm6/agents/__pycache__) by extension 'ignore_ament_install'
[0.081s] Level 1:colcon.colcon_core.package_identification:_identify(isaac-sim/scripts/train/base/uf_xarm6/agents/__pycache__) by extensions ['colcon_pkg']
[0.081s] Level 1:colcon.colcon_core.package_identification:_identify(isaac-sim/scripts/train/base/uf_xarm6/agents/__pycache__) by extension 'colcon_pkg'
[0.081s] Level 1:colcon.colcon_core.package_identification:_identify(isaac-sim/scripts/train/base/uf_xarm6/agents/__pycache__) by extensions ['colcon_meta']
[0.081s] Level 1:colcon.colcon_core.package_identification:_identify(isaac-sim/scripts/train/base/uf_xarm6/agents/__pycache__) by extension 'colcon_meta'
[0.081s] Level 1:colcon.colcon_core.package_identification:_identify(isaac-sim/scripts/train/base/uf_xarm6/agents/__pycache__) by extensions ['ros']
[0.081s] Level 1:colcon.colcon_core.package_identification:_identify(isaac-sim/scripts/train/base/uf_xarm6/agents/__pycache__) by extension 'ros'
[0.081s] Level 1:colcon.colcon_core.package_identification:_identify(isaac-sim/scripts/train/base/uf_xarm6/agents/__pycache__) by extensions ['cmake', 'python']
[0.081s] Level 1:colcon.colcon_core.package_identification:_identify(isaac-sim/scripts/train/base/uf_xarm6/agents/__pycache__) by extension 'cmake'
[0.081s] Level 1:colcon.colcon_core.package_identification:_identify(isaac-sim/scripts/train/base/uf_xarm6/agents/__pycache__) by extension 'python'
[0.082s] Level 1:colcon.colcon_core.package_identification:_identify(isaac-sim/scripts/train/base/uf_xarm6/agents/__pycache__) by extensions ['python_setup_py']
[0.082s] Level 1:colcon.colcon_core.package_identification:_identify(isaac-sim/scripts/train/base/uf_xarm6/agents/__pycache__) by extension 'python_setup_py'
[0.082s] Level 1:colcon.colcon_core.package_identification:_identify(isaac-sim/scripts/train/base/uf_xarm6/usd) by extensions ['ignore', 'ignore_ament_install']
[0.082s] Level 1:colcon.colcon_core.package_identification:_identify(isaac-sim/scripts/train/base/uf_xarm6/usd) by extension 'ignore'
[0.082s] Level 1:colcon.colcon_core.package_identification:_identify(isaac-sim/scripts/train/base/uf_xarm6/usd) by extension 'ignore_ament_install'
[0.082s] Level 1:colcon.colcon_core.package_identification:_identify(isaac-sim/scripts/train/base/uf_xarm6/usd) by extensions ['colcon_pkg']
[0.082s] Level 1:colcon.colcon_core.package_identification:_identify(isaac-sim/scripts/train/base/uf_xarm6/usd) by extension 'colcon_pkg'
[0.082s] Level 1:colcon.colcon_core.package_identification:_identify(isaac-sim/scripts/train/base/uf_xarm6/usd) by extensions ['colcon_meta']
[0.082s] Level 1:colcon.colcon_core.package_identification:_identify(isaac-sim/scripts/train/base/uf_xarm6/usd) by extension 'colcon_meta'
[0.082s] Level 1:colcon.colcon_core.package_identification:_identify(isaac-sim/scripts/train/base/uf_xarm6/usd) by extensions ['ros']
[0.082s] Level 1:colcon.colcon_core.package_identification:_identify(isaac-sim/scripts/train/base/uf_xarm6/usd) by extension 'ros'
[0.082s] Level 1:colcon.colcon_core.package_identification:_identify(isaac-sim/scripts/train/base/uf_xarm6/usd) by extensions ['cmake', 'python']
[0.082s] Level 1:colcon.colcon_core.package_identification:_identify(isaac-sim/scripts/train/base/uf_xarm6/usd) by extension 'cmake'
[0.082s] Level 1:colcon.colcon_core.package_identification:_identify(isaac-sim/scripts/train/base/uf_xarm6/usd) by extension 'python'
[0.082s] Level 1:colcon.colcon_core.package_identification:_identify(isaac-sim/scripts/train/base/uf_xarm6/usd) by extensions ['python_setup_py']
[0.082s] Level 1:colcon.colcon_core.package_identification:_identify(isaac-sim/scripts/train/base/uf_xarm6/usd) by extension 'python_setup_py'
[0.082s] Level 1:colcon.colcon_core.package_identification:_identify(isaac-sim/scripts/train/uf_xarm6) by extensions ['ignore', 'ignore_ament_install']
[0.082s] Level 1:colcon.colcon_core.package_identification:_identify(isaac-sim/scripts/train/uf_xarm6) by extension 'ignore'
[0.082s] Level 1:colcon.colcon_core.package_identification:_identify(isaac-sim/scripts/train/uf_xarm6) by extension 'ignore_ament_install'
[0.082s] Level 1:colcon.colcon_core.package_identification:_identify(isaac-sim/scripts/train/uf_xarm6) by extensions ['colcon_pkg']
[0.082s] Level 1:colcon.colcon_core.package_identification:_identify(isaac-sim/scripts/train/uf_xarm6) by extension 'colcon_pkg'
[0.082s] Level 1:colcon.colcon_core.package_identification:_identify(isaac-sim/scripts/train/uf_xarm6) by extensions ['colcon_meta']
[0.082s] Level 1:colcon.colcon_core.package_identification:_identify(isaac-sim/scripts/train/uf_xarm6) by extension 'colcon_meta'
[0.082s] Level 1:colcon.colcon_core.package_identification:_identify(isaac-sim/scripts/train/uf_xarm6) by extensions ['ros']
[0.082s] Level 1:colcon.colcon_core.package_identification:_identify(isaac-sim/scripts/train/uf_xarm6) by extension 'ros'
[0.082s] Level 1:colcon.colcon_core.package_identification:_identify(isaac-sim/scripts/train/uf_xarm6) by extensions ['cmake', 'python']
[0.082s] Level 1:colcon.colcon_core.package_identification:_identify(isaac-sim/scripts/train/uf_xarm6) by extension 'cmake'
[0.082s] Level 1:colcon.colcon_core.package_identification:_identify(isaac-sim/scripts/train/uf_xarm6) by extension 'python'
[0.082s] Level 1:colcon.colcon_core.package_identification:_identify(isaac-sim/scripts/train/uf_xarm6) by extensions ['python_setup_py']
[0.082s] Level 1:colcon.colcon_core.package_identification:_identify(isaac-sim/scripts/train/uf_xarm6) by extension 'python_setup_py'
[0.082s] Level 1:colcon.colcon_core.package_identification:_identify(isaac-sim/scripts/train/uf_xarm6/__pycache__) by extensions ['ignore', 'ignore_ament_install']
[0.082s] Level 1:colcon.colcon_core.package_identification:_identify(isaac-sim/scripts/train/uf_xarm6/__pycache__) by extension 'ignore'
[0.083s] Level 1:colcon.colcon_core.package_identification:_identify(isaac-sim/scripts/train/uf_xarm6/__pycache__) by extension 'ignore_ament_install'
[0.083s] Level 1:colcon.colcon_core.package_identification:_identify(isaac-sim/scripts/train/uf_xarm6/__pycache__) by extensions ['colcon_pkg']
[0.083s] Level 1:colcon.colcon_core.package_identification:_identify(isaac-sim/scripts/train/uf_xarm6/__pycache__) by extension 'colcon_pkg'
[0.083s] Level 1:colcon.colcon_core.package_identification:_identify(isaac-sim/scripts/train/uf_xarm6/__pycache__) by extensions ['colcon_meta']
[0.083s] Level 1:colcon.colcon_core.package_identification:_identify(isaac-sim/scripts/train/uf_xarm6/__pycache__) by extension 'colcon_meta'
[0.083s] Level 1:colcon.colcon_core.package_identification:_identify(isaac-sim/scripts/train/uf_xarm6/__pycache__) by extensions ['ros']
[0.083s] Level 1:colcon.colcon_core.package_identification:_identify(isaac-sim/scripts/train/uf_xarm6/__pycache__) by extension 'ros'
[0.083s] Level 1:colcon.colcon_core.package_identification:_identify(isaac-sim/scripts/train/uf_xarm6/__pycache__) by extensions ['cmake', 'python']
[0.083s] Level 1:colcon.colcon_core.package_identification:_identify(isaac-sim/scripts/train/uf_xarm6/__pycache__) by extension 'cmake'
[0.083s] Level 1:colcon.colcon_core.package_identification:_identify(isaac-sim/scripts/train/uf_xarm6/__pycache__) by extension 'python'
[0.083s] Level 1:colcon.colcon_core.package_identification:_identify(isaac-sim/scripts/train/uf_xarm6/__pycache__) by extensions ['python_setup_py']
[0.083s] Level 1:colcon.colcon_core.package_identification:_identify(isaac-sim/scripts/train/uf_xarm6/__pycache__) by extension 'python_setup_py'
[0.083s] Level 1:colcon.colcon_core.package_identification:_identify(isaac-sim/scripts/train/uf_xarm6/agents) by extensions ['ignore', 'ignore_ament_install']
[0.083s] Level 1:colcon.colcon_core.package_identification:_identify(isaac-sim/scripts/train/uf_xarm6/agents) by extension 'ignore'
[0.083s] Level 1:colcon.colcon_core.package_identification:_identify(isaac-sim/scripts/train/uf_xarm6/agents) by extension 'ignore_ament_install'
[0.083s] Level 1:colcon.colcon_core.package_identification:_identify(isaac-sim/scripts/train/uf_xarm6/agents) by extensions ['colcon_pkg']
[0.083s] Level 1:colcon.colcon_core.package_identification:_identify(isaac-sim/scripts/train/uf_xarm6/agents) by extension 'colcon_pkg'
[0.083s] Level 1:colcon.colcon_core.package_identification:_identify(isaac-sim/scripts/train/uf_xarm6/agents) by extensions ['colcon_meta']
[0.083s] Level 1:colcon.colcon_core.package_identification:_identify(isaac-sim/scripts/train/uf_xarm6/agents) by extension 'colcon_meta'
[0.083s] Level 1:colcon.colcon_core.package_identification:_identify(isaac-sim/scripts/train/uf_xarm6/agents) by extensions ['ros']
[0.083s] Level 1:colcon.colcon_core.package_identification:_identify(isaac-sim/scripts/train/uf_xarm6/agents) by extension 'ros'
[0.083s] Level 1:colcon.colcon_core.package_identification:_identify(isaac-sim/scripts/train/uf_xarm6/agents) by extensions ['cmake', 'python']
[0.083s] Level 1:colcon.colcon_core.package_identification:_identify(isaac-sim/scripts/train/uf_xarm6/agents) by extension 'cmake'
[0.083s] Level 1:colcon.colcon_core.package_identification:_identify(isaac-sim/scripts/train/uf_xarm6/agents) by extension 'python'
[0.083s] Level 1:colcon.colcon_core.package_identification:_identify(isaac-sim/scripts/train/uf_xarm6/agents) by extensions ['python_setup_py']
[0.083s] Level 1:colcon.colcon_core.package_identification:_identify(isaac-sim/scripts/train/uf_xarm6/agents) by extension 'python_setup_py'
[0.083s] Level 1:colcon.colcon_core.package_identification:_identify(isaac-sim/scripts/train/uf_xarm6/agents/__pycache__) by extensions ['ignore', 'ignore_ament_install']
[0.083s] Level 1:colcon.colcon_core.package_identification:_identify(isaac-sim/scripts/train/uf_xarm6/agents/__pycache__) by extension 'ignore'
[0.083s] Level 1:colcon.colcon_core.package_identification:_identify(isaac-sim/scripts/train/uf_xarm6/agents/__pycache__) by extension 'ignore_ament_install'
[0.083s] Level 1:colcon.colcon_core.package_identification:_identify(isaac-sim/scripts/train/uf_xarm6/agents/__pycache__) by extensions ['colcon_pkg']
[0.083s] Level 1:colcon.colcon_core.package_identification:_identify(isaac-sim/scripts/train/uf_xarm6/agents/__pycache__) by extension 'colcon_pkg'
[0.083s] Level 1:colcon.colcon_core.package_identification:_identify(isaac-sim/scripts/train/uf_xarm6/agents/__pycache__) by extensions ['colcon_meta']
[0.083s] Level 1:colcon.colcon_core.package_identification:_identify(isaac-sim/scripts/train/uf_xarm6/agents/__pycache__) by extension 'colcon_meta'
[0.083s] Level 1:colcon.colcon_core.package_identification:_identify(isaac-sim/scripts/train/uf_xarm6/agents/__pycache__) by extensions ['ros']
[0.083s] Level 1:colcon.colcon_core.package_identification:_identify(isaac-sim/scripts/train/uf_xarm6/agents/__pycache__) by extension 'ros'
[0.083s] Level 1:colcon.colcon_core.package_identification:_identify(isaac-sim/scripts/train/uf_xarm6/agents/__pycache__) by extensions ['cmake', 'python']
[0.083s] Level 1:colcon.colcon_core.package_identification:_identify(isaac-sim/scripts/train/uf_xarm6/agents/__pycache__) by extension 'cmake'
[0.083s] Level 1:colcon.colcon_core.package_identification:_identify(isaac-sim/scripts/train/uf_xarm6/agents/__pycache__) by extension 'python'
[0.083s] Level 1:colcon.colcon_core.package_identification:_identify(isaac-sim/scripts/train/uf_xarm6/agents/__pycache__) by extensions ['python_setup_py']
[0.083s] Level 1:colcon.colcon_core.package_identification:_identify(isaac-sim/scripts/train/uf_xarm6/agents/__pycache__) by extension 'python_setup_py'
[0.083s] Level 1:colcon.colcon_core.package_identification:_identify(isaac-sim/scripts/usd) by extensions ['ignore', 'ignore_ament_install']
[0.083s] Level 1:colcon.colcon_core.package_identification:_identify(isaac-sim/scripts/usd) by extension 'ignore'
[0.083s] Level 1:colcon.colcon_core.package_identification:_identify(isaac-sim/scripts/usd) by extension 'ignore_ament_install'
[0.083s] Level 1:colcon.colcon_core.package_identification:_identify(isaac-sim/scripts/usd) by extensions ['colcon_pkg']
[0.083s] Level 1:colcon.colcon_core.package_identification:_identify(isaac-sim/scripts/usd) by extension 'colcon_pkg'
[0.083s] Level 1:colcon.colcon_core.package_identification:_identify(isaac-sim/scripts/usd) by extensions ['colcon_meta']
[0.083s] Level 1:colcon.colcon_core.package_identification:_identify(isaac-sim/scripts/usd) by extension 'colcon_meta'
[0.083s] Level 1:colcon.colcon_core.package_identification:_identify(isaac-sim/scripts/usd) by extensions ['ros']
[0.083s] Level 1:colcon.colcon_core.package_identification:_identify(isaac-sim/scripts/usd) by extension 'ros'
[0.083s] Level 1:colcon.colcon_core.package_identification:_identify(isaac-sim/scripts/usd) by extensions ['cmake', 'python']
[0.083s] Level 1:colcon.colcon_core.package_identification:_identify(isaac-sim/scripts/usd) by extension 'cmake'
[0.083s] Level 1:colcon.colcon_core.package_identification:_identify(isaac-sim/scripts/usd) by extension 'python'
[0.083s] Level 1:colcon.colcon_core.package_identification:_identify(isaac-sim/scripts/usd) by extensions ['python_setup_py']
[0.083s] Level 1:colcon.colcon_core.package_identification:_identify(isaac-sim/scripts/usd) by extension 'python_setup_py'
[0.083s] Level 1:colcon.colcon_core.package_identification:_identify(isaac-sim/xarm6_motorlineal_montaje) by extensions ['ignore', 'ignore_ament_install']
[0.084s] Level 1:colcon.colcon_core.package_identification:_identify(isaac-sim/xarm6_motorlineal_montaje) by extension 'ignore'
[0.084s] Level 1:colcon.colcon_core.package_identification:_identify(isaac-sim/xarm6_motorlineal_montaje) by extension 'ignore_ament_install'
[0.084s] Level 1:colcon.colcon_core.package_identification:_identify(isaac-sim/xarm6_motorlineal_montaje) by extensions ['colcon_pkg']
[0.084s] Level 1:colcon.colcon_core.package_identification:_identify(isaac-sim/xarm6_motorlineal_montaje) by extension 'colcon_pkg'
[0.084s] Level 1:colcon.colcon_core.package_identification:_identify(isaac-sim/xarm6_motorlineal_montaje) by extensions ['colcon_meta']
[0.084s] Level 1:colcon.colcon_core.package_identification:_identify(isaac-sim/xarm6_motorlineal_montaje) by extension 'colcon_meta'
[0.084s] Level 1:colcon.colcon_core.package_identification:_identify(isaac-sim/xarm6_motorlineal_montaje) by extensions ['ros']
[0.084s] Level 1:colcon.colcon_core.package_identification:_identify(isaac-sim/xarm6_motorlineal_montaje) by extension 'ros'
[0.084s] Level 1:colcon.colcon_core.package_identification:_identify(isaac-sim/xarm6_motorlineal_montaje) by extensions ['cmake', 'python']
[0.084s] Level 1:colcon.colcon_core.package_identification:_identify(isaac-sim/xarm6_motorlineal_montaje) by extension 'cmake'
[0.084s] Level 1:colcon.colcon_core.package_identification:_identify(isaac-sim/xarm6_motorlineal_montaje) by extension 'python'
[0.084s] Level 1:colcon.colcon_core.package_identification:_identify(isaac-sim/xarm6_motorlineal_montaje) by extensions ['python_setup_py']
[0.084s] Level 1:colcon.colcon_core.package_identification:_identify(isaac-sim/xarm6_motorlineal_montaje) by extension 'python_setup_py'
[0.084s] Level 1:colcon.colcon_core.package_identification:_identify(isaac-sim/xarm6_motorlineal_montaje/ft_sensor) by extensions ['ignore', 'ignore_ament_install']
[0.084s] Level 1:colcon.colcon_core.package_identification:_identify(isaac-sim/xarm6_motorlineal_montaje/ft_sensor) by extension 'ignore'
[0.084s] Level 1:colcon.colcon_core.package_identification:_identify(isaac-sim/xarm6_motorlineal_montaje/ft_sensor) by extension 'ignore_ament_install'
[0.084s] Level 1:colcon.colcon_core.package_identification:_identify(isaac-sim/xarm6_motorlineal_montaje/ft_sensor) by extensions ['colcon_pkg']
[0.084s] Level 1:colcon.colcon_core.package_identification:_identify(isaac-sim/xarm6_motorlineal_montaje/ft_sensor) by extension 'colcon_pkg'
[0.084s] Level 1:colcon.colcon_core.package_identification:_identify(isaac-sim/xarm6_motorlineal_montaje/ft_sensor) by extensions ['colcon_meta']
[0.084s] Level 1:colcon.colcon_core.package_identification:_identify(isaac-sim/xarm6_motorlineal_montaje/ft_sensor) by extension 'colcon_meta'
[0.084s] Level 1:colcon.colcon_core.package_identification:_identify(isaac-sim/xarm6_motorlineal_montaje/ft_sensor) by extensions ['ros']
[0.084s] Level 1:colcon.colcon_core.package_identification:_identify(isaac-sim/xarm6_motorlineal_montaje/ft_sensor) by extension 'ros'
[0.084s] Level 1:colcon.colcon_core.package_identification:_identify(isaac-sim/xarm6_motorlineal_montaje/ft_sensor) by extensions ['cmake', 'python']
[0.084s] Level 1:colcon.colcon_core.package_identification:_identify(isaac-sim/xarm6_motorlineal_montaje/ft_sensor) by extension 'cmake'
[0.084s] Level 1:colcon.colcon_core.package_identification:_identify(isaac-sim/xarm6_motorlineal_montaje/ft_sensor) by extension 'python'
[0.084s] Level 1:colcon.colcon_core.package_identification:_identify(isaac-sim/xarm6_motorlineal_montaje/ft_sensor) by extensions ['python_setup_py']
[0.084s] Level 1:colcon.colcon_core.package_identification:_identify(isaac-sim/xarm6_motorlineal_montaje/ft_sensor) by extension 'python_setup_py'
[0.084s] Level 1:colcon.colcon_core.package_identification:_identify(isaac-sim/xarm6_motorlineal_montaje/ft_sensor/img) by extensions ['ignore', 'ignore_ament_install']
[0.084s] Level 1:colcon.colcon_core.package_identification:_identify(isaac-sim/xarm6_motorlineal_montaje/ft_sensor/img) by extension 'ignore'
[0.084s] Level 1:colcon.colcon_core.package_identification:_identify(isaac-sim/xarm6_motorlineal_montaje/ft_sensor/img) by extension 'ignore_ament_install'
[0.084s] Level 1:colcon.colcon_core.package_identification:_identify(isaac-sim/xarm6_motorlineal_montaje/ft_sensor/img) by extensions ['colcon_pkg']
[0.084s] Level 1:colcon.colcon_core.package_identification:_identify(isaac-sim/xarm6_motorlineal_montaje/ft_sensor/img) by extension 'colcon_pkg'
[0.084s] Level 1:colcon.colcon_core.package_identification:_identify(isaac-sim/xarm6_motorlineal_montaje/ft_sensor/img) by extensions ['colcon_meta']
[0.084s] Level 1:colcon.colcon_core.package_identification:_identify(isaac-sim/xarm6_motorlineal_montaje/ft_sensor/img) by extension 'colcon_meta'
[0.084s] Level 1:colcon.colcon_core.package_identification:_identify(isaac-sim/xarm6_motorlineal_montaje/ft_sensor/img) by extensions ['ros']
[0.084s] Level 1:colcon.colcon_core.package_identification:_identify(isaac-sim/xarm6_motorlineal_montaje/ft_sensor/img) by extension 'ros'
[0.084s] Level 1:colcon.colcon_core.package_identification:_identify(isaac-sim/xarm6_motorlineal_montaje/ft_sensor/img) by extensions ['cmake', 'python']
[0.084s] Level 1:colcon.colcon_core.package_identification:_identify(isaac-sim/xarm6_motorlineal_montaje/ft_sensor/img) by extension 'cmake'
[0.084s] Level 1:colcon.colcon_core.package_identification:_identify(isaac-sim/xarm6_motorlineal_montaje/ft_sensor/img) by extension 'python'
[0.084s] Level 1:colcon.colcon_core.package_identification:_identify(isaac-sim/xarm6_motorlineal_montaje/ft_sensor/img) by extensions ['python_setup_py']
[0.084s] Level 1:colcon.colcon_core.package_identification:_identify(isaac-sim/xarm6_motorlineal_montaje/ft_sensor/img) by extension 'python_setup_py'
[0.084s] Level 1:colcon.colcon_core.package_identification:_identify(isaac-sim/xarm6_motorlineal_montaje/ft_sensor/img/old) by extensions ['ignore', 'ignore_ament_install']
[0.084s] Level 1:colcon.colcon_core.package_identification:_identify(isaac-sim/xarm6_motorlineal_montaje/ft_sensor/img/old) by extension 'ignore'
[0.084s] Level 1:colcon.colcon_core.package_identification:_identify(isaac-sim/xarm6_motorlineal_montaje/ft_sensor/img/old) by extension 'ignore_ament_install'
[0.084s] Level 1:colcon.colcon_core.package_identification:_identify(isaac-sim/xarm6_motorlineal_montaje/ft_sensor/img/old) by extensions ['colcon_pkg']
[0.084s] Level 1:colcon.colcon_core.package_identification:_identify(isaac-sim/xarm6_motorlineal_montaje/ft_sensor/img/old) by extension 'colcon_pkg'
[0.084s] Level 1:colcon.colcon_core.package_identification:_identify(isaac-sim/xarm6_motorlineal_montaje/ft_sensor/img/old) by extensions ['colcon_meta']
[0.084s] Level 1:colcon.colcon_core.package_identification:_identify(isaac-sim/xarm6_motorlineal_montaje/ft_sensor/img/old) by extension 'colcon_meta'
[0.084s] Level 1:colcon.colcon_core.package_identification:_identify(isaac-sim/xarm6_motorlineal_montaje/ft_sensor/img/old) by extensions ['ros']
[0.084s] Level 1:colcon.colcon_core.package_identification:_identify(isaac-sim/xarm6_motorlineal_montaje/ft_sensor/img/old) by extension 'ros'
[0.084s] Level 1:colcon.colcon_core.package_identification:_identify(isaac-sim/xarm6_motorlineal_montaje/ft_sensor/img/old) by extensions ['cmake', 'python']
[0.084s] Level 1:colcon.colcon_core.package_identification:_identify(isaac-sim/xarm6_motorlineal_montaje/ft_sensor/img/old) by extension 'cmake'
[0.084s] Level 1:colcon.colcon_core.package_identification:_identify(isaac-sim/xarm6_motorlineal_montaje/ft_sensor/img/old) by extension 'python'
[0.084s] Level 1:colcon.colcon_core.package_identification:_identify(isaac-sim/xarm6_motorlineal_montaje/ft_sensor/img/old) by extensions ['python_setup_py']
[0.084s] Level 1:colcon.colcon_core.package_identification:_identify(isaac-sim/xarm6_motorlineal_montaje/ft_sensor/img/old) by extension 'python_setup_py'
[0.084s] Level 1:colcon.colcon_core.package_identification:_identify(log) by extensions ['ignore', 'ignore_ament_install']
[0.085s] Level 1:colcon.colcon_core.package_identification:_identify(log) by extension 'ignore'
[0.085s] Level 1:colcon.colcon_core.package_identification:_identify(log) ignored
[0.085s] Level 1:colcon.colcon_core.package_identification:_identify(martin_ws) by extensions ['ignore', 'ignore_ament_install']
[0.085s] Level 1:colcon.colcon_core.package_identification:_identify(martin_ws) by extension 'ignore'
[0.085s] Level 1:colcon.colcon_core.package_identification:_identify(martin_ws) by extension 'ignore_ament_install'
[0.085s] Level 1:colcon.colcon_core.package_identification:_identify(martin_ws) by extensions ['colcon_pkg']
[0.085s] Level 1:colcon.colcon_core.package_identification:_identify(martin_ws) by extension 'colcon_pkg'
[0.085s] Level 1:colcon.colcon_core.package_identification:_identify(martin_ws) by extensions ['colcon_meta']
[0.085s] Level 1:colcon.colcon_core.package_identification:_identify(martin_ws) by extension 'colcon_meta'
[0.085s] Level 1:colcon.colcon_core.package_identification:_identify(martin_ws) by extensions ['ros']
[0.085s] Level 1:colcon.colcon_core.package_identification:_identify(martin_ws) by extension 'ros'
[0.085s] Level 1:colcon.colcon_core.package_identification:_identify(martin_ws) by extensions ['cmake', 'python']
[0.085s] Level 1:colcon.colcon_core.package_identification:_identify(martin_ws) by extension 'cmake'
[0.085s] Level 1:colcon.colcon_core.package_identification:_identify(martin_ws) by extension 'python'
[0.085s] Level 1:colcon.colcon_core.package_identification:_identify(martin_ws) by extensions ['python_setup_py']
[0.085s] Level 1:colcon.colcon_core.package_identification:_identify(martin_ws) by extension 'python_setup_py'
[0.085s] Level 1:colcon.colcon_core.package_identification:_identify(martin_ws/build) by extensions ['ignore', 'ignore_ament_install']
[0.085s] Level 1:colcon.colcon_core.package_identification:_identify(martin_ws/build) by extension 'ignore'
[0.085s] Level 1:colcon.colcon_core.package_identification:_identify(martin_ws/build) ignored
[0.085s] Level 1:colcon.colcon_core.package_identification:_identify(martin_ws/install) by extensions ['ignore', 'ignore_ament_install']
[0.085s] Level 1:colcon.colcon_core.package_identification:_identify(martin_ws/install) by extension 'ignore'
[0.085s] Level 1:colcon.colcon_core.package_identification:_identify(martin_ws/install) ignored
[0.085s] Level 1:colcon.colcon_core.package_identification:_identify(martin_ws/log) by extensions ['ignore', 'ignore_ament_install']
[0.085s] Level 1:colcon.colcon_core.package_identification:_identify(martin_ws/log) by extension 'ignore'
[0.085s] Level 1:colcon.colcon_core.package_identification:_identify(martin_ws/log) ignored
[0.085s] Level 1:colcon.colcon_core.package_identification:_identify(martin_ws/src) by extensions ['ignore', 'ignore_ament_install']
[0.085s] Level 1:colcon.colcon_core.package_identification:_identify(martin_ws/src) by extension 'ignore'
[0.085s] Level 1:colcon.colcon_core.package_identification:_identify(martin_ws/src) by extension 'ignore_ament_install'
[0.085s] Level 1:colcon.colcon_core.package_identification:_identify(martin_ws/src) by extensions ['colcon_pkg']
[0.085s] Level 1:colcon.colcon_core.package_identification:_identify(martin_ws/src) by extension 'colcon_pkg'
[0.085s] Level 1:colcon.colcon_core.package_identification:_identify(martin_ws/src) by extensions ['colcon_meta']
[0.085s] Level 1:colcon.colcon_core.package_identification:_identify(martin_ws/src) by extension 'colcon_meta'
[0.085s] Level 1:colcon.colcon_core.package_identification:_identify(martin_ws/src) by extensions ['ros']
[0.085s] Level 1:colcon.colcon_core.package_identification:_identify(martin_ws/src) by extension 'ros'
[0.085s] Level 1:colcon.colcon_core.package_identification:_identify(martin_ws/src) by extensions ['cmake', 'python']
[0.085s] Level 1:colcon.colcon_core.package_identification:_identify(martin_ws/src) by extension 'cmake'
[0.085s] Level 1:colcon.colcon_core.package_identification:_identify(martin_ws/src) by extension 'python'
[0.085s] Level 1:colcon.colcon_core.package_identification:_identify(martin_ws/src) by extensions ['python_setup_py']
[0.085s] Level 1:colcon.colcon_core.package_identification:_identify(martin_ws/src) by extension 'python_setup_py'
[0.085s] Level 1:colcon.colcon_core.package_identification:_identify(martin_ws/src/vision_grasping) by extensions ['ignore', 'ignore_ament_install']
[0.085s] Level 1:colcon.colcon_core.package_identification:_identify(martin_ws/src/vision_grasping) by extension 'ignore'
[0.085s] Level 1:colcon.colcon_core.package_identification:_identify(martin_ws/src/vision_grasping) by extension 'ignore_ament_install'
[0.085s] Level 1:colcon.colcon_core.package_identification:_identify(martin_ws/src/vision_grasping) by extensions ['colcon_pkg']
[0.085s] Level 1:colcon.colcon_core.package_identification:_identify(martin_ws/src/vision_grasping) by extension 'colcon_pkg'
[0.085s] Level 1:colcon.colcon_core.package_identification:_identify(martin_ws/src/vision_grasping) by extensions ['colcon_meta']
[0.085s] Level 1:colcon.colcon_core.package_identification:_identify(martin_ws/src/vision_grasping) by extension 'colcon_meta'
[0.085s] Level 1:colcon.colcon_core.package_identification:_identify(martin_ws/src/vision_grasping) by extensions ['ros']
[0.085s] Level 1:colcon.colcon_core.package_identification:_identify(martin_ws/src/vision_grasping) by extension 'ros'
[0.086s] DEBUG:colcon.colcon_core.package_identification:Package 'martin_ws/src/vision_grasping' with type 'ros.ament_python' and name 'vision_grasping'
[0.086s] Level 1:colcon.colcon_core.package_identification:_identify(martin_ws/tfm_martin_old) by extensions ['ignore', 'ignore_ament_install']
[0.087s] Level 1:colcon.colcon_core.package_identification:_identify(martin_ws/tfm_martin_old) by extension 'ignore'
[0.087s] Level 1:colcon.colcon_core.package_identification:_identify(martin_ws/tfm_martin_old) by extension 'ignore_ament_install'
[0.087s] Level 1:colcon.colcon_core.package_identification:_identify(martin_ws/tfm_martin_old) by extensions ['colcon_pkg']
[0.087s] Level 1:colcon.colcon_core.package_identification:_identify(martin_ws/tfm_martin_old) by extension 'colcon_pkg'
[0.087s] Level 1:colcon.colcon_core.package_identification:_identify(martin_ws/tfm_martin_old) by extensions ['colcon_meta']
[0.087s] Level 1:colcon.colcon_core.package_identification:_identify(martin_ws/tfm_martin_old) by extension 'colcon_meta'
[0.087s] Level 1:colcon.colcon_core.package_identification:_identify(martin_ws/tfm_martin_old) by extensions ['ros']
[0.087s] Level 1:colcon.colcon_core.package_identification:_identify(martin_ws/tfm_martin_old) by extension 'ros'
[0.087s] DEBUG:colcon.colcon_core.package_identification:Package 'martin_ws/tfm_martin_old' with type 'ros.ament_python' and name 'tfm_martin'
[0.087s] Level 1:colcon.colcon_core.package_identification:_identify(martin_ws/vision_motor_lin) by extensions ['ignore', 'ignore_ament_install']
[0.087s] Level 1:colcon.colcon_core.package_identification:_identify(martin_ws/vision_motor_lin) by extension 'ignore'
[0.087s] Level 1:colcon.colcon_core.package_identification:_identify(martin_ws/vision_motor_lin) by extension 'ignore_ament_install'
[0.087s] Level 1:colcon.colcon_core.package_identification:_identify(martin_ws/vision_motor_lin) by extensions ['colcon_pkg']
[0.087s] Level 1:colcon.colcon_core.package_identification:_identify(martin_ws/vision_motor_lin) by extension 'colcon_pkg'
[0.087s] Level 1:colcon.colcon_core.package_identification:_identify(martin_ws/vision_motor_lin) by extensions ['colcon_meta']
[0.087s] Level 1:colcon.colcon_core.package_identification:_identify(martin_ws/vision_motor_lin) by extension 'colcon_meta'
[0.087s] Level 1:colcon.colcon_core.package_identification:_identify(martin_ws/vision_motor_lin) by extensions ['ros']
[0.087s] Level 1:colcon.colcon_core.package_identification:_identify(martin_ws/vision_motor_lin) by extension 'ros'
[0.087s] Level 1:colcon.colcon_core.package_identification:_identify(martin_ws/vision_motor_lin) by extensions ['cmake', 'python']
[0.087s] Level 1:colcon.colcon_core.package_identification:_identify(martin_ws/vision_motor_lin) by extension 'cmake'
[0.087s] Level 1:colcon.colcon_core.package_identification:_identify(martin_ws/vision_motor_lin) by extension 'python'
[0.087s] Level 1:colcon.colcon_core.package_identification:_identify(martin_ws/vision_motor_lin) by extensions ['python_setup_py']
[0.087s] Level 1:colcon.colcon_core.package_identification:_identify(martin_ws/vision_motor_lin) by extension 'python_setup_py'
[0.087s] Level 1:colcon.colcon_core.package_identification:_identify(ufactory_vision) by extensions ['ignore', 'ignore_ament_install']
[0.087s] Level 1:colcon.colcon_core.package_identification:_identify(ufactory_vision) by extension 'ignore'
[0.087s] Level 1:colcon.colcon_core.package_identification:_identify(ufactory_vision) by extension 'ignore_ament_install'
[0.087s] Level 1:colcon.colcon_core.package_identification:_identify(ufactory_vision) by extensions ['colcon_pkg']
[0.087s] Level 1:colcon.colcon_core.package_identification:_identify(ufactory_vision) by extension 'colcon_pkg'
[0.087s] Level 1:colcon.colcon_core.package_identification:_identify(ufactory_vision) by extensions ['colcon_meta']
[0.087s] Level 1:colcon.colcon_core.package_identification:_identify(ufactory_vision) by extension 'colcon_meta'
[0.087s] Level 1:colcon.colcon_core.package_identification:_identify(ufactory_vision) by extensions ['ros']
[0.087s] Level 1:colcon.colcon_core.package_identification:_identify(ufactory_vision) by extension 'ros'
[0.087s] Level 1:colcon.colcon_core.package_identification:_identify(ufactory_vision) by extensions ['cmake', 'python']
[0.087s] Level 1:colcon.colcon_core.package_identification:_identify(ufactory_vision) by extension 'cmake'
[0.087s] Level 1:colcon.colcon_core.package_identification:_identify(ufactory_vision) by extension 'python'
[0.087s] Level 1:colcon.colcon_core.package_identification:_identify(ufactory_vision) by extensions ['python_setup_py']
[0.087s] Level 1:colcon.colcon_core.package_identification:_identify(ufactory_vision) by extension 'python_setup_py'
[0.087s] Level 1:colcon.colcon_core.package_identification:_identify(ufactory_vision/assets) by extensions ['ignore', 'ignore_ament_install']
[0.087s] Level 1:colcon.colcon_core.package_identification:_identify(ufactory_vision/assets) by extension 'ignore'
[0.087s] Level 1:colcon.colcon_core.package_identification:_identify(ufactory_vision/assets) by extension 'ignore_ament_install'
[0.087s] Level 1:colcon.colcon_core.package_identification:_identify(ufactory_vision/assets) by extensions ['colcon_pkg']
[0.088s] Level 1:colcon.colcon_core.package_identification:_identify(ufactory_vision/assets) by extension 'colcon_pkg'
[0.088s] Level 1:colcon.colcon_core.package_identification:_identify(ufactory_vision/assets) by extensions ['colcon_meta']
[0.088s] Level 1:colcon.colcon_core.package_identification:_identify(ufactory_vision/assets) by extension 'colcon_meta'
[0.088s] Level 1:colcon.colcon_core.package_identification:_identify(ufactory_vision/assets) by extensions ['ros']
[0.088s] Level 1:colcon.colcon_core.package_identification:_identify(ufactory_vision/assets) by extension 'ros'
[0.088s] Level 1:colcon.colcon_core.package_identification:_identify(ufactory_vision/assets) by extensions ['cmake', 'python']
[0.088s] Level 1:colcon.colcon_core.package_identification:_identify(ufactory_vision/assets) by extension 'cmake'
[0.088s] Level 1:colcon.colcon_core.package_identification:_identify(ufactory_vision/assets) by extension 'python'
[0.088s] Level 1:colcon.colcon_core.package_identification:_identify(ufactory_vision/assets) by extensions ['python_setup_py']
[0.088s] Level 1:colcon.colcon_core.package_identification:_identify(ufactory_vision/assets) by extension 'python_setup_py'
[0.088s] Level 1:colcon.colcon_core.package_identification:_identify(ufactory_vision/ggcnn_grasping_demo) by extensions ['ignore', 'ignore_ament_install']
[0.088s] Level 1:colcon.colcon_core.package_identification:_identify(ufactory_vision/ggcnn_grasping_demo) by extension 'ignore'
[0.088s] Level 1:colcon.colcon_core.package_identification:_identify(ufactory_vision/ggcnn_grasping_demo) by extension 'ignore_ament_install'
[0.088s] Level 1:colcon.colcon_core.package_identification:_identify(ufactory_vision/ggcnn_grasping_demo) by extensions ['colcon_pkg']
[0.088s] Level 1:colcon.colcon_core.package_identification:_identify(ufactory_vision/ggcnn_grasping_demo) by extension 'colcon_pkg'
[0.088s] Level 1:colcon.colcon_core.package_identification:_identify(ufactory_vision/ggcnn_grasping_demo) by extensions ['colcon_meta']
[0.088s] Level 1:colcon.colcon_core.package_identification:_identify(ufactory_vision/ggcnn_grasping_demo) by extension 'colcon_meta'
[0.088s] Level 1:colcon.colcon_core.package_identification:_identify(ufactory_vision/ggcnn_grasping_demo) by extensions ['ros']
[0.088s] Level 1:colcon.colcon_core.package_identification:_identify(ufactory_vision/ggcnn_grasping_demo) by extension 'ros'
[0.088s] Level 1:colcon.colcon_core.package_identification:_identify(ufactory_vision/ggcnn_grasping_demo) by extensions ['cmake', 'python']
[0.088s] Level 1:colcon.colcon_core.package_identification:_identify(ufactory_vision/ggcnn_grasping_demo) by extension 'cmake'
[0.088s] Level 1:colcon.colcon_core.package_identification:_identify(ufactory_vision/ggcnn_grasping_demo) by extension 'python'
[0.088s] Level 1:colcon.colcon_core.package_identification:_identify(ufactory_vision/ggcnn_grasping_demo) by extensions ['python_setup_py']
[0.088s] Level 1:colcon.colcon_core.package_identification:_identify(ufactory_vision/ggcnn_grasping_demo) by extension 'python_setup_py'
[0.088s] Level 1:colcon.colcon_core.package_identification:_identify(ufactory_vision/ggcnn_grasping_demo/camera) by extensions ['ignore', 'ignore_ament_install']
[0.088s] Level 1:colcon.colcon_core.package_identification:_identify(ufactory_vision/ggcnn_grasping_demo/camera) by extension 'ignore'
[0.088s] Level 1:colcon.colcon_core.package_identification:_identify(ufactory_vision/ggcnn_grasping_demo/camera) by extension 'ignore_ament_install'
[0.088s] Level 1:colcon.colcon_core.package_identification:_identify(ufactory_vision/ggcnn_grasping_demo/camera) by extensions ['colcon_pkg']
[0.088s] Level 1:colcon.colcon_core.package_identification:_identify(ufactory_vision/ggcnn_grasping_demo/camera) by extension 'colcon_pkg'
[0.088s] Level 1:colcon.colcon_core.package_identification:_identify(ufactory_vision/ggcnn_grasping_demo/camera) by extensions ['colcon_meta']
[0.088s] Level 1:colcon.colcon_core.package_identification:_identify(ufactory_vision/ggcnn_grasping_demo/camera) by extension 'colcon_meta'
[0.088s] Level 1:colcon.colcon_core.package_identification:_identify(ufactory_vision/ggcnn_grasping_demo/camera) by extensions ['ros']
[0.088s] Level 1:colcon.colcon_core.package_identification:_identify(ufactory_vision/ggcnn_grasping_demo/camera) by extension 'ros'
[0.088s] Level 1:colcon.colcon_core.package_identification:_identify(ufactory_vision/ggcnn_grasping_demo/camera) by extensions ['cmake', 'python']
[0.088s] Level 1:colcon.colcon_core.package_identification:_identify(ufactory_vision/ggcnn_grasping_demo/camera) by extension 'cmake'
[0.088s] Level 1:colcon.colcon_core.package_identification:_identify(ufactory_vision/ggcnn_grasping_demo/camera) by extension 'python'
[0.088s] Level 1:colcon.colcon_core.package_identification:_identify(ufactory_vision/ggcnn_grasping_demo/camera) by extensions ['python_setup_py']
[0.088s] Level 1:colcon.colcon_core.package_identification:_identify(ufactory_vision/ggcnn_grasping_demo/camera) by extension 'python_setup_py'
[0.088s] Level 1:colcon.colcon_core.package_identification:_identify(ufactory_vision/ggcnn_grasping_demo/example) by extensions ['ignore', 'ignore_ament_install']
[0.088s] Level 1:colcon.colcon_core.package_identification:_identify(ufactory_vision/ggcnn_grasping_demo/example) by extension 'ignore'
[0.088s] Level 1:colcon.colcon_core.package_identification:_identify(ufactory_vision/ggcnn_grasping_demo/example) by extension 'ignore_ament_install'
[0.088s] Level 1:colcon.colcon_core.package_identification:_identify(ufactory_vision/ggcnn_grasping_demo/example) by extensions ['colcon_pkg']
[0.088s] Level 1:colcon.colcon_core.package_identification:_identify(ufactory_vision/ggcnn_grasping_demo/example) by extension 'colcon_pkg'
[0.088s] Level 1:colcon.colcon_core.package_identification:_identify(ufactory_vision/ggcnn_grasping_demo/example) by extensions ['colcon_meta']
[0.088s] Level 1:colcon.colcon_core.package_identification:_identify(ufactory_vision/ggcnn_grasping_demo/example) by extension 'colcon_meta'
[0.088s] Level 1:colcon.colcon_core.package_identification:_identify(ufactory_vision/ggcnn_grasping_demo/example) by extensions ['ros']
[0.088s] Level 1:colcon.colcon_core.package_identification:_identify(ufactory_vision/ggcnn_grasping_demo/example) by extension 'ros'
[0.088s] Level 1:colcon.colcon_core.package_identification:_identify(ufactory_vision/ggcnn_grasping_demo/example) by extensions ['cmake', 'python']
[0.088s] Level 1:colcon.colcon_core.package_identification:_identify(ufactory_vision/ggcnn_grasping_demo/example) by extension 'cmake'
[0.088s] Level 1:colcon.colcon_core.package_identification:_identify(ufactory_vision/ggcnn_grasping_demo/example) by extension 'python'
[0.088s] Level 1:colcon.colcon_core.package_identification:_identify(ufactory_vision/ggcnn_grasping_demo/example) by extensions ['python_setup_py']
[0.088s] Level 1:colcon.colcon_core.package_identification:_identify(ufactory_vision/ggcnn_grasping_demo/example) by extension 'python_setup_py'
[0.088s] Level 1:colcon.colcon_core.package_identification:_identify(ufactory_vision/ggcnn_grasping_demo/example/luxonis_oak_poe) by extensions ['ignore', 'ignore_ament_install']
[0.088s] Level 1:colcon.colcon_core.package_identification:_identify(ufactory_vision/ggcnn_grasping_demo/example/luxonis_oak_poe) by extension 'ignore'
[0.089s] Level 1:colcon.colcon_core.package_identification:_identify(ufactory_vision/ggcnn_grasping_demo/example/luxonis_oak_poe) by extension 'ignore_ament_install'
[0.089s] Level 1:colcon.colcon_core.package_identification:_identify(ufactory_vision/ggcnn_grasping_demo/example/luxonis_oak_poe) by extensions ['colcon_pkg']
[0.089s] Level 1:colcon.colcon_core.package_identification:_identify(ufactory_vision/ggcnn_grasping_demo/example/luxonis_oak_poe) by extension 'colcon_pkg'
[0.089s] Level 1:colcon.colcon_core.package_identification:_identify(ufactory_vision/ggcnn_grasping_demo/example/luxonis_oak_poe) by extensions ['colcon_meta']
[0.089s] Level 1:colcon.colcon_core.package_identification:_identify(ufactory_vision/ggcnn_grasping_demo/example/luxonis_oak_poe) by extension 'colcon_meta'
[0.089s] Level 1:colcon.colcon_core.package_identification:_identify(ufactory_vision/ggcnn_grasping_demo/example/luxonis_oak_poe) by extensions ['ros']
[0.089s] Level 1:colcon.colcon_core.package_identification:_identify(ufactory_vision/ggcnn_grasping_demo/example/luxonis_oak_poe) by extension 'ros'
[0.089s] Level 1:colcon.colcon_core.package_identification:_identify(ufactory_vision/ggcnn_grasping_demo/example/luxonis_oak_poe) by extensions ['cmake', 'python']
[0.089s] Level 1:colcon.colcon_core.package_identification:_identify(ufactory_vision/ggcnn_grasping_demo/example/luxonis_oak_poe) by extension 'cmake'
[0.089s] Level 1:colcon.colcon_core.package_identification:_identify(ufactory_vision/ggcnn_grasping_demo/example/luxonis_oak_poe) by extension 'python'
[0.089s] Level 1:colcon.colcon_core.package_identification:_identify(ufactory_vision/ggcnn_grasping_demo/example/luxonis_oak_poe) by extensions ['python_setup_py']
[0.089s] Level 1:colcon.colcon_core.package_identification:_identify(ufactory_vision/ggcnn_grasping_demo/example/luxonis_oak_poe) by extension 'python_setup_py'
[0.089s] Level 1:colcon.colcon_core.package_identification:_identify(ufactory_vision/ggcnn_grasping_demo/example/realsense_d435) by extensions ['ignore', 'ignore_ament_install']
[0.089s] Level 1:colcon.colcon_core.package_identification:_identify(ufactory_vision/ggcnn_grasping_demo/example/realsense_d435) by extension 'ignore'
[0.089s] Level 1:colcon.colcon_core.package_identification:_identify(ufactory_vision/ggcnn_grasping_demo/example/realsense_d435) by extension 'ignore_ament_install'
[0.089s] Level 1:colcon.colcon_core.package_identification:_identify(ufactory_vision/ggcnn_grasping_demo/example/realsense_d435) by extensions ['colcon_pkg']
[0.089s] Level 1:colcon.colcon_core.package_identification:_identify(ufactory_vision/ggcnn_grasping_demo/example/realsense_d435) by extension 'colcon_pkg'
[0.089s] Level 1:colcon.colcon_core.package_identification:_identify(ufactory_vision/ggcnn_grasping_demo/example/realsense_d435) by extensions ['colcon_meta']
[0.089s] Level 1:colcon.colcon_core.package_identification:_identify(ufactory_vision/ggcnn_grasping_demo/example/realsense_d435) by extension 'colcon_meta'
[0.089s] Level 1:colcon.colcon_core.package_identification:_identify(ufactory_vision/ggcnn_grasping_demo/example/realsense_d435) by extensions ['ros']
[0.089s] Level 1:colcon.colcon_core.package_identification:_identify(ufactory_vision/ggcnn_grasping_demo/example/realsense_d435) by extension 'ros'
[0.089s] Level 1:colcon.colcon_core.package_identification:_identify(ufactory_vision/ggcnn_grasping_demo/example/realsense_d435) by extensions ['cmake', 'python']
[0.089s] Level 1:colcon.colcon_core.package_identification:_identify(ufactory_vision/ggcnn_grasping_demo/example/realsense_d435) by extension 'cmake'
[0.089s] Level 1:colcon.colcon_core.package_identification:_identify(ufactory_vision/ggcnn_grasping_demo/example/realsense_d435) by extension 'python'
[0.089s] Level 1:colcon.colcon_core.package_identification:_identify(ufactory_vision/ggcnn_grasping_demo/example/realsense_d435) by extensions ['python_setup_py']
[0.089s] Level 1:colcon.colcon_core.package_identification:_identify(ufactory_vision/ggcnn_grasping_demo/example/realsense_d435) by extension 'python_setup_py'
[0.089s] Level 1:colcon.colcon_core.package_identification:_identify(ufactory_vision/ggcnn_grasping_demo/example/realsense_d555) by extensions ['ignore', 'ignore_ament_install']
[0.089s] Level 1:colcon.colcon_core.package_identification:_identify(ufactory_vision/ggcnn_grasping_demo/example/realsense_d555) by extension 'ignore'
[0.089s] Level 1:colcon.colcon_core.package_identification:_identify(ufactory_vision/ggcnn_grasping_demo/example/realsense_d555) by extension 'ignore_ament_install'
[0.089s] Level 1:colcon.colcon_core.package_identification:_identify(ufactory_vision/ggcnn_grasping_demo/example/realsense_d555) by extensions ['colcon_pkg']
[0.089s] Level 1:colcon.colcon_core.package_identification:_identify(ufactory_vision/ggcnn_grasping_demo/example/realsense_d555) by extension 'colcon_pkg'
[0.089s] Level 1:colcon.colcon_core.package_identification:_identify(ufactory_vision/ggcnn_grasping_demo/example/realsense_d555) by extensions ['colcon_meta']
[0.089s] Level 1:colcon.colcon_core.package_identification:_identify(ufactory_vision/ggcnn_grasping_demo/example/realsense_d555) by extension 'colcon_meta'
[0.089s] Level 1:colcon.colcon_core.package_identification:_identify(ufactory_vision/ggcnn_grasping_demo/example/realsense_d555) by extensions ['ros']
[0.089s] Level 1:colcon.colcon_core.package_identification:_identify(ufactory_vision/ggcnn_grasping_demo/example/realsense_d555) by extension 'ros'
[0.089s] Level 1:colcon.colcon_core.package_identification:_identify(ufactory_vision/ggcnn_grasping_demo/example/realsense_d555) by extensions ['cmake', 'python']
[0.089s] Level 1:colcon.colcon_core.package_identification:_identify(ufactory_vision/ggcnn_grasping_demo/example/realsense_d555) by extension 'cmake'
[0.089s] Level 1:colcon.colcon_core.package_identification:_identify(ufactory_vision/ggcnn_grasping_demo/example/realsense_d555) by extension 'python'
[0.089s] Level 1:colcon.colcon_core.package_identification:_identify(ufactory_vision/ggcnn_grasping_demo/example/realsense_d555) by extensions ['python_setup_py']
[0.089s] Level 1:colcon.colcon_core.package_identification:_identify(ufactory_vision/ggcnn_grasping_demo/example/realsense_d555) by extension 'python_setup_py'
[0.089s] Level 1:colcon.colcon_core.package_identification:_identify(ufactory_vision/ggcnn_grasping_demo/ggcnn) by extensions ['ignore', 'ignore_ament_install']
[0.089s] Level 1:colcon.colcon_core.package_identification:_identify(ufactory_vision/ggcnn_grasping_demo/ggcnn) by extension 'ignore'
[0.089s] Level 1:colcon.colcon_core.package_identification:_identify(ufactory_vision/ggcnn_grasping_demo/ggcnn) by extension 'ignore_ament_install'
[0.089s] Level 1:colcon.colcon_core.package_identification:_identify(ufactory_vision/ggcnn_grasping_demo/ggcnn) by extensions ['colcon_pkg']
[0.089s] Level 1:colcon.colcon_core.package_identification:_identify(ufactory_vision/ggcnn_grasping_demo/ggcnn) by extension 'colcon_pkg'
[0.089s] Level 1:colcon.colcon_core.package_identification:_identify(ufactory_vision/ggcnn_grasping_demo/ggcnn) by extensions ['colcon_meta']
[0.089s] Level 1:colcon.colcon_core.package_identification:_identify(ufactory_vision/ggcnn_grasping_demo/ggcnn) by extension 'colcon_meta'
[0.089s] Level 1:colcon.colcon_core.package_identification:_identify(ufactory_vision/ggcnn_grasping_demo/ggcnn) by extensions ['ros']
[0.089s] Level 1:colcon.colcon_core.package_identification:_identify(ufactory_vision/ggcnn_grasping_demo/ggcnn) by extension 'ros'
[0.089s] Level 1:colcon.colcon_core.package_identification:_identify(ufactory_vision/ggcnn_grasping_demo/ggcnn) by extensions ['cmake', 'python']
[0.089s] Level 1:colcon.colcon_core.package_identification:_identify(ufactory_vision/ggcnn_grasping_demo/ggcnn) by extension 'cmake'
[0.089s] Level 1:colcon.colcon_core.package_identification:_identify(ufactory_vision/ggcnn_grasping_demo/ggcnn) by extension 'python'
[0.089s] Level 1:colcon.colcon_core.package_identification:_identify(ufactory_vision/ggcnn_grasping_demo/ggcnn) by extensions ['python_setup_py']
[0.089s] Level 1:colcon.colcon_core.package_identification:_identify(ufactory_vision/ggcnn_grasping_demo/ggcnn) by extension 'python_setup_py'
[0.089s] Level 1:colcon.colcon_core.package_identification:_identify(ufactory_vision/ggcnn_grasping_demo/ggcnn/models) by extensions ['ignore', 'ignore_ament_install']
[0.089s] Level 1:colcon.colcon_core.package_identification:_identify(ufactory_vision/ggcnn_grasping_demo/ggcnn/models) by extension 'ignore'
[0.090s] Level 1:colcon.colcon_core.package_identification:_identify(ufactory_vision/ggcnn_grasping_demo/ggcnn/models) by extension 'ignore_ament_install'
[0.090s] Level 1:colcon.colcon_core.package_identification:_identify(ufactory_vision/ggcnn_grasping_demo/ggcnn/models) by extensions ['colcon_pkg']
[0.090s] Level 1:colcon.colcon_core.package_identification:_identify(ufactory_vision/ggcnn_grasping_demo/ggcnn/models) by extension 'colcon_pkg'
[0.090s] Level 1:colcon.colcon_core.package_identification:_identify(ufactory_vision/ggcnn_grasping_demo/ggcnn/models) by extensions ['colcon_meta']
[0.090s] Level 1:colcon.colcon_core.package_identification:_identify(ufactory_vision/ggcnn_grasping_demo/ggcnn/models) by extension 'colcon_meta'
[0.090s] Level 1:colcon.colcon_core.package_identification:_identify(ufactory_vision/ggcnn_grasping_demo/ggcnn/models) by extensions ['ros']
[0.090s] Level 1:colcon.colcon_core.package_identification:_identify(ufactory_vision/ggcnn_grasping_demo/ggcnn/models) by extension 'ros'
[0.090s] Level 1:colcon.colcon_core.package_identification:_identify(ufactory_vision/ggcnn_grasping_demo/ggcnn/models) by extensions ['cmake', 'python']
[0.090s] Level 1:colcon.colcon_core.package_identification:_identify(ufactory_vision/ggcnn_grasping_demo/ggcnn/models) by extension 'cmake'
[0.090s] Level 1:colcon.colcon_core.package_identification:_identify(ufactory_vision/ggcnn_grasping_demo/ggcnn/models) by extension 'python'
[0.090s] Level 1:colcon.colcon_core.package_identification:_identify(ufactory_vision/ggcnn_grasping_demo/ggcnn/models) by extensions ['python_setup_py']
[0.090s] Level 1:colcon.colcon_core.package_identification:_identify(ufactory_vision/ggcnn_grasping_demo/ggcnn/models) by extension 'python_setup_py'
[0.090s] Level 1:colcon.colcon_core.package_identification:_identify(ufactory_vision/ggcnn_grasping_demo/ggcnn/utils) by extensions ['ignore', 'ignore_ament_install']
[0.090s] Level 1:colcon.colcon_core.package_identification:_identify(ufactory_vision/ggcnn_grasping_demo/ggcnn/utils) by extension 'ignore'
[0.090s] Level 1:colcon.colcon_core.package_identification:_identify(ufactory_vision/ggcnn_grasping_demo/ggcnn/utils) by extension 'ignore_ament_install'
[0.090s] Level 1:colcon.colcon_core.package_identification:_identify(ufactory_vision/ggcnn_grasping_demo/ggcnn/utils) by extensions ['colcon_pkg']
[0.090s] Level 1:colcon.colcon_core.package_identification:_identify(ufactory_vision/ggcnn_grasping_demo/ggcnn/utils) by extension 'colcon_pkg'
[0.090s] Level 1:colcon.colcon_core.package_identification:_identify(ufactory_vision/ggcnn_grasping_demo/ggcnn/utils) by extensions ['colcon_meta']
[0.090s] Level 1:colcon.colcon_core.package_identification:_identify(ufactory_vision/ggcnn_grasping_demo/ggcnn/utils) by extension 'colcon_meta'
[0.090s] Level 1:colcon.colcon_core.package_identification:_identify(ufactory_vision/ggcnn_grasping_demo/ggcnn/utils) by extensions ['ros']
[0.090s] Level 1:colcon.colcon_core.package_identification:_identify(ufactory_vision/ggcnn_grasping_demo/ggcnn/utils) by extension 'ros'
[0.090s] Level 1:colcon.colcon_core.package_identification:_identify(ufactory_vision/ggcnn_grasping_demo/ggcnn/utils) by extensions ['cmake', 'python']
[0.090s] Level 1:colcon.colcon_core.package_identification:_identify(ufactory_vision/ggcnn_grasping_demo/ggcnn/utils) by extension 'cmake'
[0.090s] Level 1:colcon.colcon_core.package_identification:_identify(ufactory_vision/ggcnn_grasping_demo/ggcnn/utils) by extension 'python'
[0.090s] Level 1:colcon.colcon_core.package_identification:_identify(ufactory_vision/ggcnn_grasping_demo/ggcnn/utils) by extensions ['python_setup_py']
[0.090s] Level 1:colcon.colcon_core.package_identification:_identify(ufactory_vision/ggcnn_grasping_demo/ggcnn/utils) by extension 'python_setup_py'
[0.090s] Level 1:colcon.colcon_core.package_identification:_identify(ufactory_vision/ggcnn_grasping_demo/ggcnn/utils/data) by extensions ['ignore', 'ignore_ament_install']
[0.090s] Level 1:colcon.colcon_core.package_identification:_identify(ufactory_vision/ggcnn_grasping_demo/ggcnn/utils/data) by extension 'ignore'
[0.090s] Level 1:colcon.colcon_core.package_identification:_identify(ufactory_vision/ggcnn_grasping_demo/ggcnn/utils/data) by extension 'ignore_ament_install'
[0.090s] Level 1:colcon.colcon_core.package_identification:_identify(ufactory_vision/ggcnn_grasping_demo/ggcnn/utils/data) by extensions ['colcon_pkg']
[0.090s] Level 1:colcon.colcon_core.package_identification:_identify(ufactory_vision/ggcnn_grasping_demo/ggcnn/utils/data) by extension 'colcon_pkg'
[0.090s] Level 1:colcon.colcon_core.package_identification:_identify(ufactory_vision/ggcnn_grasping_demo/ggcnn/utils/data) by extensions ['colcon_meta']
[0.090s] Level 1:colcon.colcon_core.package_identification:_identify(ufactory_vision/ggcnn_grasping_demo/ggcnn/utils/data) by extension 'colcon_meta'
[0.090s] Level 1:colcon.colcon_core.package_identification:_identify(ufactory_vision/ggcnn_grasping_demo/ggcnn/utils/data) by extensions ['ros']
[0.090s] Level 1:colcon.colcon_core.package_identification:_identify(ufactory_vision/ggcnn_grasping_demo/ggcnn/utils/data) by extension 'ros'
[0.090s] Level 1:colcon.colcon_core.package_identification:_identify(ufactory_vision/ggcnn_grasping_demo/ggcnn/utils/data) by extensions ['cmake', 'python']
[0.090s] Level 1:colcon.colcon_core.package_identification:_identify(ufactory_vision/ggcnn_grasping_demo/ggcnn/utils/data) by extension 'cmake'
[0.090s] Level 1:colcon.colcon_core.package_identification:_identify(ufactory_vision/ggcnn_grasping_demo/ggcnn/utils/data) by extension 'python'
[0.090s] Level 1:colcon.colcon_core.package_identification:_identify(ufactory_vision/ggcnn_grasping_demo/ggcnn/utils/data) by extensions ['python_setup_py']
[0.090s] Level 1:colcon.colcon_core.package_identification:_identify(ufactory_vision/ggcnn_grasping_demo/ggcnn/utils/data) by extension 'python_setup_py'
[0.090s] Level 1:colcon.colcon_core.package_identification:_identify(ufactory_vision/ggcnn_grasping_demo/ggcnn/utils/dataset_processing) by extensions ['ignore', 'ignore_ament_install']
[0.090s] Level 1:colcon.colcon_core.package_identification:_identify(ufactory_vision/ggcnn_grasping_demo/ggcnn/utils/dataset_processing) by extension 'ignore'
[0.090s] Level 1:colcon.colcon_core.package_identification:_identify(ufactory_vision/ggcnn_grasping_demo/ggcnn/utils/dataset_processing) by extension 'ignore_ament_install'
[0.090s] Level 1:colcon.colcon_core.package_identification:_identify(ufactory_vision/ggcnn_grasping_demo/ggcnn/utils/dataset_processing) by extensions ['colcon_pkg']
[0.090s] Level 1:colcon.colcon_core.package_identification:_identify(ufactory_vision/ggcnn_grasping_demo/ggcnn/utils/dataset_processing) by extension 'colcon_pkg'
[0.090s] Level 1:colcon.colcon_core.package_identification:_identify(ufactory_vision/ggcnn_grasping_demo/ggcnn/utils/dataset_processing) by extensions ['colcon_meta']
[0.090s] Level 1:colcon.colcon_core.package_identification:_identify(ufactory_vision/ggcnn_grasping_demo/ggcnn/utils/dataset_processing) by extension 'colcon_meta'
[0.090s] Level 1:colcon.colcon_core.package_identification:_identify(ufactory_vision/ggcnn_grasping_demo/ggcnn/utils/dataset_processing) by extensions ['ros']
[0.090s] Level 1:colcon.colcon_core.package_identification:_identify(ufactory_vision/ggcnn_grasping_demo/ggcnn/utils/dataset_processing) by extension 'ros'
[0.090s] Level 1:colcon.colcon_core.package_identification:_identify(ufactory_vision/ggcnn_grasping_demo/ggcnn/utils/dataset_processing) by extensions ['cmake', 'python']
[0.090s] Level 1:colcon.colcon_core.package_identification:_identify(ufactory_vision/ggcnn_grasping_demo/ggcnn/utils/dataset_processing) by extension 'cmake'
[0.090s] Level 1:colcon.colcon_core.package_identification:_identify(ufactory_vision/ggcnn_grasping_demo/ggcnn/utils/dataset_processing) by extension 'python'
[0.090s] Level 1:colcon.colcon_core.package_identification:_identify(ufactory_vision/ggcnn_grasping_demo/ggcnn/utils/dataset_processing) by extensions ['python_setup_py']
[0.090s] Level 1:colcon.colcon_core.package_identification:_identify(ufactory_vision/ggcnn_grasping_demo/ggcnn/utils/dataset_processing) by extension 'python_setup_py'
[0.090s] Level 1:colcon.colcon_core.package_identification:_identify(ufactory_vision/ggcnn_grasping_demo/ggcnn/utils/visualisation) by extensions ['ignore', 'ignore_ament_install']
[0.090s] Level 1:colcon.colcon_core.package_identification:_identify(ufactory_vision/ggcnn_grasping_demo/ggcnn/utils/visualisation) by extension 'ignore'
[0.091s] Level 1:colcon.colcon_core.package_identification:_identify(ufactory_vision/ggcnn_grasping_demo/ggcnn/utils/visualisation) by extension 'ignore_ament_install'
[0.091s] Level 1:colcon.colcon_core.package_identification:_identify(ufactory_vision/ggcnn_grasping_demo/ggcnn/utils/visualisation) by extensions ['colcon_pkg']
[0.091s] Level 1:colcon.colcon_core.package_identification:_identify(ufactory_vision/ggcnn_grasping_demo/ggcnn/utils/visualisation) by extension 'colcon_pkg'
[0.091s] Level 1:colcon.colcon_core.package_identification:_identify(ufactory_vision/ggcnn_grasping_demo/ggcnn/utils/visualisation) by extensions ['colcon_meta']
[0.091s] Level 1:colcon.colcon_core.package_identification:_identify(ufactory_vision/ggcnn_grasping_demo/ggcnn/utils/visualisation) by extension 'colcon_meta'
[0.091s] Level 1:colcon.colcon_core.package_identification:_identify(ufactory_vision/ggcnn_grasping_demo/ggcnn/utils/visualisation) by extensions ['ros']
[0.091s] Level 1:colcon.colcon_core.package_identification:_identify(ufactory_vision/ggcnn_grasping_demo/ggcnn/utils/visualisation) by extension 'ros'
[0.091s] Level 1:colcon.colcon_core.package_identification:_identify(ufactory_vision/ggcnn_grasping_demo/ggcnn/utils/visualisation) by extensions ['cmake', 'python']
[0.091s] Level 1:colcon.colcon_core.package_identification:_identify(ufactory_vision/ggcnn_grasping_demo/ggcnn/utils/visualisation) by extension 'cmake'
[0.091s] Level 1:colcon.colcon_core.package_identification:_identify(ufactory_vision/ggcnn_grasping_demo/ggcnn/utils/visualisation) by extension 'python'
[0.091s] Level 1:colcon.colcon_core.package_identification:_identify(ufactory_vision/ggcnn_grasping_demo/ggcnn/utils/visualisation) by extensions ['python_setup_py']
[0.091s] Level 1:colcon.colcon_core.package_identification:_identify(ufactory_vision/ggcnn_grasping_demo/ggcnn/utils/visualisation) by extension 'python_setup_py'
[0.091s] Level 1:colcon.colcon_core.package_identification:_identify(ufactory_vision/ggcnn_grasping_demo/grasp) by extensions ['ignore', 'ignore_ament_install']
[0.091s] Level 1:colcon.colcon_core.package_identification:_identify(ufactory_vision/ggcnn_grasping_demo/grasp) by extension 'ignore'
[0.091s] Level 1:colcon.colcon_core.package_identification:_identify(ufactory_vision/ggcnn_grasping_demo/grasp) by extension 'ignore_ament_install'
[0.091s] Level 1:colcon.colcon_core.package_identification:_identify(ufactory_vision/ggcnn_grasping_demo/grasp) by extensions ['colcon_pkg']
[0.091s] Level 1:colcon.colcon_core.package_identification:_identify(ufactory_vision/ggcnn_grasping_demo/grasp) by extension 'colcon_pkg'
[0.091s] Level 1:colcon.colcon_core.package_identification:_identify(ufactory_vision/ggcnn_grasping_demo/grasp) by extensions ['colcon_meta']
[0.091s] Level 1:colcon.colcon_core.package_identification:_identify(ufactory_vision/ggcnn_grasping_demo/grasp) by extension 'colcon_meta'
[0.091s] Level 1:colcon.colcon_core.package_identification:_identify(ufactory_vision/ggcnn_grasping_demo/grasp) by extensions ['ros']
[0.091s] Level 1:colcon.colcon_core.package_identification:_identify(ufactory_vision/ggcnn_grasping_demo/grasp) by extension 'ros'
[0.091s] Level 1:colcon.colcon_core.package_identification:_identify(ufactory_vision/ggcnn_grasping_demo/grasp) by extensions ['cmake', 'python']
[0.091s] Level 1:colcon.colcon_core.package_identification:_identify(ufactory_vision/ggcnn_grasping_demo/grasp) by extension 'cmake'
[0.091s] Level 1:colcon.colcon_core.package_identification:_identify(ufactory_vision/ggcnn_grasping_demo/grasp) by extension 'python'
[0.091s] Level 1:colcon.colcon_core.package_identification:_identify(ufactory_vision/ggcnn_grasping_demo/grasp) by extensions ['python_setup_py']
[0.091s] Level 1:colcon.colcon_core.package_identification:_identify(ufactory_vision/ggcnn_grasping_demo/grasp) by extension 'python_setup_py'
[0.091s] Level 1:colcon.colcon_core.package_identification:_identify(ufactory_vision/ggcnn_grasping_demo/grasp/helpers) by extensions ['ignore', 'ignore_ament_install']
[0.091s] Level 1:colcon.colcon_core.package_identification:_identify(ufactory_vision/ggcnn_grasping_demo/grasp/helpers) by extension 'ignore'
[0.091s] Level 1:colcon.colcon_core.package_identification:_identify(ufactory_vision/ggcnn_grasping_demo/grasp/helpers) by extension 'ignore_ament_install'
[0.091s] Level 1:colcon.colcon_core.package_identification:_identify(ufactory_vision/ggcnn_grasping_demo/grasp/helpers) by extensions ['colcon_pkg']
[0.091s] Level 1:colcon.colcon_core.package_identification:_identify(ufactory_vision/ggcnn_grasping_demo/grasp/helpers) by extension 'colcon_pkg'
[0.091s] Level 1:colcon.colcon_core.package_identification:_identify(ufactory_vision/ggcnn_grasping_demo/grasp/helpers) by extensions ['colcon_meta']
[0.091s] Level 1:colcon.colcon_core.package_identification:_identify(ufactory_vision/ggcnn_grasping_demo/grasp/helpers) by extension 'colcon_meta'
[0.091s] Level 1:colcon.colcon_core.package_identification:_identify(ufactory_vision/ggcnn_grasping_demo/grasp/helpers) by extensions ['ros']
[0.091s] Level 1:colcon.colcon_core.package_identification:_identify(ufactory_vision/ggcnn_grasping_demo/grasp/helpers) by extension 'ros'
[0.091s] Level 1:colcon.colcon_core.package_identification:_identify(ufactory_vision/ggcnn_grasping_demo/grasp/helpers) by extensions ['cmake', 'python']
[0.091s] Level 1:colcon.colcon_core.package_identification:_identify(ufactory_vision/ggcnn_grasping_demo/grasp/helpers) by extension 'cmake'
[0.091s] Level 1:colcon.colcon_core.package_identification:_identify(ufactory_vision/ggcnn_grasping_demo/grasp/helpers) by extension 'python'
[0.091s] Level 1:colcon.colcon_core.package_identification:_identify(ufactory_vision/ggcnn_grasping_demo/grasp/helpers) by extensions ['python_setup_py']
[0.091s] Level 1:colcon.colcon_core.package_identification:_identify(ufactory_vision/ggcnn_grasping_demo/grasp/helpers) by extension 'python_setup_py'
[0.091s] Level 1:colcon.colcon_core.package_identification:_identify(ufactory_vision/ggcnn_grasping_demo/models) by extensions ['ignore', 'ignore_ament_install']
[0.091s] Level 1:colcon.colcon_core.package_identification:_identify(ufactory_vision/ggcnn_grasping_demo/models) by extension 'ignore'
[0.091s] Level 1:colcon.colcon_core.package_identification:_identify(ufactory_vision/ggcnn_grasping_demo/models) by extension 'ignore_ament_install'
[0.091s] Level 1:colcon.colcon_core.package_identification:_identify(ufactory_vision/ggcnn_grasping_demo/models) by extensions ['colcon_pkg']
[0.091s] Level 1:colcon.colcon_core.package_identification:_identify(ufactory_vision/ggcnn_grasping_demo/models) by extension 'colcon_pkg'
[0.091s] Level 1:colcon.colcon_core.package_identification:_identify(ufactory_vision/ggcnn_grasping_demo/models) by extensions ['colcon_meta']
[0.091s] Level 1:colcon.colcon_core.package_identification:_identify(ufactory_vision/ggcnn_grasping_demo/models) by extension 'colcon_meta'
[0.091s] Level 1:colcon.colcon_core.package_identification:_identify(ufactory_vision/ggcnn_grasping_demo/models) by extensions ['ros']
[0.091s] Level 1:colcon.colcon_core.package_identification:_identify(ufactory_vision/ggcnn_grasping_demo/models) by extension 'ros'
[0.091s] Level 1:colcon.colcon_core.package_identification:_identify(ufactory_vision/ggcnn_grasping_demo/models) by extensions ['cmake', 'python']
[0.091s] Level 1:colcon.colcon_core.package_identification:_identify(ufactory_vision/ggcnn_grasping_demo/models) by extension 'cmake'
[0.091s] Level 1:colcon.colcon_core.package_identification:_identify(ufactory_vision/ggcnn_grasping_demo/models) by extension 'python'
[0.091s] Level 1:colcon.colcon_core.package_identification:_identify(ufactory_vision/ggcnn_grasping_demo/models) by extensions ['python_setup_py']
[0.091s] Level 1:colcon.colcon_core.package_identification:_identify(ufactory_vision/ggcnn_grasping_demo/models) by extension 'python_setup_py'
[0.091s] Level 1:colcon.colcon_core.package_identification:_identify(xarm_ros2) by extensions ['ignore', 'ignore_ament_install']
[0.091s] Level 1:colcon.colcon_core.package_identification:_identify(xarm_ros2) by extension 'ignore'
[0.092s] Level 1:colcon.colcon_core.package_identification:_identify(xarm_ros2) by extension 'ignore_ament_install'
[0.092s] Level 1:colcon.colcon_core.package_identification:_identify(xarm_ros2) by extensions ['colcon_pkg']
[0.092s] Level 1:colcon.colcon_core.package_identification:_identify(xarm_ros2) by extension 'colcon_pkg'
[0.092s] Level 1:colcon.colcon_core.package_identification:_identify(xarm_ros2) by extensions ['colcon_meta']
[0.092s] Level 1:colcon.colcon_core.package_identification:_identify(xarm_ros2) by extension 'colcon_meta'
[0.092s] Level 1:colcon.colcon_core.package_identification:_identify(xarm_ros2) by extensions ['ros']
[0.092s] Level 1:colcon.colcon_core.package_identification:_identify(xarm_ros2) by extension 'ros'
[0.092s] Level 1:colcon.colcon_core.package_identification:_identify(xarm_ros2) by extensions ['cmake', 'python']
[0.092s] Level 1:colcon.colcon_core.package_identification:_identify(xarm_ros2) by extension 'cmake'
[0.092s] Level 1:colcon.colcon_core.package_identification:_identify(xarm_ros2) by extension 'python'
[0.092s] Level 1:colcon.colcon_core.package_identification:_identify(xarm_ros2) by extensions ['python_setup_py']
[0.092s] Level 1:colcon.colcon_core.package_identification:_identify(xarm_ros2) by extension 'python_setup_py'
[0.092s] Level 1:colcon.colcon_core.package_identification:_identify(xarm_ros2/build) by extensions ['ignore', 'ignore_ament_install']
[0.092s] Level 1:colcon.colcon_core.package_identification:_identify(xarm_ros2/build) by extension 'ignore'
[0.092s] Level 1:colcon.colcon_core.package_identification:_identify(xarm_ros2/build) ignored
[0.092s] Level 1:colcon.colcon_core.package_identification:_identify(xarm_ros2/demo) by extensions ['ignore', 'ignore_ament_install']
[0.092s] Level 1:colcon.colcon_core.package_identification:_identify(xarm_ros2/demo) by extension 'ignore'
[0.092s] Level 1:colcon.colcon_core.package_identification:_identify(xarm_ros2/demo) by extension 'ignore_ament_install'
[0.092s] Level 1:colcon.colcon_core.package_identification:_identify(xarm_ros2/demo) by extensions ['colcon_pkg']
[0.092s] Level 1:colcon.colcon_core.package_identification:_identify(xarm_ros2/demo) by extension 'colcon_pkg'
[0.092s] Level 1:colcon.colcon_core.package_identification:_identify(xarm_ros2/demo) by extensions ['colcon_meta']
[0.092s] Level 1:colcon.colcon_core.package_identification:_identify(xarm_ros2/demo) by extension 'colcon_meta'
[0.092s] Level 1:colcon.colcon_core.package_identification:_identify(xarm_ros2/demo) by extensions ['ros']
[0.092s] Level 1:colcon.colcon_core.package_identification:_identify(xarm_ros2/demo) by extension 'ros'
[0.092s] Level 1:colcon.colcon_core.package_identification:_identify(xarm_ros2/demo) by extensions ['cmake', 'python']
[0.092s] Level 1:colcon.colcon_core.package_identification:_identify(xarm_ros2/demo) by extension 'cmake'
[0.092s] Level 1:colcon.colcon_core.package_identification:_identify(xarm_ros2/demo) by extension 'python'
[0.092s] Level 1:colcon.colcon_core.package_identification:_identify(xarm_ros2/demo) by extensions ['python_setup_py']
[0.092s] Level 1:colcon.colcon_core.package_identification:_identify(xarm_ros2/demo) by extension 'python_setup_py'
[0.092s] Level 1:colcon.colcon_core.package_identification:_identify(xarm_ros2/demo/mbot_demo) by extensions ['ignore', 'ignore_ament_install']
[0.092s] Level 1:colcon.colcon_core.package_identification:_identify(xarm_ros2/demo/mbot_demo) by extension 'ignore'
[0.092s] Level 1:colcon.colcon_core.package_identification:_identify(xarm_ros2/demo/mbot_demo) by extension 'ignore_ament_install'
[0.092s] Level 1:colcon.colcon_core.package_identification:_identify(xarm_ros2/demo/mbot_demo) by extensions ['colcon_pkg']
[0.092s] Level 1:colcon.colcon_core.package_identification:_identify(xarm_ros2/demo/mbot_demo) by extension 'colcon_pkg'
[0.092s] Level 1:colcon.colcon_core.package_identification:_identify(xarm_ros2/demo/mbot_demo) by extensions ['colcon_meta']
[0.092s] Level 1:colcon.colcon_core.package_identification:_identify(xarm_ros2/demo/mbot_demo) by extension 'colcon_meta'
[0.092s] Level 1:colcon.colcon_core.package_identification:_identify(xarm_ros2/demo/mbot_demo) by extensions ['ros']
[0.092s] Level 1:colcon.colcon_core.package_identification:_identify(xarm_ros2/demo/mbot_demo) by extension 'ros'
[0.092s] DEBUG:colcon.colcon_core.package_identification:Package 'xarm_ros2/demo/mbot_demo' with type 'ros.ament_cmake' and name 'mbot_demo'
[0.092s] Level 1:colcon.colcon_core.package_identification:_identify(xarm_ros2/install) by extensions ['ignore', 'ignore_ament_install']
[0.092s] Level 1:colcon.colcon_core.package_identification:_identify(xarm_ros2/install) by extension 'ignore'
[0.092s] Level 1:colcon.colcon_core.package_identification:_identify(xarm_ros2/install) ignored
[0.092s] Level 1:colcon.colcon_core.package_identification:_identify(xarm_ros2/log) by extensions ['ignore', 'ignore_ament_install']
[0.093s] Level 1:colcon.colcon_core.package_identification:_identify(xarm_ros2/log) by extension 'ignore'
[0.093s] Level 1:colcon.colcon_core.package_identification:_identify(xarm_ros2/log) ignored
[0.093s] Level 1:colcon.colcon_core.package_identification:_identify(xarm_ros2/thirdparty) by extensions ['ignore', 'ignore_ament_install']
[0.093s] Level 1:colcon.colcon_core.package_identification:_identify(xarm_ros2/thirdparty) by extension 'ignore'
[0.093s] Level 1:colcon.colcon_core.package_identification:_identify(xarm_ros2/thirdparty) by extension 'ignore_ament_install'
[0.093s] Level 1:colcon.colcon_core.package_identification:_identify(xarm_ros2/thirdparty) by extensions ['colcon_pkg']
[0.093s] Level 1:colcon.colcon_core.package_identification:_identify(xarm_ros2/thirdparty) by extension 'colcon_pkg'
[0.093s] Level 1:colcon.colcon_core.package_identification:_identify(xarm_ros2/thirdparty) by extensions ['colcon_meta']
[0.093s] Level 1:colcon.colcon_core.package_identification:_identify(xarm_ros2/thirdparty) by extension 'colcon_meta'
[0.093s] Level 1:colcon.colcon_core.package_identification:_identify(xarm_ros2/thirdparty) by extensions ['ros']
[0.093s] Level 1:colcon.colcon_core.package_identification:_identify(xarm_ros2/thirdparty) by extension 'ros'
[0.093s] Level 1:colcon.colcon_core.package_identification:_identify(xarm_ros2/thirdparty) by extensions ['cmake', 'python']
[0.093s] Level 1:colcon.colcon_core.package_identification:_identify(xarm_ros2/thirdparty) by extension 'cmake'
[0.093s] Level 1:colcon.colcon_core.package_identification:_identify(xarm_ros2/thirdparty) by extension 'python'
[0.093s] Level 1:colcon.colcon_core.package_identification:_identify(xarm_ros2/thirdparty) by extensions ['python_setup_py']
[0.093s] Level 1:colcon.colcon_core.package_identification:_identify(xarm_ros2/thirdparty) by extension 'python_setup_py'
[0.093s] Level 1:colcon.colcon_core.package_identification:_identify(xarm_ros2/thirdparty/realsense_gazebo_plugin) by extensions ['ignore', 'ignore_ament_install']
[0.093s] Level 1:colcon.colcon_core.package_identification:_identify(xarm_ros2/thirdparty/realsense_gazebo_plugin) by extension 'ignore'
[0.093s] Level 1:colcon.colcon_core.package_identification:_identify(xarm_ros2/thirdparty/realsense_gazebo_plugin) by extension 'ignore_ament_install'
[0.093s] Level 1:colcon.colcon_core.package_identification:_identify(xarm_ros2/thirdparty/realsense_gazebo_plugin) by extensions ['colcon_pkg']
[0.093s] Level 1:colcon.colcon_core.package_identification:_identify(xarm_ros2/thirdparty/realsense_gazebo_plugin) by extension 'colcon_pkg'
[0.093s] Level 1:colcon.colcon_core.package_identification:_identify(xarm_ros2/thirdparty/realsense_gazebo_plugin) by extensions ['colcon_meta']
[0.093s] Level 1:colcon.colcon_core.package_identification:_identify(xarm_ros2/thirdparty/realsense_gazebo_plugin) by extension 'colcon_meta'
[0.093s] Level 1:colcon.colcon_core.package_identification:_identify(xarm_ros2/thirdparty/realsense_gazebo_plugin) by extensions ['ros']
[0.093s] Level 1:colcon.colcon_core.package_identification:_identify(xarm_ros2/thirdparty/realsense_gazebo_plugin) by extension 'ros'
[0.093s] DEBUG:colcon.colcon_core.package_identification:Package 'xarm_ros2/thirdparty/realsense_gazebo_plugin' with type 'ros.ament_cmake' and name 'realsense_gazebo_plugin'
[0.093s] Level 1:colcon.colcon_core.package_identification:_identify(xarm_ros2/uf_ros_lib) by extensions ['ignore', 'ignore_ament_install']
[0.093s] Level 1:colcon.colcon_core.package_identification:_identify(xarm_ros2/uf_ros_lib) by extension 'ignore'
[0.093s] Level 1:colcon.colcon_core.package_identification:_identify(xarm_ros2/uf_ros_lib) by extension 'ignore_ament_install'
[0.093s] Level 1:colcon.colcon_core.package_identification:_identify(xarm_ros2/uf_ros_lib) by extensions ['colcon_pkg']
[0.093s] Level 1:colcon.colcon_core.package_identification:_identify(xarm_ros2/uf_ros_lib) by extension 'colcon_pkg'
[0.093s] Level 1:colcon.colcon_core.package_identification:_identify(xarm_ros2/uf_ros_lib) by extensions ['colcon_meta']
[0.093s] Level 1:colcon.colcon_core.package_identification:_identify(xarm_ros2/uf_ros_lib) by extension 'colcon_meta'
[0.093s] Level 1:colcon.colcon_core.package_identification:_identify(xarm_ros2/uf_ros_lib) by extensions ['ros']
[0.093s] Level 1:colcon.colcon_core.package_identification:_identify(xarm_ros2/uf_ros_lib) by extension 'ros'
[0.093s] DEBUG:colcon.colcon_core.package_identification:Package 'xarm_ros2/uf_ros_lib' with type 'ros.ament_python' and name 'uf_ros_lib'
[0.094s] Level 1:colcon.colcon_core.package_identification:_identify(xarm_ros2/xarm_api) by extensions ['ignore', 'ignore_ament_install']
[0.094s] Level 1:colcon.colcon_core.package_identification:_identify(xarm_ros2/xarm_api) by extension 'ignore'
[0.094s] Level 1:colcon.colcon_core.package_identification:_identify(xarm_ros2/xarm_api) by extension 'ignore_ament_install'
[0.094s] Level 1:colcon.colcon_core.package_identification:_identify(xarm_ros2/xarm_api) by extensions ['colcon_pkg']
[0.094s] Level 1:colcon.colcon_core.package_identification:_identify(xarm_ros2/xarm_api) by extension 'colcon_pkg'
[0.094s] Level 1:colcon.colcon_core.package_identification:_identify(xarm_ros2/xarm_api) by extensions ['colcon_meta']
[0.094s] Level 1:colcon.colcon_core.package_identification:_identify(xarm_ros2/xarm_api) by extension 'colcon_meta'
[0.094s] Level 1:colcon.colcon_core.package_identification:_identify(xarm_ros2/xarm_api) by extensions ['ros']
[0.094s] Level 1:colcon.colcon_core.package_identification:_identify(xarm_ros2/xarm_api) by extension 'ros'
[0.094s] DEBUG:colcon.colcon_core.package_identification:Package 'xarm_ros2/xarm_api' with type 'ros.ament_cmake' and name 'xarm_api'
[0.094s] Level 1:colcon.colcon_core.package_identification:_identify(xarm_ros2/xarm_controller) by extensions ['ignore', 'ignore_ament_install']
[0.094s] Level 1:colcon.colcon_core.package_identification:_identify(xarm_ros2/xarm_controller) by extension 'ignore'
[0.094s] Level 1:colcon.colcon_core.package_identification:_identify(xarm_ros2/xarm_controller) by extension 'ignore_ament_install'
[0.094s] Level 1:colcon.colcon_core.package_identification:_identify(xarm_ros2/xarm_controller) by extensions ['colcon_pkg']
[0.094s] Level 1:colcon.colcon_core.package_identification:_identify(xarm_ros2/xarm_controller) by extension 'colcon_pkg'
[0.094s] Level 1:colcon.colcon_core.package_identification:_identify(xarm_ros2/xarm_controller) by extensions ['colcon_meta']
[0.094s] Level 1:colcon.colcon_core.package_identification:_identify(xarm_ros2/xarm_controller) by extension 'colcon_meta'
[0.094s] Level 1:colcon.colcon_core.package_identification:_identify(xarm_ros2/xarm_controller) by extensions ['ros']
[0.094s] Level 1:colcon.colcon_core.package_identification:_identify(xarm_ros2/xarm_controller) by extension 'ros'
[0.095s] DEBUG:colcon.colcon_core.package_identification:Package 'xarm_ros2/xarm_controller' with type 'ros.ament_cmake' and name 'xarm_controller'
[0.095s] Level 1:colcon.colcon_core.package_identification:_identify(xarm_ros2/xarm_description) by extensions ['ignore', 'ignore_ament_install']
[0.095s] Level 1:colcon.colcon_core.package_identification:_identify(xarm_ros2/xarm_description) by extension 'ignore'
[0.095s] Level 1:colcon.colcon_core.package_identification:_identify(xarm_ros2/xarm_description) by extension 'ignore_ament_install'
[0.095s] Level 1:colcon.colcon_core.package_identification:_identify(xarm_ros2/xarm_description) by extensions ['colcon_pkg']
[0.095s] Level 1:colcon.colcon_core.package_identification:_identify(xarm_ros2/xarm_description) by extension 'colcon_pkg'
[0.095s] Level 1:colcon.colcon_core.package_identification:_identify(xarm_ros2/xarm_description) by extensions ['colcon_meta']
[0.095s] Level 1:colcon.colcon_core.package_identification:_identify(xarm_ros2/xarm_description) by extension 'colcon_meta'
[0.095s] Level 1:colcon.colcon_core.package_identification:_identify(xarm_ros2/xarm_description) by extensions ['ros']
[0.095s] Level 1:colcon.colcon_core.package_identification:_identify(xarm_ros2/xarm_description) by extension 'ros'
[0.095s] DEBUG:colcon.colcon_core.package_identification:Package 'xarm_ros2/xarm_description' with type 'ros.ament_cmake' and name 'xarm_description'
[0.095s] Level 1:colcon.colcon_core.package_identification:_identify(xarm_ros2/xarm_gazebo) by extensions ['ignore', 'ignore_ament_install']
[0.095s] Level 1:colcon.colcon_core.package_identification:_identify(xarm_ros2/xarm_gazebo) by extension 'ignore'
[0.095s] Level 1:colcon.colcon_core.package_identification:_identify(xarm_ros2/xarm_gazebo) by extension 'ignore_ament_install'
[0.095s] Level 1:colcon.colcon_core.package_identification:_identify(xarm_ros2/xarm_gazebo) by extensions ['colcon_pkg']
[0.095s] Level 1:colcon.colcon_core.package_identification:_identify(xarm_ros2/xarm_gazebo) by extension 'colcon_pkg'
[0.095s] Level 1:colcon.colcon_core.package_identification:_identify(xarm_ros2/xarm_gazebo) by extensions ['colcon_meta']
[0.095s] Level 1:colcon.colcon_core.package_identification:_identify(xarm_ros2/xarm_gazebo) by extension 'colcon_meta'
[0.095s] Level 1:colcon.colcon_core.package_identification:_identify(xarm_ros2/xarm_gazebo) by extensions ['ros']
[0.095s] Level 1:colcon.colcon_core.package_identification:_identify(xarm_ros2/xarm_gazebo) by extension 'ros'
[0.095s] DEBUG:colcon.colcon_core.package_identification:Package 'xarm_ros2/xarm_gazebo' with type 'ros.ament_cmake' and name 'xarm_gazebo'
[0.095s] Level 1:colcon.colcon_core.package_identification:_identify(xarm_ros2/xarm_moveit_config) by extensions ['ignore', 'ignore_ament_install']
[0.095s] Level 1:colcon.colcon_core.package_identification:_identify(xarm_ros2/xarm_moveit_config) by extension 'ignore'
[0.095s] Level 1:colcon.colcon_core.package_identification:_identify(xarm_ros2/xarm_moveit_config) by extension 'ignore_ament_install'
[0.096s] Level 1:colcon.colcon_core.package_identification:_identify(xarm_ros2/xarm_moveit_config) by extensions ['colcon_pkg']
[0.096s] Level 1:colcon.colcon_core.package_identification:_identify(xarm_ros2/xarm_moveit_config) by extension 'colcon_pkg'
[0.096s] Level 1:colcon.colcon_core.package_identification:_identify(xarm_ros2/xarm_moveit_config) by extensions ['colcon_meta']
[0.096s] Level 1:colcon.colcon_core.package_identification:_identify(xarm_ros2/xarm_moveit_config) by extension 'colcon_meta'
[0.096s] Level 1:colcon.colcon_core.package_identification:_identify(xarm_ros2/xarm_moveit_config) by extensions ['ros']
[0.096s] Level 1:colcon.colcon_core.package_identification:_identify(xarm_ros2/xarm_moveit_config) by extension 'ros'
[0.096s] DEBUG:colcon.colcon_core.package_identification:Package 'xarm_ros2/xarm_moveit_config' with type 'ros.ament_cmake' and name 'xarm_moveit_config'
[0.096s] Level 1:colcon.colcon_core.package_identification:_identify(xarm_ros2/xarm_moveit_servo) by extensions ['ignore', 'ignore_ament_install']
[0.096s] Level 1:colcon.colcon_core.package_identification:_identify(xarm_ros2/xarm_moveit_servo) by extension 'ignore'
[0.096s] Level 1:colcon.colcon_core.package_identification:_identify(xarm_ros2/xarm_moveit_servo) by extension 'ignore_ament_install'
[0.096s] Level 1:colcon.colcon_core.package_identification:_identify(xarm_ros2/xarm_moveit_servo) by extensions ['colcon_pkg']
[0.096s] Level 1:colcon.colcon_core.package_identification:_identify(xarm_ros2/xarm_moveit_servo) by extension 'colcon_pkg'
[0.096s] Level 1:colcon.colcon_core.package_identification:_identify(xarm_ros2/xarm_moveit_servo) by extensions ['colcon_meta']
[0.096s] Level 1:colcon.colcon_core.package_identification:_identify(xarm_ros2/xarm_moveit_servo) by extension 'colcon_meta'
[0.096s] Level 1:colcon.colcon_core.package_identification:_identify(xarm_ros2/xarm_moveit_servo) by extensions ['ros']
[0.096s] Level 1:colcon.colcon_core.package_identification:_identify(xarm_ros2/xarm_moveit_servo) by extension 'ros'
[0.096s] DEBUG:colcon.colcon_core.package_identification:Package 'xarm_ros2/xarm_moveit_servo' with type 'ros.ament_cmake' and name 'xarm_moveit_servo'
[0.096s] Level 1:colcon.colcon_core.package_identification:_identify(xarm_ros2/xarm_msgs) by extensions ['ignore', 'ignore_ament_install']
[0.097s] Level 1:colcon.colcon_core.package_identification:_identify(xarm_ros2/xarm_msgs) by extension 'ignore'
[0.097s] Level 1:colcon.colcon_core.package_identification:_identify(xarm_ros2/xarm_msgs) by extension 'ignore_ament_install'
[0.097s] Level 1:colcon.colcon_core.package_identification:_identify(xarm_ros2/xarm_msgs) by extensions ['colcon_pkg']
[0.097s] Level 1:colcon.colcon_core.package_identification:_identify(xarm_ros2/xarm_msgs) by extension 'colcon_pkg'
[0.097s] Level 1:colcon.colcon_core.package_identification:_identify(xarm_ros2/xarm_msgs) by extensions ['colcon_meta']
[0.097s] Level 1:colcon.colcon_core.package_identification:_identify(xarm_ros2/xarm_msgs) by extension 'colcon_meta'
[0.097s] Level 1:colcon.colcon_core.package_identification:_identify(xarm_ros2/xarm_msgs) by extensions ['ros']
[0.097s] Level 1:colcon.colcon_core.package_identification:_identify(xarm_ros2/xarm_msgs) by extension 'ros'
[0.097s] DEBUG:colcon.colcon_core.package_identification:Package 'xarm_ros2/xarm_msgs' with type 'ros.ament_cmake' and name 'xarm_msgs'
[0.097s] Level 1:colcon.colcon_core.package_identification:_identify(xarm_ros2/xarm_planner) by extensions ['ignore', 'ignore_ament_install']
[0.097s] Level 1:colcon.colcon_core.package_identification:_identify(xarm_ros2/xarm_planner) by extension 'ignore'
[0.097s] Level 1:colcon.colcon_core.package_identification:_identify(xarm_ros2/xarm_planner) by extension 'ignore_ament_install'
[0.097s] Level 1:colcon.colcon_core.package_identification:_identify(xarm_ros2/xarm_planner) by extensions ['colcon_pkg']
[0.097s] Level 1:colcon.colcon_core.package_identification:_identify(xarm_ros2/xarm_planner) by extension 'colcon_pkg'
[0.097s] Level 1:colcon.colcon_core.package_identification:_identify(xarm_ros2/xarm_planner) by extensions ['colcon_meta']
[0.097s] Level 1:colcon.colcon_core.package_identification:_identify(xarm_ros2/xarm_planner) by extension 'colcon_meta'
[0.097s] Level 1:colcon.colcon_core.package_identification:_identify(xarm_ros2/xarm_planner) by extensions ['ros']
[0.097s] Level 1:colcon.colcon_core.package_identification:_identify(xarm_ros2/xarm_planner) by extension 'ros'
[0.097s] DEBUG:colcon.colcon_core.package_identification:Package 'xarm_ros2/xarm_planner' with type 'ros.ament_cmake' and name 'xarm_planner'
[0.097s] Level 1:colcon.colcon_core.package_identification:_identify(xarm_ros2/xarm_sdk) by extensions ['ignore', 'ignore_ament_install']
[0.097s] Level 1:colcon.colcon_core.package_identification:_identify(xarm_ros2/xarm_sdk) by extension 'ignore'
[0.097s] Level 1:colcon.colcon_core.package_identification:_identify(xarm_ros2/xarm_sdk) by extension 'ignore_ament_install'
[0.097s] Level 1:colcon.colcon_core.package_identification:_identify(xarm_ros2/xarm_sdk) by extensions ['colcon_pkg']
[0.097s] Level 1:colcon.colcon_core.package_identification:_identify(xarm_ros2/xarm_sdk) by extension 'colcon_pkg'
[0.097s] Level 1:colcon.colcon_core.package_identification:_identify(xarm_ros2/xarm_sdk) by extensions ['colcon_meta']
[0.097s] Level 1:colcon.colcon_core.package_identification:_identify(xarm_ros2/xarm_sdk) by extension 'colcon_meta'
[0.097s] Level 1:colcon.colcon_core.package_identification:_identify(xarm_ros2/xarm_sdk) by extensions ['ros']
[0.097s] Level 1:colcon.colcon_core.package_identification:_identify(xarm_ros2/xarm_sdk) by extension 'ros'
[0.098s] DEBUG:colcon.colcon_core.package_identification:Package 'xarm_ros2/xarm_sdk' with type 'ros.ament_cmake' and name 'xarm_sdk'
[0.098s] Level 1:colcon.colcon_core.package_discovery:discover_packages(recursive) using defaults
[0.098s] Level 1:colcon.colcon_core.package_discovery:discover_packages(ignore) discover
[0.098s] Level 1:colcon.colcon_core.package_discovery:discover_packages(ignore) using defaults
[0.098s] Level 1:colcon.colcon_core.package_discovery:discover_packages(path) discover
[0.098s] Level 1:colcon.colcon_core.package_discovery:discover_packages(path) using defaults
[0.107s] Level 1:colcon.colcon_core.package_discovery:discover_packages(prefix_path) check parameters
[0.107s] Level 1:colcon.colcon_core.package_discovery:discover_packages(prefix_path) discover
[0.108s] Level 1:colcon.colcon_core.package_discovery:discover_packages(prefix_path) using defaults
[0.108s] Level 5:colcon.colcon_core.verb:set package 'realsense_gazebo_plugin' build argument 'cmake_args' from command line to 'None'
[0.108s] Level 5:colcon.colcon_core.verb:set package 'realsense_gazebo_plugin' build argument 'cmake_target' from command line to 'None'
[0.108s] Level 5:colcon.colcon_core.verb:set package 'realsense_gazebo_plugin' build argument 'cmake_target_skip_unavailable' from command line to 'False'
[0.108s] Level 5:colcon.colcon_core.verb:set package 'realsense_gazebo_plugin' build argument 'cmake_clean_cache' from command line to 'False'
[0.108s] Level 5:colcon.colcon_core.verb:set package 'realsense_gazebo_plugin' build argument 'cmake_clean_first' from command line to 'False'
[0.108s] Level 5:colcon.colcon_core.verb:set package 'realsense_gazebo_plugin' build argument 'cmake_force_configure' from command line to 'False'
[0.108s] Level 5:colcon.colcon_core.verb:set package 'realsense_gazebo_plugin' build argument 'ament_cmake_args' from command line to 'None'
[0.108s] Level 5:colcon.colcon_core.verb:set package 'realsense_gazebo_plugin' build argument 'catkin_cmake_args' from command line to 'None'
[0.108s] Level 5:colcon.colcon_core.verb:set package 'realsense_gazebo_plugin' build argument 'catkin_skip_building_tests' from command line to 'False'
[0.108s] DEBUG:colcon.colcon_core.verb:Building package 'realsense_gazebo_plugin' with the following arguments: {'ament_cmake_args': None, 'build_base': '/home/martinalangua/Desktop/ufactory_ros2/build/realsense_gazebo_plugin', 'catkin_cmake_args': None, 'catkin_skip_building_tests': False, 'cmake_args': None, 'cmake_clean_cache': False, 'cmake_clean_first': False, 'cmake_force_configure': False, 'cmake_target': None, 'cmake_target_skip_unavailable': False, 'install_base': '/home/martinalangua/Desktop/ufactory_ros2/install/realsense_gazebo_plugin', 'merge_install': False, 'path': '/home/martinalangua/Desktop/ufactory_ros2/xarm_ros2/thirdparty/realsense_gazebo_plugin', 'symlink_install': False, 'test_result_base': None}
[0.108s] Level 5:colcon.colcon_core.verb:set package 'uf_ros_lib' build argument 'cmake_args' from command line to 'None'
[0.108s] Level 5:colcon.colcon_core.verb:set package 'uf_ros_lib' build argument 'cmake_target' from command line to 'None'
[0.108s] Level 5:colcon.colcon_core.verb:set package 'uf_ros_lib' build argument 'cmake_target_skip_unavailable' from command line to 'False'
[0.108s] Level 5:colcon.colcon_core.verb:set package 'uf_ros_lib' build argument 'cmake_clean_cache' from command line to 'False'
[0.108s] Level 5:colcon.colcon_core.verb:set package 'uf_ros_lib' build argument 'cmake_clean_first' from command line to 'False'
[0.108s] Level 5:colcon.colcon_core.verb:set package 'uf_ros_lib' build argument 'cmake_force_configure' from command line to 'False'
[0.108s] Level 5:colcon.colcon_core.verb:set package 'uf_ros_lib' build argument 'ament_cmake_args' from command line to 'None'
[0.108s] Level 5:colcon.colcon_core.verb:set package 'uf_ros_lib' build argument 'catkin_cmake_args' from command line to 'None'
[0.108s] Level 5:colcon.colcon_core.verb:set package 'uf_ros_lib' build argument 'catkin_skip_building_tests' from command line to 'False'
[0.108s] DEBUG:colcon.colcon_core.verb:Building package 'uf_ros_lib' with the following arguments: {'ament_cmake_args': None, 'build_base': '/home/martinalangua/Desktop/ufactory_ros2/build/uf_ros_lib', 'catkin_cmake_args': None, 'catkin_skip_building_tests': False, 'cmake_args': None, 'cmake_clean_cache': False, 'cmake_clean_first': False, 'cmake_force_configure': False, 'cmake_target': None, 'cmake_target_skip_unavailable': False, 'install_base': '/home/martinalangua/Desktop/ufactory_ros2/install/uf_ros_lib', 'merge_install': False, 'path': '/home/martinalangua/Desktop/ufactory_ros2/xarm_ros2/uf_ros_lib', 'symlink_install': False, 'test_result_base': None}
[0.109s] Level 5:colcon.colcon_core.verb:set package 'vision_grasping' build argument 'cmake_args' from command line to 'None'
[0.109s] Level 5:colcon.colcon_core.verb:set package 'vision_grasping' build argument 'cmake_target' from command line to 'None'
[0.109s] Level 5:colcon.colcon_core.verb:set package 'vision_grasping' build argument 'cmake_target_skip_unavailable' from command line to 'False'
[0.109s] Level 5:colcon.colcon_core.verb:set package 'vision_grasping' build argument 'cmake_clean_cache' from command line to 'False'
[0.109s] Level 5:colcon.colcon_core.verb:set package 'vision_grasping' build argument 'cmake_clean_first' from command line to 'False'
[0.109s] Level 5:colcon.colcon_core.verb:set package 'vision_grasping' build argument 'cmake_force_configure' from command line to 'False'
[0.109s] Level 5:colcon.colcon_core.verb:set package 'vision_grasping' build argument 'ament_cmake_args' from command line to 'None'
[0.109s] Level 5:colcon.colcon_core.verb:set package 'vision_grasping' build argument 'catkin_cmake_args' from command line to 'None'
[0.109s] Level 5:colcon.colcon_core.verb:set package 'vision_grasping' build argument 'catkin_skip_building_tests' from command line to 'False'
[0.109s] DEBUG:colcon.colcon_core.verb:Building package 'vision_grasping' with the following arguments: {'ament_cmake_args': None, 'build_base': '/home/martinalangua/Desktop/ufactory_ros2/build/vision_grasping', 'catkin_cmake_args': None, 'catkin_skip_building_tests': False, 'cmake_args': None, 'cmake_clean_cache': False, 'cmake_clean_first': False, 'cmake_force_configure': False, 'cmake_target': None, 'cmake_target_skip_unavailable': False, 'install_base': '/home/martinalangua/Desktop/ufactory_ros2/install/vision_grasping', 'merge_install': False, 'path': '/home/martinalangua/Desktop/ufactory_ros2/martin_ws/src/vision_grasping', 'symlink_install': False, 'test_result_base': None}
[0.109s] Level 5:colcon.colcon_core.verb:set package 'xarm_description' build argument 'cmake_args' from command line to 'None'
[0.109s] Level 5:colcon.colcon_core.verb:set package 'xarm_description' build argument 'cmake_target' from command line to 'None'
[0.109s] Level 5:colcon.colcon_core.verb:set package 'xarm_description' build argument 'cmake_target_skip_unavailable' from command line to 'False'
[0.109s] Level 5:colcon.colcon_core.verb:set package 'xarm_description' build argument 'cmake_clean_cache' from command line to 'False'
[0.109s] Level 5:colcon.colcon_core.verb:set package 'xarm_description' build argument 'cmake_clean_first' from command line to 'False'
[0.109s] Level 5:colcon.colcon_core.verb:set package 'xarm_description' build argument 'cmake_force_configure' from command line to 'False'
[0.109s] Level 5:colcon.colcon_core.verb:set package 'xarm_description' build argument 'ament_cmake_args' from command line to 'None'
[0.109s] Level 5:colcon.colcon_core.verb:set package 'xarm_description' build argument 'catkin_cmake_args' from command line to 'None'
[0.109s] Level 5:colcon.colcon_core.verb:set package 'xarm_description' build argument 'catkin_skip_building_tests' from command line to 'False'
[0.109s] DEBUG:colcon.colcon_core.verb:Building package 'xarm_description' with the following arguments: {'ament_cmake_args': None, 'build_base': '/home/martinalangua/Desktop/ufactory_ros2/build/xarm_description', 'catkin_cmake_args': None, 'catkin_skip_building_tests': False, 'cmake_args': None, 'cmake_clean_cache': False, 'cmake_clean_first': False, 'cmake_force_configure': False, 'cmake_target': None, 'cmake_target_skip_unavailable': False, 'install_base': '/home/martinalangua/Desktop/ufactory_ros2/install/xarm_description', 'merge_install': False, 'path': '/home/martinalangua/Desktop/ufactory_ros2/xarm_ros2/xarm_description', 'symlink_install': False, 'test_result_base': None}
[0.109s] Level 5:colcon.colcon_core.verb:set package 'xarm_msgs' build argument 'cmake_args' from command line to 'None'
[0.109s] Level 5:colcon.colcon_core.verb:set package 'xarm_msgs' build argument 'cmake_target' from command line to 'None'
[0.109s] Level 5:colcon.colcon_core.verb:set package 'xarm_msgs' build argument 'cmake_target_skip_unavailable' from command line to 'False'
[0.109s] Level 5:colcon.colcon_core.verb:set package 'xarm_msgs' build argument 'cmake_clean_cache' from command line to 'False'
[0.109s] Level 5:colcon.colcon_core.verb:set package 'xarm_msgs' build argument 'cmake_clean_first' from command line to 'False'
[0.109s] Level 5:colcon.colcon_core.verb:set package 'xarm_msgs' build argument 'cmake_force_configure' from command line to 'False'
[0.109s] Level 5:colcon.colcon_core.verb:set package 'xarm_msgs' build argument 'ament_cmake_args' from command line to 'None'
[0.109s] Level 5:colcon.colcon_core.verb:set package 'xarm_msgs' build argument 'catkin_cmake_args' from command line to 'None'
[0.109s] Level 5:colcon.colcon_core.verb:set package 'xarm_msgs' build argument 'catkin_skip_building_tests' from command line to 'False'
[0.109s] DEBUG:colcon.colcon_core.verb:Building package 'xarm_msgs' with the following arguments: {'ament_cmake_args': None, 'build_base': '/home/martinalangua/Desktop/ufactory_ros2/build/xarm_msgs', 'catkin_cmake_args': None, 'catkin_skip_building_tests': False, 'cmake_args': None, 'cmake_clean_cache': False, 'cmake_clean_first': False, 'cmake_force_configure': False, 'cmake_target': None, 'cmake_target_skip_unavailable': False, 'install_base': '/home/martinalangua/Desktop/ufactory_ros2/install/xarm_msgs', 'merge_install': False, 'path': '/home/martinalangua/Desktop/ufactory_ros2/xarm_ros2/xarm_msgs', 'symlink_install': False, 'test_result_base': None}
[0.109s] Level 5:colcon.colcon_core.verb:set package 'xarm_sdk' build argument 'cmake_args' from command line to 'None'
[0.109s] Level 5:colcon.colcon_core.verb:set package 'xarm_sdk' build argument 'cmake_target' from command line to 'None'
[0.109s] Level 5:colcon.colcon_core.verb:set package 'xarm_sdk' build argument 'cmake_target_skip_unavailable' from command line to 'False'
[0.109s] Level 5:colcon.colcon_core.verb:set package 'xarm_sdk' build argument 'cmake_clean_cache' from command line to 'False'
[0.109s] Level 5:colcon.colcon_core.verb:set package 'xarm_sdk' build argument 'cmake_clean_first' from command line to 'False'
[0.109s] Level 5:colcon.colcon_core.verb:set package 'xarm_sdk' build argument 'cmake_force_configure' from command line to 'False'
[0.109s] Level 5:colcon.colcon_core.verb:set package 'xarm_sdk' build argument 'ament_cmake_args' from command line to 'None'
[0.109s] Level 5:colcon.colcon_core.verb:set package 'xarm_sdk' build argument 'catkin_cmake_args' from command line to 'None'
[0.109s] Level 5:colcon.colcon_core.verb:set package 'xarm_sdk' build argument 'catkin_skip_building_tests' from command line to 'False'
[0.109s] DEBUG:colcon.colcon_core.verb:Building package 'xarm_sdk' with the following arguments: {'ament_cmake_args': None, 'build_base': '/home/martinalangua/Desktop/ufactory_ros2/build/xarm_sdk', 'catkin_cmake_args': None, 'catkin_skip_building_tests': False, 'cmake_args': None, 'cmake_clean_cache': False, 'cmake_clean_first': False, 'cmake_force_configure': False, 'cmake_target': None, 'cmake_target_skip_unavailable': False, 'install_base': '/home/martinalangua/Desktop/ufactory_ros2/install/xarm_sdk', 'merge_install': False, 'path': '/home/martinalangua/Desktop/ufactory_ros2/xarm_ros2/xarm_sdk', 'symlink_install': False, 'test_result_base': None}
[0.109s] Level 5:colcon.colcon_core.verb:set package 'mbot_demo' build argument 'cmake_args' from command line to 'None'
[0.109s] Level 5:colcon.colcon_core.verb:set package 'mbot_demo' build argument 'cmake_target' from command line to 'None'
[0.109s] Level 5:colcon.colcon_core.verb:set package 'mbot_demo' build argument 'cmake_target_skip_unavailable' from command line to 'False'
[0.109s] Level 5:colcon.colcon_core.verb:set package 'mbot_demo' build argument 'cmake_clean_cache' from command line to 'False'
[0.109s] Level 5:colcon.colcon_core.verb:set package 'mbot_demo' build argument 'cmake_clean_first' from command line to 'False'
[0.109s] Level 5:colcon.colcon_core.verb:set package 'mbot_demo' build argument 'cmake_force_configure' from command line to 'False'
[0.109s] Level 5:colcon.colcon_core.verb:set package 'mbot_demo' build argument 'ament_cmake_args' from command line to 'None'
[0.109s] Level 5:colcon.colcon_core.verb:set package 'mbot_demo' build argument 'catkin_cmake_args' from command line to 'None'
[0.109s] Level 5:colcon.colcon_core.verb:set package 'mbot_demo' build argument 'catkin_skip_building_tests' from command line to 'False'
[0.109s] DEBUG:colcon.colcon_core.verb:Building package 'mbot_demo' with the following arguments: {'ament_cmake_args': None, 'build_base': '/home/martinalangua/Desktop/ufactory_ros2/build/mbot_demo', 'catkin_cmake_args': None, 'catkin_skip_building_tests': False, 'cmake_args': None, 'cmake_clean_cache': False, 'cmake_clean_first': False, 'cmake_force_configure': False, 'cmake_target': None, 'cmake_target_skip_unavailable': False, 'install_base': '/home/martinalangua/Desktop/ufactory_ros2/install/mbot_demo', 'merge_install': False, 'path': '/home/martinalangua/Desktop/ufactory_ros2/xarm_ros2/demo/mbot_demo', 'symlink_install': False, 'test_result_base': None}
[0.109s] Level 5:colcon.colcon_core.verb:set package 'tfm_martin' build argument 'cmake_args' from command line to 'None'
[0.109s] Level 5:colcon.colcon_core.verb:set package 'tfm_martin' build argument 'cmake_target' from command line to 'None'
[0.109s] Level 5:colcon.colcon_core.verb:set package 'tfm_martin' build argument 'cmake_target_skip_unavailable' from command line to 'False'
[0.109s] Level 5:colcon.colcon_core.verb:set package 'tfm_martin' build argument 'cmake_clean_cache' from command line to 'False'
[0.109s] Level 5:colcon.colcon_core.verb:set package 'tfm_martin' build argument 'cmake_clean_first' from command line to 'False'
[0.109s] Level 5:colcon.colcon_core.verb:set package 'tfm_martin' build argument 'cmake_force_configure' from command line to 'False'
[0.109s] Level 5:colcon.colcon_core.verb:set package 'tfm_martin' build argument 'ament_cmake_args' from command line to 'None'
[0.109s] Level 5:colcon.colcon_core.verb:set package 'tfm_martin' build argument 'catkin_cmake_args' from command line to 'None'
[0.109s] Level 5:colcon.colcon_core.verb:set package 'tfm_martin' build argument 'catkin_skip_building_tests' from command line to 'False'
[0.109s] DEBUG:colcon.colcon_core.verb:Building package 'tfm_martin' with the following arguments: {'ament_cmake_args': None, 'build_base': '/home/martinalangua/Desktop/ufactory_ros2/build/tfm_martin', 'catkin_cmake_args': None, 'catkin_skip_building_tests': False, 'cmake_args': None, 'cmake_clean_cache': False, 'cmake_clean_first': False, 'cmake_force_configure': False, 'cmake_target': None, 'cmake_target_skip_unavailable': False, 'install_base': '/home/martinalangua/Desktop/ufactory_ros2/install/tfm_martin', 'merge_install': False, 'path': '/home/martinalangua/Desktop/ufactory_ros2/martin_ws/tfm_martin_old', 'symlink_install': False, 'test_result_base': None}
[0.109s] Level 5:colcon.colcon_core.verb:set package 'xarm_api' build argument 'cmake_args' from command line to 'None'
[0.110s] Level 5:colcon.colcon_core.verb:set package 'xarm_api' build argument 'cmake_target' from command line to 'None'
[0.110s] Level 5:colcon.colcon_core.verb:set package 'xarm_api' build argument 'cmake_target_skip_unavailable' from command line to 'False'
[0.110s] Level 5:colcon.colcon_core.verb:set package 'xarm_api' build argument 'cmake_clean_cache' from command line to 'False'
[0.110s] Level 5:colcon.colcon_core.verb:set package 'xarm_api' build argument 'cmake_clean_first' from command line to 'False'
[0.110s] Level 5:colcon.colcon_core.verb:set package 'xarm_api' build argument 'cmake_force_configure' from command line to 'False'
[0.110s] Level 5:colcon.colcon_core.verb:set package 'xarm_api' build argument 'ament_cmake_args' from command line to 'None'
[0.110s] Level 5:colcon.colcon_core.verb:set package 'xarm_api' build argument 'catkin_cmake_args' from command line to 'None'
[0.110s] Level 5:colcon.colcon_core.verb:set package 'xarm_api' build argument 'catkin_skip_building_tests' from command line to 'False'
[0.110s] DEBUG:colcon.colcon_core.verb:Building package 'xarm_api' with the following arguments: {'ament_cmake_args': None, 'build_base': '/home/martinalangua/Desktop/ufactory_ros2/build/xarm_api', 'catkin_cmake_args': None, 'catkin_skip_building_tests': False, 'cmake_args': None, 'cmake_clean_cache': False, 'cmake_clean_first': False, 'cmake_force_configure': False, 'cmake_target': None, 'cmake_target_skip_unavailable': False, 'install_base': '/home/martinalangua/Desktop/ufactory_ros2/install/xarm_api', 'merge_install': False, 'path': '/home/martinalangua/Desktop/ufactory_ros2/xarm_ros2/xarm_api', 'symlink_install': False, 'test_result_base': None}
[0.110s] Level 5:colcon.colcon_core.verb:set package 'xarm_controller' build argument 'cmake_args' from command line to 'None'
[0.110s] Level 5:colcon.colcon_core.verb:set package 'xarm_controller' build argument 'cmake_target' from command line to 'None'
[0.110s] Level 5:colcon.colcon_core.verb:set package 'xarm_controller' build argument 'cmake_target_skip_unavailable' from command line to 'False'
[0.110s] Level 5:colcon.colcon_core.verb:set package 'xarm_controller' build argument 'cmake_clean_cache' from command line to 'False'
[0.110s] Level 5:colcon.colcon_core.verb:set package 'xarm_controller' build argument 'cmake_clean_first' from command line to 'False'
[0.110s] Level 5:colcon.colcon_core.verb:set package 'xarm_controller' build argument 'cmake_force_configure' from command line to 'False'
[0.110s] Level 5:colcon.colcon_core.verb:set package 'xarm_controller' build argument 'ament_cmake_args' from command line to 'None'
[0.110s] Level 5:colcon.colcon_core.verb:set package 'xarm_controller' build argument 'catkin_cmake_args' from command line to 'None'
[0.110s] Level 5:colcon.colcon_core.verb:set package 'xarm_controller' build argument 'catkin_skip_building_tests' from command line to 'False'
[0.110s] DEBUG:colcon.colcon_core.verb:Building package 'xarm_controller' with the following arguments: {'ament_cmake_args': None, 'build_base': '/home/martinalangua/Desktop/ufactory_ros2/build/xarm_controller', 'catkin_cmake_args': None, 'catkin_skip_building_tests': False, 'cmake_args': None, 'cmake_clean_cache': False, 'cmake_clean_first': False, 'cmake_force_configure': False, 'cmake_target': None, 'cmake_target_skip_unavailable': False, 'install_base': '/home/martinalangua/Desktop/ufactory_ros2/install/xarm_controller', 'merge_install': False, 'path': '/home/martinalangua/Desktop/ufactory_ros2/xarm_ros2/xarm_controller', 'symlink_install': False, 'test_result_base': None}
[0.110s] Level 5:colcon.colcon_core.verb:set package 'xarm_gazebo' build argument 'cmake_args' from command line to 'None'
[0.110s] Level 5:colcon.colcon_core.verb:set package 'xarm_gazebo' build argument 'cmake_target' from command line to 'None'
[0.110s] Level 5:colcon.colcon_core.verb:set package 'xarm_gazebo' build argument 'cmake_target_skip_unavailable' from command line to 'False'
[0.110s] Level 5:colcon.colcon_core.verb:set package 'xarm_gazebo' build argument 'cmake_clean_cache' from command line to 'False'
[0.110s] Level 5:colcon.colcon_core.verb:set package 'xarm_gazebo' build argument 'cmake_clean_first' from command line to 'False'
[0.110s] Level 5:colcon.colcon_core.verb:set package 'xarm_gazebo' build argument 'cmake_force_configure' from command line to 'False'
[0.110s] Level 5:colcon.colcon_core.verb:set package 'xarm_gazebo' build argument 'ament_cmake_args' from command line to 'None'
[0.110s] Level 5:colcon.colcon_core.verb:set package 'xarm_gazebo' build argument 'catkin_cmake_args' from command line to 'None'
[0.110s] Level 5:colcon.colcon_core.verb:set package 'xarm_gazebo' build argument 'catkin_skip_building_tests' from command line to 'False'
[0.110s] DEBUG:colcon.colcon_core.verb:Building package 'xarm_gazebo' with the following arguments: {'ament_cmake_args': None, 'build_base': '/home/martinalangua/Desktop/ufactory_ros2/build/xarm_gazebo', 'catkin_cmake_args': None, 'catkin_skip_building_tests': False, 'cmake_args': None, 'cmake_clean_cache': False, 'cmake_clean_first': False, 'cmake_force_configure': False, 'cmake_target': None, 'cmake_target_skip_unavailable': False, 'install_base': '/home/martinalangua/Desktop/ufactory_ros2/install/xarm_gazebo', 'merge_install': False, 'path': '/home/martinalangua/Desktop/ufactory_ros2/xarm_ros2/xarm_gazebo', 'symlink_install': False, 'test_result_base': None}
[0.110s] Level 5:colcon.colcon_core.verb:set package 'xarm_moveit_config' build argument 'cmake_args' from command line to 'None'
[0.110s] Level 5:colcon.colcon_core.verb:set package 'xarm_moveit_config' build argument 'cmake_target' from command line to 'None'
[0.110s] Level 5:colcon.colcon_core.verb:set package 'xarm_moveit_config' build argument 'cmake_target_skip_unavailable' from command line to 'False'
[0.110s] Level 5:colcon.colcon_core.verb:set package 'xarm_moveit_config' build argument 'cmake_clean_cache' from command line to 'False'
[0.110s] Level 5:colcon.colcon_core.verb:set package 'xarm_moveit_config' build argument 'cmake_clean_first' from command line to 'False'
[0.110s] Level 5:colcon.colcon_core.verb:set package 'xarm_moveit_config' build argument 'cmake_force_configure' from command line to 'False'
[0.110s] Level 5:colcon.colcon_core.verb:set package 'xarm_moveit_config' build argument 'ament_cmake_args' from command line to 'None'
[0.110s] Level 5:colcon.colcon_core.verb:set package 'xarm_moveit_config' build argument 'catkin_cmake_args' from command line to 'None'
[0.110s] Level 5:colcon.colcon_core.verb:set package 'xarm_moveit_config' build argument 'catkin_skip_building_tests' from command line to 'False'
[0.110s] DEBUG:colcon.colcon_core.verb:Building package 'xarm_moveit_config' with the following arguments: {'ament_cmake_args': None, 'build_base': '/home/martinalangua/Desktop/ufactory_ros2/build/xarm_moveit_config', 'catkin_cmake_args': None, 'catkin_skip_building_tests': False, 'cmake_args': None, 'cmake_clean_cache': False, 'cmake_clean_first': False, 'cmake_force_configure': False, 'cmake_target': None, 'cmake_target_skip_unavailable': False, 'install_base': '/home/martinalangua/Desktop/ufactory_ros2/install/xarm_moveit_config', 'merge_install': False, 'path': '/home/martinalangua/Desktop/ufactory_ros2/xarm_ros2/xarm_moveit_config', 'symlink_install': False, 'test_result_base': None}
[0.110s] Level 5:colcon.colcon_core.verb:set package 'xarm_moveit_servo' build argument 'cmake_args' from command line to 'None'
[0.110s] Level 5:colcon.colcon_core.verb:set package 'xarm_moveit_servo' build argument 'cmake_target' from command line to 'None'
[0.110s] Level 5:colcon.colcon_core.verb:set package 'xarm_moveit_servo' build argument 'cmake_target_skip_unavailable' from command line to 'False'
[0.110s] Level 5:colcon.colcon_core.verb:set package 'xarm_moveit_servo' build argument 'cmake_clean_cache' from command line to 'False'
[0.110s] Level 5:colcon.colcon_core.verb:set package 'xarm_moveit_servo' build argument 'cmake_clean_first' from command line to 'False'
[0.110s] Level 5:colcon.colcon_core.verb:set package 'xarm_moveit_servo' build argument 'cmake_force_configure' from command line to 'False'
[0.110s] Level 5:colcon.colcon_core.verb:set package 'xarm_moveit_servo' build argument 'ament_cmake_args' from command line to 'None'
[0.110s] Level 5:colcon.colcon_core.verb:set package 'xarm_moveit_servo' build argument 'catkin_cmake_args' from command line to 'None'
[0.110s] Level 5:colcon.colcon_core.verb:set package 'xarm_moveit_servo' build argument 'catkin_skip_building_tests' from command line to 'False'
[0.110s] DEBUG:colcon.colcon_core.verb:Building package 'xarm_moveit_servo' with the following arguments: {'ament_cmake_args': None, 'build_base': '/home/martinalangua/Desktop/ufactory_ros2/build/xarm_moveit_servo', 'catkin_cmake_args': None, 'catkin_skip_building_tests': False, 'cmake_args': None, 'cmake_clean_cache': False, 'cmake_clean_first': False, 'cmake_force_configure': False, 'cmake_target': None, 'cmake_target_skip_unavailable': False, 'install_base': '/home/martinalangua/Desktop/ufactory_ros2/install/xarm_moveit_servo', 'merge_install': False, 'path': '/home/martinalangua/Desktop/ufactory_ros2/xarm_ros2/xarm_moveit_servo', 'symlink_install': False, 'test_result_base': None}
[0.110s] Level 5:colcon.colcon_core.verb:set package 'xarm_planner' build argument 'cmake_args' from command line to 'None'
[0.110s] Level 5:colcon.colcon_core.verb:set package 'xarm_planner' build argument 'cmake_target' from command line to 'None'
[0.110s] Level 5:colcon.colcon_core.verb:set package 'xarm_planner' build argument 'cmake_target_skip_unavailable' from command line to 'False'
[0.110s] Level 5:colcon.colcon_core.verb:set package 'xarm_planner' build argument 'cmake_clean_cache' from command line to 'False'
[0.110s] Level 5:colcon.colcon_core.verb:set package 'xarm_planner' build argument 'cmake_clean_first' from command line to 'False'
[0.110s] Level 5:colcon.colcon_core.verb:set package 'xarm_planner' build argument 'cmake_force_configure' from command line to 'False'
[0.110s] Level 5:colcon.colcon_core.verb:set package 'xarm_planner' build argument 'ament_cmake_args' from command line to 'None'
[0.110s] Level 5:colcon.colcon_core.verb:set package 'xarm_planner' build argument 'catkin_cmake_args' from command line to 'None'
[0.110s] Level 5:colcon.colcon_core.verb:set package 'xarm_planner' build argument 'catkin_skip_building_tests' from command line to 'False'
[0.110s] DEBUG:colcon.colcon_core.verb:Building package 'xarm_planner' with the following arguments: {'ament_cmake_args': None, 'build_base': '/home/martinalangua/Desktop/ufactory_ros2/build/xarm_planner', 'catkin_cmake_args': None, 'catkin_skip_building_tests': False, 'cmake_args': None, 'cmake_clean_cache': False, 'cmake_clean_first': False, 'cmake_force_configure': False, 'cmake_target': None, 'cmake_target_skip_unavailable': False, 'install_base': '/home/martinalangua/Desktop/ufactory_ros2/install/xarm_planner', 'merge_install': False, 'path': '/home/martinalangua/Desktop/ufactory_ros2/xarm_ros2/xarm_planner', 'symlink_install': False, 'test_result_base': None}
[0.110s] INFO:colcon.colcon_core.executor:Executing jobs using 'parallel' executor
[0.111s] DEBUG:colcon.colcon_parallel_executor.executor.parallel:run_until_complete
[0.111s] INFO:colcon.colcon_ros.task.ament_cmake.build:Building ROS package in '/home/martinalangua/Desktop/ufactory_ros2/xarm_ros2/xarm_msgs' with build type 'ament_cmake'
[0.111s] INFO:colcon.colcon_cmake.task.cmake.build:Building CMake package in '/home/martinalangua/Desktop/ufactory_ros2/xarm_ros2/xarm_msgs'
[0.113s] INFO:colcon.colcon_core.plugin_system:Skipping extension 'colcon_core.shell.bat': Not used on non-Windows systems
[0.113s] INFO:colcon.colcon_core.shell:Skip shell extension 'powershell' for command environment: Not usable outside of PowerShell
[0.113s] DEBUG:colcon.colcon_core.shell:Skip shell extension 'dsv' for command environment
[0.114s] INFO:colcon.colcon_ros.task.ament_cmake.build:Building ROS package in '/home/martinalangua/Desktop/ufactory_ros2/xarm_ros2/xarm_description' with build type 'ament_cmake'
[0.114s] INFO:colcon.colcon_cmake.task.cmake.build:Building CMake package in '/home/martinalangua/Desktop/ufactory_ros2/xarm_ros2/xarm_description'
[0.114s] INFO:colcon.colcon_core.shell:Skip shell extension 'powershell' for command environment: Not usable outside of PowerShell
[0.114s] DEBUG:colcon.colcon_core.shell:Skip shell extension 'dsv' for command environment
[0.115s] INFO:colcon.colcon_ros.task.ament_cmake.build:Building ROS package in '/home/martinalangua/Desktop/ufactory_ros2/xarm_ros2/xarm_sdk' with build type 'ament_cmake'
[0.115s] INFO:colcon.colcon_cmake.task.cmake.build:Building CMake package in '/home/martinalangua/Desktop/ufactory_ros2/xarm_ros2/xarm_sdk'
[0.115s] INFO:colcon.colcon_core.shell:Skip shell extension 'powershell' for command environment: Not usable outside of PowerShell
[0.115s] DEBUG:colcon.colcon_core.shell:Skip shell extension 'dsv' for command environment
[0.115s] INFO:colcon.colcon_ros.task.ament_python.build:Building ROS package in '/home/martinalangua/Desktop/ufactory_ros2/xarm_ros2/uf_ros_lib' with build type 'ament_python'
[0.115s] Level 1:colcon.colcon_core.shell:create_environment_hook('uf_ros_lib', 'ament_prefix_path')
[0.115s] INFO:colcon.colcon_core.shell:Creating environment hook '/home/martinalangua/Desktop/ufactory_ros2/install/uf_ros_lib/share/uf_ros_lib/hook/ament_prefix_path.ps1'
[0.116s] INFO:colcon.colcon_core.shell:Creating environment descriptor '/home/martinalangua/Desktop/ufactory_ros2/install/uf_ros_lib/share/uf_ros_lib/hook/ament_prefix_path.dsv'
[0.116s] INFO:colcon.colcon_core.shell:Creating environment hook '/home/martinalangua/Desktop/ufactory_ros2/install/uf_ros_lib/share/uf_ros_lib/hook/ament_prefix_path.sh'
[0.116s] INFO:colcon.colcon_core.shell:Skip shell extension 'powershell' for command environment: Not usable outside of PowerShell
[0.116s] DEBUG:colcon.colcon_core.shell:Skip shell extension 'dsv' for command environment
[0.117s] INFO:colcon.colcon_ros.task.ament_cmake.build:Building ROS package in '/home/martinalangua/Desktop/ufactory_ros2/xarm_ros2/thirdparty/realsense_gazebo_plugin' with build type 'ament_cmake'
[0.117s] INFO:colcon.colcon_cmake.task.cmake.build:Building CMake package in '/home/martinalangua/Desktop/ufactory_ros2/xarm_ros2/thirdparty/realsense_gazebo_plugin'
[0.117s] INFO:colcon.colcon_core.shell:Skip shell extension 'powershell' for command environment: Not usable outside of PowerShell
[0.117s] DEBUG:colcon.colcon_core.shell:Skip shell extension 'dsv' for command environment
[0.117s] INFO:colcon.colcon_ros.task.ament_python.build:Building ROS package in '/home/martinalangua/Desktop/ufactory_ros2/martin_ws/src/vision_grasping' with build type 'ament_python'
[0.117s] Level 1:colcon.colcon_core.shell:create_environment_hook('vision_grasping', 'ament_prefix_path')
[0.117s] INFO:colcon.colcon_core.shell:Creating environment hook '/home/martinalangua/Desktop/ufactory_ros2/install/vision_grasping/share/vision_grasping/hook/ament_prefix_path.ps1'
[0.118s] INFO:colcon.colcon_core.shell:Creating environment descriptor '/home/martinalangua/Desktop/ufactory_ros2/install/vision_grasping/share/vision_grasping/hook/ament_prefix_path.dsv'
[0.118s] INFO:colcon.colcon_core.shell:Creating environment hook '/home/martinalangua/Desktop/ufactory_ros2/install/vision_grasping/share/vision_grasping/hook/ament_prefix_path.sh'
[0.118s] INFO:colcon.colcon_core.shell:Skip shell extension 'powershell' for command environment: Not usable outside of PowerShell
[0.118s] DEBUG:colcon.colcon_core.shell:Skip shell extension 'dsv' for command environment
[0.121s] DEBUG:colcon.colcon_core.event_handler.log_command:Invoking command in '/home/martinalangua/Desktop/ufactory_ros2/build/xarm_msgs': /usr/bin/cmake /home/martinalangua/Desktop/ufactory_ros2/xarm_ros2/xarm_msgs -DCMAKE_INSTALL_PREFIX=/home/martinalangua/Desktop/ufactory_ros2/install/xarm_msgs
[0.122s] DEBUG:colcon.colcon_core.event_handler.log_command:Invoking command in '/home/martinalangua/Desktop/ufactory_ros2/build/xarm_description': /usr/bin/cmake /home/martinalangua/Desktop/ufactory_ros2/xarm_ros2/xarm_description -DCMAKE_INSTALL_PREFIX=/home/martinalangua/Desktop/ufactory_ros2/install/xarm_description
[0.123s] DEBUG:colcon.colcon_core.event_handler.log_command:Invoking command in '/home/martinalangua/Desktop/ufactory_ros2/build/xarm_sdk': /usr/bin/cmake /home/martinalangua/Desktop/ufactory_ros2/xarm_ros2/xarm_sdk -DCMAKE_INSTALL_PREFIX=/home/martinalangua/Desktop/ufactory_ros2/install/xarm_sdk
[0.207s] INFO:colcon.colcon_core.task.python.build:Building Python package in '/home/martinalangua/Desktop/ufactory_ros2/xarm_ros2/uf_ros_lib'
[0.207s] INFO:colcon.colcon_core.shell:Skip shell extension 'powershell' for command environment: Not usable outside of PowerShell
[0.208s] DEBUG:colcon.colcon_core.shell:Skip shell extension 'dsv' for command environment
[0.213s] DEBUG:colcon.colcon_core.event_handler.log_command:Invoking command in '/home/martinalangua/Desktop/ufactory_ros2/build/realsense_gazebo_plugin': /usr/bin/cmake /home/martinalangua/Desktop/ufactory_ros2/xarm_ros2/thirdparty/realsense_gazebo_plugin -DCMAKE_INSTALL_PREFIX=/home/martinalangua/Desktop/ufactory_ros2/install/realsense_gazebo_plugin
[0.219s] DEBUG:colcon.colcon_core.event_handler.log_command:Invoked command in '/home/martinalangua/Desktop/ufactory_ros2/build/xarm_description' returned '1': /usr/bin/cmake /home/martinalangua/Desktop/ufactory_ros2/xarm_ros2/xarm_description -DCMAKE_INSTALL_PREFIX=/home/martinalangua/Desktop/ufactory_ros2/install/xarm_description
[0.220s] DEBUG:colcon.colcon_core.event_handler.log_command:Invoked command in '/home/martinalangua/Desktop/ufactory_ros2/build/xarm_msgs' returned '1': /usr/bin/cmake /home/martinalangua/Desktop/ufactory_ros2/xarm_ros2/xarm_msgs -DCMAKE_INSTALL_PREFIX=/home/martinalangua/Desktop/ufactory_ros2/install/xarm_msgs
[0.303s] INFO:colcon.colcon_core.task.python.build:Building Python package in '/home/martinalangua/Desktop/ufactory_ros2/martin_ws/src/vision_grasping'
[0.303s] INFO:colcon.colcon_core.shell:Skip shell extension 'powershell' for command environment: Not usable outside of PowerShell
[0.303s] DEBUG:colcon.colcon_core.shell:Skip shell extension 'dsv' for command environment
[0.305s] DEBUG:colcon.colcon_core.event_handler.log_command:Invoked command in '/home/martinalangua/Desktop/ufactory_ros2/build/xarm_sdk' returned '1': /usr/bin/cmake /home/martinalangua/Desktop/ufactory_ros2/xarm_ros2/xarm_sdk -DCMAKE_INSTALL_PREFIX=/home/martinalangua/Desktop/ufactory_ros2/install/xarm_sdk
[0.309s] Level 1:colcon.colcon_core.environment:create_environment_scripts_only(xarm_description)
[0.309s] DEBUG:colcon.colcon_core.event_handler.log_command:Invoked command in '/home/martinalangua/Desktop/ufactory_ros2/build/realsense_gazebo_plugin' returned '1': /usr/bin/cmake /home/martinalangua/Desktop/ufactory_ros2/xarm_ros2/thirdparty/realsense_gazebo_plugin -DCMAKE_INSTALL_PREFIX=/home/martinalangua/Desktop/ufactory_ros2/install/realsense_gazebo_plugin
[0.310s] Level 1:colcon.colcon_core.environment:checking '/home/martinalangua/Desktop/ufactory_ros2/install/xarm_description' for CMake module files
[0.310s] Level 1:colcon.colcon_core.environment:checking '/home/martinalangua/Desktop/ufactory_ros2/install/xarm_description' for CMake config files
[0.311s] Level 1:colcon.colcon_core.environment:checking '/home/martinalangua/Desktop/ufactory_ros2/install/xarm_description/bin'
[0.311s] Level 1:colcon.colcon_core.environment:checking '/home/martinalangua/Desktop/ufactory_ros2/install/xarm_description/lib/pkgconfig/xarm_description.pc'
[0.311s] Level 1:colcon.colcon_core.environment:checking '/home/martinalangua/Desktop/ufactory_ros2/install/xarm_description/lib/python3.12/site-packages'
[0.311s] Level 1:colcon.colcon_core.environment:checking '/home/martinalangua/Desktop/ufactory_ros2/install/xarm_description/bin'
[0.311s] INFO:colcon.colcon_core.shell:Creating package script '/home/martinalangua/Desktop/ufactory_ros2/install/xarm_description/share/xarm_description/package.ps1'
[0.311s] INFO:colcon.colcon_core.shell:Creating package descriptor '/home/martinalangua/Desktop/ufactory_ros2/install/xarm_description/share/xarm_description/package.dsv'
[0.311s] INFO:colcon.colcon_core.shell:Creating package script '/home/martinalangua/Desktop/ufactory_ros2/install/xarm_description/share/xarm_description/package.sh'
[0.312s] INFO:colcon.colcon_core.shell:Creating package script '/home/martinalangua/Desktop/ufactory_ros2/install/xarm_description/share/xarm_description/package.bash'
[0.312s] INFO:colcon.colcon_core.shell:Creating package script '/home/martinalangua/Desktop/ufactory_ros2/install/xarm_description/share/xarm_description/package.zsh'
[0.312s] Level 1:colcon.colcon_core.environment:create_file_with_runtime_dependencies(/home/martinalangua/Desktop/ufactory_ros2/install/xarm_description/share/colcon-core/packages/xarm_description)
[0.312s] Level 1:colcon.colcon_core.environment:create_environment_scripts_only(xarm_msgs)
[0.312s] Level 1:colcon.colcon_core.environment:checking '/home/martinalangua/Desktop/ufactory_ros2/install/xarm_msgs' for CMake module files
[0.312s] Level 1:colcon.colcon_core.environment:checking '/home/martinalangua/Desktop/ufactory_ros2/install/xarm_msgs' for CMake config files
[0.313s] Level 1:colcon.colcon_core.environment:checking '/home/martinalangua/Desktop/ufactory_ros2/install/xarm_msgs/bin'
[0.313s] Level 1:colcon.colcon_core.environment:checking '/home/martinalangua/Desktop/ufactory_ros2/install/xarm_msgs/lib/pkgconfig/xarm_msgs.pc'
[0.313s] Level 1:colcon.colcon_core.environment:checking '/home/martinalangua/Desktop/ufactory_ros2/install/xarm_msgs/lib/python3.12/site-packages'
[0.313s] Level 1:colcon.colcon_core.environment:checking '/home/martinalangua/Desktop/ufactory_ros2/install/xarm_msgs/bin'
[0.313s] INFO:colcon.colcon_core.shell:Creating package script '/home/martinalangua/Desktop/ufactory_ros2/install/xarm_msgs/share/xarm_msgs/package.ps1'
[0.313s] INFO:colcon.colcon_core.shell:Creating package descriptor '/home/martinalangua/Desktop/ufactory_ros2/install/xarm_msgs/share/xarm_msgs/package.dsv'
[0.313s] INFO:colcon.colcon_core.shell:Creating package script '/home/martinalangua/Desktop/ufactory_ros2/install/xarm_msgs/share/xarm_msgs/package.sh'
[0.314s] INFO:colcon.colcon_core.shell:Creating package script '/home/martinalangua/Desktop/ufactory_ros2/install/xarm_msgs/share/xarm_msgs/package.bash'
[0.314s] INFO:colcon.colcon_core.shell:Creating package script '/home/martinalangua/Desktop/ufactory_ros2/install/xarm_msgs/share/xarm_msgs/package.zsh'
[0.314s] Level 1:colcon.colcon_core.environment:create_file_with_runtime_dependencies(/home/martinalangua/Desktop/ufactory_ros2/install/xarm_msgs/share/colcon-core/packages/xarm_msgs)
[0.513s] DEBUG:colcon.colcon_parallel_executor.executor.parallel:closing loop
[0.513s] DEBUG:colcon.colcon_parallel_executor.executor.parallel:loop closed
[0.513s] DEBUG:colcon.colcon_parallel_executor.executor.parallel:run_until_complete finished with '1'
[0.513s] DEBUG:colcon.colcon_core.event_reactor:joining thread
[0.517s] INFO:colcon.colcon_core.plugin_system:Skipping extension 'colcon_notification.desktop_notification.terminal_notifier': Not used on non-Darwin systems
[0.517s] INFO:colcon.colcon_core.plugin_system:Skipping extension 'colcon_notification.desktop_notification.win32': Not used on non-Windows systems
[0.517s] INFO:colcon.colcon_notification.desktop_notification:Sending desktop notification using 'notify2'
[0.531s] DEBUG:colcon.colcon_notification.desktop_notification.notify2:Failed to initialize notify2: org.freedesktop.DBus.Error.ServiceUnknown: The name org.freedesktop.Notifications was not provided by any .service files
[0.531s] DEBUG:colcon.colcon_core.event_reactor:joined thread
[0.532s] INFO:colcon.colcon_core.shell:Creating prefix script '/home/martinalangua/Desktop/ufactory_ros2/install/local_setup.ps1'
[0.533s] INFO:colcon.colcon_core.shell:Creating prefix util module '/home/martinalangua/Desktop/ufactory_ros2/install/_local_setup_util_ps1.py'
[0.534s] INFO:colcon.colcon_core.shell:Creating prefix chain script '/home/martinalangua/Desktop/ufactory_ros2/install/setup.ps1'
[0.534s] INFO:colcon.colcon_core.shell:Creating prefix script '/home/martinalangua/Desktop/ufactory_ros2/install/local_setup.sh'
[0.534s] INFO:colcon.colcon_core.shell:Creating prefix util module '/home/martinalangua/Desktop/ufactory_ros2/install/_local_setup_util_sh.py'
[0.535s] INFO:colcon.colcon_core.shell:Creating prefix chain script '/home/martinalangua/Desktop/ufactory_ros2/install/setup.sh'
[0.535s] INFO:colcon.colcon_core.shell:Creating prefix script '/home/martinalangua/Desktop/ufactory_ros2/install/local_setup.bash'
[0.535s] INFO:colcon.colcon_core.shell:Creating prefix chain script '/home/martinalangua/Desktop/ufactory_ros2/install/setup.bash'
[0.536s] INFO:colcon.colcon_core.shell:Creating prefix script '/home/martinalangua/Desktop/ufactory_ros2/install/local_setup.zsh'
[0.536s] INFO:colcon.colcon_core.shell:Creating prefix chain script '/home/martinalangua/Desktop/ufactory_ros2/install/setup.zsh'
