ISO-10303-21;
HEADER;
FILE_DESCRIPTION (( 'STEP AP214' ),
    '1' );
FILE_NAME ('BC0033 触点摄像头固定板组件 20250717.STEP',
    '2025-07-17T04:20:50',
    ( '' ),
    ( '' ),
    'SwSTEP 2.0',
    'SolidWorks 2019',
    '' );
FILE_SCHEMA (( 'AUTOMOTIVE_DESIGN' ));
ENDSEC;

DATA;
#1 = LINE ( 'NONE', #2174, #2226 ) ;
#2 = DIRECTION ( 'NONE',  ( -0.000000000000000000, -0.000000000000000000, 1.000000000000000000 ) ) ;
#3 = CARTESIAN_POINT ( 'NONE',  ( 67.50000000000000000, 3.000000000000002665, -9.000000000000303757 ) ) ;
#4 = EDGE_LOOP ( 'NONE', ( #1765, #1720, #5197, #6126 ) ) ;
#5 =( NAMED_UNIT ( * ) PLANE_ANGLE_UNIT ( ) SI_UNIT ( $, .RADIAN. ) );
#6 = VERTEX_POINT ( 'NONE', #2320 ) ;
#7 = ORIENTED_EDGE ( 'NONE', *, *, #5720, .F. ) ;
#8 = CARTESIAN_POINT ( 'NONE',  ( 67.50000000000460432, -22.49999999997287148, 0.5000000000000000000 ) ) ;
#9 = EDGE_CURVE ( 'NONE', #4681, #3716, #2218, .T. ) ;
#10 = FACE_OUTER_BOUND ( 'NONE', #2187, .T. ) ;
#11 = EDGE_LOOP ( 'NONE', ( #642, #1062 ) ) ;
#12 = CARTESIAN_POINT ( 'NONE',  ( 277.5454470876517803, 3.726610747780326527, 0.1000000000000000056 ) ) ;
#13 = VERTEX_POINT ( 'NONE', #1213 ) ;
#14 = VECTOR ( 'NONE', #2996, 1000.000000000000000 ) ;
#15 =( REPRESENTATION_RELATIONSHIP ('NONE','NONE', #1545, #1000 ) REPRESENTATION_RELATIONSHIP_WITH_TRANSFORMATION ( #5391 )SHAPE_REPRESENTATION_RELATIONSHIP( ) );
#16 = DIRECTION ( 'NONE',  ( -0.000000000000000000, -0.000000000000000000, -1.000000000000000000 ) ) ;
#17 = ADVANCED_FACE ( 'NONE', ( #1176 ), #4458, .F. ) ;
#18 = DIRECTION ( 'NONE',  ( -5.553580772755923110E-28, 1.000000000000000000, -5.420049715972916316E-30 ) ) ;
#19 = CARTESIAN_POINT ( 'NONE',  ( 274.7337282442185824, 1.491115915426010963, 1.299999999999999822 ) ) ;
#20 = DIRECTION ( 'NONE',  ( -0.000000000000000000, -0.000000000000000000, 1.000000000000000000 ) ) ;
#21 = AXIS2_PLACEMENT_3D ( 'NONE', #5717, #5575, #220 ) ;
#22 = CIRCLE ( 'NONE', #1726, 0.7499999999999729106 ) ;
#23 = VERTEX_POINT ( 'NONE', #1340 ) ;
#24 = DIRECTION ( 'NONE',  ( -0.000000000000000000, -0.000000000000000000, 1.000000000000000000 ) ) ;
#25 = CIRCLE ( 'NONE', #5772, 0.7499999999999729106 ) ;
#26 = ORIENTED_EDGE ( 'NONE', *, *, #6105, .F. ) ;
#27 = ADVANCED_FACE ( 'NONE', ( #4422 ), #3947, .F. ) ;
#28 = ORIENTED_EDGE ( 'NONE', *, *, #5822, .F. ) ;
#29 = CARTESIAN_POINT ( 'NONE',  ( 17.67766952966382021, 0.000000000000000000, 17.67766952966360350 ) ) ;
#30 = ADVANCED_FACE ( 'NONE', ( #3409 ), #5612, .T. ) ;
#31 = CARTESIAN_POINT ( 'NONE',  ( 67.50000000000000000, 3.000000000000002665, -29.60000000000060538 ) ) ;
#32 = CARTESIAN_POINT ( 'NONE',  ( 9.580000000000033822, 0.000000000000000000, -23.00000000000115818 ) ) ;
#33 = CARTESIAN_POINT ( 'NONE',  ( -7.750000000002311040, 1.499999999999945821, -20.35000000000081144 ) ) ;
#34 = AXIS2_PLACEMENT_3D ( 'NONE', #5902, #830, #3167 ) ;
#35 = VECTOR ( 'NONE', #6129, 1000.000000000000000 ) ;
#36 = DIRECTION ( 'NONE',  ( -5.553580772755923110E-28, 1.000000000000000000, -5.420049715972916316E-30 ) ) ;
#37 = ORIENTED_EDGE ( 'NONE', *, *, #4354, .T. ) ;
#38 = AXIS2_PLACEMENT_3D ( 'NONE', #5268, #1477, #1516 ) ;
#39 = CARTESIAN_POINT ( 'NONE',  ( 274.2718402497580428, 4.014722753319752258, 1.299999999999999822 ) ) ;
#40 = PLANE ( 'NONE',  #1901 ) ;
#41 = DIRECTION ( 'NONE',  ( 0.000000000000000000, 0.000000000000000000, -1.000000000000000000 ) ) ;
#42 = ORIENTED_EDGE ( 'NONE', *, *, #5636, .T. ) ;
#43 = DIRECTION ( 'NONE',  ( 0.000000000000000000, 0.000000000000000000, 1.000000000000000000 ) ) ;
#44 = VERTEX_POINT ( 'NONE', #278 ) ;
#45 = EDGE_LOOP ( 'NONE', ( #6733, #1911 ) ) ;
#46 = DIRECTION ( 'NONE',  ( 0.000000000000000000, 0.000000000000000000, 1.000000000000000000 ) ) ;
#47 = PRODUCT_DEFINITION_CONTEXT ( 'detailed design', #305, 'design' ) ;
#48 = SHAPE_REPRESENTATION ( '摄像头支架顶针', ( #2423 ), #6779 ) ;
#49 = CIRCLE ( 'NONE', #4971, 3.300000000000127276 ) ;
#50 = DIRECTION ( 'NONE',  ( 0.000000000000000000, 0.000000000000000000, 1.000000000000000000 ) ) ;
#51 = VERTEX_POINT ( 'NONE', #1685 ) ;
#52 = DIRECTION ( 'NONE',  ( 5.553580772755923110E-28, -1.000000000000000000, 5.420049715972916316E-30 ) ) ;
#53 = EDGE_LOOP ( 'NONE', ( #349, #2009, #6716, #2475 ) ) ;
#54 = EDGE_CURVE ( 'NONE', #3854, #336, #6271, .T. ) ;
#55 = CIRCLE ( 'NONE', #1531, 7.500000000000291323 ) ;
#56 = DIRECTION ( 'NONE',  ( 1.000000000000000000, 0.000000000000000000, 0.000000000000000000 ) ) ;
#57 = CARTESIAN_POINT ( 'NONE',  ( 7.750000000000034639, 3.000000000000002665, -25.65000000000144809 ) ) ;
#58 = DIRECTION ( 'NONE',  ( 0.9935459991707651373, -0.1134299234407121215, 0.000000000000000000 ) ) ;
#59 = CIRCLE ( 'NONE', #266, 10.00000000000039080 ) ;
#60 = FACE_OUTER_BOUND ( 'NONE', #1648, .T. ) ;
#61 = VECTOR ( 'NONE', #6742, 1000.000000000000000 ) ;
#62 = VERTEX_POINT ( 'NONE', #4659 ) ;
#63 = EDGE_CURVE ( 'NONE', #2675, #2864, #2800, .T. ) ;
#64 = DIRECTION ( 'NONE',  ( 1.000000000000000000, -5.869125134844098244E-28, 1.096345236817480134E-15 ) ) ;
#65 = VERTEX_POINT ( 'NONE', #6072 ) ;
#66 = CIRCLE ( 'NONE', #2337, 0.7499999999999729106 ) ;
#67 = ORIENTED_EDGE ( 'NONE', *, *, #5776, .T. ) ;
#68 = CARTESIAN_POINT ( 'NONE',  ( 279.6515664704031110, 10.00825552805866714, 2.899999999999999911 ) ) ;
#69 = AXIS2_PLACEMENT_3D ( 'NONE', #479, #5445, #6083 ) ;
#70 = DIRECTION ( 'NONE',  ( -0.000000000000000000, -1.000000000000000000, -0.000000000000000000 ) ) ;
#71 = DIRECTION ( 'NONE',  ( -1.000000000000000000, 2.710505431123676128E-16, 0.000000000000000000 ) ) ;
#72 = FACE_OUTER_BOUND ( 'NONE', #1053, .T. ) ;
#73 = LINE ( 'NONE', #1236, #3169 ) ;
#74 = CARTESIAN_POINT ( 'NONE',  ( -7.750000000002311040, 1.499999999999945821, -19.85000000000081144 ) ) ;
#75 = VECTOR ( 'NONE', #4834, 1000.000000000000000 ) ;
#76 = CIRCLE ( 'NONE', #860, 1.600000000000066702 ) ;
#77 = DIRECTION ( 'NONE',  ( 1.000000000000000000, 0.000000000000000000, 0.000000000000000000 ) ) ;
#78 = VECTOR ( 'NONE', #2854, 1000.000000000000000 ) ;
#79 = AXIS2_PLACEMENT_3D ( 'NONE', #5842, #3886, #4224 ) ;
#80 = CARTESIAN_POINT ( 'NONE',  ( 278.8716710987305873, 8.773824423567811337, 0.1000000000000000056 ) ) ;
#81 = DIRECTION ( 'NONE',  ( 1.348480179864921759E-28, 0.000000000000000000, 1.000000000000000000 ) ) ;
#82 = EDGE_CURVE ( 'NONE', #1607, #4660, #3563, .T. ) ;
#83 = EDGE_CURVE ( 'NONE', #4129, #4000, #3915, .T. ) ;
#84 = ORIENTED_EDGE ( 'NONE', *, *, #3129, .T. ) ;
#85 = CARTESIAN_POINT ( 'NONE',  ( -24.44028752898843848, 127.9331757274304664, -222.7075887642579346 ) ) ;
#86 = ORIENTED_EDGE ( 'NONE', *, *, #6081, .F. ) ;
#87 = VECTOR ( 'NONE', #5639, 1000.000000000000000 ) ;
#88 = LINE ( 'NONE', #5719, #4996 ) ;
#89 = VECTOR ( 'NONE', #1527, 1000.000000000000000 ) ;
#90 = CARTESIAN_POINT ( 'NONE',  ( 277.5454470876517803, 3.726610747780326527, 1.299999999999999822 ) ) ;
#91 = VERTEX_POINT ( 'NONE', #148 ) ;
#92 = CARTESIAN_POINT ( 'NONE',  ( -9.580000000002309335, -2.442490654175344389E-12, -23.00000000000085265 ) ) ;
#93 = ORIENTED_EDGE ( 'NONE', *, *, #5481, .F. ) ;
#94 = VECTOR ( 'NONE', #4987, 1000.000000000000000 ) ;
#95 = CARTESIAN_POINT ( 'NONE',  ( 47.49999999999998579, 2.999999999985902832, -2.600000000015020962 ) ) ;
#96 = SHAPE_REPRESENTATION ( '摄像头固定板顶针胶壳（定位销）A2', ( #2423 ), #3216 ) ;
#97 = CARTESIAN_POINT ( 'NONE',  ( 51.00000000008871837, 2.899999999999986144, 9.000000000000001776 ) ) ;
#98 = CARTESIAN_POINT ( 'NONE',  ( 67.50000000000000000, 0.000000000000000000, 2.600000000000001421 ) ) ;
#99 = ADVANCED_FACE ( 'NONE', ( #1140 ), #6808, .F. ) ;
#100 = ORIENTED_EDGE ( 'NONE', *, *, #405, .F. ) ;
#101 = FACE_BOUND ( 'NONE', #1004, .T. ) ;
#102 = VERTEX_POINT ( 'NONE', #4762 ) ;
#103 = ORIENTED_EDGE ( 'NONE', *, *, #6212, .T. ) ;
#104 = CARTESIAN_POINT ( 'NONE',  ( 10.34999999999744524, 0.2999999999999947153, -22.00000000000072831 ) ) ;
#105 = CARTESIAN_POINT ( 'NONE',  ( 274.4456162386791220, -1.032490922467731886, 2.899999999999999911 ) ) ;
#106 = CARTESIAN_POINT ( 'NONE',  ( 274.7337282442185824, 1.491115915426010963, 1.299999999999999822 ) ) ;
#107 = EDGE_CURVE ( 'NONE', #147, #3778, #384, .T. ) ;
#108 = FACE_OUTER_BOUND ( 'NONE', #3308, .T. ) ;
#109 = EDGE_LOOP ( 'NONE', ( #6891, #5174, #1892, #1117 ) ) ;
#110 = CARTESIAN_POINT ( 'NONE',  ( 275.3099522552975031, 6.538329591213495107, 1.299999999999999822 ) ) ;
#111 = EDGE_CURVE ( 'NONE', #5045, #1339, #5526, .T. ) ;
#112 = DIRECTION ( 'NONE',  ( 1.000000000000000000, 0.000000000000000000, 0.000000000000000000 ) ) ;
#113 = CARTESIAN_POINT ( 'NONE',  ( 8.250000000000062172, 1.500000000000001332, -25.65000000000144809 ) ) ;
#114 = ORIENTED_EDGE ( 'NONE', *, *, #2894, .F. ) ;
#115 = SHAPE_DEFINITION_REPRESENTATION ( #5383, #1545 ) ;
#116 = ORIENTED_EDGE ( 'NONE', *, *, #1279, .F. ) ;
#117 = LINE ( 'NONE', #6685, #1547 ) ;
#118 = EDGE_CURVE ( 'NONE', #6665, #5316, #6440, .T. ) ;
#119 = EDGE_CURVE ( 'NONE', #51, #1396, #6342, .T. ) ;
#120 = UNCERTAINTY_MEASURE_WITH_UNIT (LENGTH_MEASURE( 1.000000000000000082E-05 ), #3735, 'distance_accuracy_value', 'NONE');
#121 = CARTESIAN_POINT ( 'NONE',  ( 273.9655879583236242, -7.674337759814201299, 1.500000000000000000 ) ) ;
#122 = ORIENTED_EDGE ( 'NONE', *, *, #2295, .F. ) ;
#123 = DIRECTION ( 'NONE',  ( 0.000000000000000000, 0.000000000000000000, 1.000000000000000000 ) ) ;
#124 = ORIENTED_EDGE ( 'NONE', *, *, #3928, .T. ) ;
#125 = DIRECTION ( 'NONE',  ( -0.000000000000000000, -0.000000000000000000, 1.000000000000000000 ) ) ;
#126 = CYLINDRICAL_SURFACE ( 'NONE', #6125, 0.5000000000000177636 ) ;
#127 = CIRCLE ( 'NONE', #1028, 1.000000000000000888 ) ;
#128 = FACE_OUTER_BOUND ( 'NONE', #5882, .T. ) ;
#129 = ORIENTED_EDGE ( 'NONE', *, *, #6505, .T. ) ;
#130 = ORIENTED_EDGE ( 'NONE', *, *, #54, .T. ) ;
#131 = DIRECTION ( 'NONE',  ( -0.000000000000000000, -0.000000000000000000, 1.000000000000000000 ) ) ;
#132 = STYLED_ITEM ( 'NONE', ( #5471 ), #5021 ) ;
#133 = ORIENTED_EDGE ( 'NONE', *, *, #4241, .T. ) ;
#134 = CARTESIAN_POINT ( 'NONE',  ( 277.0835590931911838, 6.250217585674071152, 0.000000000000000000 ) ) ;
#135 = CARTESIAN_POINT ( 'NONE',  ( -9.579999999999893490, 1.499999999997558842, -26.15000000000119940 ) ) ;
#136 = CARTESIAN_POINT ( 'NONE',  ( 52.49999999999999289, 3.000000000000002665, 10.50000000000000178 ) ) ;
#137 = DIRECTION ( 'NONE',  ( -0.000000000000000000, -0.000000000000000000, 1.000000000000000000 ) ) ;
#138 = AXIS2_PLACEMENT_3D ( 'NONE', #4642, #1798, #4573 ) ;
#139 = ORIENTED_EDGE ( 'NONE', *, *, #4419, .F. ) ;
#140 = DIRECTION ( 'NONE',  ( 0.000000000000000000, 0.000000000000000000, 1.000000000000000000 ) ) ;
#141 = EDGE_CURVE ( 'NONE', #2601, #226, #685, .T. ) ;
#142 = CIRCLE ( 'NONE', #2993, 1.000000000000000888 ) ;
#143 = DIRECTION ( 'NONE',  ( 0.000000000000000000, 0.000000000000000000, 1.000000000000000000 ) ) ;
#144 = AXIS2_PLACEMENT_3D ( 'NONE', #6703, #5598, #4511 ) ;
#145 = CYLINDRICAL_SURFACE ( 'NONE', #4214, 0.7499999999999729106 ) ;
#146 = CARTESIAN_POINT ( 'NONE',  ( 8.250000000000062172, 1.499999999999945821, -20.35000000000075460 ) ) ;
#147 = VERTEX_POINT ( 'NONE', #4829 ) ;
#148 = CARTESIAN_POINT ( 'NONE',  ( 47.49999999999998579, 2.900000000017000090, 2.500000000027855052 ) ) ;
#149 = EDGE_CURVE ( 'NONE', #5254, #4058, #318, .T. ) ;
#150 = DIRECTION ( 'NONE',  ( 1.000000000000000000, 0.000000000000000000, 0.000000000000000000 ) ) ;
#151 = VECTOR ( 'NONE', #4326, 1000.000000000000000 ) ;
#152 = LINE ( 'NONE', #3412, #1208 ) ;
#153 = ORIENTED_EDGE ( 'NONE', *, *, #2065, .T. ) ;
#154 = VERTEX_POINT ( 'NONE', #883 ) ;
#155 = EDGE_CURVE ( 'NONE', #6990, #2079, #6881, .T. ) ;
#156 = EDGE_LOOP ( 'NONE', ( #2225, #1747 ) ) ;
#157 = DIRECTION ( 'NONE',  ( -1.000000000000000000, 5.869125134844098244E-28, -1.288801503904777590E-28 ) ) ;
#158 = VECTOR ( 'NONE', #206, 1000.000000000000000 ) ;
#159 = DIRECTION ( 'NONE',  ( 1.000000000000000000, 3.469446951953611033E-15, 0.000000000000000000 ) ) ;
#160 = CARTESIAN_POINT ( 'NONE',  ( -7.749999999999896083, 2.999999999999975131, -26.15000000000146230 ) ) ;
#161 = ORIENTED_EDGE ( 'NONE', *, *, #4769, .T. ) ;
#162 = ADVANCED_FACE ( 'NONE', ( #6453 ), #2030, .F. ) ;
#163 = AXIS2_PLACEMENT_3D ( 'NONE', #1998, #284, #5201 ) ;
#164 = ADVANCED_FACE ( 'NONE', ( #4258 ), #2060, .T. ) ;
#165 = AXIS2_PLACEMENT_3D ( 'NONE', #5005, #1151, #1797 ) ;
#166 = ORIENTED_EDGE ( 'NONE', *, *, #2472, .T. ) ;
#167 = CARTESIAN_POINT ( 'NONE',  ( 52.49999999999999289, 0.1000000000317413651, -9.000000000000154543 ) ) ;
#168 = ORIENTED_EDGE ( 'NONE', *, *, #1238, .F. ) ;
#169 = CARTESIAN_POINT ( 'NONE',  ( -2.442490654175344389E-12, 3.000000000000002665, 0.000000000000000000 ) ) ;
#170 = CARTESIAN_POINT ( 'NONE',  ( 274.5980642608369067, 9.061936429107239732, 1.299999999999999822 ) ) ;
#171 =( REPRESENTATION_RELATIONSHIP ('NONE','NONE', #1545, #48 ) REPRESENTATION_RELATIONSHIP_WITH_TRANSFORMATION ( #6856 )SHAPE_REPRESENTATION_RELATIONSHIP( ) );
#172 = FACE_OUTER_BOUND ( 'NONE', #3755, .T. ) ;
#173 = CIRCLE ( 'NONE', #2803, 1.000000000000000888 ) ;
#174 = DIRECTION ( 'NONE',  ( 5.553580772755923110E-28, -1.000000000000000000, 5.420049715972916316E-30 ) ) ;
#175 = DIRECTION ( 'NONE',  ( 0.000000000000000000, 0.000000000000000000, 1.000000000000000000 ) ) ;
#176 = EDGE_LOOP ( 'NONE', ( #4672, #3913, #3668, #4113 ) ) ;
#177 = CIRCLE ( 'NONE', #6486, 0.7499999999999829026 ) ;
#178 = AXIS2_PLACEMENT_3D ( 'NONE', #1796, #6760, #789 ) ;
#179 = ORIENTED_EDGE ( 'NONE', *, *, #1851, .T. ) ;
#180 = DIRECTION ( 'NONE',  ( 1.000000000000000000, 0.000000000000000000, 0.000000000000000000 ) ) ;
#181 = CARTESIAN_POINT ( 'NONE',  ( 31.49999999999997158, 1.734415909111335071E-29, 3.200000000000003730 ) ) ;
#182 = CIRCLE ( 'NONE', #6827, 1.599999999996326583 ) ;
#183 = CARTESIAN_POINT ( 'NONE',  ( 17.67766952966382021, 3.000000000000002665, 17.67766952966360350 ) ) ;
#184 = ORIENTED_EDGE ( 'NONE', *, *, #1616, .F. ) ;
#185 = DIRECTION ( 'NONE',  ( -7.559067533535264797E-17, -0.9999999999999998890, 1.539042495456074767E-14 ) ) ;
#186 = AXIS2_PLACEMENT_3D ( 'NONE', #2056, #6338, #840 ) ;
#187 = CIRCLE ( 'NONE', #1554, 0.5000000000000213163 ) ;
#188 = EDGE_CURVE ( 'NONE', #1182, #1615, #2416, .T. ) ;
#189 = DIRECTION ( 'NONE',  ( -0.000000000000000000, -0.000000000000000000, 1.000000000000000000 ) ) ;
#190 = AXIS2_PLACEMENT_3D ( 'NONE', #4693, #6960, #1951 ) ;
#191 = VECTOR ( 'NONE', #852, 1000.000000000000000 ) ;
#192 = ORIENTED_EDGE ( 'NONE', *, *, #4985, .T. ) ;
#193 = DIRECTION ( 'NONE',  ( 0.000000000000000000, 0.000000000000000000, 1.000000000000000000 ) ) ;
#194 = ORIENTED_EDGE ( 'NONE', *, *, #1943, .F. ) ;
#195 = VERTEX_POINT ( 'NONE', #5272 ) ;
#196 = CARTESIAN_POINT ( 'NONE',  ( 67.50000000000000000, 0.1000000000000167422, 10.50000000000060574 ) ) ;
#197 = DIRECTION ( 'NONE',  ( 0.000000000000000000, 0.000000000000000000, 1.000000000000000000 ) ) ;
#198 =( GEOMETRIC_REPRESENTATION_CONTEXT ( 3 ) GLOBAL_UNCERTAINTY_ASSIGNED_CONTEXT ( ( #2324 ) ) GLOBAL_UNIT_ASSIGNED_CONTEXT ( ( #2276, #1739, #1200 ) ) REPRESENTATION_CONTEXT ( 'NONE', 'WORKASPACE' ) );
#199 = DIRECTION ( 'NONE',  ( -1.000000000000000000, 5.869125134844098244E-28, -1.288801503904777590E-28 ) ) ;
#200 = EDGE_CURVE ( 'NONE', #1883, #6009, #4263, .T. ) ;
#201 = ORIENTED_EDGE ( 'NONE', *, *, #1205, .T. ) ;
#202 = VECTOR ( 'NONE', #1065, 1000.000000000000000 ) ;
#203 = VERTEX_POINT ( 'NONE', #4730 ) ;
#204 = FACE_OUTER_BOUND ( 'NONE', #4477, .T. ) ;
#205 = ORIENTED_EDGE ( 'NONE', *, *, #6736, .T. ) ;
#206 = DIRECTION ( 'NONE',  ( 5.553580772755923110E-28, -1.000000000000000000, 5.420049715972916316E-30 ) ) ;
#207 = DIRECTION ( 'NONE',  ( 5.553580772755923110E-28, -1.000000000000000000, 5.420049715972916316E-30 ) ) ;
#208 = PLANE ( 'NONE',  #4542 ) ;
#209 = EDGE_CURVE ( 'NONE', #6404, #4964, #350, .T. ) ;
#210 = AXIS2_PLACEMENT_3D ( 'NONE', #2377, #2985, #4577 ) ;
#211 = EDGE_CURVE ( 'NONE', #6332, #65, #4602, .T. ) ;
#212 = DIRECTION ( 'NONE',  ( 0.000000000000000000, 0.000000000000000000, 1.000000000000000000 ) ) ;
#213 = FACE_OUTER_BOUND ( 'NONE', #4516, .T. ) ;
#214 = ORIENTED_EDGE ( 'NONE', *, *, #5636, .F. ) ;
#215 = VERTEX_POINT ( 'NONE', #2565 ) ;
#216 = CARTESIAN_POINT ( 'NONE',  ( 272.4516683798460690, -5.273690273624817237, 1.500000000000000000 ) ) ;
#217 = CARTESIAN_POINT ( 'NONE',  ( 274.4456162386791220, -1.032490922467731886, 0.1000000000000000056 ) ) ;
#218 = LINE ( 'NONE', #2938, #2357 ) ;
#219 = ORIENTED_EDGE ( 'NONE', *, *, #5153, .T. ) ;
#220 = DIRECTION ( 'NONE',  ( -0.3709554453661645379, 1.443289932012703187E-14, 0.9286506649721359974 ) ) ;
#221 = CARTESIAN_POINT ( 'NONE',  ( 274.2718402497580428, 4.014722753319752258, 0.1000000000000000056 ) ) ;
#222 = DIRECTION ( 'NONE',  ( -1.000000000000000000, 5.869125134844098244E-28, -1.448620856765738626E-15 ) ) ;
#223 = VERTEX_POINT ( 'NONE', #451 ) ;
#224 = DIRECTION ( 'NONE',  ( -5.553580772755923110E-28, 1.000000000000000000, -5.420049715972916316E-30 ) ) ;
#225 = EDGE_LOOP ( 'NONE', ( #6539, #4168, #5522, #5188 ) ) ;
#226 = VERTEX_POINT ( 'NONE', #2602 ) ;
#227 = CARTESIAN_POINT ( 'NONE',  ( -17.67766952966604066, 0.000000000000000000, -17.67766952966443128 ) ) ;
#228 = DIRECTION ( 'NONE',  ( -0.000000000000000000, -0.000000000000000000, -1.000000000000000000 ) ) ;
#229 = CYLINDRICAL_SURFACE ( 'NONE', #1972, 1.600000000000066702 ) ;
#230 = ORIENTED_EDGE ( 'NONE', *, *, #4940, .F. ) ;
#231 = EDGE_CURVE ( 'NONE', #1615, #1182, #3917, .T. ) ;
#232 = ORIENTED_EDGE ( 'NONE', *, *, #5025, .T. ) ;
#233 = CARTESIAN_POINT ( 'NONE',  ( 17.67766952966382021, 3.000000000000002665, -17.67766952966432115 ) ) ;
#234 = ORIENTED_EDGE ( 'NONE', *, *, #1512, .F. ) ;
#235 = DIRECTION ( 'NONE',  ( -0.3694721847323012565, -0.7071067811865414665, 0.6029015713274836763 ) ) ;
#236 = FACE_OUTER_BOUND ( 'NONE', #4358, .T. ) ;
#237 = CARTESIAN_POINT ( 'NONE',  ( 10.34999999999744524, 1.500000000000001332, -24.00000000000106937 ) ) ;
#238 = DIRECTION ( 'NONE',  ( 1.000000000000000000, 0.000000000000000000, 0.000000000000000000 ) ) ;
#239 = VECTOR ( 'NONE', #4874, 1000.000000000000000 ) ;
#240 = LINE ( 'NONE', #4040, #5131 ) ;
#241 = ORIENTED_EDGE ( 'NONE', *, *, #3340, .T. ) ;
#242 = ADVANCED_FACE ( 'NONE', ( #1990 ), #6384, .F. ) ;
#243 = EDGE_CURVE ( 'NONE', #4761, #6492, #5299, .T. ) ;
#244 = ORIENTED_EDGE ( 'NONE', *, *, #5195, .T. ) ;
#245 = DIRECTION ( 'NONE',  ( 5.553580772755923110E-28, -1.000000000000000000, 5.420049715972916316E-30 ) ) ;
#246 = DIRECTION ( 'NONE',  ( 5.553580772755923110E-28, -1.000000000000000000, 5.420049715972916316E-30 ) ) ;
#247 = DIRECTION ( 'NONE',  ( -5.553580772755923110E-28, 1.000000000000000000, -5.420049715972916316E-30 ) ) ;
#248 = EDGE_LOOP ( 'NONE', ( #6989, #6408, #5034, #488 ) ) ;
#249 = ITEM_DEFINED_TRANSFORMATION ( 'NONE', 'NONE', #2642,  #2423 ) ;
#250 = EDGE_CURVE ( 'NONE', #5610, #4340, #4947, .T. ) ;
#251 = EDGE_CURVE ( 'NONE', #2564, #441, #699, .T. ) ;
#252 = CARTESIAN_POINT ( 'NONE',  ( 9.580000000000060467, 1.500000000000001332, -19.85000000000114539 ) ) ;
#253 = CARTESIAN_POINT ( 'NONE',  ( 52.49999999999999289, 3.000000000042746251, -9.000000000000305533 ) ) ;
#254 = CONICAL_SURFACE ( 'NONE', #3694, 1.199999999999978861, 0.7853981633973935450 ) ;
#255 = AXIS2_PLACEMENT_3D ( 'NONE', #3359, #3396, #591 ) ;
#256 = ORIENTED_EDGE ( 'NONE', *, *, #7024, .F. ) ;
#257 = CARTESIAN_POINT ( 'NONE',  ( 274.9655879583236242, -7.674337759814201299, 1.500000000000000000 ) ) ;
#258 = ORIENTED_EDGE ( 'NONE', *, *, #718, .T. ) ;
#259 = VERTEX_POINT ( 'NONE', #1590 ) ;
#260 = LINE ( 'NONE', #2371, #2338 ) ;
#261 = AXIS2_PLACEMENT_3D ( 'NONE', #4793, #3173, #1411 ) ;
#262 = DIRECTION ( 'NONE',  ( 5.553580772755923110E-28, -1.000000000000000000, 5.420049715972916316E-30 ) ) ;
#263 = DIRECTION ( 'NONE',  ( 0.000000000000000000, 0.000000000000000000, 1.000000000000000000 ) ) ;
#264 = ADVANCED_FACE ( 'NONE', ( #4377 ), #5451, .T. ) ;
#265 = VERTEX_POINT ( 'NONE', #3786 ) ;
#266 = AXIS2_PLACEMENT_3D ( 'NONE', #5078, #3893, #6055 ) ;
#267 = VERTEX_POINT ( 'NONE', #1090 ) ;
#268 = DIRECTION ( 'NONE',  ( 0.000000000000000000, 0.000000000000000000, -1.000000000000000000 ) ) ;
#269 = VERTEX_POINT ( 'NONE', #3865 ) ;
#270 = LINE ( 'NONE', #2627, #4479 ) ;
#271 = LINE ( 'NONE', #313, #5541 ) ;
#272 = PRODUCT_DEFINITION_SHAPE ( 'NONE', 'NONE',  #4519 ) ;
#273 = CARTESIAN_POINT ( 'NONE',  ( 274.4456162386791220, -1.032490922467731886, 1.299999999999999822 ) ) ;
#274 = FACE_OUTER_BOUND ( 'NONE', #3856, .T. ) ;
#275 = EDGE_CURVE ( 'NONE', #4129, #2851, #584, .T. ) ;
#276 = AXIS2_PLACEMENT_3D ( 'NONE', #3180, #5523, #6991 ) ;
#277 = EDGE_LOOP ( 'NONE', ( #4952, #522, #544, #6622 ) ) ;
#278 = CARTESIAN_POINT ( 'NONE',  ( 67.50000000000000000, 2.999999999985902832, -2.600000000015024515 ) ) ;
#279 = EDGE_LOOP ( 'NONE', ( #5042, #294 ) ) ;
#280 = AXIS2_PLACEMENT_3D ( 'NONE', #2571, #3763, #6963 ) ;
#281 = EDGE_LOOP ( 'NONE', ( #6260, #37 ) ) ;
#282 = CYLINDRICAL_SURFACE ( 'NONE', #4629, 1.000000000000000888 ) ;
#283 = DIRECTION ( 'NONE',  ( 0.000000000000000000, 0.000000000000000000, -1.000000000000000000 ) ) ;
#284 = DIRECTION ( 'NONE',  ( -0.000000000000000000, -0.000000000000000000, 1.000000000000000000 ) ) ;
#285 = DIRECTION ( 'NONE',  ( 1.000000000000000000, 0.000000000000000000, 0.000000000000000000 ) ) ;
#286 = VECTOR ( 'NONE', #315, 1000.000000000000114 ) ;
#287 = ORIENTED_EDGE ( 'NONE', *, *, #5351, .T. ) ;
#288 = FACE_BOUND ( 'NONE', #3321, .T. ) ;
#289 = VECTOR ( 'NONE', #5092, 1000.000000000000000 ) ;
#290 = AXIS2_PLACEMENT_3D ( 'NONE', #1286, #5180, #649 ) ;
#291 = EDGE_CURVE ( 'NONE', #4964, #1530, #554, .T. ) ;
#292 = EDGE_CURVE ( 'NONE', #3088, #5672, #6633, .T. ) ;
#293 = DIRECTION ( 'NONE',  ( -1.314439483324459577E-28, 5.087249021584615241E-30, -1.000000000000000000 ) ) ;
#294 = ORIENTED_EDGE ( 'NONE', *, *, #5519, .T. ) ;
#295 =( NAMED_UNIT ( * ) SI_UNIT ( $, .STERADIAN. ) SOLID_ANGLE_UNIT ( ) );
#296 = EDGE_LOOP ( 'NONE', ( #1341, #1793, #3807, #6237 ) ) ;
#297 = CONICAL_SURFACE ( 'NONE', #2343, 3.350000000000165290, 0.7853981633974136400 ) ;
#298 = AXIS2_PLACEMENT_3D ( 'NONE', #6148, #672, #4595 ) ;
#299 = ORIENTED_EDGE ( 'NONE', *, *, #662, .T. ) ;
#300 = DIRECTION ( 'NONE',  ( 5.553580772755923110E-28, -1.000000000000000000, 5.420049715972916316E-30 ) ) ;
#301 = DIRECTION ( 'NONE',  ( -5.553580772755923110E-28, 1.000000000000000000, -5.420049715972916316E-30 ) ) ;
#302 = DIRECTION ( 'NONE',  ( 1.000000000000000000, 0.000000000000000000, -0.000000000000000000 ) ) ;
#303 = VECTOR ( 'NONE', #5378, 1000.000000000000000 ) ;
#304 = AXIS2_PLACEMENT_3D ( 'NONE', #2974, #712, #4634 ) ;
#305 = APPLICATION_CONTEXT ( 'automotive_design' ) ;
#306 = DIRECTION ( 'NONE',  ( 5.553580772755923110E-28, -1.000000000000000000, 5.420049715972916316E-30 ) ) ;
#307 = ORIENTED_EDGE ( 'NONE', *, *, #1026, .T. ) ;
#308 = AXIS2_PLACEMENT_3D ( 'NONE', #1459, #1916, #3079 ) ;
#309 = ORIENTED_EDGE ( 'NONE', *, *, #4271, .T. ) ;
#310 = DIRECTION ( 'NONE',  ( -0.000000000000000000, -0.000000000000000000, 1.000000000000000000 ) ) ;
#311 = ORIENTED_EDGE ( 'NONE', *, *, #2920, .F. ) ;
#312 = CARTESIAN_POINT ( 'NONE',  ( 67.50000000000000000, 4.990452495690078649E-11, -10.60000000000114717 ) ) ;
#313 = CARTESIAN_POINT ( 'NONE',  ( 67.50000000000000000, 0.1000000000000167422, -7.500000000000610179 ) ) ;
#314 = DIRECTION ( 'NONE',  ( 0.000000000000000000, 0.000000000000000000, 1.000000000000000000 ) ) ;
#315 = DIRECTION ( 'NONE',  ( 8.659560562403615437E-17, -0.7071067811865378028, 0.7071067811865572317 ) ) ;
#316 = VERTEX_POINT ( 'NONE', #2744 ) ;
#317 = PRODUCT_DEFINITION_SHAPE ( 'NONE', 'NONE',  #7105 ) ;
#318 = LINE ( 'NONE', #985, #6550 ) ;
#319 = ORIENTED_EDGE ( 'NONE', *, *, #188, .T. ) ;
#320 = EDGE_CURVE ( 'NONE', #2172, #3614, #5179, .T. ) ;
#321 = CONICAL_SURFACE ( 'NONE', #1682, 1.000000000000042633, 0.7853981633974222998 ) ;
#322 = ORIENTED_EDGE ( 'NONE', *, *, #2250, .T. ) ;
#323 = DIRECTION ( 'NONE',  ( 0.000000000000000000, 5.087249021584615241E-30, -1.000000000000000000 ) ) ;
#324 = DIRECTION ( 'NONE',  ( -1.000000000000000000, 2.710505431123676128E-16, 0.000000000000000000 ) ) ;
#325 = FACE_OUTER_BOUND ( 'NONE', #2873, .T. ) ;
#326 = PLANE ( 'NONE',  #1781 ) ;
#327 = DIRECTION ( 'NONE',  ( 0.000000000000000000, 0.000000000000000000, 1.000000000000000000 ) ) ;
#328 = ORIENTED_EDGE ( 'NONE', *, *, #467, .T. ) ;
#329 = ITEM_DEFINED_TRANSFORMATION ( 'NONE', 'NONE', #6666,  #2423 ) ;
#330 = ADVANCED_FACE ( 'NONE', ( #3206, #2133, #487, #6556, #1016, #2712, #4934, #101, #4361, #2197, #4400, #1699, #1627, #6091, #6592 ), #3355, .F. ) ;
#331 = CARTESIAN_POINT ( 'NONE',  ( 1.110223024625133443E-13, 8.928122032881354158E-29, -17.55000000000080718 ) ) ;
#332 = FACE_OUTER_BOUND ( 'NONE', #5347, .T. ) ;
#333 = EDGE_LOOP ( 'NONE', ( #194, #2087 ) ) ;
#334 =( LENGTH_UNIT ( ) NAMED_UNIT ( * ) SI_UNIT ( .MILLI., .METRE. ) );
#335 = ORIENTED_EDGE ( 'NONE', *, *, #5954, .T. ) ;
#336 = VERTEX_POINT ( 'NONE', #6018 ) ;
#337 = ADVANCED_FACE ( 'NONE', ( #1665 ), #1561, .F. ) ;
#338 = EDGE_CURVE ( 'NONE', #3996, #154, #2672, .T. ) ;
#339 = DIRECTION ( 'NONE',  ( 0.000000000000000000, 0.000000000000000000, -1.000000000000000000 ) ) ;
#340 = LINE ( 'NONE', #4842, #5799 ) ;
#341 = DIRECTION ( 'NONE',  ( 1.000000000000000000, 0.000000000000000000, 0.000000000000000000 ) ) ;
#342 = ORIENTED_EDGE ( 'NONE', *, *, #4179, .F. ) ;
#343 = EDGE_LOOP ( 'NONE', ( #5777, #2585 ) ) ;
#344 = CARTESIAN_POINT ( 'NONE',  ( 50.90000000006052261, 3.000000000028174796, 9.000000000000001776 ) ) ;
#345 = DIRECTION ( 'NONE',  ( -0.000000000000000000, -0.000000000000000000, -1.000000000000000000 ) ) ;
#346 = DIRECTION ( 'NONE',  ( 1.314768175368299124E-28, 0.000000000000000000, 1.000000000000000000 ) ) ;
#347 = CARTESIAN_POINT ( 'NONE',  ( 67.50000000000000000, 3.000000000000002665, 24.10000000000128750 ) ) ;
#348 = DIRECTION ( 'NONE',  ( -0.000000000000000000, -0.000000000000000000, 1.000000000000000000 ) ) ;
#349 = ORIENTED_EDGE ( 'NONE', *, *, #673, .T. ) ;
#350 = LINE ( 'NONE', #2529, #4374 ) ;
#351 = ORIENTED_EDGE ( 'NONE', *, *, #4330, .T. ) ;
#352 = VERTEX_POINT ( 'NONE', #2779 ) ;
#353 = DIRECTION ( 'NONE',  ( 5.553580772755923110E-28, -1.000000000000000000, 5.420049715972916316E-30 ) ) ;
#354 = CARTESIAN_POINT ( 'NONE',  ( 67.50000000006106404, 498992.4000000520027, -498982.0000000199652 ) ) ;
#355 = AXIS2_PLACEMENT_3D ( 'NONE', #5784, #458, #5888 ) ;
#356 = DIRECTION ( 'NONE',  ( 0.000000000000000000, 0.000000000000000000, 1.000000000000000000 ) ) ;
#357 = DIRECTION ( 'NONE',  ( 1.000000000000000000, 0.000000000000000000, 0.000000000000000000 ) ) ;
#358 = FACE_OUTER_BOUND ( 'NONE', #5762, .T. ) ;
#359 = EDGE_CURVE ( 'NONE', #7023, #6080, #817, .T. ) ;
#360 = EDGE_LOOP ( 'NONE', ( #1848, #738, #3243, #6134 ) ) ;
#361 = DIRECTION ( 'NONE',  ( 1.000000000000000000, 0.000000000000000000, -0.000000000000000000 ) ) ;
#362 = DIRECTION ( 'NONE',  ( 1.314439483324459577E-28, -5.087249021584615241E-30, 1.000000000000000000 ) ) ;
#363 = VECTOR ( 'NONE', #3072, 1000.000000000000000 ) ;
#364 = EDGE_CURVE ( 'NONE', #5438, #195, #4442, .T. ) ;
#365 = ORIENTED_EDGE ( 'NONE', *, *, #2613, .T. ) ;
#366 = EDGE_LOOP ( 'NONE', ( #3592, #5792, #6917, #3218 ) ) ;
#367 = ORIENTED_EDGE ( 'NONE', *, *, #1981, .F. ) ;
#368 = CARTESIAN_POINT ( 'NONE',  ( -8.250000000002311040, 19.51279806695395536, -20.35000000000086828 ) ) ;
#369 = CONICAL_SURFACE ( 'NONE', #936, 3.350000000000179057, 0.7853981633974136400 ) ;
#370 = CIRCLE ( 'NONE', #5185, 1.000000000000000888 ) ;
#371 = EDGE_CURVE ( 'NONE', #6980, #4345, #5531, .T. ) ;
#372 = FACE_OUTER_BOUND ( 'NONE', #2975, .T. ) ;
#373 = ORIENTED_EDGE ( 'NONE', *, *, #5298, .F. ) ;
#374 = AXIS2_PLACEMENT_3D ( 'NONE', #4075, #3570, #6167 ) ;
#375 = CARTESIAN_POINT ( 'NONE',  ( 67.50000000000000000, 2.273736754432320595E-10, -9.000000000000303757 ) ) ;
#376 = CARTESIAN_POINT ( 'NONE',  ( 277.8366876953515998, -5.888480458673511997, 1.500000000000000000 ) ) ;
#377 = LINE ( 'NONE', #2024, #1393 ) ;
#378 = CARTESIAN_POINT ( 'NONE',  ( 24.81934729198170686, 3.000000000000002665, -30.00000000000126121 ) ) ;
#379 = DIRECTION ( 'NONE',  ( 0.000000000000000000, 0.000000000000000000, 1.000000000000000000 ) ) ;
#380 = ADVANCED_FACE ( 'NONE', ( #2848 ), #4470, .F. ) ;
#381 = EDGE_CURVE ( 'NONE', #2284, #6110, #3685, .T. ) ;
#382 = ORIENTED_EDGE ( 'NONE', *, *, #3514, .F. ) ;
#383 = VECTOR ( 'NONE', #828, 1000.000000000000114 ) ;
#384 = LINE ( 'NONE', #1520, #5977 ) ;
#385 = ORIENTED_EDGE ( 'NONE', *, *, #4922, .F. ) ;
#386 = ORIENTED_EDGE ( 'NONE', *, *, #1369, .F. ) ;
#387 = CARTESIAN_POINT ( 'NONE',  ( 52.49999999999999289, 498992.4000000540982, 499000.0000000199652 ) ) ;
#388 = DIRECTION ( 'NONE',  ( 0.000000000000000000, 0.000000000000000000, -1.000000000000000000 ) ) ;
#389 = AXIS2_PLACEMENT_3D ( 'NONE', #810, #353, #323 ) ;
#390 = DIRECTION ( 'NONE',  ( -5.553580772755923110E-28, 1.000000000000000000, -5.420049715972916316E-30 ) ) ;
#391 = DIRECTION ( 'NONE',  ( -5.553580772755923110E-28, 1.000000000000000000, -5.420049715972916316E-30 ) ) ;
#392 = CARTESIAN_POINT ( 'NONE',  ( 0.000000000000000000, 0.5000000000000004441, 0.000000000000000000 ) ) ;
#393 = ORIENTED_EDGE ( 'NONE', *, *, #292, .F. ) ;
#394 = CIRCLE ( 'NONE', #1987, 1.600000000000066702 ) ;
#395 = FACE_OUTER_BOUND ( 'NONE', #2489, .T. ) ;
#396 = EDGE_CURVE ( 'NONE', #6, #2876, #22, .T. ) ;
#397 = CIRCLE ( 'NONE', #4412, 1.199999999999978861 ) ;
#398 = DIRECTION ( 'NONE',  ( 1.000000000000000000, 0.000000000000000000, 0.000000000000000000 ) ) ;
#399 = EDGE_LOOP ( 'NONE', ( #646, #3000, #1601, #3024 ) ) ;
#400 = ORIENTED_EDGE ( 'NONE', *, *, #396, .T. ) ;
#401 = VERTEX_POINT ( 'NONE', #654 ) ;
#402 = AXIS2_PLACEMENT_3D ( 'NONE', #1356, #4134, #997 ) ;
#403 = AXIS2_PLACEMENT_3D ( 'NONE', #4434, #3780, #4927 ) ;
#404 = CARTESIAN_POINT ( 'NONE',  ( 4.592425496797823846E-15, 0.5000000000000004441, -37.50000000000145661 ) ) ;
#405 = EDGE_CURVE ( 'NONE', #6341, #7049, #4023, .T. ) ;
#406 = CYLINDRICAL_SURFACE ( 'NONE', #930, 3.150000000000124700 ) ;
#407 = AXIS2_PLACEMENT_3D ( 'NONE', #5936, #1649, #1006 ) ;
#408 = DIRECTION ( 'NONE',  ( 0.1134299234407194212, 0.9935459991707643601, -0.000000000000000000 ) ) ;
#409 = ORIENTED_EDGE ( 'NONE', *, *, #2372, .T. ) ;
#410 = CARTESIAN_POINT ( 'NONE',  ( 276.0599522552975031, 6.538329591213495107, 0.000000000000000000 ) ) ;
#411 = ADVANCED_FACE ( 'NONE', ( #6996 ), #3627, .T. ) ;
#412 = AXIS2_PLACEMENT_3D ( 'NONE', #3174, #20, #2129 ) ;
#413 = CARTESIAN_POINT ( 'NONE',  ( 67.50000000000000000, 0.5000000000000281997, 22.50000000000122213 ) ) ;
#414 = CIRCLE ( 'NONE', #2127, 1.000000000000000888 ) ;
#415 = CARTESIAN_POINT ( 'NONE',  ( 277.8934026570719880, -5.391707459088132204, 3.100000000000000089 ) ) ;
#416 = CARTESIAN_POINT ( 'NONE',  ( 10.34999999999744524, 0.2999999999999947153, -23.00000000000076739 ) ) ;
#417 = DIRECTION ( 'NONE',  ( 1.000000000000000000, 0.000000000000000000, 0.000000000000000000 ) ) ;
#418 = ORIENTED_EDGE ( 'NONE', *, *, #1066, .T. ) ;
#419 = VECTOR ( 'NONE', #3202, 1000.000000000000000 ) ;
#420 = AXIS2_PLACEMENT_3D ( 'NONE', #6574, #3263, #3300 ) ;
#421 = DIRECTION ( 'NONE',  ( -5.553580772755923110E-28, 1.000000000000000000, -5.420049715972916316E-30 ) ) ;
#422 = ORIENTED_EDGE ( 'NONE', *, *, #4098, .F. ) ;
#423 = EDGE_CURVE ( 'NONE', #986, #5346, #6675, .T. ) ;
#424 = ORIENTED_EDGE ( 'NONE', *, *, #1242, .F. ) ;
#425 = DIRECTION ( 'NONE',  ( -2.776790386377923440E-28, 0.7071067811865761055, 0.7071067811865190400 ) ) ;
#426 = EDGE_CURVE ( 'NONE', #6249, #4904, #5824, .T. ) ;
#427 = DIRECTION ( 'NONE',  ( -1.355252715568668120E-16, -1.000000000000000000, 4.343325478640635603E-30 ) ) ;
#428 = CIRCLE ( 'NONE', #6507, 0.7499999999999729106 ) ;
#429 = CARTESIAN_POINT ( 'NONE',  ( 274.5980642608369067, 9.061936429107239732, 2.899999999999999911 ) ) ;
#430 = DIRECTION ( 'NONE',  ( 1.149593228326424510E-16, 0.7071067811865474617, 0.7071067811865476838 ) ) ;
#431 = CARTESIAN_POINT ( 'NONE',  ( 278.3135873735464543, 12.89206442302036315, 1.500000000000000000 ) ) ;
#432 = EDGE_LOOP ( 'NONE', ( #6418, #4614, #2955, #6117 ) ) ;
#433 = CIRCLE ( 'NONE', #3984, 0.7499999999999729106 ) ;
#434 = DIRECTION ( 'NONE',  ( 1.314439483324459577E-28, 0.000000000000000000, 1.000000000000000000 ) ) ;
#435 = DIRECTION ( 'NONE',  ( 0.000000000000000000, 0.000000000000000000, 1.000000000000000000 ) ) ;
#436 = ORIENTED_EDGE ( 'NONE', *, *, #4098, .T. ) ;
#437 = ORIENTED_EDGE ( 'NONE', *, *, #4505, .F. ) ;
#438 = VERTEX_POINT ( 'NONE', #2069 ) ;
#439 = CARTESIAN_POINT ( 'NONE',  ( 75.00000000000001421, 3.000000000002417622, 22.50000000000121503 ) ) ;
#440 = SURFACE_SIDE_STYLE ('',( #1437 ) ) ;
#441 = VERTEX_POINT ( 'NONE', #6462 ) ;
#442 = FACE_OUTER_BOUND ( 'NONE', #767, .T. ) ;
#443 = ORIENTED_EDGE ( 'NONE', *, *, #2339, .F. ) ;
#444 = EDGE_CURVE ( 'NONE', #931, #6452, #1385, .T. ) ;
#445 = LINE ( 'NONE', #410, #6247 ) ;
#446 = FACE_OUTER_BOUND ( 'NONE', #1589, .T. ) ;
#447 = CARTESIAN_POINT ( 'NONE',  ( 60.65000000000460290, -22.49999999997287148, 0.000000000000000000 ) ) ;
#448 = CARTESIAN_POINT ( 'NONE',  ( 67.50000000000000000, 3.000000000000002665, 2.499999999999998668 ) ) ;
#449 = VERTEX_POINT ( 'NONE', #5852 ) ;
#450 = EDGE_CURVE ( 'NONE', #2531, #2185, #1460, .T. ) ;
#451 = CARTESIAN_POINT ( 'NONE',  ( 67.50000000000000000, 2.500000000000002220, -29.60000000000060538 ) ) ;
#452 = VERTEX_POINT ( 'NONE', #6311 ) ;
#453 = ORIENTED_EDGE ( 'NONE', *, *, #2630, .F. ) ;
#454 = CARTESIAN_POINT ( 'NONE',  ( 67.50000000000000000, 0.1000000000221656915, -7.499999999991624478 ) ) ;
#455 = DIRECTION ( 'NONE',  ( -0.000000000000000000, -0.000000000000000000, 1.000000000000000000 ) ) ;
#456 = DIRECTION ( 'NONE',  ( 1.000000000000000000, 0.000000000000000000, 0.000000000000000000 ) ) ;
#457 = DIRECTION ( 'NONE',  ( 0.000000000000000000, 5.087249021584615241E-30, -1.000000000000000000 ) ) ;
#458 = DIRECTION ( 'NONE',  ( -0.000000000000000000, -0.000000000000000000, -1.000000000000000000 ) ) ;
#459 = ADVANCED_FACE ( 'NONE', ( #358 ), #5641, .F. ) ;
#460 = ADVANCED_FACE ( 'NONE', ( #3690 ), #891, .F. ) ;
#461 = ORIENTED_EDGE ( 'NONE', *, *, #63, .F. ) ;
#462 = CARTESIAN_POINT ( 'NONE',  ( -2.437898228678536936E-12, 3.000000000000002665, 37.50000000000145661 ) ) ;
#463 = DIRECTION ( 'NONE',  ( -0.000000000000000000, -0.000000000000000000, 1.000000000000000000 ) ) ;
#464 = CARTESIAN_POINT ( 'NONE',  ( 67.50000000006112089, 499000.0000000000582, -499007.5999999680207 ) ) ;
#465 = EDGE_CURVE ( 'NONE', #4056, #3778, #2504, .T. ) ;
#466 = CIRCLE ( 'NONE', #6540, 1.000000000000000888 ) ;
#467 = EDGE_CURVE ( 'NONE', #2583, #6928, #681, .T. ) ;
#468 = ORIENTED_EDGE ( 'NONE', *, *, #3514, .T. ) ;
#469 = DIRECTION ( 'NONE',  ( -0.9935459991707645822, -1.710320937907973401E-15, -0.1134299234407187412 ) ) ;
#470 = VERTEX_POINT ( 'NONE', #2038 ) ;
#471 = ORIENTED_EDGE ( 'NONE', *, *, #6620, .T. ) ;
#472 = LINE ( 'NONE', #2323, #6252 ) ;
#473 = CIRCLE ( 'NONE', #6557, 3.200000000000128519 ) ;
#474 = ORIENTED_EDGE ( 'NONE', *, *, #118, .T. ) ;
#475 = DIRECTION ( 'NONE',  ( -1.375336375708028539E-17, -1.000000000000000000, -1.673398497896634293E-16 ) ) ;
#476 = EDGE_LOOP ( 'NONE', ( #3595, #3736 ) ) ;
#477 = AXIS2_PLACEMENT_3D ( 'NONE', #4268, #921, #2000 ) ;
#478 = AXIS2_PLACEMENT_3D ( 'NONE', #3309, #475, #2262 ) ;
#479 = CARTESIAN_POINT ( 'NONE',  ( 274.3857726747980337, 10.60943412229444327, 1.500000000000000000 ) ) ;
#480 = AXIS2_PLACEMENT_3D ( 'NONE', #1097, #1501, #5560 ) ;
#481 = CARTESIAN_POINT ( 'NONE',  ( 17.67766952966382021, 3.000000000000002665, 11.37766952966335765 ) ) ;
#482 = DIRECTION ( 'NONE',  ( 1.000000000000000000, 0.000000000000000000, 0.000000000000000000 ) ) ;
#483 = LINE ( 'NONE', #7057, #4198 ) ;
#484 = EDGE_CURVE ( 'NONE', #4389, #4831, #1486, .T. ) ;
#485 = EDGE_LOOP ( 'NONE', ( #1809, #1969, #2263, #5942 ) ) ;
#486 = AXIS2_PLACEMENT_3D ( 'NONE', #6412, #3609, #482 ) ;
#487 = FACE_OUTER_BOUND ( 'NONE', #2217, .T. ) ;
#488 = ORIENTED_EDGE ( 'NONE', *, *, #3129, .F. ) ;
#489 = EDGE_LOOP ( 'NONE', ( #1292, #6402, #3619, #5474 ) ) ;
#490 = CARTESIAN_POINT ( 'NONE',  ( 278.2573350821123768, 1.203003909886584122, 2.899999999999999911 ) ) ;
#491 = FACE_OUTER_BOUND ( 'NONE', #5596, .T. ) ;
#492 = EDGE_CURVE ( 'NONE', #1351, #3933, #3115, .T. ) ;
#493 = CONICAL_SURFACE ( 'NONE', #6340, 8.000000000000312639, 0.7853981633974352894 ) ;
#494 = LINE ( 'NONE', #3832, #3831 ) ;
#495 = LINE ( 'NONE', #2681, #239 ) ;
#496 = VERTEX_POINT ( 'NONE', #2573 ) ;
#497 = VECTOR ( 'NONE', #580, 1000.000000000000000 ) ;
#498 = DIRECTION ( 'NONE',  ( 5.553580772755923110E-28, -1.000000000000000000, 5.420049715972916316E-30 ) ) ;
#499 = EDGE_CURVE ( 'NONE', #6974, #6880, #5279, .T. ) ;
#500 = CARTESIAN_POINT ( 'NONE',  ( 275.0218402497579859, 4.014722753319752258, 1.299999999999999822 ) ) ;
#501 = FACE_BOUND ( 'NONE', #1328, .T. ) ;
#502 = EDGE_LOOP ( 'NONE', ( #6319, #6468, #4362, #2075 ) ) ;
#503 = SHAPE_REPRESENTATION_RELATIONSHIP ( 'NONE' , 'NONE' ,  #48, #5718 ) ;
#504 = ORIENTED_EDGE ( 'NONE', *, *, #1918, .F. ) ;
#505 = ORIENTED_EDGE ( 'NONE', *, *, #2553, .F. ) ;
#506 = CARTESIAN_POINT ( 'NONE',  ( 274.8480642608369067, 9.061936429107239732, 0.000000000000000000 ) ) ;
#507 = ADVANCED_FACE ( 'NONE', ( #5246 ), #7002, .T. ) ;
#508 = VECTOR ( 'NONE', #6415, 1000.000000000000000 ) ;
#509 = ORIENTED_EDGE ( 'NONE', *, *, #1643, .T. ) ;
#510 = DIRECTION ( 'NONE',  ( -0.000000000000000000, -0.000000000000000000, 1.000000000000000000 ) ) ;
#511 = ORIENTED_EDGE ( 'NONE', *, *, #4506, .T. ) ;
#512 = CIRCLE ( 'NONE', #7058, 10.50000000000041211 ) ;
#513 = CIRCLE ( 'NONE', #403, 1.600000000053176885 ) ;
#514 = DIRECTION ( 'NONE',  ( -1.000000000000000000, 0.000000000000000000, 0.000000000000000000 ) ) ;
#515 = PLANE ( 'NONE',  #3793 ) ;
#516 = LINE ( 'NONE', #3350, #151 ) ;
#517 = DIRECTION ( 'NONE',  ( -0.000000000000000000, -0.000000000000000000, 1.000000000000000000 ) ) ;
#518 = CIRCLE ( 'NONE', #3849, 6.849999999999995204 ) ;
#519 = VERTEX_POINT ( 'NONE', #4775 ) ;
#520 = DIRECTION ( 'NONE',  ( 0.000000000000000000, 0.000000000000000000, -1.000000000000000000 ) ) ;
#521 = CIRCLE ( 'NONE', #79, 0.7499999999999729106 ) ;
#522 = ORIENTED_EDGE ( 'NONE', *, *, #3042, .F. ) ;
#523 = EDGE_LOOP ( 'NONE', ( #3336, #1109 ) ) ;
#524 = CARTESIAN_POINT ( 'NONE',  ( 67.50000000000000000, 3.000000000000002665, -10.60000000000031051 ) ) ;
#525 = FACE_OUTER_BOUND ( 'NONE', #876, .T. ) ;
#526 = CARTESIAN_POINT ( 'NONE',  ( 67.50000000000000000, 2.500000000000002220, -22.50000000000061107 ) ) ;
#527 = DIRECTION ( 'NONE',  ( 5.553580772755923110E-28, -1.000000000000000000, 5.420049715972916316E-30 ) ) ;
#528 = CONICAL_SURFACE ( 'NONE', #186, 1.599999999868092271, 0.7853981636816653733 ) ;
#529 = VECTOR ( 'NONE', #3844, 1000.000000000000000 ) ;
#530 = DIRECTION ( 'NONE',  ( -1.355252715616820190E-16, -1.000000000000000000, 4.343325478643108895E-30 ) ) ;
#531 = ORIENTED_EDGE ( 'NONE', *, *, #2919, .F. ) ;
#532 = PRESENTATION_LAYER_ASSIGNMENT (  '', '', ( #3517 ) ) ;
#533 = CARTESIAN_POINT ( 'NONE',  ( 0.000000000000000000, 3.000000000000002665, 25.00000000000122924 ) ) ;
#534 = LINE ( 'NONE', #2724, #6968 ) ;
#535 = CARTESIAN_POINT ( 'NONE',  ( 9.580000000000060467, 0.000000000000000000, -26.35000000000149711 ) ) ;
#536 = CIRCLE ( 'NONE', #4901, 7.100000000000273204 ) ;
#537 = ORIENTED_EDGE ( 'NONE', *, *, #1137, .F. ) ;
#538 = ORIENTED_EDGE ( 'NONE', *, *, #3488, .T. ) ;
#539 = EDGE_CURVE ( 'NONE', #4964, #6538, #918, .T. ) ;
#540 = ORIENTED_EDGE ( 'NONE', *, *, #3459, .F. ) ;
#541 = DIRECTION ( 'NONE',  ( 1.000000000000000000, 0.000000000000000000, 0.000000000000000000 ) ) ;
#542 = AXIS2_PLACEMENT_3D ( 'NONE', #3566, #5662, #1831 ) ;
#543 = LINE ( 'NONE', #4760, #508 ) ;
#544 = ORIENTED_EDGE ( 'NONE', *, *, #1894, .T. ) ;
#545 = DIRECTION ( 'NONE',  ( -0.000000000000000000, -0.000000000000000000, 1.000000000000000000 ) ) ;
#546 = EDGE_LOOP ( 'NONE', ( #4926, #3798, #2499 ) ) ;
#547 = EDGE_CURVE ( 'NONE', #3564, #352, #957, .T. ) ;
#548 = EDGE_CURVE ( 'NONE', #1799, #449, #5356, .T. ) ;
#549 = LINE ( 'NONE', #2124, #4067 ) ;
#550 = DIRECTION ( 'NONE',  ( 1.000000000000000000, 0.000000000000000000, 0.000000000000000000 ) ) ;
#551 = CARTESIAN_POINT ( 'NONE',  ( 274.1575042331397185, -3.556097760361474069, 2.899999999999999911 ) ) ;
#552 = LINE ( 'NONE', #448, #419 ) ;
#553 = ORIENTED_EDGE ( 'NONE', *, *, #6277, .T. ) ;
#554 = LINE ( 'NONE', #7061, #6444 ) ;
#555 = ORIENTED_EDGE ( 'NONE', *, *, #4878, .T. ) ;
#556 = ORIENTED_EDGE ( 'NONE', *, *, #4419, .T. ) ;
#557 = DIRECTION ( 'NONE',  ( 0.000000000000000000, 0.000000000000000000, 1.000000000000000000 ) ) ;
#558 = CARTESIAN_POINT ( 'NONE',  ( 47.49999999999998579, 0.000000000000000000, 2.600000000000004974 ) ) ;
#559 = DIRECTION ( 'NONE',  ( -5.553580772755922213E-28, 1.000000000000000000, 5.087249021584615241E-30 ) ) ;
#560 = CARTESIAN_POINT ( 'NONE',  ( 275.0218402497579859, 4.014722753319752258, 1.299999999999999822 ) ) ;
#561 = CARTESIAN_POINT ( 'NONE',  ( 17.67766952966382021, 3.000000000000002665, 17.67766952966360350 ) ) ;
#562 = DIRECTION ( 'NONE',  ( 0.000000000000000000, 0.000000000000000000, -1.000000000000000000 ) ) ;
#563 = ORIENTED_EDGE ( 'NONE', *, *, #3978, .T. ) ;
#564 = CARTESIAN_POINT ( 'NONE',  ( 75.50000000000001421, 2.500000000000030198, -22.50000000000085976 ) ) ;
#565 = DIRECTION ( 'NONE',  ( 0.000000000000000000, 0.000000000000000000, -1.000000000000000000 ) ) ;
#566 = ADVANCED_FACE ( 'NONE', ( #1061 ), #2752, .F. ) ;
#567 = CARTESIAN_POINT ( 'NONE',  ( -3.061616997868383018E-17, 0.000000000000000000, -3.600000000000000533 ) ) ;
#568 = ORIENTED_EDGE ( 'NONE', *, *, #3362, .F. ) ;
#569 = DIRECTION ( 'NONE',  ( 1.000000000000000000, 0.000000000000000000, 0.000000000000000000 ) ) ;
#570 = ORIENTED_EDGE ( 'NONE', *, *, #3884, .F. ) ;
#571 = DIRECTION ( 'NONE',  ( 0.000000000000000000, 5.087249021584615241E-30, -1.000000000000000000 ) ) ;
#572 = EDGE_CURVE ( 'NONE', #4816, #6845, #2789, .T. ) ;
#573 = AXIS2_PLACEMENT_3D ( 'NONE', #3875, #3765, #4452 ) ;
#574 = CARTESIAN_POINT ( 'NONE',  ( 276.3135873735464543, 12.89206442302036315, 1.500000000000000000 ) ) ;
#575 = ORIENTED_EDGE ( 'NONE', *, *, #2057, .T. ) ;
#576 = CYLINDRICAL_SURFACE ( 'NONE', #818, 0.7499999999999729106 ) ;
#577 = ORIENTED_EDGE ( 'NONE', *, *, #762, .F. ) ;
#578 = AXIS2_PLACEMENT_3D ( 'NONE', #606, #6144, #4114 ) ;
#579 = DIRECTION ( 'NONE',  ( 4.180962797671305171E-28, -0.7071067811865745512, -0.7071067811865205943 ) ) ;
#580 = DIRECTION ( 'NONE',  ( -0.7071067811865088260, 8.659560562354459542E-17, 0.7071067811865862085 ) ) ;
#581 = FACE_OUTER_BOUND ( 'NONE', #6656, .T. ) ;
#582 = CARTESIAN_POINT ( 'NONE',  ( 277.9692230765730301, -1.320602928007157617, 1.299999999999999822 ) ) ;
#583 = EDGE_CURVE ( 'NONE', #2267, #1593, #4016, .T. ) ;
#584 = CIRCLE ( 'NONE', #1157, 0.5000000000000213163 ) ;
#585 = ORIENTED_EDGE ( 'NONE', *, *, #901, .F. ) ;
#586 = DIRECTION ( 'NONE',  ( 8.659560562306588011E-17, 0.7071067811865295871, -0.7071067811865654473 ) ) ;
#587 = AXIS2_PLACEMENT_3D ( 'NONE', #3777, #5969, #1040 ) ;
#588 = ORIENTED_EDGE ( 'NONE', *, *, #548, .T. ) ;
#589 = ORIENTED_EDGE ( 'NONE', *, *, #243, .T. ) ;
#590 = CARTESIAN_POINT ( 'NONE',  ( 275.9311110710334560, -3.844209765900900688, 0.000000000000000000 ) ) ;
#591 = DIRECTION ( 'NONE',  ( -2.776790386377922991E-28, 0.7071067811865476838, 0.7071067811865474617 ) ) ;
#592 = DIRECTION ( 'NONE',  ( 1.314439483324459577E-28, -5.087249021584615241E-30, 1.000000000000000000 ) ) ;
#593 = EDGE_CURVE ( 'NONE', #2864, #1776, #2827, .T. ) ;
#594 = EDGE_CURVE ( 'NONE', #848, #3680, #6886, .T. ) ;
#595 = CARTESIAN_POINT ( 'NONE',  ( 278.5135873735464429, 12.89206442302036315, 1.500000000000000000 ) ) ;
#596 = CIRCLE ( 'NONE', #6109, 1.000000000000000888 ) ;
#597 = AXIS2_PLACEMENT_3D ( 'NONE', #6180, #1246, #3480 ) ;
#598 = DIRECTION ( 'NONE',  ( 0.000000000000000000, 0.000000000000000000, 1.000000000000000000 ) ) ;
#599 = LINE ( 'NONE', #1023, #4822 ) ;
#600 = AXIS2_PLACEMENT_3D ( 'NONE', #5302, #6377, #4756 ) ;
#601 = CARTESIAN_POINT ( 'NONE',  ( 67.50000000000000000, 2.900000000016944579, -10.49999999999507239 ) ) ;
#602 = DIRECTION ( 'NONE',  ( -0.000000000000000000, -0.000000000000000000, 1.000000000000000000 ) ) ;
#603 = FACE_BOUND ( 'NONE', #3663, .T. ) ;
#604 = PRODUCT_DEFINITION_SHAPE ( 'NONE', 'NONE',  #7091 ) ;
#605 = ORIENTED_EDGE ( 'NONE', *, *, #6609, .F. ) ;
#606 = CARTESIAN_POINT ( 'NONE',  ( 67.50000000000000000, 2.500000000000002220, -22.50000000000061107 ) ) ;
#607 = ORIENTED_EDGE ( 'NONE', *, *, #6422, .F. ) ;
#608 = CARTESIAN_POINT ( 'NONE',  ( 47.49999999999998579, 0.09999999997950537178, -2.499999999999734879 ) ) ;
#609 = AXIS2_PLACEMENT_3D ( 'NONE', #988, #557, #7067 ) ;
#610 = LINE ( 'NONE', #2732, #4430 ) ;
#611 = ORIENTED_EDGE ( 'NONE', *, *, #5195, .F. ) ;
#612 = CARTESIAN_POINT ( 'NONE',  ( 19.33296525901734242, 3.000000000000002665, 31.54736842105389272 ) ) ;
#613 = ORIENTED_EDGE ( 'NONE', *, *, #583, .T. ) ;
#614 = CIRCLE ( 'NONE', #1414, 1.000000000000000888 ) ;
#615 = FACE_OUTER_BOUND ( 'NONE', #4246, .T. ) ;
#616 = PLANE ( 'NONE',  #2906 ) ;
#617 = DIRECTION ( 'NONE',  ( 0.000000000000000000, 0.000000000000000000, -1.000000000000000000 ) ) ;
#618 = DIRECTION ( 'NONE',  ( 5.553580772755923110E-28, -1.000000000000000000, 5.420049715972916316E-30 ) ) ;
#619 = AXIS2_PLACEMENT_3D ( 'NONE', #2205, #2787, #5601 ) ;
#620 = ORIENTED_EDGE ( 'NONE', *, *, #5289, .F. ) ;
#621 = CARTESIAN_POINT ( 'NONE',  ( 279.7821349826476194, 10.09399853716285200, 0.1000000000000000056 ) ) ;
#622 = EDGE_CURVE ( 'NONE', #1842, #5256, #1935, .T. ) ;
#623 = ORIENTED_EDGE ( 'NONE', *, *, #1017, .F. ) ;
#624 = AXIS2_PLACEMENT_3D ( 'NONE', #3058, #4641, #5260 ) ;
#625 = ORIENTED_EDGE ( 'NONE', *, *, #6213, .T. ) ;
#626 = CARTESIAN_POINT ( 'NONE',  ( 67.50000000000000000, 0.000000000000000000, 10.60000000000060894 ) ) ;
#627 = CARTESIAN_POINT ( 'NONE',  ( 277.8335590931911838, 6.250217585674071152, 0.000000000000000000 ) ) ;
#628 = CARTESIAN_POINT ( 'NONE',  ( 275.5980642608369067, 9.061936429107239732, 1.299999999999999822 ) ) ;
#629 = CARTESIAN_POINT ( 'NONE',  ( 19.59422154630133406, 3.000000000000002665, 31.97368421052754073 ) ) ;
#630 = PRESENTATION_STYLE_ASSIGNMENT (( #3364 ) ) ;
#631 = CARTESIAN_POINT ( 'NONE',  ( 276.9692230765730301, -1.320602928007157617, 1.299999999999999822 ) ) ;
#632 = VECTOR ( 'NONE', #2535, 1000.000000000000000 ) ;
#633 = VECTOR ( 'NONE', #1579, 1000.000000000000000 ) ;
#634 = EDGE_CURVE ( 'NONE', #4628, #3457, #5967, .T. ) ;
#635 = EDGE_CURVE ( 'NONE', #5071, #1733, #1133, .T. ) ;
#636 = DIRECTION ( 'NONE',  ( 0.000000000000000000, 0.000000000000000000, 1.000000000000000000 ) ) ;
#637 = AXIS2_PLACEMENT_3D ( 'NONE', #4998, #2183, #6653 ) ;
#638 = LINE ( 'NONE', #6069, #4093 ) ;
#639 = PLANE ( 'NONE',  #752 ) ;
#640 = ORIENTED_EDGE ( 'NONE', *, *, #396, .F. ) ;
#641 = PRODUCT_CONTEXT ( 'NONE', #1756, 'mechanical' ) ;
#642 = ORIENTED_EDGE ( 'NONE', *, *, #5951, .T. ) ;
#643 = CARTESIAN_POINT ( 'NONE',  ( 277.8335590931911838, 6.250217585674071152, 0.000000000000000000 ) ) ;
#644 = AXIS2_PLACEMENT_3D ( 'NONE', #3724, #5924, #457 ) ;
#645 = LINE ( 'NONE', #3918, #4773 ) ;
#646 = ORIENTED_EDGE ( 'NONE', *, *, #3032, .T. ) ;
#647 = EDGE_LOOP ( 'NONE', ( #1988, #4974 ) ) ;
#648 = AXIS2_PLACEMENT_3D ( 'NONE', #5637, #5187, #3496 ) ;
#649 = DIRECTION ( 'NONE',  ( 1.314439483324459577E-28, -5.087249021584615241E-30, 1.000000000000000000 ) ) ;
#650 = LINE ( 'NONE', #1401, #1978 ) ;
#651 = CARTESIAN_POINT ( 'NONE',  ( 24.81934729198170686, 0.5000000000000004441, -30.50000000000122213 ) ) ;
#652 = ADVANCED_FACE ( 'NONE', ( #2141 ), #3907, .T. ) ;
#653 = ORIENTED_EDGE ( 'NONE', *, *, #3171, .T. ) ;
#654 = CARTESIAN_POINT ( 'NONE',  ( -0.7499999999999829026, 9.184850993604940129E-17, 0.000000000000000000 ) ) ;
#655 = ORIENTED_EDGE ( 'NONE', *, *, #6999, .F. ) ;
#656 = CARTESIAN_POINT ( 'NONE',  ( -9.579999999999893490, 1.499999999997558842, -26.15000000000119940 ) ) ;
#657 = VERTEX_POINT ( 'NONE', #1169 ) ;
#658 = CARTESIAN_POINT ( 'NONE',  ( -0.9999999999999981126, 0.000000000000000000, 0.4000000000000000222 ) ) ;
#659 = CARTESIAN_POINT ( 'NONE',  ( 273.7337282442185824, 1.491115915426011185, 1.299999999999999822 ) ) ;
#660 = FACE_OUTER_BOUND ( 'NONE', #2528, .T. ) ;
#661 = CARTESIAN_POINT ( 'NONE',  ( -17.67766952966362481, 0.000000000000000000, 17.67766952966365324 ) ) ;
#662 = EDGE_CURVE ( 'NONE', #3734, #1823, #599, .T. ) ;
#663 = CARTESIAN_POINT ( 'NONE',  ( 275.7718402497579859, 4.014722753319752258, 0.1000000000000000056 ) ) ;
#664 = VERTEX_POINT ( 'NONE', #74 ) ;
#665 = CARTESIAN_POINT ( 'NONE',  ( 67.50000000000460432, -22.49999999997287148, 0.000000000000000000 ) ) ;
#666 = CARTESIAN_POINT ( 'NONE',  ( 275.3099522552975031, 6.538329591213495107, 0.000000000000000000 ) ) ;
#667 = ADVANCED_FACE ( 'NONE', ( #5958 ), #3255, .F. ) ;
#668 = ADVANCED_FACE ( 'NONE', ( #4339, #1707 ), #4371, .T. ) ;
#669 = DIRECTION ( 'NONE',  ( -5.553580772755923110E-28, 1.000000000000000000, -5.420049715972916316E-30 ) ) ;
#670 = ORIENTED_EDGE ( 'NONE', *, *, #992, .T. ) ;
#671 = DIRECTION ( 'NONE',  ( -1.000000000000000000, 5.869125134844098244E-28, -1.096345236817480134E-15 ) ) ;
#672 = DIRECTION ( 'NONE',  ( -0.000000000000000000, -0.000000000000000000, 1.000000000000000000 ) ) ;
#673 = EDGE_CURVE ( 'NONE', #1433, #496, #3796, .T. ) ;
#674 = EDGE_CURVE ( 'NONE', #6699, #5240, #6199, .T. ) ;
#675 = CYLINDRICAL_SURFACE ( 'NONE', #304, 1.000000000000000888 ) ;
#676 = ORIENTED_EDGE ( 'NONE', *, *, #539, .T. ) ;
#677 = VERTEX_POINT ( 'NONE', #1636 ) ;
#678 = ORIENTED_EDGE ( 'NONE', *, *, #3521, .F. ) ;
#679 = CARTESIAN_POINT ( 'NONE',  ( 273.6956162386791789, -1.032490922467731886, 0.1000000000000000056 ) ) ;
#680 = LINE ( 'NONE', #2844, #2213 ) ;
#681 = CIRCLE ( 'NONE', #2867, 3.149999999999986144 ) ;
#682 = CARTESIAN_POINT ( 'NONE',  ( 67.50000000000000000, 3.000000000000002665, 22.50000000000122213 ) ) ;
#683 = ORIENTED_EDGE ( 'NONE', *, *, #1894, .F. ) ;
#684 = CONICAL_SURFACE ( 'NONE', #6313, 1.600000000038626080, 0.7853981633974482790 ) ;
#685 = CIRCLE ( 'NONE', #5634, 7.100000000000273204 ) ;
#686 = ORIENTED_EDGE ( 'NONE', *, *, #2726, .F. ) ;
#687 = FACE_BOUND ( 'NONE', #6202, .T. ) ;
#688 = ADVANCED_FACE ( 'NONE', ( #4409 ), #6603, .F. ) ;
#689 =( GEOMETRIC_REPRESENTATION_CONTEXT ( 3 ) GLOBAL_UNCERTAINTY_ASSIGNED_CONTEXT ( ( #5580 ) ) GLOBAL_UNIT_ASSIGNED_CONTEXT ( ( #334, #5365, #5753 ) ) REPRESENTATION_CONTEXT ( 'NONE', 'WORKASPACE' ) );
#690 = ORIENTED_EDGE ( 'NONE', *, *, #583, .F. ) ;
#691 = DIRECTION ( 'NONE',  ( -2.997525552164904547E-28, 0.7071067811865521247, 0.7071067811865430208 ) ) ;
#692 = CARTESIAN_POINT ( 'NONE',  ( 273.4075042331397754, -3.556097760361474069, 0.000000000000000000 ) ) ;
#693 = CARTESIAN_POINT ( 'NONE',  ( 9.580000000000088889, -27.26774651488445045, -26.15000000000144809 ) ) ;
#694 = DIRECTION ( 'NONE',  ( -5.553580772755923110E-28, 1.000000000000000000, -5.420049715972916316E-30 ) ) ;
#695 = CARTESIAN_POINT ( 'NONE',  ( -10.35000000000230180, 0.2999999999999947153, -23.00000000000107647 ) ) ;
#696 = CIRCLE ( 'NONE', #4375, 0.7499999999999729106 ) ;
#697 = ORIENTED_EDGE ( 'NONE', *, *, #4234, .F. ) ;
#698 = FACE_OUTER_BOUND ( 'NONE', #6545, .T. ) ;
#699 = CIRCLE ( 'NONE', #5064, 0.5000000000000257572 ) ;
#700 = EDGE_CURVE ( 'NONE', #2911, #3607, #1716, .T. ) ;
#701 = CIRCLE ( 'NONE', #2882, 0.7499999999999729106 ) ;
#702 = DIRECTION ( 'NONE',  ( 0.000000000000000000, 0.000000000000000000, -1.000000000000000000 ) ) ;
#703 = VECTOR ( 'NONE', #3049, 1000.000000000000000 ) ;
#704 = DIRECTION ( 'NONE',  ( 1.000000000000000000, -5.869125134844098244E-28, 1.096345236817480134E-15 ) ) ;
#705 = DIRECTION ( 'NONE',  ( 5.553580772755923110E-28, -1.000000000000000000, 5.420049715972916316E-30 ) ) ;
#706 = ORIENTED_EDGE ( 'NONE', *, *, #5846, .F. ) ;
#707 = APPLICATION_PROTOCOL_DEFINITION ( 'draft international standard', 'automotive_design', 1998, #2497 ) ;
#708 = AXIS2_PLACEMENT_3D ( 'NONE', #5231, #3501, #6802 ) ;
#709 = EDGE_CURVE ( 'NONE', #1480, #1353, #495, .T. ) ;
#710 = DIRECTION ( 'NONE',  ( 1.314768175368299124E-28, 0.000000000000000000, 1.000000000000000000 ) ) ;
#711 = CIRCLE ( 'NONE', #4488, 2.000000000000001776 ) ;
#712 = DIRECTION ( 'NONE',  ( -0.000000000000000000, -0.000000000000000000, 1.000000000000000000 ) ) ;
#713 = ORIENTED_EDGE ( 'NONE', *, *, #2339, .T. ) ;
#714 = CARTESIAN_POINT ( 'NONE',  ( 274.1575042331397185, -3.556097760361474069, 1.299999999999999822 ) ) ;
#715 = VERTEX_POINT ( 'NONE', #3608 ) ;
#716 = PRODUCT ( '摄像头支架顶针', '摄像头支架顶针', '', ( #641 ) ) ;
#717 = ORIENTED_EDGE ( 'NONE', *, *, #4440, .T. ) ;
#718 = EDGE_CURVE ( 'NONE', #6385, #4894, #5873, .T. ) ;
#719 = ADVANCED_FACE ( 'NONE', ( #877, #6911 ), #1939, .T. ) ;
#720 = DIRECTION ( 'NONE',  ( -5.553580772755923110E-28, 1.000000000000000000, -5.420049715972916316E-30 ) ) ;
#721 = AXIS2_PLACEMENT_3D ( 'NONE', #4832, #7026, #2098 ) ;
#722 = DIRECTION ( 'NONE',  ( -1.375336375708028539E-17, -1.000000000000000000, -1.673398497896634293E-16 ) ) ;
#723 = DIRECTION ( 'NONE',  ( 1.226634733352379602E-16, -0.7071067811865511255, 0.7071067811865439090 ) ) ;
#724 = ORIENTED_EDGE ( 'NONE', *, *, #3402, .F. ) ;
#725 = VECTOR ( 'NONE', #7029, 1000.000000000000000 ) ;
#726 = ORIENTED_EDGE ( 'NONE', *, *, #5687, .T. ) ;
#727 = DIRECTION ( 'NONE',  ( 1.000000000000000000, -5.869125134844099140E-28, 0.000000000000000000 ) ) ;
#728 = ORIENTED_EDGE ( 'NONE', *, *, #444, .T. ) ;
#729 = DIRECTION ( 'NONE',  ( -1.000000000000000000, 5.869125134844098244E-28, 1.734723475975450007E-16 ) ) ;
#730 = CARTESIAN_POINT ( 'NONE',  ( -2.331468351712826312E-12, 2.700000000000008171, 17.25000000000059330 ) ) ;
#731 = PLANE ( 'NONE',  #5353 ) ;
#732 = CIRCLE ( 'NONE', #6590, 0.7499999999999729106 ) ;
#733 = DIRECTION ( 'NONE',  ( 1.000000000000000000, 0.000000000000000000, -0.000000000000000000 ) ) ;
#734 = CARTESIAN_POINT ( 'NONE',  ( 274.1575042331397185, -3.556097760361474069, 1.299999999999999822 ) ) ;
#735 = EDGE_LOOP ( 'NONE', ( #393, #1201, #422, #2177 ) ) ;
#736 = AXIS2_PLACEMENT_3D ( 'NONE', #4101, #5759, #6903 ) ;
#737 = AXIS2_PLACEMENT_3D ( 'NONE', #2022, #6910, #4823 ) ;
#738 = ORIENTED_EDGE ( 'NONE', *, *, #3224, .T. ) ;
#739 = DIRECTION ( 'NONE',  ( 5.553580772755923110E-28, -1.000000000000000000, 5.420049715972916316E-30 ) ) ;
#740 = CARTESIAN_POINT ( 'NONE',  ( 67.50000000000000000, 0.000000000000000000, -10.60000000000031051 ) ) ;
#741 = AXIS2_PLACEMENT_3D ( 'NONE', #989, #6388, #6421 ) ;
#742 = DIRECTION ( 'NONE',  ( 0.000000000000000000, 0.000000000000000000, 1.000000000000000000 ) ) ;
#743 = ADVANCED_FACE ( 'NONE', ( #2558 ), #3067, .T. ) ;
#744 = VERTEX_POINT ( 'NONE', #1905 ) ;
#745 = DIRECTION ( 'NONE',  ( -0.9573260334246016523, 4.649058915617843013E-15, 0.2890101481393321237 ) ) ;
#746 = AXIS2_PLACEMENT_3D ( 'NONE', #3988, #1247, #5103 ) ;
#747 = CARTESIAN_POINT ( 'NONE',  ( 274.3099522552975031, 6.538329591213495107, 1.299999999999999822 ) ) ;
#748 = UNCERTAINTY_MEASURE_WITH_UNIT (LENGTH_MEASURE( 1.000000000000000082E-05 ), #7046, 'distance_accuracy_value', 'NONE');
#749 = DIRECTION ( 'NONE',  ( 1.000000000000000000, 0.000000000000000000, 0.000000000000000000 ) ) ;
#750 = EDGE_CURVE ( 'NONE', #4042, #2583, #5839, .T. ) ;
#751 = VECTOR ( 'NONE', #6630, 1000.000000000000000 ) ;
#752 = AXIS2_PLACEMENT_3D ( 'NONE', #6241, #2281, #2898 ) ;
#753 = ORIENTED_EDGE ( 'NONE', *, *, #2512, .F. ) ;
#754 = FACE_OUTER_BOUND ( 'NONE', #4877, .T. ) ;
#755 = EDGE_LOOP ( 'NONE', ( #1647, #1871, #5296, #1803 ) ) ;
#756 = VERTEX_POINT ( 'NONE', #376 ) ;
#757 = DIRECTION ( 'NONE',  ( 1.000000000000000000, 0.000000000000000000, 0.000000000000000000 ) ) ;
#758 = LINE ( 'NONE', #7034, #6364 ) ;
#759 = CIRCLE ( 'NONE', #5127, 37.50000000000145661 ) ;
#760 = DIRECTION ( 'NONE',  ( 3.083952846182278589E-16, -5.086718423449056709E-30, 1.000000000000000000 ) ) ;
#761 = ADVANCED_FACE ( 'NONE', ( #5768 ), #6840, .F. ) ;
#762 = EDGE_CURVE ( 'NONE', #2876, #3400, #3676, .T. ) ;
#763 = ORIENTED_EDGE ( 'NONE', *, *, #4149, .T. ) ;
#764 = CIRCLE ( 'NONE', #4786, 1.000000000000000888 ) ;
#765 = ORIENTED_EDGE ( 'NONE', *, *, #880, .T. ) ;
#766 = DIRECTION ( 'NONE',  ( 0.000000000000000000, 0.000000000000000000, 1.000000000000000000 ) ) ;
#767 = EDGE_LOOP ( 'NONE', ( #2532, #256, #1482, #4139 ) ) ;
#768 = CARTESIAN_POINT ( 'NONE',  ( 52.49999999999999289, 3.000000000000002665, 7.500000000000610179 ) ) ;
#769 = CARTESIAN_POINT ( 'NONE',  ( 67.50000000000000000, 8.672079545525859400E-30, 24.10000000000122355 ) ) ;
#770 = DIRECTION ( 'NONE',  ( 1.000000000000000000, 0.000000000000000000, 0.000000000000000000 ) ) ;
#771 = AXIS2_PLACEMENT_3D ( 'NONE', #1766, #1333, #1802 ) ;
#772 = CARTESIAN_POINT ( 'NONE',  ( 277.8335590931911838, 6.250217585674071152, 1.299999999999999822 ) ) ;
#773 = EDGE_CURVE ( 'NONE', #756, #1372, #6265, .T. ) ;
#774 = DIRECTION ( 'NONE',  ( 0.000000000000000000, 0.000000000000000000, -1.000000000000000000 ) ) ;
#775 = EDGE_LOOP ( 'NONE', ( #1282, #5470 ) ) ;
#776 = ORIENTED_EDGE ( 'NONE', *, *, #1313, .T. ) ;
#777 = DIRECTION ( 'NONE',  ( -1.279233900358346397E-28, 0.000000000000000000, -1.000000000000000000 ) ) ;
#778 = DIRECTION ( 'NONE',  ( 0.000000000000000000, 0.000000000000000000, 1.000000000000000000 ) ) ;
#779 = DIRECTION ( 'NONE',  ( 0.000000000000000000, 0.000000000000000000, -1.000000000000000000 ) ) ;
#780 = ORIENTED_EDGE ( 'NONE', *, *, #2071, .F. ) ;
#781 = CARTESIAN_POINT ( 'NONE',  ( -0.1702875283838764797, 129.1331757275184771, -218.8975887642797318 ) ) ;
#782 = DIRECTION ( 'NONE',  ( 5.553580772755923110E-28, -1.000000000000000000, 5.420049715972916316E-30 ) ) ;
#783 = ADVANCED_FACE ( 'NONE', ( #1866 ), #3648, .F. ) ;
#784 = CARTESIAN_POINT ( 'NONE',  ( 9.580000000000060467, 1.500000000000001332, -19.85000000000114539 ) ) ;
#785 = VERTEX_POINT ( 'NONE', #312 ) ;
#786 = LINE ( 'NONE', #4057, #1507 ) ;
#787 = ORIENTED_EDGE ( 'NONE', *, *, #6047, .T. ) ;
#788 = EDGE_LOOP ( 'NONE', ( #1454, #6286, #6283, #4728 ) ) ;
#789 = DIRECTION ( 'NONE',  ( 1.000000000000000000, 0.000000000000000000, 0.000000000000000000 ) ) ;
#790 = EDGE_CURVE ( 'NONE', #4008, #1883, #2958, .T. ) ;
#791 = DIRECTION ( 'NONE',  ( 1.000000000000000000, 0.000000000000000000, 0.000000000000000000 ) ) ;
#792 = FILL_AREA_STYLE_COLOUR ( '', #3452 ) ;
#793 = ORIENTED_EDGE ( 'NONE', *, *, #2259, .F. ) ;
#794 = EDGE_LOOP ( 'NONE', ( #3056, #3744, #2163, #3989 ) ) ;
#795 = CARTESIAN_POINT ( 'NONE',  ( 274.4456162386791220, -1.032490922467731886, 1.299999999999999822 ) ) ;
#796 = EDGE_CURVE ( 'NONE', #4815, #866, #6431, .T. ) ;
#797 = ORIENTED_EDGE ( 'NONE', *, *, #2545, .F. ) ;
#798 = DIRECTION ( 'NONE',  ( 1.000000000000000000, 0.000000000000000000, 0.000000000000000000 ) ) ;
#799 = DIRECTION ( 'NONE',  ( -0.000000000000000000, -0.000000000000000000, 1.000000000000000000 ) ) ;
#800 = FACE_BOUND ( 'NONE', #5154, .T. ) ;
#801 = PRODUCT_DEFINITION_SHAPE ( 'NONE', 'NONE',  #7099 ) ;
#802 = DIRECTION ( 'NONE',  ( 1.000000000000000000, 0.000000000000000000, 0.000000000000000000 ) ) ;
#803 = VECTOR ( 'NONE', #4182, 1000.000000000000000 ) ;
#804 = ORIENTED_EDGE ( 'NONE', *, *, #3906, .T. ) ;
#805 = DIRECTION ( 'NONE',  ( -0.000000000000000000, -0.000000000000000000, 1.000000000000000000 ) ) ;
#806 = MECHANICAL_DESIGN_GEOMETRIC_PRESENTATION_REPRESENTATION (  '', ( #5294 ), #1948 ) ;
#807 = EDGE_LOOP ( 'NONE', ( #2096, #3770 ) ) ;
#808 = EDGE_CURVE ( 'NONE', #1353, #4170, #6663, .T. ) ;
#809 = VERTEX_POINT ( 'NONE', #837 ) ;
#810 = CARTESIAN_POINT ( 'NONE',  ( 67.50000000000000000, 0.000000000000000000, -3.469446951953614189E-15 ) ) ;
#811 = ADVANCED_FACE ( 'NONE', ( #3098 ), #6336, .T. ) ;
#812 = PLANE ( 'NONE',  #3730 ) ;
#813 = CYLINDRICAL_SURFACE ( 'NONE', #163, 1.000000000000000888 ) ;
#814 = CARTESIAN_POINT ( 'NONE',  ( 278.5835590931911838, 6.250217585674071152, 0.000000000000000000 ) ) ;
#815 = CARTESIAN_POINT ( 'NONE',  ( 75.00000000000001421, 3.000000000002417622, 22.50000000000118661 ) ) ;
#816 = ORIENTED_EDGE ( 'NONE', *, *, #1616, .T. ) ;
#817 = CIRCLE ( 'NONE', #1496, 6.849999999999995204 ) ;
#818 = AXIS2_PLACEMENT_3D ( 'NONE', #2806, #545, #4893 ) ;
#819 = CIRCLE ( 'NONE', #4384, 0.5000000000000004441 ) ;
#820 = FACE_OUTER_BOUND ( 'NONE', #1146, .T. ) ;
#821 = CARTESIAN_POINT ( 'NONE',  ( 67.50000000000000000, 3.000000000000002665, -7.400000000000600764 ) ) ;
#822 = AXIS2_PLACEMENT_3D ( 'NONE', #2926, #6769, #1835 ) ;
#823 = ORIENTED_EDGE ( 'NONE', *, *, #5329, .T. ) ;
#824 = ORIENTED_EDGE ( 'NONE', *, *, #5954, .F. ) ;
#825 = VERTEX_POINT ( 'NONE', #4651 ) ;
#826 = FACE_OUTER_BOUND ( 'NONE', #5286, .T. ) ;
#827 = CIRCLE ( 'NONE', #3925, 1.000000000000000888 ) ;
#828 = DIRECTION ( 'NONE',  ( -0.9935459991707651373, 0.1134299234407121215, 0.000000000000000000 ) ) ;
#829 = DIRECTION ( 'NONE',  ( 0.000000000000000000, 5.087249021584615942E-30, -1.000000000000000000 ) ) ;
#830 = DIRECTION ( 'NONE',  ( 0.000000000000000000, 0.000000000000000000, 1.000000000000000000 ) ) ;
#831 = VERTEX_POINT ( 'NONE', #6801 ) ;
#832 = EDGE_CURVE ( 'NONE', #3126, #4522, #5402, .T. ) ;
#833 = AXIS2_PLACEMENT_3D ( 'NONE', #6166, #6194, #3358 ) ;
#834 = ORIENTED_EDGE ( 'NONE', *, *, #499, .T. ) ;
#835 = CARTESIAN_POINT ( 'NONE',  ( -9.580000000002309335, 0.2000000000000334843, -19.85000000000086828 ) ) ;
#836 = VERTEX_POINT ( 'NONE', #2413 ) ;
#837 = CARTESIAN_POINT ( 'NONE',  ( 67.50000000000000000, 2.500000000000002220, -15.40000000000033786 ) ) ;
#838 = DIRECTION ( 'NONE',  ( -1.279233900358346397E-28, 0.000000000000000000, -1.000000000000000000 ) ) ;
#839 = PRODUCT_DEFINITION_SHAPE ( 'NONE', 'NONE',  #6978 ) ;
#840 = DIRECTION ( 'NONE',  ( 0.000000000000000000, 0.000000000000000000, -1.000000000000000000 ) ) ;
#841 = LINE ( 'NONE', #5810, #286 ) ;
#842 = CONICAL_SURFACE ( 'NONE', #833, 8.000000000000310862, 0.7853981633974380649 ) ;
#843 = VERTEX_POINT ( 'NONE', #5734 ) ;
#844 = EDGE_CURVE ( 'NONE', #5752, #3813, #127, .T. ) ;
#845 = DIRECTION ( 'NONE',  ( 0.000000000000000000, 0.000000000000000000, 1.000000000000000000 ) ) ;
#846 = ORIENTED_EDGE ( 'NONE', *, *, #1263, .T. ) ;
#847 = AXIS2_PLACEMENT_3D ( 'NONE', #919, #5313, #1344 ) ;
#848 = VERTEX_POINT ( 'NONE', #2988 ) ;
#849 = CARTESIAN_POINT ( 'NONE',  ( 67.50000000000000000, 2.899999999999986144, -7.500000000000610179 ) ) ;
#850 = CYLINDRICAL_SURFACE ( 'NONE', #4763, 1.000000000000000888 ) ;
#851 = CARTESIAN_POINT ( 'NONE',  ( 67.50000000000000000, -499000.0000000000000, -498992.5999999831547 ) ) ;
#852 = DIRECTION ( 'NONE',  ( -8.659560562311635488E-17, -0.7071067811865729968, 0.7071067811865220376 ) ) ;
#853 = DIRECTION ( 'NONE',  ( 0.000000000000000000, 0.000000000000000000, -1.000000000000000000 ) ) ;
#854 = EDGE_CURVE ( 'NONE', #5316, #5399, #270, .T. ) ;
#855 = VECTOR ( 'NONE', #5943, 1000.000000000000000 ) ;
#856 = ADVANCED_FACE ( 'NONE', ( #7055 ), #4394, .T. ) ;
#857 = ORIENTED_EDGE ( 'NONE', *, *, #3929, .F. ) ;
#858 = PLANE ( 'NONE',  #6678 ) ;
#859 = AXIS2_PLACEMENT_3D ( 'NONE', #2355, #3404, #777 ) ;
#860 = AXIS2_PLACEMENT_3D ( 'NONE', #5400, #4817, #571 ) ;
#861 = CARTESIAN_POINT ( 'NONE',  ( 278.3901756566573340, -5.448422420808495481, 1.500000000000000000 ) ) ;
#862 = EDGE_LOOP ( 'NONE', ( #5274, #4383 ) ) ;
#863 = PRESENTATION_STYLE_ASSIGNMENT (( #965 ) ) ;
#864 = ORIENTED_EDGE ( 'NONE', *, *, #3949, .T. ) ;
#865 = AXIS2_PLACEMENT_3D ( 'NONE', #3147, #427, #324 ) ;
#866 = VERTEX_POINT ( 'NONE', #4824 ) ;
#867 = DIRECTION ( 'NONE',  ( 8.659560562306458588E-17, 0.7071067811865401342, -0.7071067811865549002 ) ) ;
#868 = CARTESIAN_POINT ( 'NONE',  ( -4.009040424139757053E-28, 3.000000000000002665, 21.95000000000111129 ) ) ;
#869 = SURFACE_STYLE_USAGE ( .BOTH. , #5798 ) ;
#870 = VECTOR ( 'NONE', #3427, 1000.000000000000000 ) ;
#871 = LINE ( 'NONE', #1975, #4029 ) ;
#872 = ORIENTED_EDGE ( 'NONE', *, *, #2259, .T. ) ;
#873 = AXIS2_PLACEMENT_3D ( 'NONE', #6854, #2037, #4696 ) ;
#874 = VERTEX_POINT ( 'NONE', #5945 ) ;
#875 = DIRECTION ( 'NONE',  ( -4.149408361462465596E-28, 0.7071067811865439090, 0.7071067811865512365 ) ) ;
#876 = EDGE_LOOP ( 'NONE', ( #5678, #6797, #1510, #6171 ) ) ;
#877 = FACE_BOUND ( 'NONE', #6547, .T. ) ;
#878 = CARTESIAN_POINT ( 'NONE',  ( 273.7337282442185824, 1.491115915426011185, 1.299999999999999822 ) ) ;
#879 = CARTESIAN_POINT ( 'NONE',  ( 277.9692230765730301, -1.320602928007157617, 1.299999999999999822 ) ) ;
#880 = EDGE_CURVE ( 'NONE', #5511, #2135, #1944, .T. ) ;
#881 = CARTESIAN_POINT ( 'NONE',  ( 24.81934729198168199, 3.000000000000002665, 30.00000000000127542 ) ) ;
#882 = ORIENTED_EDGE ( 'NONE', *, *, #844, .T. ) ;
#883 = CARTESIAN_POINT ( 'NONE',  ( -2.329319096580327406E-12, 3.000000000000002665, -17.55000000000082494 ) ) ;
#884 = VERTEX_POINT ( 'NONE', #3749 ) ;
#885 = VERTEX_POINT ( 'NONE', #6447 ) ;
#886 = CARTESIAN_POINT ( 'NONE',  ( 67.50000000000000000, 2.500000000000002220, 24.10000000000122355 ) ) ;
#887 = DIRECTION ( 'NONE',  ( 0.000000000000000000, 0.000000000000000000, 1.000000000000000000 ) ) ;
#888 = ADVANCED_FACE ( 'NONE', ( #2707 ), #7016, .F. ) ;
#889 = CARTESIAN_POINT ( 'NONE',  ( 52.49999999999999289, 0.000000000000000000, -7.400000000000604317 ) ) ;
#890 = DIRECTION ( 'NONE',  ( 0.7071067811865088260, 0.000000000000000000, 0.7071067811865862085 ) ) ;
#891 = CYLINDRICAL_SURFACE ( 'NONE', #355, 2.000000000000001776 ) ;
#892 = VERTEX_POINT ( 'NONE', #4861 ) ;
#893 = FACE_BOUND ( 'NONE', #1718, .T. ) ;
#894 = EDGE_CURVE ( 'NONE', #2982, #5437, #1371, .T. ) ;
#895 = DIRECTION ( 'NONE',  ( -0.000000000000000000, -0.000000000000000000, 1.000000000000000000 ) ) ;
#896 = ORIENTED_EDGE ( 'NONE', *, *, #364, .T. ) ;
#897 = ORIENTED_EDGE ( 'NONE', *, *, #149, .T. ) ;
#898 = EDGE_LOOP ( 'NONE', ( #3899, #5869, #896, #4069 ) ) ;
#899 = CARTESIAN_POINT ( 'NONE',  ( 8.250000000000062172, 1.500000000000001332, -25.80000000000136851 ) ) ;
#900 = ADVANCED_FACE ( 'NONE', ( #2090 ), #4928, .F. ) ;
#901 = EDGE_CURVE ( 'NONE', #4108, #4167, #2871, .T. ) ;
#902 = CARTESIAN_POINT ( 'NONE',  ( -0.9999999999999981126, 0.000000000000000000, 0.4000000000000000222 ) ) ;
#903 = DIRECTION ( 'NONE',  ( 1.355252715640296690E-16, 1.000000000000000000, -4.343325478644314011E-30 ) ) ;
#904 = ORIENTED_EDGE ( 'NONE', *, *, #941, .T. ) ;
#905 = VERTEX_POINT ( 'NONE', #1515 ) ;
#906 = DIRECTION ( 'NONE',  ( 0.000000000000000000, 0.000000000000000000, 1.000000000000000000 ) ) ;
#907 = CARTESIAN_POINT ( 'NONE',  ( -10.35000000000230180, 0.09999999999998898659, -23.00000000000107647 ) ) ;
#908 = LINE ( 'NONE', #2628, #4039 ) ;
#909 = DIRECTION ( 'NONE',  ( 0.000000000000000000, 0.000000000000000000, -1.000000000000000000 ) ) ;
#910 = DIRECTION ( 'NONE',  ( -0.000000000000000000, -0.000000000000000000, -1.000000000000000000 ) ) ;
#911 = ORIENTED_EDGE ( 'NONE', *, *, #3841, .F. ) ;
#912 = DIRECTION ( 'NONE',  ( 0.000000000000000000, 0.000000000000000000, 1.000000000000000000 ) ) ;
#913 = ADVANCED_FACE ( 'NONE', ( #446 ), #684, .F. ) ;
#914 = ORIENTED_EDGE ( 'NONE', *, *, #1465, .T. ) ;
#915 = ORIENTED_EDGE ( 'NONE', *, *, #6696, .F. ) ;
#916 = CARTESIAN_POINT ( 'NONE',  ( 75.00000000000001421, 2.442490654175344389E-12, 22.50000000000118661 ) ) ;
#917 = DIRECTION ( 'NONE',  ( 0.000000000000000000, 0.000000000000000000, 1.000000000000000000 ) ) ;
#918 = CIRCLE ( 'NONE', #5631, 3.150000000000138911 ) ;
#919 = CARTESIAN_POINT ( 'NONE',  ( 24.81934729198170686, 3.000000000000002665, -40.50000000000122924 ) ) ;
#920 = DIRECTION ( 'NONE',  ( -1.000000000000000000, 0.000000000000000000, 0.000000000000000000 ) ) ;
#921 = DIRECTION ( 'NONE',  ( 0.000000000000000000, 0.000000000000000000, 1.000000000000000000 ) ) ;
#922 = ORIENTED_EDGE ( 'NONE', *, *, #4363, .F. ) ;
#923 = CONTEXT_DEPENDENT_SHAPE_REPRESENTATION ( #2578, #1882 ) ;
#924 = EDGE_CURVE ( 'NONE', #6699, #519, #1012, .T. ) ;
#925 = LINE ( 'NONE', #1921, #703 ) ;
#926 = AXIS2_PLACEMENT_3D ( 'NONE', #1785, #6717, #6179 ) ;
#927 = CARTESIAN_POINT ( 'NONE',  ( 278.3901756566573340, -5.448422420808500810, 2.899999999999999911 ) ) ;
#928 = AXIS2_PLACEMENT_3D ( 'NONE', #4201, #2611, #3662 ) ;
#929 = ORIENTED_EDGE ( 'NONE', *, *, #4179, .T. ) ;
#930 = AXIS2_PLACEMENT_3D ( 'NONE', #4749, #4282, #5328 ) ;
#931 = VERTEX_POINT ( 'NONE', #5334 ) ;
#932 = ADVANCED_FACE ( 'NONE', ( #943 ), #515, .F. ) ;
#933 = EDGE_LOOP ( 'NONE', ( #6380, #2690 ) ) ;
#934 = CARTESIAN_POINT ( 'NONE',  ( 52.50000000000009948, 499000.0000000000000, 498989.5999999702326 ) ) ;
#935 = DIRECTION ( 'NONE',  ( 5.553580772755923110E-28, -1.000000000000000000, 5.420049715972916316E-30 ) ) ;
#936 = AXIS2_PLACEMENT_3D ( 'NONE', #92, #4432, #1147 ) ;
#937 = VECTOR ( 'NONE', #1177, 1000.000000000000000 ) ;
#938 = LINE ( 'NONE', #3601, #1042 ) ;
#939 = ORIENTED_EDGE ( 'NONE', *, *, #2703, .T. ) ;
#940 = EDGE_CURVE ( 'NONE', #5801, #5709, #4792, .T. ) ;
#941 = EDGE_CURVE ( 'NONE', #5934, #4056, #3211, .T. ) ;
#942 = DIRECTION ( 'NONE',  ( 0.000000000000000000, 0.000000000000000000, 1.000000000000000000 ) ) ;
#943 = FACE_OUTER_BOUND ( 'NONE', #2329, .T. ) ;
#944 = DIRECTION ( 'NONE',  ( 0.000000000000000000, 0.000000000000000000, -1.000000000000000000 ) ) ;
#945 = DIRECTION ( 'NONE',  ( 0.000000000000000000, 0.000000000000000000, -1.000000000000000000 ) ) ;
#946 = DIRECTION ( 'NONE',  ( 0.7071067811865523467, 0.7071067811865426878, 9.318419442923074153E-29 ) ) ;
#947 = ORIENTED_EDGE ( 'NONE', *, *, #155, .T. ) ;
#948 = CIRCLE ( 'NONE', #1223, 1.000000000000000888 ) ;
#949 = DIRECTION ( 'NONE',  ( 0.000000000000000000, 0.000000000000000000, 1.000000000000000000 ) ) ;
#950 = VERTEX_POINT ( 'NONE', #5906 ) ;
#951 = ORIENTED_EDGE ( 'NONE', *, *, #547, .F. ) ;
#952 = CARTESIAN_POINT ( 'NONE',  ( 275.0218402497579859, 4.014722753319752258, 1.299999999999999822 ) ) ;
#953 = DIRECTION ( 'NONE',  ( 1.000000000000000000, 0.000000000000000000, 0.000000000000000000 ) ) ;
#954 = VECTOR ( 'NONE', #1630, 1000.000000000000000 ) ;
#955 = DIRECTION ( 'NONE',  ( 7.052416492675748683E-28, -0.7071067811865426878, 0.7071067811865523467 ) ) ;
#956 = SURFACE_SIDE_STYLE ('',( #5388 ) ) ;
#957 = LINE ( 'NONE', #3149, #3453 ) ;
#958 = ORIENTED_EDGE ( 'NONE', *, *, #2057, .F. ) ;
#959 = AXIS2_PLACEMENT_3D ( 'NONE', #5277, #4625, #5782 ) ;
#960 = CARTESIAN_POINT ( 'NONE',  ( 0.000000000000000000, 0.000000000000000000, 0.000000000000000000 ) ) ;
#961 = EDGE_CURVE ( 'NONE', #62, #470, #3172, .T. ) ;
#962 = CIRCLE ( 'NONE', #5449, 3.149999999999986144 ) ;
#963 = PLANE ( 'NONE',  #6607 ) ;
#964 = VERTEX_POINT ( 'NONE', #5409 ) ;
#965 = SURFACE_STYLE_USAGE ( .BOTH. , #5896 ) ;
#966 = ORIENTED_EDGE ( 'NONE', *, *, #6994, .F. ) ;
#967 = ORIENTED_EDGE ( 'NONE', *, *, #4586, .T. ) ;
#968 = CIRCLE ( 'NONE', #5101, 37.00000000000147793 ) ;
#969 = VECTOR ( 'NONE', #6118, 1000.000000000000227 ) ;
#970 = DIRECTION ( 'NONE',  ( 0.000000000000000000, 0.000000000000000000, -1.000000000000000000 ) ) ;
#971 = EDGE_CURVE ( 'NONE', #6593, #831, #6552, .T. ) ;
#972 = AXIS2_PLACEMENT_3D ( 'NONE', #4232, #887, #4158 ) ;
#973 = VECTOR ( 'NONE', #1112, 1000.000000000000000 ) ;
#974 = CYLINDRICAL_SURFACE ( 'NONE', #1270, 0.7499999999999729106 ) ;
#975 = ORIENTED_EDGE ( 'NONE', *, *, #3304, .F. ) ;
#976 = CARTESIAN_POINT ( 'NONE',  ( 9.579999999997646398, 0.000000000000000000, -19.65000000000113900 ) ) ;
#977 = AXIS2_PLACEMENT_3D ( 'NONE', #5232, #314, #2492 ) ;
#978 = CARTESIAN_POINT ( 'NONE',  ( -10.35000000000230180, 0.09999999999998898659, -23.00000000000107647 ) ) ;
#979 = CARTESIAN_POINT ( 'NONE',  ( 1.110223024625156540E-13, -7.000000000000006217, -1.110223024625156540E-13 ) ) ;
#980 = LINE ( 'NONE', #4255, #5698 ) ;
#981 = EDGE_CURVE ( 'NONE', #5438, #825, #466, .T. ) ;
#982 = EDGE_CURVE ( 'NONE', #3356, #2954, #6982, .T. ) ;
#983 = ORIENTED_EDGE ( 'NONE', *, *, #4320, .T. ) ;
#984 = VECTOR ( 'NONE', #2391, 1000.000000000000000 ) ;
#985 = CARTESIAN_POINT ( 'NONE',  ( 273.4456162386791220, -1.032490922467731664, 1.299999999999999822 ) ) ;
#986 = VERTEX_POINT ( 'NONE', #97 ) ;
#987 = ORIENTED_EDGE ( 'NONE', *, *, #2920, .T. ) ;
#988 = CARTESIAN_POINT ( 'NONE',  ( 277.2573350821123768, 1.203003909886584122, 1.299999999999999822 ) ) ;
#989 = CARTESIAN_POINT ( 'NONE',  ( -7.749999999999896083, 2.999999999999975131, -25.65000000000119940 ) ) ;
#990 = ADVANCED_FACE ( 'NONE', ( #1253 ), #6084, .F. ) ;
#991 = AXIS2_PLACEMENT_3D ( 'NONE', #6743, #5602, #2384 ) ;
#992 = EDGE_CURVE ( 'NONE', #3706, #2121, #680, .T. ) ;
#993 = CARTESIAN_POINT ( 'NONE',  ( 274.4424876365184218, 11.10620712187982839, 1.500000000000000000 ) ) ;
#994 = DIRECTION ( 'NONE',  ( -0.000000000000000000, -0.000000000000000000, 1.000000000000000000 ) ) ;
#995 = ORIENTED_EDGE ( 'NONE', *, *, #209, .T. ) ;
#996 = VECTOR ( 'NONE', #3299, 1000.000000000000000 ) ;
#997 = DIRECTION ( 'NONE',  ( 1.000000000000000000, 0.000000000000000000, 0.000000000000000000 ) ) ;
#998 = CARTESIAN_POINT ( 'NONE',  ( 52.50000000006110668, 498992.4000000540982, -498982.0000000199652 ) ) ;
#999 = FACE_OUTER_BOUND ( 'NONE', #6541, .T. ) ;
#1000 = SHAPE_REPRESENTATION ( '零件1^XI1305-_M', ( #2423 ), #3105 ) ;
#1001 = ORIENTED_EDGE ( 'NONE', *, *, #423, .T. ) ;
#1002 =( NAMED_UNIT ( * ) SI_UNIT ( $, .STERADIAN. ) SOLID_ANGLE_UNIT ( ) );
#1003 = VERTEX_POINT ( 'NONE', #5656 ) ;
#1004 = EDGE_LOOP ( 'NONE', ( #4333, #5545 ) ) ;
#1005 = EDGE_CURVE ( 'NONE', #223, #5935, #5548, .T. ) ;
#1006 = DIRECTION ( 'NONE',  ( 0.000000000000000000, 0.000000000000000000, 1.000000000000000000 ) ) ;
#1007 = ORIENTED_EDGE ( 'NONE', *, *, #547, .T. ) ;
#1008 = LINE ( 'NONE', #6515, #4727 ) ;
#1009 = ORIENTED_EDGE ( 'NONE', *, *, #4216, .T. ) ;
#1010 = ADVANCED_FACE ( 'NONE', ( #2229 ), #126, .F. ) ;
#1011 = DIRECTION ( 'NONE',  ( 5.553580772755923110E-28, -1.000000000000000000, 5.420049715972916316E-30 ) ) ;
#1012 = LINE ( 'NONE', #481, #1606 ) ;
#1013 = CYLINDRICAL_SURFACE ( 'NONE', #3931, 17.25000000000070699 ) ;
#1014 = FACE_OUTER_BOUND ( 'NONE', #3038, .T. ) ;
#1015 = ORIENTED_EDGE ( 'NONE', *, *, #1449, .F. ) ;
#1016 = FACE_BOUND ( 'NONE', #2780, .T. ) ;
#1017 = EDGE_CURVE ( 'NONE', #3614, #2618, #2265, .T. ) ;
#1018 = ORIENTED_EDGE ( 'NONE', *, *, #6291, .F. ) ;
#1019 = VERTEX_POINT ( 'NONE', #4436 ) ;
#1020 = CARTESIAN_POINT ( 'NONE',  ( -31.50000000000244427, 3.000000000000002665, 0.000000000000000000 ) ) ;
#1021 = CARTESIAN_POINT ( 'NONE',  ( 67.50000000000000000, 3.000000000000002665, -20.90000000000054214 ) ) ;
#1022 = CARTESIAN_POINT ( 'NONE',  ( 274.7337282442185824, 1.491115915426010963, 1.299999999999999822 ) ) ;
#1023 = CARTESIAN_POINT ( 'NONE',  ( 276.2573350821123768, 1.203003909886584344, 1.299999999999999822 ) ) ;
#1024 = EDGE_LOOP ( 'NONE', ( #857, #5331, #2743, #1734 ) ) ;
#1025 =( REPRESENTATION_RELATIONSHIP ('NONE','NONE', #1545, #48 ) REPRESENTATION_RELATIONSHIP_WITH_TRANSFORMATION ( #3118 )SHAPE_REPRESENTATION_RELATIONSHIP( ) );
#1026 = EDGE_CURVE ( 'NONE', #5968, #1467, #3834, .T. ) ;
#1027 = ADVANCED_FACE ( 'NONE', ( #6628 ), #616, .F. ) ;
#1028 = AXIS2_PLACEMENT_3D ( 'NONE', #5155, #4073, #798 ) ;
#1029 = CARTESIAN_POINT ( 'NONE',  ( -10.35000000000230180, 0.09999999999998898659, -23.00000000000107647 ) ) ;
#1030 = DIRECTION ( 'NONE',  ( 0.000000000000000000, 0.000000000000000000, 1.000000000000000000 ) ) ;
#1031 = CYLINDRICAL_SURFACE ( 'NONE', #6043, 1.500000000000058620 ) ;
#1032 = AXIS2_PLACEMENT_3D ( 'NONE', #3859, #2192, #4898 ) ;
#1033 = ORIENTED_EDGE ( 'NONE', *, *, #6454, .T. ) ;
#1034 = ORIENTED_EDGE ( 'NONE', *, *, #2593, .F. ) ;
#1035 = ORIENTED_EDGE ( 'NONE', *, *, #7086, .T. ) ;
#1036 = COLOUR_RGB ( '',1.000000000000000000, 1.000000000000000000, 1.000000000000000000 ) ;
#1037 = LINE ( 'NONE', #3337, #5345 ) ;
#1038 = AXIS2_PLACEMENT_3D ( 'NONE', #2335, #2915, #2952 ) ;
#1039 = ORIENTED_EDGE ( 'NONE', *, *, #292, .T. ) ;
#1040 = DIRECTION ( 'NONE',  ( 1.000000000000000000, 0.000000000000000000, 0.000000000000000000 ) ) ;
#1041 = EDGE_LOOP ( 'NONE', ( #3424, #6312, #328, #7047 ) ) ;
#1042 = VECTOR ( 'NONE', #4820, 1000.000000000000000 ) ;
#1043 = FACE_OUTER_BOUND ( 'NONE', #4509, .T. ) ;
#1044 = VECTOR ( 'NONE', #5579, 1000.000000000000000 ) ;
#1045 = DIRECTION ( 'NONE',  ( 1.314439483324459801E-28, -5.087249021584615241E-30, 1.000000000000000000 ) ) ;
#1046 = DIRECTION ( 'NONE',  ( 0.000000000000000000, 0.000000000000000000, 1.000000000000000000 ) ) ;
#1047 = CARTESIAN_POINT ( 'NONE',  ( 31.49999999999997158, 1.627919686907142402E-29, -3.200000000000128519 ) ) ;
#1048 = ADVANCED_FACE ( 'NONE', ( #1825 ), #6660, .F. ) ;
#1049 = ORIENTED_EDGE ( 'NONE', *, *, #6026, .F. ) ;
#1050 = AXIS2_PLACEMENT_3D ( 'NONE', #415, #2597, #6983 ) ;
#1051 = CARTESIAN_POINT ( 'NONE',  ( 67.50000000000000000, 0.09999999997489794623, 9.000000000000603961 ) ) ;
#1052 = ORIENTED_EDGE ( 'NONE', *, *, #6347, .F. ) ;
#1053 = EDGE_LOOP ( 'NONE', ( #2619, #3934, #2801, #5413 ) ) ;
#1054 = DIRECTION ( 'NONE',  ( 0.000000000000000000, 0.000000000000000000, -1.000000000000000000 ) ) ;
#1055 = DIRECTION ( 'NONE',  ( 0.000000000000000000, 0.000000000000000000, -1.000000000000000000 ) ) ;
#1056 = DIRECTION ( 'NONE',  ( -1.355252715568668120E-16, -1.000000000000000000, 4.343325478640635603E-30 ) ) ;
#1057 = AXIS2_PLACEMENT_3D ( 'NONE', #5975, #723, #3451 ) ;
#1058 = DIRECTION ( 'NONE',  ( 0.000000000000000000, 0.000000000000000000, 1.000000000000000000 ) ) ;
#1059 = EDGE_CURVE ( 'NONE', #905, #2375, #5093, .T. ) ;
#1060 = DIRECTION ( 'NONE',  ( 8.659560562298226085E-17, 0.7071067811865440200, -0.7071067811865511255 ) ) ;
#1061 = FACE_OUTER_BOUND ( 'NONE', #1812, .T. ) ;
#1062 = ORIENTED_EDGE ( 'NONE', *, *, #6696, .T. ) ;
#1063 = CONICAL_SURFACE ( 'NONE', #389, 2.599999999915878046, 0.7853981633974482790 ) ;
#1064 = CARTESIAN_POINT ( 'NONE',  ( -2.442490654175344389E-12, 3.000000000000002665, 0.000000000000000000 ) ) ;
#1065 = DIRECTION ( 'NONE',  ( 1.000000000000000000, -5.869125134844098244E-28, 1.288801503904777590E-28 ) ) ;
#1066 = EDGE_CURVE ( 'NONE', #1950, #5399, #1073, .T. ) ;
#1067 = ADVANCED_FACE ( 'NONE', ( #4572 ), #5620, .F. ) ;
#1068 = CARTESIAN_POINT ( 'NONE',  ( 67.50000000000460432, -22.49999999997287148, 0.000000000000000000 ) ) ;
#1069 = CONICAL_SURFACE ( 'NONE', #5210, 8.000000000000310862, 0.7853981633974446153 ) ;
#1070 = ORIENTED_EDGE ( 'NONE', *, *, #4812, .T. ) ;
#1071 = FILL_AREA_STYLE_COLOUR ( '', #2293 ) ;
#1072 = ORIENTED_EDGE ( 'NONE', *, *, #4051, .T. ) ;
#1073 = CIRCLE ( 'NONE', #1989, 1.000000000000039080 ) ;
#1074 = EDGE_LOOP ( 'NONE', ( #4858, #5273, #6493, #2721 ) ) ;
#1075 = LINE ( 'NONE', #7044, #633 ) ;
#1076 = AXIS2_PLACEMENT_3D ( 'NONE', #6197, #1235, #6133 ) ;
#1077 = LINE ( 'NONE', #5341, #3604 ) ;
#1078 = ORIENTED_EDGE ( 'NONE', *, *, #4013, .F. ) ;
#1079 = DIRECTION ( 'NONE',  ( 0.000000000000000000, 0.000000000000000000, -1.000000000000000000 ) ) ;
#1080 = EDGE_LOOP ( 'NONE', ( #553, #5397 ) ) ;
#1081 = VECTOR ( 'NONE', #262, 1000.000000000000000 ) ;
#1082 = VECTOR ( 'NONE', #310, 1000.000000000000000 ) ;
#1083 = DIRECTION ( 'NONE',  ( -0.000000000000000000, -0.000000000000000000, 1.000000000000000000 ) ) ;
#1084 = DIRECTION ( 'NONE',  ( -1.000000000000000000, 5.869125134844098244E-28, -1.288801503904777590E-28 ) ) ;
#1085 = DIRECTION ( 'NONE',  ( 5.553580772755923110E-28, -1.000000000000000000, 5.420049715972916316E-30 ) ) ;
#1086 = DIRECTION ( 'NONE',  ( 1.000000000000000000, 0.000000000000000000, 0.000000000000000000 ) ) ;
#1087 = CIRCLE ( 'NONE', #3624, 7.500000000000325961 ) ;
#1088 = VECTOR ( 'NONE', #2620, 1000.000000000000000 ) ;
#1089 = EDGE_LOOP ( 'NONE', ( #6763, #1853, #2994, #2884 ) ) ;
#1090 = CARTESIAN_POINT ( 'NONE',  ( 52.49999999999999289, 3.000000000057290173, -7.399999999974048670 ) ) ;
#1091 = AXIS2_PLACEMENT_3D ( 'NONE', #4184, #4757, #4654 ) ;
#1092 = CIRCLE ( 'NONE', #5583, 1.000000000000000888 ) ;
#1093 = ORIENTED_EDGE ( 'NONE', *, *, #2399, .F. ) ;
#1094 = EDGE_CURVE ( 'NONE', #2939, #6395, #3254, .T. ) ;
#1095 = ORIENTED_EDGE ( 'NONE', *, *, #5979, .F. ) ;
#1096 = LINE ( 'NONE', #3289, #6006 ) ;
#1097 = CARTESIAN_POINT ( 'NONE',  ( 0.000000000000000000, 0.000000000000000000, 0.000000000000000000 ) ) ;
#1098 = DIRECTION ( 'NONE',  ( 0.000000000000000000, 0.000000000000000000, 1.000000000000000000 ) ) ;
#1099 = DIRECTION ( 'NONE',  ( 0.000000000000000000, 0.000000000000000000, -1.000000000000000000 ) ) ;
#1100 = AXIS2_PLACEMENT_3D ( 'NONE', #4520, #1783, #3983 ) ;
#1101 = DIRECTION ( 'NONE',  ( 1.257158079375404835E-17, 1.000000000000000000, 1.634305503260404027E-16 ) ) ;
#1102 = ORIENTED_EDGE ( 'NONE', *, *, #6198, .F. ) ;
#1103 = EDGE_CURVE ( 'NONE', #4889, #6845, #59, .T. ) ;
#1104 = AXIS2_PLACEMENT_3D ( 'NONE', #2101, #4910, #2140 ) ;
#1105 = CARTESIAN_POINT ( 'NONE',  ( 276.1135873735464656, 12.89206442302036315, 1.500000000000000000 ) ) ;
#1106 = CYLINDRICAL_SURFACE ( 'NONE', #6397, 1.000000000000000888 ) ;
#1107 = CARTESIAN_POINT ( 'NONE',  ( 275.5980642608369067, 9.061936429107239732, 0.1000000000000000056 ) ) ;
#1108 = ORIENTED_EDGE ( 'NONE', *, *, #5481, .T. ) ;
#1109 = ORIENTED_EDGE ( 'NONE', *, *, #4594, .T. ) ;
#1110 = ORIENTED_EDGE ( 'NONE', *, *, #3271, .T. ) ;
#1111 = EDGE_CURVE ( 'NONE', #964, #1828, #2671, .T. ) ;
#1112 = DIRECTION ( 'NONE',  ( 1.000000000000000000, -5.869125134844098244E-28, -1.249000902701963003E-16 ) ) ;
#1113 = AXIS2_PLACEMENT_3D ( 'NONE', #167, #5701, #268 ) ;
#1114 = DIRECTION ( 'NONE',  ( -1.257158079375404835E-17, -1.000000000000000000, -1.634305503260404027E-16 ) ) ;
#1115 = ORIENTED_EDGE ( 'NONE', *, *, #6414, .F. ) ;
#1116 = FACE_OUTER_BOUND ( 'NONE', #4144, .T. ) ;
#1117 = ORIENTED_EDGE ( 'NONE', *, *, #5162, .T. ) ;
#1118 = EDGE_CURVE ( 'NONE', #2396, #496, #6731, .T. ) ;
#1119 = EDGE_CURVE ( 'NONE', #5633, #1319, #1185, .T. ) ;
#1120 = DIRECTION ( 'NONE',  ( 5.553580772755923110E-28, -1.000000000000000000, 5.420049715972916316E-30 ) ) ;
#1121 = CARTESIAN_POINT ( 'NONE',  ( 279.6515664704031110, 10.00825552805866714, 1.500000000000000000 ) ) ;
#1122 = FACE_OUTER_BOUND ( 'NONE', #2847, .T. ) ;
#1123 = CARTESIAN_POINT ( 'NONE',  ( 17.67766952966382021, 3.000000000000002665, 23.97766952966384935 ) ) ;
#1124 = VERTEX_POINT ( 'NONE', #2774 ) ;
#1125 = DIRECTION ( 'NONE',  ( -0.000000000000000000, -0.000000000000000000, 1.000000000000000000 ) ) ;
#1126 = ORIENTED_EDGE ( 'NONE', *, *, #250, .F. ) ;
#1127 = ORIENTED_EDGE ( 'NONE', *, *, #4271, .F. ) ;
#1128 = DIRECTION ( 'NONE',  ( -4.165185579566885832E-28, 0.7071067811865426878, 0.7071067811865523467 ) ) ;
#1129 = CARTESIAN_POINT ( 'NONE',  ( 31.49999999999997158, 3.000000000000002665, -3.200000000000128519 ) ) ;
#1130 = CARTESIAN_POINT ( 'NONE',  ( -17.67766952966604066, 0.000000000000000000, -17.67766952966443128 ) ) ;
#1131 = DIRECTION ( 'NONE',  ( 0.000000000000000000, 0.000000000000000000, 1.000000000000000000 ) ) ;
#1132 = DIRECTION ( 'NONE',  ( 0.000000000000000000, 0.000000000000000000, 1.000000000000000000 ) ) ;
#1133 = LINE ( 'NONE', #4303, #4933 ) ;
#1134 = DIRECTION ( 'NONE',  ( 1.000000000000000000, 0.000000000000000000, 0.000000000000000000 ) ) ;
#1135 = CARTESIAN_POINT ( 'NONE',  ( 9.579999999997646398, 0.2000000000000612399, -26.15000000000148361 ) ) ;
#1136 = DIRECTION ( 'NONE',  ( 0.000000000000000000, 0.000000000000000000, 1.000000000000000000 ) ) ;
#1137 = EDGE_CURVE ( 'NONE', #6928, #2121, #650, .T. ) ;
#1138 = ORIENTED_EDGE ( 'NONE', *, *, #2834, .F. ) ;
#1139 = DIRECTION ( 'NONE',  ( 1.000000000000000000, 0.000000000000000000, 0.000000000000000000 ) ) ;
#1140 = FACE_OUTER_BOUND ( 'NONE', #6837, .T. ) ;
#1141 = ORIENTED_EDGE ( 'NONE', *, *, #3593, .F. ) ;
#1142 = DIRECTION ( 'NONE',  ( -2.997525552164775851E-28, 0.7071067811865334729, 0.7071067811865616726 ) ) ;
#1143 = AXIS2_PLACEMENT_3D ( 'NONE', #4145, #6375, #1335 ) ;
#1144 = DIRECTION ( 'NONE',  ( -5.553580772755923110E-28, 1.000000000000000000, -5.420049715972916316E-30 ) ) ;
#1145 = EDGE_CURVE ( 'NONE', #3235, #5935, #2322, .T. ) ;
#1146 = EDGE_LOOP ( 'NONE', ( #7041, #995, #4420, #3823, #2379, #3515, #2768, #4584 ) ) ;
#1147 = DIRECTION ( 'NONE',  ( 0.000000000000000000, 0.000000000000000000, -1.000000000000000000 ) ) ;
#1148 = ORIENTED_EDGE ( 'NONE', *, *, #6105, .T. ) ;
#1149 = AXIS2_PLACEMENT_3D ( 'NONE', #6208, #3986, #2940 ) ;
#1150 = CYLINDRICAL_SURFACE ( 'NONE', #3382, 1.000000000000000888 ) ;
#1151 = DIRECTION ( 'NONE',  ( -0.9935459991707644711, 0.1134299234407191576, 0.000000000000000000 ) ) ;
#1152 = LINE ( 'NONE', #6085, #2895 ) ;
#1153 = CYLINDRICAL_SURFACE ( 'NONE', #6615, 1.600000000000066702 ) ;
#1154 = COLOUR_RGB ( '',1.000000000000000000, 1.000000000000000000, 1.000000000000000000 ) ;
#1155 = EDGE_CURVE ( 'NONE', #259, #4761, #2440, .T. ) ;
#1156 = EDGE_CURVE ( 'NONE', #269, #1822, #948, .T. ) ;
#1157 = AXIS2_PLACEMENT_3D ( 'NONE', #5980, #2162, #3286 ) ;
#1158 = ORIENTED_EDGE ( 'NONE', *, *, #1851, .F. ) ;
#1159 = DIRECTION ( 'NONE',  ( -5.553580772755923110E-28, 1.000000000000000000, -5.420049715972916316E-30 ) ) ;
#1160 = VECTOR ( 'NONE', #3445, 1000.000000000000000 ) ;
#1161 = VERTEX_POINT ( 'NONE', #1288 ) ;
#1162 = ORIENTED_EDGE ( 'NONE', *, *, #484, .T. ) ;
#1163 = FACE_OUTER_BOUND ( 'NONE', #2150, .T. ) ;
#1164 = CYLINDRICAL_SURFACE ( 'NONE', #5879, 0.7499999999999729106 ) ;
#1165 = DIRECTION ( 'NONE',  ( 5.553580772755923110E-28, -1.000000000000000000, 5.420049715972916316E-30 ) ) ;
#1166 = LINE ( 'NONE', #629, #3144 ) ;
#1167 = AXIS2_PLACEMENT_3D ( 'NONE', #1596, #5318, #1390 ) ;
#1168 = DIRECTION ( 'NONE',  ( 5.553580772755923110E-28, -1.000000000000000000, 5.420049715972916316E-30 ) ) ;
#1169 = CARTESIAN_POINT ( 'NONE',  ( 24.81934729198170686, 0.000000000000000000, -30.00000000000121858 ) ) ;
#1170 = CIRCLE ( 'NONE', #2088, 0.7499999999999729106 ) ;
#1171 = CARTESIAN_POINT ( 'NONE',  ( 273.7655879583236356, -7.674337759814201299, 1.500000000000000000 ) ) ;
#1172 = FACE_OUTER_BOUND ( 'NONE', #5963, .T. ) ;
#1173 = FACE_OUTER_BOUND ( 'NONE', #5574, .T. ) ;
#1174 = ORIENTED_EDGE ( 'NONE', *, *, #5559, .T. ) ;
#1175 = CARTESIAN_POINT ( 'NONE',  ( -2.710287528293442438, 129.1331757274304266, -223.9775887643318981 ) ) ;
#1176 = FACE_OUTER_BOUND ( 'NONE', #5926, .T. ) ;
#1177 = DIRECTION ( 'NONE',  ( 5.553580772755923110E-28, -1.000000000000000000, 5.420049715972916316E-30 ) ) ;
#1178 = EDGE_CURVE ( 'NONE', #5551, #5801, #7064, .T. ) ;
#1179 = VECTOR ( 'NONE', #691, 1000.000000000000000 ) ;
#1180 = DIRECTION ( 'NONE',  ( -0.000000000000000000, -0.000000000000000000, 1.000000000000000000 ) ) ;
#1181 = ORIENTED_EDGE ( 'NONE', *, *, #2512, .T. ) ;
#1182 = VERTEX_POINT ( 'NONE', #3018 ) ;
#1183 = LINE ( 'NONE', #4640, #2227 ) ;
#1184 = EDGE_CURVE ( 'NONE', #2966, #5428, #3558, .T. ) ;
#1185 = LINE ( 'NONE', #3385, #497 ) ;
#1186 = PLANE ( 'NONE',  #6794 ) ;
#1187 = AXIS2_PLACEMENT_3D ( 'NONE', #5771, #6379, #1448 ) ;
#1188 = VECTOR ( 'NONE', #5408, 1000.000000000000000 ) ;
#1189 = ORIENTED_EDGE ( 'NONE', *, *, #3539, .F. ) ;
#1190 = CARTESIAN_POINT ( 'NONE',  ( 276.9692230765730301, -1.320602928007157617, 0.000000000000000000 ) ) ;
#1191 = ORIENTED_EDGE ( 'NONE', *, *, #2082, .F. ) ;
#1192 = EDGE_CURVE ( 'NONE', #5895, #1396, #1873, .T. ) ;
#1193 = AXIS2_PLACEMENT_3D ( 'NONE', #2896, #6274, #4043 ) ;
#1194 = EDGE_LOOP ( 'NONE', ( #4684, #2436 ) ) ;
#1195 = CARTESIAN_POINT ( 'NONE',  ( 67.50000000000000000, 2.500000000000002220, -22.50000000000061107 ) ) ;
#1196 = ADVANCED_FACE ( 'NONE', ( #5181 ), #6288, .T. ) ;
#1197 = DIRECTION ( 'NONE',  ( -0.000000000000000000, -0.000000000000000000, 1.000000000000000000 ) ) ;
#1198 = CARTESIAN_POINT ( 'NONE',  ( 67.50000000000000000, 0.000000000000000000, -7.400000000000600764 ) ) ;
#1199 = DIRECTION ( 'NONE',  ( 0.000000000000000000, 0.000000000000000000, 1.000000000000000000 ) ) ;
#1200 =( NAMED_UNIT ( * ) SI_UNIT ( $, .STERADIAN. ) SOLID_ANGLE_UNIT ( ) );
#1201 = ORIENTED_EDGE ( 'NONE', *, *, #3459, .T. ) ;
#1202 = AXIS2_PLACEMENT_3D ( 'NONE', #6923, #3722, #2460 ) ;
#1203 = CIRCLE ( 'NONE', #5578, 1.500000000000058620 ) ;
#1204 = EDGE_CURVE ( 'NONE', #2161, #4210, #4604, .T. ) ;
#1205 = EDGE_CURVE ( 'NONE', #5610, #1339, #1929, .T. ) ;
#1206 = CARTESIAN_POINT ( 'NONE',  ( 52.49999999999999289, 3.000000000039332093, -10.60000000000114895 ) ) ;
#1207 = AXIS2_PLACEMENT_3D ( 'NONE', #6842, #909, #3100 ) ;
#1208 = VECTOR ( 'NONE', #2905, 1000.000000000000000 ) ;
#1209 = DIRECTION ( 'NONE',  ( 0.000000000000000000, 0.000000000000000000, 1.000000000000000000 ) ) ;
#1210 = CYLINDRICAL_SURFACE ( 'NONE', #6616, 0.7499999999999729106 ) ;
#1211 = ORIENTED_EDGE ( 'NONE', *, *, #9, .F. ) ;
#1212 = APPLICATION_PROTOCOL_DEFINITION ( 'draft international standard', 'automotive_design', 1998, #1756 ) ;
#1213 = CARTESIAN_POINT ( 'NONE',  ( -0.7499999999999829026, 9.184850993604940129E-17, -2.100000000000000089 ) ) ;
#1214 = CIRCLE ( 'NONE', #2826, 1.000000000000000888 ) ;
#1215 = DIRECTION ( 'NONE',  ( -0.000000000000000000, -0.000000000000000000, 1.000000000000000000 ) ) ;
#1216 = AXIS2_PLACEMENT_3D ( 'NONE', #3764, #5991, #5887 ) ;
#1217 = DIRECTION ( 'NONE',  ( 5.553580772755923110E-28, -1.000000000000000000, 5.420049715972916316E-30 ) ) ;
#1218 = ORIENTED_EDGE ( 'NONE', *, *, #1405, .F. ) ;
#1219 = ORIENTED_EDGE ( 'NONE', *, *, #6156, .T. ) ;
#1220 = PRODUCT_DEFINITION ( '未知', '', #2301, #47 ) ;
#1221 = EDGE_LOOP ( 'NONE', ( #2119, #241 ) ) ;
#1222 = AXIS2_PLACEMENT_3D ( 'NONE', #6998, #7035, #2107 ) ;
#1223 = AXIS2_PLACEMENT_3D ( 'NONE', #5219, #4679, #791 ) ;
#1224 = PLANE ( 'NONE',  #290 ) ;
#1225 = CARTESIAN_POINT ( 'NONE',  ( 7.750000000000007105, 19.51279806695395536, -25.65000000000113900 ) ) ;
#1226 = DIRECTION ( 'NONE',  ( -0.7071067811865088260, 8.659560562354459542E-17, 0.7071067811865862085 ) ) ;
#1227 = EDGE_LOOP ( 'NONE', ( #5670, #5836, #6966 ) ) ;
#1228 = EDGE_CURVE ( 'NONE', #3117, #438, #4758, .T. ) ;
#1229 = EDGE_LOOP ( 'NONE', ( #3534, #2059, #3087, #2736 ) ) ;
#1230 = FACE_BOUND ( 'NONE', #6003, .T. ) ;
#1231 = VERTEX_POINT ( 'NONE', #5797 ) ;
#1232 = DIRECTION ( 'NONE',  ( 5.553580772755923110E-28, -1.000000000000000000, 5.420049715972916316E-30 ) ) ;
#1233 = DIRECTION ( 'NONE',  ( 0.000000000000000000, -1.084202172485462526E-16, 1.000000000000000000 ) ) ;
#1234 = LINE ( 'NONE', #693, #870 ) ;
#1235 = DIRECTION ( 'NONE',  ( 0.000000000000000000, 0.000000000000000000, 1.000000000000000000 ) ) ;
#1236 = CARTESIAN_POINT ( 'NONE',  ( -9.579999999999866844, -27.26774651488447887, -26.15000000000150493 ) ) ;
#1237 = ORIENTED_EDGE ( 'NONE', *, *, #1945, .T. ) ;
#1238 = EDGE_CURVE ( 'NONE', #2179, #6110, #2951, .T. ) ;
#1239 = CARTESIAN_POINT ( 'NONE',  ( 276.9692230765730301, -1.320602928007157617, 1.299999999999999822 ) ) ;
#1240 = FACE_OUTER_BOUND ( 'NONE', #1089, .T. ) ;
#1241 = FACE_OUTER_BOUND ( 'NONE', #4955, .T. ) ;
#1242 = EDGE_CURVE ( 'NONE', #677, #3966, #3150, .T. ) ;
#1243 = EDGE_CURVE ( 'NONE', #452, #6033, #340, .T. ) ;
#1244 = ORIENTED_EDGE ( 'NONE', *, *, #4704, .T. ) ;
#1245 = CARTESIAN_POINT ( 'NONE',  ( -2.710287528293386927, 129.1331757274305687, -216.3575887643319220 ) ) ;
#1246 = DIRECTION ( 'NONE',  ( -5.553580772755923110E-28, 1.000000000000000000, -5.420049715972916316E-30 ) ) ;
#1247 = DIRECTION ( 'NONE',  ( 0.000000000000000000, 0.000000000000000000, 1.000000000000000000 ) ) ;
#1248 = EDGE_LOOP ( 'NONE', ( #5724, #1646, #6577, #5535 ) ) ;
#1249 = CARTESIAN_POINT ( 'NONE',  ( 31.49999999999997158, 3.000000000000002665, -3.200000000000128519 ) ) ;
#1250 = ORIENTED_EDGE ( 'NONE', *, *, #4677, .T. ) ;
#1251 = ORIENTED_EDGE ( 'NONE', *, *, #4440, .F. ) ;
#1252 = CARTESIAN_POINT ( 'NONE',  ( -17.67766952966359639, 3.000000000000002665, 17.67766952966365324 ) ) ;
#1253 = FACE_OUTER_BOUND ( 'NONE', #5710, .T. ) ;
#1254 = VECTOR ( 'NONE', #1600, 1000.000000000000000 ) ;
#1255 = CARTESIAN_POINT ( 'NONE',  ( 275.5980642608369067, 9.061936429107239732, 1.299999999999999822 ) ) ;
#1256 = ORIENTED_EDGE ( 'NONE', *, *, #6821, .F. ) ;
#1257 = ORIENTED_EDGE ( 'NONE', *, *, #6189, .T. ) ;
#1258 = LINE ( 'NONE', #4647, #3754 ) ;
#1259 = ORIENTED_EDGE ( 'NONE', *, *, #3876, .T. ) ;
#1260 = DIRECTION ( 'NONE',  ( 1.000000000000000000, 0.000000000000000000, 0.000000000000000000 ) ) ;
#1261 = DIRECTION ( 'NONE',  ( 0.000000000000000000, 0.000000000000000000, 1.000000000000000000 ) ) ;
#1262 = CARTESIAN_POINT ( 'NONE',  ( 24.81934729198170686, 3.000000000000002665, -30.00000000000126121 ) ) ;
#1263 = EDGE_CURVE ( 'NONE', #4261, #4868, #66, .T. ) ;
#1264 = DIRECTION ( 'NONE',  ( 1.257158079375404835E-17, 1.000000000000000000, 1.634305503260404027E-16 ) ) ;
#1265 = LINE ( 'NONE', #6098, #5010 ) ;
#1266 = VECTOR ( 'NONE', #2128, 1000.000000000000000 ) ;
#1267 = ORIENTED_EDGE ( 'NONE', *, *, #2180, .T. ) ;
#1268 = PRODUCT_DEFINITION_FORMATION_WITH_SPECIFIED_SOURCE ( '任何', '', #5320, .NOT_KNOWN. ) ;
#1269 = EDGE_LOOP ( 'NONE', ( #3237, #5506 ) ) ;
#1270 = AXIS2_PLACEMENT_3D ( 'NONE', #3673, #2051, #3021 ) ;
#1271 = DIRECTION ( 'NONE',  ( 1.000000000000000000, 0.000000000000000000, -0.000000000000000000 ) ) ;
#1272 = EDGE_CURVE ( 'NONE', #6249, #4318, #6709, .T. ) ;
#1273 = DIRECTION ( 'NONE',  ( -0.000000000000000000, -0.000000000000000000, 1.000000000000000000 ) ) ;
#1274 = LINE ( 'NONE', #5676, #984 ) ;
#1275 = EDGE_LOOP ( 'NONE', ( #2643, #474, #5480, #2576 ) ) ;
#1276 = DIRECTION ( 'NONE',  ( 1.569196147551138541E-14, -1.000000000000000000, 3.561550616915909979E-15 ) ) ;
#1277 = CIRCLE ( 'NONE', #5312, 2.599999999915882487 ) ;
#1278 = CYLINDRICAL_SURFACE ( 'NONE', #597, 1.000000000000042633 ) ;
#1279 = EDGE_CURVE ( 'NONE', #1019, #4283, #5394, .T. ) ;
#1280 = EDGE_CURVE ( 'NONE', #259, #964, #758, .T. ) ;
#1281 = FACE_BOUND ( 'NONE', #4830, .T. ) ;
#1282 = ORIENTED_EDGE ( 'NONE', *, *, #6548, .F. ) ;
#1283 =( NAMED_UNIT ( * ) PLANE_ANGLE_UNIT ( ) SI_UNIT ( $, .RADIAN. ) );
#1284 = ORIENTED_EDGE ( 'NONE', *, *, #1625, .T. ) ;
#1285 = ORIENTED_EDGE ( 'NONE', *, *, #700, .T. ) ;
#1286 = CARTESIAN_POINT ( 'NONE',  ( 67.50000000000000000, 2.500000000000002220, -22.50000000000061107 ) ) ;
#1287 = AXIS2_PLACEMENT_3D ( 'NONE', #1702, #1295, #6668 ) ;
#1288 = CARTESIAN_POINT ( 'NONE',  ( 67.50000000000000000, 1.348365863407252618E-10, 7.400000000078094331 ) ) ;
#1289 = FACE_OUTER_BOUND ( 'NONE', #1474, .T. ) ;
#1290 = EDGE_LOOP ( 'NONE', ( #1712, #5130 ) ) ;
#1291 = VECTOR ( 'NONE', #729, 1000.000000000000000 ) ;
#1292 = ORIENTED_EDGE ( 'NONE', *, *, #4626, .F. ) ;
#1293 = CARTESIAN_POINT ( 'NONE',  ( 24.81934729198168199, 0.000000000000000000, 40.50000000000122924 ) ) ;
#1294 = ORIENTED_EDGE ( 'NONE', *, *, #2112, .F. ) ;
#1295 = DIRECTION ( 'NONE',  ( -0.000000000000000000, -0.000000000000000000, 1.000000000000000000 ) ) ;
#1296 = LINE ( 'NONE', #730, #3466 ) ;
#1297 = DIRECTION ( 'NONE',  ( -1.000000000000000000, 5.869125134844098244E-28, 1.156482317316537317E-16 ) ) ;
#1298 = AXIS2_PLACEMENT_3D ( 'NONE', #3428, #2825, #2243 ) ;
#1299 = CYLINDRICAL_SURFACE ( 'NONE', #1762, 0.7499999999999729106 ) ;
#1300 = CARTESIAN_POINT ( 'NONE',  ( 67.50000000000000000, 2.500000000000002220, -24.10000000000067644 ) ) ;
#1301 = ORIENTED_EDGE ( 'NONE', *, *, #3551, .T. ) ;
#1302 = ADVANCED_FACE ( 'NONE', ( #5148 ), #4025, .F. ) ;
#1303 = AXIS2_PLACEMENT_3D ( 'NONE', #1239, #4480, #3432 ) ;
#1304 = AXIS2_PLACEMENT_3D ( 'NONE', #6728, #125, #2333 ) ;
#1305 = VERTEX_POINT ( 'NONE', #1325 ) ;
#1306 = LINE ( 'NONE', #1741, #289 ) ;
#1307 = DIRECTION ( 'NONE',  ( 1.000000000000000000, 0.000000000000000000, 0.000000000000000000 ) ) ;
#1308 = AXIS2_PLACEMENT_3D ( 'NONE', #5988, #3792, #5421 ) ;
#1309 = AXIS2_PLACEMENT_3D ( 'NONE', #2220, #6511, #7084 ) ;
#1310 = DIRECTION ( 'NONE',  ( 5.553580772755923110E-28, -1.000000000000000000, 5.420049715972916316E-30 ) ) ;
#1311 = PRODUCT_DEFINITION_SHAPE ( 'NONE', 'NONE',  #7098 ) ;
#1312 = ORIENTED_EDGE ( 'NONE', *, *, #5032, .T. ) ;
#1313 = EDGE_CURVE ( 'NONE', #1828, #884, #1, .T. ) ;
#1314 = CONICAL_SURFACE ( 'NONE', #1091, 1.600000000038626080, 0.7853981636816653733 ) ;
#1315 = CARTESIAN_POINT ( 'NONE',  ( 52.49999999999999289, 0.000000000000000000, -10.60000000000015952 ) ) ;
#1316 = UNCERTAINTY_MEASURE_WITH_UNIT (LENGTH_MEASURE( 1.000000000000000082E-05 ), #5035, 'distance_accuracy_value', 'NONE');
#1317 = CARTESIAN_POINT ( 'NONE',  ( 31.49999999999997158, 3.000000000000002665, 3.200000000000003730 ) ) ;
#1318 = VECTOR ( 'NONE', #6039, 1000.000000000000000 ) ;
#1319 = VERTEX_POINT ( 'NONE', #1105 ) ;
#1320 = DIRECTION ( 'NONE',  ( -5.553580772755923110E-28, 1.000000000000000000, -5.420049715972916316E-30 ) ) ;
#1321 = ORIENTED_EDGE ( 'NONE', *, *, #6589, .T. ) ;
#1322 = EDGE_CURVE ( 'NONE', #4816, #3605, #968, .T. ) ;
#1323 = VERTEX_POINT ( 'NONE', #3258 ) ;
#1324 = DIRECTION ( 'NONE',  ( -0.000000000000000000, -0.000000000000000000, 1.000000000000000000 ) ) ;
#1325 = CARTESIAN_POINT ( 'NONE',  ( 276.8335590931911838, 6.250217585674071152, 1.299999999999999822 ) ) ;
#1326 = AXIS2_PLACEMENT_3D ( 'NONE', #1881, #5245, #4737 ) ;
#1327 = CARTESIAN_POINT ( 'NONE',  ( 274.4456162386791220, -1.032490922467731886, 0.1000000000000000056 ) ) ;
#1328 = EDGE_LOOP ( 'NONE', ( #653, #5443, #6873, #4115 ) ) ;
#1329 = EDGE_CURVE ( 'NONE', #1979, #2179, #4988, .T. ) ;
#1330 = AXIS2_PLACEMENT_3D ( 'NONE', #4844, #2686, #565 ) ;
#1331 = ADVANCED_FACE ( 'NONE', ( #1678, #5430 ), #1603, .T. ) ;
#1332 = ORIENTED_EDGE ( 'NONE', *, *, #6277, .F. ) ;
#1333 = DIRECTION ( 'NONE',  ( 0.000000000000000000, 0.000000000000000000, 1.000000000000000000 ) ) ;
#1334 = VERTEX_POINT ( 'NONE', #1171 ) ;
#1335 = DIRECTION ( 'NONE',  ( 0.000000000000000000, 0.000000000000000000, -1.000000000000000000 ) ) ;
#1336 = CARTESIAN_POINT ( 'NONE',  ( 47.49999999999998579, 0.000000000000000000, 0.000000000000000000 ) ) ;
#1337 = CARTESIAN_POINT ( 'NONE',  ( 276.5454470876517803, 3.726610747780326527, 1.299999999999999822 ) ) ;
#1338 = CARTESIAN_POINT ( 'NONE',  ( 4.561809326733534452E-15, 3.000000000000002665, 37.00000000000003553 ) ) ;
#1339 = VERTEX_POINT ( 'NONE', #39 ) ;
#1340 = CARTESIAN_POINT ( 'NONE',  ( 276.7954470876517803, 3.726610747780326527, 0.1000000000000000056 ) ) ;
#1341 = ORIENTED_EDGE ( 'NONE', *, *, #2545, .T. ) ;
#1342 = DIRECTION ( 'NONE',  ( -0.000000000000000000, -0.000000000000000000, 1.000000000000000000 ) ) ;
#1343 = DIRECTION ( 'NONE',  ( -1.375336375708028539E-17, -1.000000000000000000, -1.673398497896634293E-16 ) ) ;
#1344 = DIRECTION ( 'NONE',  ( 0.000000000000000000, 0.000000000000000000, 1.000000000000000000 ) ) ;
#1345 = EDGE_CURVE ( 'NONE', #1347, #2113, #3956, .T. ) ;
#1346 = DIRECTION ( 'NONE',  ( 0.000000000000000000, 0.000000000000000000, 1.000000000000000000 ) ) ;
#1347 = VERTEX_POINT ( 'NONE', #6034 ) ;
#1348 = CARTESIAN_POINT ( 'NONE',  ( -8.250000000002311040, 1.499999999999973577, -20.35000000000086828 ) ) ;
#1349 = ADVANCED_FACE ( 'NONE', ( #4413 ), #2001, .F. ) ;
#1350 = CARTESIAN_POINT ( 'NONE',  ( 31.49999999999997158, 3.000000000000002665, 0.000000000000000000 ) ) ;
#1351 = VERTEX_POINT ( 'NONE', #3803 ) ;
#1352 = DIRECTION ( 'NONE',  ( 0.000000000000000000, 0.000000000000000000, 1.000000000000000000 ) ) ;
#1353 = VERTEX_POINT ( 'NONE', #2723 ) ;
#1354 = ORIENTED_EDGE ( 'NONE', *, *, #6189, .F. ) ;
#1355 = CARTESIAN_POINT ( 'NONE',  ( 276.5073350821123768, 1.203003909886584122, 1.299999999999999822 ) ) ;
#1356 = CARTESIAN_POINT ( 'NONE',  ( 277.8335590931911838, 6.250217585674071152, 1.299999999999999822 ) ) ;
#1357 = DIRECTION ( 'NONE',  ( -5.553580772755923110E-28, 1.000000000000000000, -5.420049715972916316E-30 ) ) ;
#1358 = ADVANCED_FACE ( 'NONE', ( #3220 ), #5569, .F. ) ;
#1359 = ORIENTED_EDGE ( 'NONE', *, *, #1679, .F. ) ;
#1360 = VECTOR ( 'NONE', #3081, 999.9999999999998863 ) ;
#1361 = ORIENTED_EDGE ( 'NONE', *, *, #2937, .T. ) ;
#1362 = CYLINDRICAL_SURFACE ( 'NONE', #542, 1.000000000000000888 ) ;
#1363 = ORIENTED_EDGE ( 'NONE', *, *, #2781, .F. ) ;
#1364 = CARTESIAN_POINT ( 'NONE',  ( 67.50000000000000000, 3.000000000000002665, -3.469446951953614189E-15 ) ) ;
#1365 = PLANE ( 'NONE',  #708 ) ;
#1366 = LINE ( 'NONE', #378, #3160 ) ;
#1367 = EDGE_CURVE ( 'NONE', #3706, #756, #4305, .T. ) ;
#1368 = PRODUCT_DEFINITION_SHAPE ( 'NONE', 'NONE',  #7096 ) ;
#1369 = EDGE_CURVE ( 'NONE', #4609, #2199, #5909, .T. ) ;
#1370 = DIRECTION ( 'NONE',  ( -0.000000000000000000, -0.000000000000000000, 1.000000000000000000 ) ) ;
#1371 = CIRCLE ( 'NONE', #5407, 2.499999999997822631 ) ;
#1372 = VERTEX_POINT ( 'NONE', #3329 ) ;
#1373 = CARTESIAN_POINT ( 'NONE',  ( 275.3099522552975031, 6.538329591213495107, 0.000000000000000000 ) ) ;
#1374 = AXIS2_PLACEMENT_3D ( 'NONE', #2653, #4848, #4048 ) ;
#1375 = VERTEX_POINT ( 'NONE', #6068 ) ;
#1376 = ORIENTED_EDGE ( 'NONE', *, *, #5893, .T. ) ;
#1377 = DIRECTION ( 'NONE',  ( 5.553580772755923110E-28, -1.000000000000000000, 5.420049715972916316E-30 ) ) ;
#1378 = DIRECTION ( 'NONE',  ( -5.553580772755923110E-28, 1.000000000000000000, -5.420049715972916316E-30 ) ) ;
#1379 = CARTESIAN_POINT ( 'NONE',  ( 67.50000000000000000, 1.559863349598344939E-10, 9.000000000000603961 ) ) ;
#1380 = AXIS2_PLACEMENT_3D ( 'NONE', #5728, #5692, #760 ) ;
#1381 = DIRECTION ( 'NONE',  ( 0.000000000000000000, -5.087249021584616643E-30, 1.000000000000000000 ) ) ;
#1382 = FACE_OUTER_BOUND ( 'NONE', #2727, .T. ) ;
#1383 = DIRECTION ( 'NONE',  ( -5.553580772755923110E-28, 1.000000000000000000, -5.420049715972916316E-30 ) ) ;
#1384 = EDGE_LOOP ( 'NONE', ( #4576, #6488, #5586, #983 ) ) ;
#1385 = CIRCLE ( 'NONE', #5420, 1.000000000000000888 ) ;
#1386 = ITEM_DEFINED_TRANSFORMATION ( 'NONE', 'NONE', #926,  #2423 ) ;
#1387 = AXIS2_PLACEMENT_3D ( 'NONE', #3814, #6079, #6008 ) ;
#1388 = PRODUCT_DEFINITION_SHAPE ( 'NONE', 'NONE',  #7104 ) ;
#1389 = AXIS2_PLACEMENT_3D ( 'NONE', #3901, #5047, #6095 ) ;
#1390 = DIRECTION ( 'NONE',  ( 1.000000000000000000, 0.000000000000000000, 0.000000000000000000 ) ) ;
#1391 = UNCERTAINTY_MEASURE_WITH_UNIT (LENGTH_MEASURE( 1.000000000000000082E-05 ), #3636, 'distance_accuracy_value', 'NONE');
#1392 = FACE_BOUND ( 'NONE', #3766, .T. ) ;
#1393 = VECTOR ( 'NONE', #5377, 1000.000000000000000 ) ;
#1394 = ORIENTED_EDGE ( 'NONE', *, *, #465, .T. ) ;
#1395 = SURFACE_STYLE_FILL_AREA ( #6933 ) ;
#1396 = VERTEX_POINT ( 'NONE', #564 ) ;
#1397 = ORIENTED_EDGE ( 'NONE', *, *, #4827, .F. ) ;
#1398 = EDGE_CURVE ( 'NONE', #2893, #744, #6645, .T. ) ;
#1399 = CARTESIAN_POINT ( 'NONE',  ( 52.49999999999999289, 2.900000000031155434, -7.499999999984695798 ) ) ;
#1400 = VECTOR ( 'NONE', #6056, 1000.000000000000114 ) ;
#1401 = CARTESIAN_POINT ( 'NONE',  ( 278.1825988967608509, -7.266611599290983214, 2.299999999999999822 ) ) ;
#1402 = DIRECTION ( 'NONE',  ( 5.553580772755923110E-28, -1.000000000000000000, 5.420049715972916316E-30 ) ) ;
#1403 = CYLINDRICAL_SURFACE ( 'NONE', #3228, 3.050000000000118394 ) ;
#1404 = ORIENTED_EDGE ( 'NONE', *, *, #291, .F. ) ;
#1405 = EDGE_CURVE ( 'NONE', #6591, #3400, #3261, .T. ) ;
#1406 = AXIS2_PLACEMENT_3D ( 'NONE', #6560, #6527, #4335 ) ;
#1407 = VERTEX_POINT ( 'NONE', #601 ) ;
#1408 = FACE_BOUND ( 'NONE', #6178, .T. ) ;
#1409 = ORIENTED_EDGE ( 'NONE', *, *, #1503, .T. ) ;
#1410 = CARTESIAN_POINT ( 'NONE',  ( 276.6811110710334560, -3.844209765900900688, 1.299999999999999822 ) ) ;
#1411 = DIRECTION ( 'NONE',  ( 0.000000000000000000, 0.000000000000000000, -1.000000000000000000 ) ) ;
#1412 = CARTESIAN_POINT ( 'NONE',  ( 69.50000000000460432, -22.49999999997287148, 0.5000000000000000000 ) ) ;
#1413 = DIRECTION ( 'NONE',  ( 5.664021299486786739E-28, -0.7071067811865476838, 0.7071067811865474617 ) ) ;
#1414 = AXIS2_PLACEMENT_3D ( 'NONE', #1022, #6993, #2067 ) ;
#1415 = ORIENTED_EDGE ( 'NONE', *, *, #2250, .F. ) ;
#1416 = CARTESIAN_POINT ( 'NONE',  ( 75.00000000000007105, 3.000000000000002665, -22.50000000000056133 ) ) ;
#1417 = EDGE_CURVE ( 'NONE', #4315, #3371, #5532, .T. ) ;
#1418 = ORIENTED_EDGE ( 'NONE', *, *, #5971, .F. ) ;
#1419 = ORIENTED_EDGE ( 'NONE', *, *, #3891, .T. ) ;
#1420 = CARTESIAN_POINT ( 'NONE',  ( 0.000000000000000000, 3.000000000000002665, -19.85000000000086828 ) ) ;
#1421 = CARTESIAN_POINT ( 'NONE',  ( 67.50000000000000000, -498997.3999999850057, -499000.0000000200816 ) ) ;
#1422 = CARTESIAN_POINT ( 'NONE',  ( 7.750000000000062172, 3.000000000000002665, -19.85000000000086828 ) ) ;
#1423 = CARTESIAN_POINT ( 'NONE',  ( 275.0529289993729662, -6.909307340452717661, 1.500000000000000000 ) ) ;
#1424 = DIRECTION ( 'NONE',  ( 5.553580772755923110E-28, -1.000000000000000000, 5.420049715972916316E-30 ) ) ;
#1425 = ORIENTED_EDGE ( 'NONE', *, *, #3051, .F. ) ;
#1426 = ADVANCED_FACE ( 'NONE', ( #2106 ), #4308, .F. ) ;
#1427 = EDGE_CURVE ( 'NONE', #91, #1912, #5571, .T. ) ;
#1428 = FACE_BOUND ( 'NONE', #2409, .T. ) ;
#1429 = VECTOR ( 'NONE', #1877, 1000.000000000000000 ) ;
#1430 = AXIS2_PLACEMENT_3D ( 'NONE', #3811, #6618, #4426 ) ;
#1431 = DIRECTION ( 'NONE',  ( -0.000000000000000000, -0.000000000000000000, 1.000000000000000000 ) ) ;
#1432 = ORIENTED_EDGE ( 'NONE', *, *, #484, .F. ) ;
#1433 = VERTEX_POINT ( 'NONE', #2144 ) ;
#1434 = CIRCLE ( 'NONE', #4079, 1.000000000000000888 ) ;
#1435 = EDGE_LOOP ( 'NONE', ( #6184, #5652, #437, #7060 ) ) ;
#1436 = DIRECTION ( 'NONE',  ( 5.553580772755922213E-28, -1.000000000000000000, -5.087249021584615241E-30 ) ) ;
#1437 = SURFACE_STYLE_FILL_AREA ( #3741 ) ;
#1438 = VECTOR ( 'NONE', #6168, 1000.000000000000000 ) ;
#1439 = AXIS2_PLACEMENT_3D ( 'NONE', #1107, #3805, #5998 ) ;
#1440 = DIRECTION ( 'NONE',  ( -5.553580772755923110E-28, 1.000000000000000000, -5.420049715972916316E-30 ) ) ;
#1441 = ORIENTED_EDGE ( 'NONE', *, *, #4171, .F. ) ;
#1442 = AXIS2_PLACEMENT_3D ( 'NONE', #5089, #3904, #5019 ) ;
#1443 = EDGE_LOOP ( 'NONE', ( #4828, #232, #1189, #6809, #4211, #461, #5309 ) ) ;
#1444 = CYLINDRICAL_SURFACE ( 'NONE', #5715, 0.7499999999999729106 ) ;
#1445 = CARTESIAN_POINT ( 'NONE',  ( 271.9029289993729890, -6.909307340452717661, 2.299999999999999822 ) ) ;
#1446 = DIRECTION ( 'NONE',  ( -0.000000000000000000, -0.000000000000000000, 1.000000000000000000 ) ) ;
#1447 = LINE ( 'NONE', #5303, #3631 ) ;
#1448 = DIRECTION ( 'NONE',  ( 1.000000000000000000, 0.000000000000000000, 0.000000000000000000 ) ) ;
#1449 = EDGE_CURVE ( 'NONE', #352, #1919, #6713, .T. ) ;
#1450 = AXIS2_PLACEMENT_3D ( 'NONE', #6138, #1209, #5056 ) ;
#1451 = ORIENTED_EDGE ( 'NONE', *, *, #992, .F. ) ;
#1452 = DIRECTION ( 'NONE',  ( 1.000000000000000000, 0.000000000000000000, 0.000000000000000000 ) ) ;
#1453 = VERTEX_POINT ( 'NONE', #3003 ) ;
#1454 = ORIENTED_EDGE ( 'NONE', *, *, #3551, .F. ) ;
#1455 = CARTESIAN_POINT ( 'NONE',  ( 276.3480642608368498, 9.061936429107239732, 0.1000000000000000056 ) ) ;
#1456 = CARTESIAN_POINT ( 'NONE',  ( 276.9692230765730301, -1.320602928007157617, 1.299999999999999822 ) ) ;
#1457 = DIRECTION ( 'NONE',  ( -0.000000000000000000, -0.000000000000000000, 1.000000000000000000 ) ) ;
#1458 = EDGE_CURVE ( 'NONE', #1593, #2267, #2695, .T. ) ;
#1459 = CARTESIAN_POINT ( 'NONE',  ( 24.81934729198170686, 0.5000000000000004441, 40.50000000000122924 ) ) ;
#1460 = LINE ( 'NONE', #4839, #5987 ) ;
#1461 = ORIENTED_EDGE ( 'NONE', *, *, #1708, .T. ) ;
#1462 = CONTEXT_DEPENDENT_SHAPE_REPRESENTATION ( #171, #1984 ) ;
#1463 = LINE ( 'NONE', #5208, #2883 ) ;
#1464 = EDGE_CURVE ( 'NONE', #3186, #756, #2934, .T. ) ;
#1465 = EDGE_CURVE ( 'NONE', #2511, #13, #177, .T. ) ;
#1466 = FACE_OUTER_BOUND ( 'NONE', #1269, .T. ) ;
#1467 = VERTEX_POINT ( 'NONE', #2389 ) ;
#1468 = ORIENTED_EDGE ( 'NONE', *, *, #4136, .F. ) ;
#1469 = ORIENTED_EDGE ( 'NONE', *, *, #6479, .T. ) ;
#1470 = CARTESIAN_POINT ( 'NONE',  ( 52.49999999999999289, 0.000000000000000000, 7.400000000000607869 ) ) ;
#1471 = CARTESIAN_POINT ( 'NONE',  ( 67.50000000000000000, 2.500000000000030198, -22.50000000000061107 ) ) ;
#1472 =( REPRESENTATION_RELATIONSHIP ('NONE','NONE', #1545, #48 ) REPRESENTATION_RELATIONSHIP_WITH_TRANSFORMATION ( #5281 )SHAPE_REPRESENTATION_RELATIONSHIP( ) );
#1473 = LINE ( 'NONE', #2624, #6102 ) ;
#1474 = EDGE_LOOP ( 'NONE', ( #2235, #28, #3810, #6373 ) ) ;
#1475 = CARTESIAN_POINT ( 'NONE',  ( 1.110223024625156540E-13, 0.2999999999999669598, -1.110223024625156540E-13 ) ) ;
#1476 = DIRECTION ( 'NONE',  ( -0.000000000000000000, -0.000000000000000000, -1.000000000000000000 ) ) ;
#1477 = DIRECTION ( 'NONE',  ( 0.000000000000000000, 0.000000000000000000, 1.000000000000000000 ) ) ;
#1478 = CARTESIAN_POINT ( 'NONE',  ( 9.579999999997646398, 0.2000000000000612399, -26.15000000000144809 ) ) ;
#1479 = DIRECTION ( 'NONE',  ( -5.553580772755923110E-28, 1.000000000000000000, -5.420049715972916316E-30 ) ) ;
#1480 = VERTEX_POINT ( 'NONE', #3981 ) ;
#1481 = CARTESIAN_POINT ( 'NONE',  ( -31.50000000000244427, 3.000000000000002665, 3.200000000000128519 ) ) ;
#1482 = ORIENTED_EDGE ( 'NONE', *, *, #1661, .T. ) ;
#1483 = EDGE_LOOP ( 'NONE', ( #864, #129 ) ) ;
#1484 = FACE_OUTER_BOUND ( 'NONE', #5052, .T. ) ;
#1485 = CARTESIAN_POINT ( 'NONE',  ( 277.8335590931911838, 6.250217585674071152, 1.299999999999999822 ) ) ;
#1486 = CIRCLE ( 'NONE', #6308, 3.300000000000127276 ) ;
#1487 = DIRECTION ( 'NONE',  ( 0.000000000000000000, 0.000000000000000000, -1.000000000000000000 ) ) ;
#1488 = DIRECTION ( 'NONE',  ( 1.314439483324459801E-28, -5.087249021584615241E-30, 1.000000000000000000 ) ) ;
#1489 = DIRECTION ( 'NONE',  ( 5.553580772755923110E-28, -1.000000000000000000, 5.420049715972916316E-30 ) ) ;
#1490 = ORIENTED_EDGE ( 'NONE', *, *, #3217, .T. ) ;
#1491 = APPLICATION_PROTOCOL_DEFINITION ( 'draft international standard', 'automotive_design', 1998, #3600 ) ;
#1492 = ADVANCED_FACE ( 'NONE', ( #4558, #6777 ), #1844, .T. ) ;
#1493 = AXIS2_PLACEMENT_3D ( 'NONE', #5137, #6108, #745 ) ;
#1494 = DIRECTION ( 'NONE',  ( 1.000000000000000000, 0.000000000000000000, 0.000000000000000000 ) ) ;
#1495 = CYLINDRICAL_SURFACE ( 'NONE', #6834, 3.200000000000128519 ) ;
#1496 = AXIS2_PLACEMENT_3D ( 'NONE', #4972, #2236, #4295 ) ;
#1497 = ADVANCED_BREP_SHAPE_REPRESENTATION ( '', ( #4227, #2423 ), #3216 ) ;
#1498 = ORIENTED_EDGE ( 'NONE', *, *, #4120, .T. ) ;
#1499 = CONICAL_SURFACE ( 'NONE', #5423, 1.599999999954040852, 0.7853981636816653733 ) ;
#1500 = ORIENTED_EDGE ( 'NONE', *, *, #1005, .T. ) ;
#1501 = DIRECTION ( 'NONE',  ( 0.000000000000000000, 0.000000000000000000, -1.000000000000000000 ) ) ;
#1502 = EDGE_LOOP ( 'NONE', ( #1257, #1792, #1359, #2633 ) ) ;
#1503 = EDGE_CURVE ( 'NONE', #2807, #664, #3942, .T. ) ;
#1504 = EDGE_CURVE ( 'NONE', #5364, #6033, #3381, .T. ) ;
#1505 = LINE ( 'NONE', #1470, #2464 ) ;
#1506 = FILL_AREA_STYLE ('',( #4248 ) ) ;
#1507 = VECTOR ( 'NONE', #6756, 1000.000000000000114 ) ;
#1508 = CIRCLE ( 'NONE', #3119, 3.350000000000165290 ) ;
#1509 = DIRECTION ( 'NONE',  ( 5.553580772755923110E-28, -1.000000000000000000, 5.420049715972916316E-30 ) ) ;
#1510 = ORIENTED_EDGE ( 'NONE', *, *, #1228, .T. ) ;
#1511 = CIRCLE ( 'NONE', #4500, 2.500000000000097700 ) ;
#1512 = EDGE_CURVE ( 'NONE', #2510, #4433, #1306, .T. ) ;
#1513 = EDGE_CURVE ( 'NONE', #5513, #6361, #4185, .T. ) ;
#1514 = DIRECTION ( 'NONE',  ( -7.052416492675749579E-28, 0.7071067811865618946, -0.7071067811865331398 ) ) ;
#1515 = CARTESIAN_POINT ( 'NONE',  ( -10.35000000000230180, 0.2999999999999947153, -24.00000000000107647 ) ) ;
#1516 = DIRECTION ( 'NONE',  ( 1.000000000000000000, 0.000000000000000000, 0.000000000000000000 ) ) ;
#1517 = DIRECTION ( 'NONE',  ( -5.553580772755923110E-28, 1.000000000000000000, -5.420049715972916316E-30 ) ) ;
#1518 = CARTESIAN_POINT ( 'NONE',  ( 276.2192230765730301, -1.320602928007157617, 1.299999999999999822 ) ) ;
#1519 = VERTEX_POINT ( 'NONE', #1206 ) ;
#1520 = CARTESIAN_POINT ( 'NONE',  ( 67.50000000000005684, 0.000000000000000000, 30.00000000000122569 ) ) ;
#1521 = ORIENTED_EDGE ( 'NONE', *, *, #2649, .F. ) ;
#1522 = ORIENTED_EDGE ( 'NONE', *, *, #5483, .T. ) ;
#1523 = DIRECTION ( 'NONE',  ( 1.000000000000000000, 0.000000000000000000, 0.000000000000000000 ) ) ;
#1524 = DIRECTION ( 'NONE',  ( 1.000000000000000000, 0.000000000000000000, 0.000000000000000000 ) ) ;
#1525 = VECTOR ( 'NONE', #1128, 1000.000000000000000 ) ;
#1526 = DIRECTION ( 'NONE',  ( 1.734723475975450007E-16, -5.087720932111102784E-30, 1.000000000000000000 ) ) ;
#1527 = DIRECTION ( 'NONE',  ( -0.000000000000000000, -0.000000000000000000, -1.000000000000000000 ) ) ;
#1528 = CARTESIAN_POINT ( 'NONE',  ( 278.1216710987305873, 8.773824423567811337, 2.899999999999999911 ) ) ;
#1529 = EDGE_CURVE ( 'NONE', #657, #1883, #512, .T. ) ;
#1530 = VERTEX_POINT ( 'NONE', #3471 ) ;
#1531 = AXIS2_PLACEMENT_3D ( 'NONE', #6275, #3546, #1915 ) ;
#1532 = CARTESIAN_POINT ( 'NONE',  ( 67.50000000000000000, 2.500000000000030198, -22.50000000000061107 ) ) ;
#1533 = DIRECTION ( 'NONE',  ( -8.831770080128670284E-17, -0.7071067811865158204, -0.7071067811865792141 ) ) ;
#1534 = CIRCLE ( 'NONE', #1187, 0.9999999999999981126 ) ;
#1535 = CARTESIAN_POINT ( 'NONE',  ( 276.3135873735464543, 12.89206442302036315, 0.1000000000000002554 ) ) ;
#1536 = EDGE_CURVE ( 'NONE', #3605, #3247, #4526, .T. ) ;
#1537 = EDGE_LOOP ( 'NONE', ( #605, #3014, #3073, #6662 ) ) ;
#1538 =( NAMED_UNIT ( * ) PLANE_ANGLE_UNIT ( ) SI_UNIT ( $, .RADIAN. ) );
#1539 = ORIENTED_EDGE ( 'NONE', *, *, #118, .F. ) ;
#1540 = ORIENTED_EDGE ( 'NONE', *, *, #3567, .T. ) ;
#1541 = VECTOR ( 'NONE', #2793, 1000.000000000000000 ) ;
#1542 = VECTOR ( 'NONE', #875, 1000.000000000000000 ) ;
#1543 = DIRECTION ( 'NONE',  ( -0.000000000000000000, -0.000000000000000000, -1.000000000000000000 ) ) ;
#1544 = DIRECTION ( 'NONE',  ( 2.776790386377923440E-28, -0.7071067811865476838, -0.7071067811865474617 ) ) ;
#1545 = SHAPE_REPRESENTATION ( 'BC0033 触点摄像头固定板组件 20250717', ( #3910, #2530, #2411, #3447, #1374, #1493, #2642, #5530, #1149, #21, #4021, #926, #4945, #6441, #6666, #1832, #5867 ), #3561 ) ;
#1546 = EDGE_CURVE ( 'NONE', #2673, #2487, #6748, .T. ) ;
#1547 = VECTOR ( 'NONE', #6112, 999.9999999999998863 ) ;
#1548 = ORIENTED_EDGE ( 'NONE', *, *, #5979, .T. ) ;
#1549 = DIRECTION ( 'NONE',  ( -1.000000000000000000, 2.710505431291618698E-16, 0.000000000000000000 ) ) ;
#1550 = ORIENTED_EDGE ( 'NONE', *, *, #6936, .F. ) ;
#1551 = CARTESIAN_POINT ( 'NONE',  ( -10.34999999999988773, 1.500000000000001332, -23.00000000000107647 ) ) ;
#1552 = AXIS2_PLACEMENT_3D ( 'NONE', #4581, #2824, #5048 ) ;
#1553 = DIRECTION ( 'NONE',  ( 0.000000000000000000, 0.000000000000000000, 1.000000000000000000 ) ) ;
#1554 = AXIS2_PLACEMENT_3D ( 'NONE', #5542, #1114, #50 ) ;
#1555 = LINE ( 'NONE', #3750, #2778 ) ;
#1556 = FACE_OUTER_BOUND ( 'NONE', #399, .T. ) ;
#1557 = ADVANCED_FACE ( 'NONE', ( #1813, #6203 ), #5674, .F. ) ;
#1558 = EDGE_CURVE ( 'NONE', #2946, #4991, #2006, .T. ) ;
#1559 = ORIENTED_EDGE ( 'NONE', *, *, #6347, .T. ) ;
#1560 = AXIS2_PLACEMENT_3D ( 'NONE', #5714, #2796, #2252 ) ;
#1561 = CYLINDRICAL_SURFACE ( 'NONE', #7012, 0.7499999999999729106 ) ;
#1562 = ORIENTED_EDGE ( 'NONE', *, *, #5203, .T. ) ;
#1563 = EDGE_LOOP ( 'NONE', ( #1218, #6416 ) ) ;
#1564 = DIRECTION ( 'NONE',  ( 1.000000000000000000, 0.000000000000000000, 0.000000000000000000 ) ) ;
#1565 = FACE_OUTER_BOUND ( 'NONE', #5145, .T. ) ;
#1566 = AXIS2_PLACEMENT_3D ( 'NONE', #5669, #1168, #2857 ) ;
#1567 = LINE ( 'NONE', #5422, #1861 ) ;
#1568 = DIRECTION ( 'NONE',  ( 5.553580772755923110E-28, -1.000000000000000000, 5.420049715972916316E-30 ) ) ;
#1569 = DIRECTION ( 'NONE',  ( -1.000000000000000000, 0.000000000000000000, 0.000000000000000000 ) ) ;
#1570 = ORIENTED_EDGE ( 'NONE', *, *, #5993, .F. ) ;
#1571 = CONICAL_SURFACE ( 'NONE', #2486, 10.50000000000041211, 0.7853981633974416177 ) ;
#1573 = EDGE_CURVE ( 'NONE', #657, #6432, #2424, .T. ) ;
#1572 = CARTESIAN_POINT ( 'NONE',  ( 47.49999999999998579, 2.900000000000041211, 0.000000000000000000 ) ) ;
#1574 = DIRECTION ( 'NONE',  ( 5.553580772755923110E-28, -1.000000000000000000, 5.420049715972916316E-30 ) ) ;
#1575 = FACE_BOUND ( 'NONE', #3720, .T. ) ;
#1576 = EDGE_LOOP ( 'NONE', ( #5507, #114, #4975, #4347 ) ) ;
#1577 = EDGE_LOOP ( 'NONE', ( #6050, #385, #86, #42 ) ) ;
#1578 = ORIENTED_EDGE ( 'NONE', *, *, #5116, .T. ) ;
#1579 = DIRECTION ( 'NONE',  ( 5.553580772755923110E-28, -1.000000000000000000, 5.420049715972916316E-30 ) ) ;
#1580 = ADVANCED_FACE ( 'NONE', ( #2314, #5744 ), #812, .T. ) ;
#1581 = VERTEX_POINT ( 'NONE', #5055 ) ;
#1582 = CARTESIAN_POINT ( 'NONE',  ( 277.2573350821123768, 1.203003909886584122, 2.899999999999999911 ) ) ;
#1583 = ORIENTED_EDGE ( 'NONE', *, *, #320, .F. ) ;
#1584 = CARTESIAN_POINT ( 'NONE',  ( 278.8335590931911838, 6.250217585674071152, 1.299999999999999822 ) ) ;
#1585 = EDGE_CURVE ( 'NONE', #1740, #5118, #6711, .T. ) ;
#1586 = DIRECTION ( 'NONE',  ( -1.288801503904777590E-28, -5.087249021584615241E-30, 1.000000000000000000 ) ) ;
#1587 = PLANE ( 'NONE',  #1057 ) ;
#1588 = DIRECTION ( 'NONE',  ( 5.553580772755923110E-28, -1.000000000000000000, 5.420049715972916316E-30 ) ) ;
#1589 = EDGE_LOOP ( 'NONE', ( #6040, #1926, #1312, #3055 ) ) ;
#1590 = CARTESIAN_POINT ( 'NONE',  ( 279.7082814321234991, 10.50502852764404871, 2.899999999999999911 ) ) ;
#1591 = EDGE_LOOP ( 'NONE', ( #1540, #4202 ) ) ;
#1592 = EDGE_CURVE ( 'NONE', #51, #3015, #1087, .T. ) ;
#1593 = VERTEX_POINT ( 'NONE', #4734 ) ;
#1594 = LINE ( 'NONE', #2783, #1525 ) ;
#1595 = ADVANCED_FACE ( 'NONE', ( #2064 ), #6307, .F. ) ;
#1596 = CARTESIAN_POINT ( 'NONE',  ( 0.000000000000000000, 0.000000000000000000, -3.600000000000000533 ) ) ;
#1597 = DIRECTION ( 'NONE',  ( 5.553580772755923110E-28, -1.000000000000000000, 5.420049715972916316E-30 ) ) ;
#1598 = FACE_OUTER_BOUND ( 'NONE', #6816, .T. ) ;
#1599 = DIRECTION ( 'NONE',  ( -5.553580772755923110E-28, 1.000000000000000000, -5.420049715972916316E-30 ) ) ;
#1600 = DIRECTION ( 'NONE',  ( 0.3694721847322965380, -0.7071067811865421326, -0.6029015713274856747 ) ) ;
#1601 = ORIENTED_EDGE ( 'NONE', *, *, #2781, .T. ) ;
#1602 = AXIS2_PLACEMENT_3D ( 'NONE', #2247, #1101, #140 ) ;
#1603 = PLANE ( 'NONE',  #3611 ) ;
#1604 = FACE_OUTER_BOUND ( 'NONE', #7038, .T. ) ;
#1605 = DIRECTION ( 'NONE',  ( 1.314439483324459577E-28, -5.087249021584615241E-30, 1.000000000000000000 ) ) ;
#1606 = VECTOR ( 'NONE', #3200, 1000.000000000000000 ) ;
#1607 = VERTEX_POINT ( 'NONE', #1914 ) ;
#1608 = EDGE_LOOP ( 'NONE', ( #1376, #5918, #1700, #6217, #5228, #424 ) ) ;
#1609 = ORIENTED_EDGE ( 'NONE', *, *, #1592, .T. ) ;
#1610 =( GEOMETRIC_REPRESENTATION_CONTEXT ( 3 ) GLOBAL_UNCERTAINTY_ASSIGNED_CONTEXT ( ( #120 ) ) GLOBAL_UNIT_ASSIGNED_CONTEXT ( ( #3735, #5, #1002 ) ) REPRESENTATION_CONTEXT ( 'NONE', 'WORKASPACE' ) );
#1611 = CARTESIAN_POINT ( 'NONE',  ( 276.5980642608369067, 9.061936429107239732, 1.299999999999999822 ) ) ;
#1612 = AXIS2_PLACEMENT_3D ( 'NONE', #5447, #1725, #58 ) ;
#1613 = EDGE_LOOP ( 'NONE', ( #4237, #4132, #4637, #2625 ) ) ;
#1614 = DIRECTION ( 'NONE',  ( -4.180962797671306068E-28, 0.7071067811865746622, 0.7071067811865204833 ) ) ;
#1615 = VERTEX_POINT ( 'NONE', #5920 ) ;
#1616 = EDGE_CURVE ( 'NONE', #6525, #2692, #4071, .T. ) ;
#1617 = AXIS2_PLACEMENT_3D ( 'NONE', #4228, #2095, #6417 ) ;
#1618 = AXIS2_PLACEMENT_3D ( 'NONE', #7048, #3888, #2735 ) ;
#1619 = CARTESIAN_POINT ( 'NONE',  ( 31.49999999999997158, 3.000000000000002665, 0.000000000000000000 ) ) ;
#1620 = CIRCLE ( 'NONE', #480, 0.7499999999999829026 ) ;
#1621 = DIRECTION ( 'NONE',  ( -1.314439483324459577E-28, 0.000000000000000000, -1.000000000000000000 ) ) ;
#1622 = CARTESIAN_POINT ( 'NONE',  ( 273.1575042331397185, -3.556097760361474069, 1.299999999999999822 ) ) ;
#1623 = DIRECTION ( 'NONE',  ( 1.000000000000000000, 0.000000000000000000, 0.000000000000000000 ) ) ;
#1624 = ORIENTED_EDGE ( 'NONE', *, *, #3401, .T. ) ;
#1625 = EDGE_CURVE ( 'NONE', #6901, #519, #4880, .T. ) ;
#1626 = CIRCLE ( 'NONE', #6908, 37.00000000000147793 ) ;
#1627 = FACE_BOUND ( 'NONE', #4776, .T. ) ;
#1628 = EDGE_LOOP ( 'NONE', ( #3071, #3416 ) ) ;
#1629 = ORIENTED_EDGE ( 'NONE', *, *, #2622, .T. ) ;
#1630 = DIRECTION ( 'NONE',  ( 1.000000000000000000, -5.869125134844098244E-28, 1.288801503904777590E-28 ) ) ;
#1631 = LINE ( 'NONE', #4474, #6788 ) ;
#1632 = DIRECTION ( 'NONE',  ( 1.000000000000000000, 0.000000000000000000, 0.000000000000000000 ) ) ;
#1633 = AXIS2_PLACEMENT_3D ( 'NONE', #2266, #4929, #6014 ) ;
#1634 = FACE_OUTER_BOUND ( 'NONE', #4401, .T. ) ;
#1635 = CARTESIAN_POINT ( 'NONE',  ( 274.5599522552975600, 6.538329591213495107, 1.299999999999999822 ) ) ;
#1636 = CARTESIAN_POINT ( 'NONE',  ( 7.750000000000007105, 1.499999999999973577, -26.15000000000146940 ) ) ;
#1637 = EDGE_CURVE ( 'NONE', #4706, #6944, #3497, .T. ) ;
#1638 = EDGE_LOOP ( 'NONE', ( #4041, #1035, #6354, #4423 ) ) ;
#1639 = AXIS2_PLACEMENT_3D ( 'NONE', #2272, #3970, #1260 ) ;
#1640 = DIRECTION ( 'NONE',  ( 1.000000000000000000, -3.469446951953611033E-15, 0.000000000000000000 ) ) ;
#1641 = DIRECTION ( 'NONE',  ( 1.000000000000000000, 0.000000000000000000, -0.000000000000000000 ) ) ;
#1642 = LINE ( 'NONE', #464, #529 ) ;
#1643 = EDGE_CURVE ( 'NONE', #2306, #2131, #2117, .T. ) ;
#1644 = CIRCLE ( 'NONE', #3023, 1.599999999939490047 ) ;
#1645 = ADVANCED_FACE ( 'NONE', ( #5276 ), #4770, .F. ) ;
#1646 = ORIENTED_EDGE ( 'NONE', *, *, #3841, .T. ) ;
#1647 = ORIENTED_EDGE ( 'NONE', *, *, #1184, .T. ) ;
#1648 = EDGE_LOOP ( 'NONE', ( #6774, #3644, #3887, #2566 ) ) ;
#1649 = DIRECTION ( 'NONE',  ( -5.553580772755923110E-28, 1.000000000000000000, -5.420049715972916316E-30 ) ) ;
#1650 = VECTOR ( 'NONE', #1870, 1000.000000000000000 ) ;
#1651 = CARTESIAN_POINT ( 'NONE',  ( 47.49999999999998579, 0.000000000000000000, 2.600000000000004974 ) ) ;
#1652 = ORIENTED_EDGE ( 'NONE', *, *, #1155, .T. ) ;
#1653 = DIRECTION ( 'NONE',  ( -0.3694721847323008124, 0.7071067811865504593, -0.6029015713274733512 ) ) ;
#1654 = ORIENTED_EDGE ( 'NONE', *, *, #2421, .F. ) ;
#1655 = VECTOR ( 'NONE', #2980, 1000.000000000000000 ) ;
#1656 = VECTOR ( 'NONE', #1120, 1000.000000000000000 ) ;
#1657 = DIRECTION ( 'NONE',  ( -5.553580772755923110E-28, 1.000000000000000000, -5.420049715972916316E-30 ) ) ;
#1658 = CARTESIAN_POINT ( 'NONE',  ( 52.49999999999999289, 0.000000000000000000, 9.000000000000611067 ) ) ;
#1659 = DIRECTION ( 'NONE',  ( 8.659560562306539939E-17, 0.7071067811865335839, -0.7071067811865615615 ) ) ;
#1660 = CARTESIAN_POINT ( 'NONE',  ( 67.50000000000000000, 0.000000000000000000, -10.60000000000031051 ) ) ;
#1661 = EDGE_CURVE ( 'NONE', #3333, #226, #3658, .T. ) ;
#1662 = VECTOR ( 'NONE', #2035, 1000.000000000000000 ) ;
#1663 = VECTOR ( 'NONE', #5864, 1000.000000000000000 ) ;
#1664 = ORIENTED_EDGE ( 'NONE', *, *, #4619, .T. ) ;
#1665 = FACE_OUTER_BOUND ( 'NONE', #1698, .T. ) ;
#1666 = AXIS2_PLACEMENT_3D ( 'NONE', #3029, #2449, #5191 ) ;
#1667 = AXIS2_PLACEMENT_3D ( 'NONE', #2804, #2766, #6450 ) ;
#1668 = ORIENTED_EDGE ( 'NONE', *, *, #3890, .F. ) ;
#1669 = DIRECTION ( 'NONE',  ( 0.000000000000000000, -5.087249021584617343E-30, 1.000000000000000000 ) ) ;
#1670 = DIRECTION ( 'NONE',  ( -7.036639274571328447E-28, 0.7071067811865270336, -0.7071067811865680008 ) ) ;
#1671 = CARTESIAN_POINT ( 'NONE',  ( 1.110223024625133443E-13, -9.512187251532845092E-29, -17.55000000000080718 ) ) ;
#1672 = EDGE_CURVE ( 'NONE', #7023, #203, #5780, .T. ) ;
#1673 = DIRECTION ( 'NONE',  ( 0.000000000000000000, 0.000000000000000000, 1.000000000000000000 ) ) ;
#1674 = CIRCLE ( 'NONE', #2589, 10.50000000000036948 ) ;
#1675 = DIRECTION ( 'NONE',  ( 1.000000000000000000, 0.000000000000000000, 0.000000000000000000 ) ) ;
#1676 = DIRECTION ( 'NONE',  ( 1.000000000000000000, 0.000000000000000000, 0.000000000000000000 ) ) ;
#1677 = CIRCLE ( 'NONE', #3634, 1.000000000000000888 ) ;
#1678 = FACE_OUTER_BOUND ( 'NONE', #1608, .T. ) ;
#1679 = EDGE_CURVE ( 'NONE', #2312, #5288, #5108, .T. ) ;
#1680 = CARTESIAN_POINT ( 'NONE',  ( 52.49999999999999289, 2.899999999999986144, -10.50000000000030376 ) ) ;
#1681 = DIRECTION ( 'NONE',  ( 1.000000000000000000, 0.000000000000000000, 0.000000000000000000 ) ) ;
#1682 = AXIS2_PLACEMENT_3D ( 'NONE', #695, #2892, #175 ) ;
#1683 = VERTEX_POINT ( 'NONE', #6961 ) ;
#1684 = DIRECTION ( 'NONE',  ( -7.006927807277642641E-17, -1.000000000000000000, 1.569196147551138541E-14 ) ) ;
#1685 = CARTESIAN_POINT ( 'NONE',  ( 75.00000000000007105, 3.000000000000002665, -22.50000000000058975 ) ) ;
#1686 = ORIENTED_EDGE ( 'NONE', *, *, #4497, .F. ) ;
#1687 = CARTESIAN_POINT ( 'NONE',  ( 9.579999999997646398, 0.000000000000000000, -19.65000000000113900 ) ) ;
#1688 = VECTOR ( 'NONE', #2850, 1000.000000000000000 ) ;
#1689 = EDGE_CURVE ( 'NONE', #1530, #3543, #1879, .T. ) ;
#1690 = CARTESIAN_POINT ( 'NONE',  ( 1.110223024625179260E-13, 0.2999999999999669598, 17.25000000000059330 ) ) ;
#1691 = ORIENTED_EDGE ( 'NONE', *, *, #5176, .T. ) ;
#1692 = FACE_OUTER_BOUND ( 'NONE', #5741, .T. ) ;
#1693 = ORIENTED_EDGE ( 'NONE', *, *, #3693, .F. ) ;
#1694 = LINE ( 'NONE', #3857, #1188 ) ;
#1695 = DIRECTION ( 'NONE',  ( 0.000000000000000000, 0.000000000000000000, -1.000000000000000000 ) ) ;
#1696 = CARTESIAN_POINT ( 'NONE',  ( 278.2954470876517235, 3.726610747780326527, 0.000000000000000000 ) ) ;
#1697 = CARTESIAN_POINT ( 'NONE',  ( 274.7337282442185824, 1.491115915426010963, 0.1000000000000000056 ) ) ;
#1698 = EDGE_LOOP ( 'NONE', ( #6897, #365, #6534, #3576 ) ) ;
#1699 = FACE_BOUND ( 'NONE', #6285, .T. ) ;
#1700 = ORIENTED_EDGE ( 'NONE', *, *, #940, .T. ) ;
#1701 = ORIENTED_EDGE ( 'NONE', *, *, #4550, .T. ) ;
#1702 = CARTESIAN_POINT ( 'NONE',  ( 274.9655879583236242, -7.674337759814201299, 0.1000000000000002554 ) ) ;
#1703 = DIRECTION ( 'NONE',  ( -0.000000000000000000, -0.000000000000000000, 1.000000000000000000 ) ) ;
#1704 = LINE ( 'NONE', #3210, #5462 ) ;
#1705 = FACE_OUTER_BOUND ( 'NONE', #3343, .T. ) ;
#1706 = SURFACE_SIDE_STYLE ('',( #6170 ) ) ;
#1707 = FACE_OUTER_BOUND ( 'NONE', #3921, .T. ) ;
#1708 = EDGE_CURVE ( 'NONE', #6332, #2510, #5200, .T. ) ;
#1709 = DIRECTION ( 'NONE',  ( -1.314439483324459577E-28, 5.087249021584615241E-30, -1.000000000000000000 ) ) ;
#1710 = CARTESIAN_POINT ( 'NONE',  ( 274.9655879583236242, -7.674337759814201299, 1.500000000000000000 ) ) ;
#1711 = LINE ( 'NONE', #4046, #5699 ) ;
#1712 = ORIENTED_EDGE ( 'NONE', *, *, #3891, .F. ) ;
#1713 = CARTESIAN_POINT ( 'NONE',  ( 278.1825988967608509, -7.266611599290983214, 1.500000000000000000 ) ) ;
#1714 = ADVANCED_FACE ( 'NONE', ( #6458 ), #850, .F. ) ;
#1715 = LINE ( 'NONE', #6752, #937 ) ;
#1716 = CIRCLE ( 'NONE', #5285, 0.5000000000000257572 ) ;
#1717 = DIRECTION ( 'NONE',  ( 1.000000000000000000, 0.000000000000000000, 0.000000000000000000 ) ) ;
#1718 = EDGE_LOOP ( 'NONE', ( #655, #1521 ) ) ;
#1719 = FACE_OUTER_BOUND ( 'NONE', #3113, .T. ) ;
#1720 = ORIENTED_EDGE ( 'NONE', *, *, #7042, .T. ) ;
#1721 = EDGE_CURVE ( 'NONE', #3531, #4042, #1777, .T. ) ;
#1722 = EDGE_CURVE ( 'NONE', #5084, #1305, #6826, .T. ) ;
#1723 = DIRECTION ( 'NONE',  ( -2.997525552164776300E-28, 0.7071067811865335839, 0.7071067811865615615 ) ) ;
#1724 = CARTESIAN_POINT ( 'NONE',  ( 75.00000000000001421, 2.442490654175344389E-12, 22.50000000000121503 ) ) ;
#1725 = DIRECTION ( 'NONE',  ( -0.1134299234407121354, -0.9935459991707652483, 0.000000000000000000 ) ) ;
#1726 = AXIS2_PLACEMENT_3D ( 'NONE', #5594, #3932, #6124 ) ;
#1727 = VERTEX_POINT ( 'NONE', #3686 ) ;
#1728 = EDGE_CURVE ( 'NONE', #267, #5672, #5916, .T. ) ;
#1729 = EDGE_CURVE ( 'NONE', #1900, #1816, #3077, .T. ) ;
#1730 = DIRECTION ( 'NONE',  ( -0.000000000000000000, -0.000000000000000000, 1.000000000000000000 ) ) ;
#1731 = AXIS2_PLACEMENT_3D ( 'NONE', #5512, #1079, #4322 ) ;
#1732 = CIRCLE ( 'NONE', #4493, 1.000000000000000888 ) ;
#1733 = VERTEX_POINT ( 'NONE', #1997 ) ;
#1734 = ORIENTED_EDGE ( 'NONE', *, *, #5432, .T. ) ;
#1735 = LINE ( 'NONE', #3900, #158 ) ;
#1736 = FACE_OUTER_BOUND ( 'NONE', #6875, .T. ) ;
#1737 = DIRECTION ( 'NONE',  ( 0.000000000000000000, 0.000000000000000000, 1.000000000000000000 ) ) ;
#1738 = CARTESIAN_POINT ( 'NONE',  ( 0.000000000000000000, 0.5000000000000004441, 0.000000000000000000 ) ) ;
#1739 =( NAMED_UNIT ( * ) PLANE_ANGLE_UNIT ( ) SI_UNIT ( $, .RADIAN. ) );
#1740 = VERTEX_POINT ( 'NONE', #4196 ) ;
#1741 = CARTESIAN_POINT ( 'NONE',  ( 67.50000000000000000, 3.000000000000002665, -2.500000000000310862 ) ) ;
#1742 = CARTESIAN_POINT ( 'NONE',  ( 276.0218402497579859, 4.014722753319752258, 1.299999999999999822 ) ) ;
#1743 = EDGE_CURVE ( 'NONE', #809, #223, #5804, .T. ) ;
#1744 = CARTESIAN_POINT ( 'NONE',  ( 274.0965764351092275, 12.48433826249735112, 0.1000000000000000472 ) ) ;
#1745 = ORIENTED_EDGE ( 'NONE', *, *, #3701, .F. ) ;
#1746 = DIRECTION ( 'NONE',  ( -0.8628947534010448228, 7.993605777301127091E-15, 0.5053836607498805034 ) ) ;
#1747 = ORIENTED_EDGE ( 'NONE', *, *, #1513, .T. ) ;
#1748 = CIRCLE ( 'NONE', #6349, 1.000000000000000888 ) ;
#1749 = CARTESIAN_POINT ( 'NONE',  ( 50.89999999994682156, 3.000000000057290173, -9.000000000000305533 ) ) ;
#1750 = ADVANCED_FACE ( 'NONE', ( #4336 ), #5955, .F. ) ;
#1751 = CIRCLE ( 'NONE', #2325, 0.7499999999999729106 ) ;
#1752 = DIRECTION ( 'NONE',  ( 1.000000000000000000, 0.000000000000000000, -0.000000000000000000 ) ) ;
#1753 = ORIENTED_EDGE ( 'NONE', *, *, #3442, .T. ) ;
#1754 = PRESENTATION_STYLE_ASSIGNMENT (( #1821 ) ) ;
#1755 = ORIENTED_EDGE ( 'NONE', *, *, #5828, .F. ) ;
#1756 = APPLICATION_CONTEXT ( 'automotive_design' ) ;
#1757 = AXIS2_PLACEMENT_3D ( 'NONE', #5459, #1058, #2719 ) ;
#1758 = CARTESIAN_POINT ( 'NONE',  ( 274.4424876365184218, 11.10620712187982839, 3.100000000000000089 ) ) ;
#1759 = DIRECTION ( 'NONE',  ( 0.9935459991707643601, -0.1134299234407203510, 0.000000000000000000 ) ) ;
#1760 = PLANE ( 'NONE',  #1380 ) ;
#1761 = ADVANCED_FACE ( 'NONE', ( #1565 ), #3043, .F. ) ;
#1762 = AXIS2_PLACEMENT_3D ( 'NONE', #2452, #3503, #6879 ) ;
#1763 = CIRCLE ( 'NONE', #6938, 3.200000000000128519 ) ;
#1764 = ORIENTED_EDGE ( 'NONE', *, *, #971, .T. ) ;
#1765 = ORIENTED_EDGE ( 'NONE', *, *, #6315, .F. ) ;
#1766 = CARTESIAN_POINT ( 'NONE',  ( 277.5454470876517803, 3.726610747780326527, 2.899999999999999911 ) ) ;
#1767 = AXIS2_PLACEMENT_3D ( 'NONE', #3490, #5928, #3187 ) ;
#1768 = ORIENTED_EDGE ( 'NONE', *, *, #4313, .F. ) ;
#1769 = CARTESIAN_POINT ( 'NONE',  ( 274.1575042331397185, -3.556097760361474069, 2.899999999999999911 ) ) ;
#1770 = AXIS2_PLACEMENT_3D ( 'NONE', #6405, #4172, #970 ) ;
#1771 = CARTESIAN_POINT ( 'NONE',  ( 52.49999999999999289, 3.000000000028174796, 9.000000000000001776 ) ) ;
#1772 = PLANE ( 'NONE',  #6606 ) ;
#1773 = EDGE_CURVE ( 'NONE', #452, #3317, #2232, .T. ) ;
#1774 = EDGE_CURVE ( 'NONE', #2675, #102, #4978, .T. ) ;
#1775 = CARTESIAN_POINT ( 'NONE',  ( 276.0599522552975031, 6.538329591213495107, 0.1000000000000000056 ) ) ;
#1776 = VERTEX_POINT ( 'NONE', #6025 ) ;
#1777 = CIRCLE ( 'NONE', #972, 3.149999999999986144 ) ;
#1778 = CIRCLE ( 'NONE', #5467, 17.25000000000070699 ) ;
#1779 = CARTESIAN_POINT ( 'NONE',  ( 275.1575042331397185, -3.556097760361474069, 1.299999999999999822 ) ) ;
#1780 = CIRCLE ( 'NONE', #2237, 1.000000000000039080 ) ;
#1781 = AXIS2_PLACEMENT_3D ( 'NONE', #1423, #1955, #2572 ) ;
#1782 = CARTESIAN_POINT ( 'NONE',  ( 278.8716710987305873, 8.773824423567811337, 1.299999999999999822 ) ) ;
#1783 = DIRECTION ( 'NONE',  ( -0.000000000000000000, -0.000000000000000000, 1.000000000000000000 ) ) ;
#1784 = ORIENTED_EDGE ( 'NONE', *, *, #6121, .F. ) ;
#1785 = CARTESIAN_POINT ( 'NONE',  ( -2.710287528293497950, 129.1331757274305403, -218.8975887643319425 ) ) ;
#1786 = AXIS2_PLACEMENT_3D ( 'NONE', #4408, #430, #4338 ) ;
#1787 = DIRECTION ( 'NONE',  ( 1.000000000000000000, 0.000000000000000000, 0.000000000000000000 ) ) ;
#1788 = CIRCLE ( 'NONE', #6389, 1.000000000000000888 ) ;
#1789 = CARTESIAN_POINT ( 'NONE',  ( 275.1956162386791220, -1.032490922467731886, 0.1000000000000000056 ) ) ;
#1790 = ORIENTED_EDGE ( 'NONE', *, *, #7042, .F. ) ;
#1791 = DIRECTION ( 'NONE',  ( -5.553580772755924007E-28, 1.000000000000000000, -5.420049715972919119E-30 ) ) ;
#1792 = ORIENTED_EDGE ( 'NONE', *, *, #5024, .T. ) ;
#1793 = ORIENTED_EDGE ( 'NONE', *, *, #1204, .T. ) ;
#1794 = ADVANCED_FACE ( 'NONE', ( #491 ), #2677, .F. ) ;
#1795 = VECTOR ( 'NONE', #5023, 1000.000000000000000 ) ;
#1796 = CARTESIAN_POINT ( 'NONE',  ( 275.5980642608369067, 9.061936429107239732, 1.299999999999999822 ) ) ;
#1797 = DIRECTION ( 'NONE',  ( -0.1134299234407191437, -0.9935459991707643601, 0.000000000000000000 ) ) ;
#1798 = DIRECTION ( 'NONE',  ( -0.000000000000000000, -0.000000000000000000, 1.000000000000000000 ) ) ;
#1799 = VERTEX_POINT ( 'NONE', #6640 ) ;
#1800 = EDGE_CURVE ( 'NONE', #5672, #1519, #6941, .T. ) ;
#1801 = ORIENTED_EDGE ( 'NONE', *, *, #1728, .T. ) ;
#1802 = DIRECTION ( 'NONE',  ( 1.000000000000000000, 0.000000000000000000, 0.000000000000000000 ) ) ;
#1803 = ORIENTED_EDGE ( 'NONE', *, *, #6131, .F. ) ;
#1804 = DIRECTION ( 'NONE',  ( 5.553580772755923110E-28, -1.000000000000000000, 5.420049715972916316E-30 ) ) ;
#1805 = CARTESIAN_POINT ( 'NONE',  ( 10.34999999999744524, 0.2999999999999947153, -23.00000000000076739 ) ) ;
#1806 = CARTESIAN_POINT ( 'NONE',  ( 273.6956162386791789, -1.032490922467731886, 1.299999999999999822 ) ) ;
#1807 = DIRECTION ( 'NONE',  ( 1.000000000000000000, 0.000000000000000000, 0.000000000000000000 ) ) ;
#1808 = FACE_BOUND ( 'NONE', #5623, .T. ) ;
#1809 = ORIENTED_EDGE ( 'NONE', *, *, #4241, .F. ) ;
#1810 = EDGE_CURVE ( 'NONE', #6734, #3716, #6718, .T. ) ;
#1811 = ADVANCED_FACE ( 'NONE', ( #2749 ), #4871, .T. ) ;
#1812 = EDGE_LOOP ( 'NONE', ( #133, #6575, #6855, #5950 ) ) ;
#1813 = FACE_OUTER_BOUND ( 'NONE', #3757, .T. ) ;
#1814 = DIRECTION ( 'NONE',  ( -1.314439483324459577E-28, 5.087249021584615241E-30, -1.000000000000000000 ) ) ;
#1815 = CARTESIAN_POINT ( 'NONE',  ( 47.49999999999998579, 0.000000000000000000, -2.600000000000310507 ) ) ;
#1816 = VERTEX_POINT ( 'NONE', #4939 ) ;
#1817 = PRODUCT_CONTEXT ( 'NONE', #4702, 'mechanical' ) ;
#1818 = DIRECTION ( 'NONE',  ( 1.000000000000000000, 0.000000000000000000, 0.000000000000000000 ) ) ;
#1819 = CARTESIAN_POINT ( 'NONE',  ( 271.9232591019850247, -6.552003081614445001, 1.500000000000000000 ) ) ;
#1820 = ORIENTED_EDGE ( 'NONE', *, *, #5025, .F. ) ;
#1821 = SURFACE_STYLE_USAGE ( .BOTH. , #5070 ) ;
#1822 = VERTEX_POINT ( 'NONE', #5495 ) ;
#1823 = VERTEX_POINT ( 'NONE', #6528 ) ;
#1824 = CARTESIAN_POINT ( 'NONE',  ( 17.67766952966382021, -1.678792177122987896E-29, 20.97766952966373211 ) ) ;
#1825 = FACE_OUTER_BOUND ( 'NONE', #4097, .T. ) ;
#1826 = DIRECTION ( 'NONE',  ( 1.371932009079964294E-28, 0.000000000000000000, 1.000000000000000000 ) ) ;
#1827 = ADVANCED_FACE ( 'NONE', ( #3250 ), #297, .F. ) ;
#1828 = VERTEX_POINT ( 'NONE', #4405 ) ;
#1829 =( REPRESENTATION_RELATIONSHIP ('NONE','NONE', #1545, #48 ) REPRESENTATION_RELATIONSHIP_WITH_TRANSFORMATION ( #3008 )SHAPE_REPRESENTATION_RELATIONSHIP( ) );
#1830 = EDGE_LOOP ( 'NONE', ( #2111, #897, #5778, #5325 ) ) ;
#1831 = DIRECTION ( 'NONE',  ( 1.000000000000000000, 0.000000000000000000, 0.000000000000000000 ) ) ;
#1832 = AXIS2_PLACEMENT_3D ( 'NONE', #85, #5679, #3946 ) ;
#1833 = ORIENTED_EDGE ( 'NONE', *, *, #1369, .T. ) ;
#1834 = DIRECTION ( 'NONE',  ( 1.000000000000000000, -5.869125134844098244E-28, 1.288801503904777590E-28 ) ) ;
#1835 = DIRECTION ( 'NONE',  ( 0.000000000000000000, 5.087249021584615942E-30, -1.000000000000000000 ) ) ;
#1836 = CYLINDRICAL_SURFACE ( 'NONE', #5922, 8.000000000000309086 ) ;
#1837 = DIRECTION ( 'NONE',  ( -5.553580772755923110E-28, 1.000000000000000000, -5.420049715972916316E-30 ) ) ;
#1838 = ADVANCED_FACE ( 'NONE', ( #3760 ), #3153, .F. ) ;
#1839 = CARTESIAN_POINT ( 'NONE',  ( 52.49999999999999289, 3.000000000000002665, 9.000000000000001776 ) ) ;
#1840 = CIRCLE ( 'NONE', #4846, 1.600000000000066702 ) ;
#1841 = ORIENTED_EDGE ( 'NONE', *, *, #2726, .T. ) ;
#1842 = VERTEX_POINT ( 'NONE', #1671 ) ;
#1843 = CIRCLE ( 'NONE', #1731, 0.5000000000000257572 ) ;
#1844 = PLANE ( 'NONE',  #1193 ) ;
#1845 = DIRECTION ( 'NONE',  ( -4.165185579566884935E-28, 0.7071067811865426878, 0.7071067811865523467 ) ) ;
#1846 = EDGE_CURVE ( 'NONE', #2821, #215, #3871, .T. ) ;
#1847 = CARTESIAN_POINT ( 'NONE',  ( 271.9029289993729890, -6.909307340452717661, 1.500000000000000000 ) ) ;
#1848 = ORIENTED_EDGE ( 'NONE', *, *, #4460, .F. ) ;
#1849 = CARTESIAN_POINT ( 'NONE',  ( 276.3135873735464543, 12.89206442302036315, 1.300000000000000266 ) ) ;
#1850 = EDGE_CURVE ( 'NONE', #1865, #1161, #1704, .T. ) ;
#1851 = EDGE_CURVE ( 'NONE', #13, #2511, #6368, .T. ) ;
#1852 = DIRECTION ( 'NONE',  ( 0.000000000000000000, 0.000000000000000000, 1.000000000000000000 ) ) ;
#1853 = ORIENTED_EDGE ( 'NONE', *, *, #5147, .T. ) ;
#1854 = EDGE_LOOP ( 'NONE', ( #3226, #804 ) ) ;
#1855 = ORIENTED_EDGE ( 'NONE', *, *, #4460, .T. ) ;
#1856 = CARTESIAN_POINT ( 'NONE',  ( 0.000000000000000000, 2.500000000000030198, 0.000000000000000000 ) ) ;
#1857 = CIRCLE ( 'NONE', #1406, 2.000000000000001776 ) ;
#1858 = DIRECTION ( 'NONE',  ( -0.000000000000000000, -0.000000000000000000, 1.000000000000000000 ) ) ;
#1859 = LINE ( 'NONE', #5079, #3219 ) ;
#1860 = ORIENTED_EDGE ( 'NONE', *, *, #2870, .F. ) ;
#1861 = VECTOR ( 'NONE', #4337, 1000.000000000000000 ) ;
#1862 = ORIENTED_EDGE ( 'NONE', *, *, #6651, .F. ) ;
#1863 = DIRECTION ( 'NONE',  ( 1.000000000000000000, 0.000000000000000000, 0.000000000000000000 ) ) ;
#1864 = PRODUCT_RELATED_PRODUCT_CATEGORY ( 'part', '', ( #3474 ) ) ;
#1865 = VERTEX_POINT ( 'NONE', #3182 ) ;
#1866 = FACE_OUTER_BOUND ( 'NONE', #2019, .T. ) ;
#1867 = LINE ( 'NONE', #4616, #5077 ) ;
#1868 = CARTESIAN_POINT ( 'NONE',  ( 278.8716710987305873, 8.773824423567811337, 0.000000000000000000 ) ) ;
#1869 = AXIS2_PLACEMENT_3D ( 'NONE', #661, #2890, #6097 ) ;
#1870 = DIRECTION ( 'NONE',  ( -1.000000000000000000, 5.869125134844098244E-28, -1.096345236817480134E-15 ) ) ;
#1871 = ORIENTED_EDGE ( 'NONE', *, *, #4608, .T. ) ;
#1872 = DIRECTION ( 'NONE',  ( 5.553580772755923110E-28, -1.000000000000000000, 5.420049715972916316E-30 ) ) ;
#1873 = CIRCLE ( 'NONE', #4066, 8.000000000000309086 ) ;
#1874 = ORIENTED_EDGE ( 'NONE', *, *, #1094, .T. ) ;
#1875 = ADVANCED_FACE ( 'NONE', ( #2137 ), #6259, .F. ) ;
#1876 = CARTESIAN_POINT ( 'NONE',  ( 277.2573350821123768, 1.203003909886584122, 1.299999999999999822 ) ) ;
#1877 = DIRECTION ( 'NONE',  ( -8.659560562424915914E-17, 0.7071067811865426878, -0.7071067811865524577 ) ) ;
#1878 = CARTESIAN_POINT ( 'NONE',  ( 0.5000000000000257572, 0.000000000000000000, -2.100000000000000089 ) ) ;
#1879 = CIRCLE ( 'NONE', #2814, 3.150000000000138911 ) ;
#1880 = VECTOR ( 'NONE', #4564, 1000.000000000000000 ) ;
#1881 = CARTESIAN_POINT ( 'NONE',  ( 275.0529289993729662, -6.909307340452717661, 2.299999999999999822 ) ) ;
#1882 = PRODUCT_DEFINITION_SHAPE ( 'NONE', 'NONE',  #7097 ) ;
#1883 = VERTEX_POINT ( 'NONE', #2636 ) ;
#1884 = CONTEXT_DEPENDENT_SHAPE_REPRESENTATION ( #5293, #801 ) ;
#1885 = ADVANCED_FACE ( 'NONE', ( #172 ), #2382, .T. ) ;
#1886 = AXIS2_PLACEMENT_3D ( 'NONE', #4549, #4475, #5705 ) ;
#1887 = CIRCLE ( 'NONE', #3161, 7.100000000000273204 ) ;
#1888 = FACE_BOUND ( 'NONE', #2498, .T. ) ;
#1889 = CARTESIAN_POINT ( 'NONE',  ( -2.331468351712828735E-12, 2.700000000000008171, -1.110223024625156540E-13 ) ) ;
#1890 = VECTOR ( 'NONE', #3332, 1000.000000000000000 ) ;
#1891 = ORIENTED_EDGE ( 'NONE', *, *, #5433, .F. ) ;
#1892 = ORIENTED_EDGE ( 'NONE', *, *, #3890, .T. ) ;
#1893 = ORIENTED_EDGE ( 'NONE', *, *, #4973, .F. ) ;
#1894 = EDGE_CURVE ( 'NONE', #6270, #1453, #4036, .T. ) ;
#1895 = EDGE_CURVE ( 'NONE', #3157, #1319, #2818, .T. ) ;
#1896 = DIRECTION ( 'NONE',  ( 4.165185579566884935E-28, -0.7071067811865638930, -0.7071067811865312525 ) ) ;
#1897 = DIRECTION ( 'NONE',  ( 0.000000000000000000, 0.000000000000000000, 1.000000000000000000 ) ) ;
#1898 = CONICAL_SURFACE ( 'NONE', #7080, 6.300000000000246736, 0.7853981633974487231 ) ;
#1899 = CARTESIAN_POINT ( 'NONE',  ( -31.50000000000000000, 0.000000000000000000, 0.000000000000000000 ) ) ;
#1900 = VERTEX_POINT ( 'NONE', #3502 ) ;
#1901 = AXIS2_PLACEMENT_3D ( 'NONE', #960, #5395, #1641 ) ;
#1902 = EDGE_LOOP ( 'NONE', ( #4331, #1259, #753, #436 ) ) ;
#1903 = CARTESIAN_POINT ( 'NONE',  ( 274.4424876365184218, 11.10620712187982839, 2.899999999999999911 ) ) ;
#1904 = ORIENTED_EDGE ( 'NONE', *, *, #2286, .T. ) ;
#1905 = CARTESIAN_POINT ( 'NONE',  ( 272.1308358618815078, -4.733813903131970591, 2.899999999999999911 ) ) ;
#1906 = CARTESIAN_POINT ( 'NONE',  ( 67.50000000000000000, 2.999999999985902832, -3.469446951953614189E-15 ) ) ;
#1907 = LINE ( 'NONE', #347, #6722 ) ;
#1908 = DIRECTION ( 'NONE',  ( -0.000000000000000000, -0.000000000000000000, 1.000000000000000000 ) ) ;
#1909 = EDGE_LOOP ( 'NONE', ( #780, #947, #3992, #3638 ) ) ;
#1910 = ORIENTED_EDGE ( 'NONE', *, *, #1689, .F. ) ;
#1911 = ORIENTED_EDGE ( 'NONE', *, *, #141, .T. ) ;
#1912 = VERTEX_POINT ( 'NONE', #2927 ) ;
#1913 = DIRECTION ( 'NONE',  ( 1.000000000000000000, 0.000000000000000000, 0.000000000000000000 ) ) ;
#1914 = CARTESIAN_POINT ( 'NONE',  ( 277.3716710987306442, 8.773824423567811337, 0.1000000000000000056 ) ) ;
#1915 = DIRECTION ( 'NONE',  ( 0.000000000000000000, -5.087249021584613840E-30, 1.000000000000000000 ) ) ;
#1916 = DIRECTION ( 'NONE',  ( 5.553580772755923110E-28, -1.000000000000000000, 5.420049715972916316E-30 ) ) ;
#1917 = DIRECTION ( 'NONE',  ( 7.036639274571328447E-28, -0.7071067811865577868, 0.7071067811865373587 ) ) ;
#1918 = EDGE_CURVE ( 'NONE', #3813, #5752, #2706, .T. ) ;
#1919 = VERTEX_POINT ( 'NONE', #1806 ) ;
#1920 = ITEM_DEFINED_TRANSFORMATION ( 'NONE', 'NONE', #5530,  #2423 ) ;
#1921 = CARTESIAN_POINT ( 'NONE',  ( 47.49999999999998579, 3.000000000000002665, 2.500000000000002220 ) ) ;
#1922 = DIRECTION ( 'NONE',  ( 5.553580772755923110E-28, -1.000000000000000000, 5.420049715972916316E-30 ) ) ;
#1923 = ADVANCED_FACE ( 'NONE', ( #2960 ), #208, .F. ) ;
#1924 = ORIENTED_EDGE ( 'NONE', *, *, #2961, .T. ) ;
#1925 = FILL_AREA_STYLE_COLOUR ( '', #1036 ) ;
#1926 = ORIENTED_EDGE ( 'NONE', *, *, #2733, .F. ) ;
#1927 = ORIENTED_EDGE ( 'NONE', *, *, #2146, .T. ) ;
#1928 = CARTESIAN_POINT ( 'NONE',  ( 67.50000000000000000, 2.899999999999986144, -9.000000000000303757 ) ) ;
#1929 = LINE ( 'NONE', #3598, #1655 ) ;
#1930 = DIRECTION ( 'NONE',  ( -2.710505431158225277E-17, -1.000000000000000000, 5.421641617442573891E-30 ) ) ;
#1931 = ADVANCED_FACE ( 'NONE', ( #6704 ), #1836, .T. ) ;
#1932 = ADVANCED_FACE ( 'NONE', ( #4076 ), #1772, .T. ) ;
#1933 = CARTESIAN_POINT ( 'NONE',  ( 19.59422154629891821, 2.500000000000030198, -31.97368421052753362 ) ) ;
#1934 = ORIENTED_EDGE ( 'NONE', *, *, #2198, .F. ) ;
#1935 = CIRCLE ( 'NONE', #6544, 17.55000000000069704 ) ;
#1936 = ORIENTED_EDGE ( 'NONE', *, *, #5117, .T. ) ;
#1937 = CYLINDRICAL_SURFACE ( 'NONE', #737, 0.7499999999999729106 ) ;
#1938 = ORIENTED_EDGE ( 'NONE', *, *, #6746, .T. ) ;
#1939 = PLANE ( 'NONE',  #2173 ) ;
#1940 = CARTESIAN_POINT ( 'NONE',  ( 19.59422154630133406, 0.5000000000000004441, 31.97368421052754073 ) ) ;
#1941 = DIRECTION ( 'NONE',  ( 0.000000000000000000, 0.000000000000000000, 1.000000000000000000 ) ) ;
#1942 = DIRECTION ( 'NONE',  ( 0.000000000000000000, 0.000000000000000000, 1.000000000000000000 ) ) ;
#1943 = EDGE_CURVE ( 'NONE', #195, #3033, #7070, .T. ) ;
#1944 = CIRCLE ( 'NONE', #5972, 1.000000000000000888 ) ;
#1945 = EDGE_CURVE ( 'NONE', #3605, #2366, #5666, .T. ) ;
#1946 = ORIENTED_EDGE ( 'NONE', *, *, #1945, .F. ) ;
#1947 = DIRECTION ( 'NONE',  ( 0.000000000000000000, 0.000000000000000000, 1.000000000000000000 ) ) ;
#1948 =( GEOMETRIC_REPRESENTATION_CONTEXT ( 3 ) GLOBAL_UNCERTAINTY_ASSIGNED_CONTEXT ( ( #3339 ) ) GLOBAL_UNIT_ASSIGNED_CONTEXT ( ( #3227, #5933, #2149 ) ) REPRESENTATION_CONTEXT ( 'NONE', 'WORKASPACE' ) );
#1949 = ORIENTED_EDGE ( 'NONE', *, *, #4965, .T. ) ;
#1950 = VERTEX_POINT ( 'NONE', #237 ) ;
#1951 = DIRECTION ( 'NONE',  ( 2.776790386377923440E-28, -0.7071067811865240360, -0.7071067811865709984 ) ) ;
#1952 = VECTOR ( 'NONE', #3882, 1000.000000000000000 ) ;
#1953 = CARTESIAN_POINT ( 'NONE',  ( 275.5980642608369067, 9.061936429107239732, 1.299999999999999822 ) ) ;
#1954 = CARTESIAN_POINT ( 'NONE',  ( 280.1483394699885139, 9.951540566338307414, 1.500000000000000000 ) ) ;
#1955 = DIRECTION ( 'NONE',  ( 0.000000000000000000, 0.000000000000000000, 1.000000000000000000 ) ) ;
#1956 = CARTESIAN_POINT ( 'NONE',  ( 277.6811110710334560, -3.844209765900900688, 1.299999999999999822 ) ) ;
#1957 = EDGE_LOOP ( 'NONE', ( #1126, #201, #4821, #1018 ) ) ;
#1958 = VECTOR ( 'NONE', #586, 1000.000000000000114 ) ;
#1959 = CONTEXT_DEPENDENT_SHAPE_REPRESENTATION ( #3972, #6639 ) ;
#1960 = AXIS2_PLACEMENT_3D ( 'NONE', #2050, #2658, #3093 ) ;
#1961 = VECTOR ( 'NONE', #2903, 1000.000000000000000 ) ;
#1962 = FACE_BOUND ( 'NONE', #6863, .T. ) ;
#1963 = UNCERTAINTY_MEASURE_WITH_UNIT (LENGTH_MEASURE( 1.000000000000000082E-05 ), #5371, 'distance_accuracy_value', 'NONE');
#1964 = DIRECTION ( 'NONE',  ( -1.262177448353569787E-28, 0.000000000000000000, -1.000000000000000000 ) ) ;
#1965 = VECTOR ( 'NONE', #6231, 1000.000000000000000 ) ;
#1966 = VERTEX_POINT ( 'NONE', #2415 ) ;
#1967 = SURFACE_STYLE_USAGE ( .BOTH. , #6433 ) ;
#1968 = ORIENTED_EDGE ( 'NONE', *, *, #4149, .F. ) ;
#1969 = ORIENTED_EDGE ( 'NONE', *, *, #1573, .F. ) ;
#1970 = DIRECTION ( 'NONE',  ( 0.000000000000000000, 5.087249021584615942E-30, -1.000000000000000000 ) ) ;
#1971 = EDGE_CURVE ( 'NONE', #4170, #3866, #5599, .T. ) ;
#1972 = AXIS2_PLACEMENT_3D ( 'NONE', #682, #2405, #2880 ) ;
#1973 = DIRECTION ( 'NONE',  ( 5.553580772755923110E-28, -1.000000000000000000, 5.420049715972916316E-30 ) ) ;
#1974 = FACE_OUTER_BOUND ( 'NONE', #1074, .T. ) ;
#1975 = CARTESIAN_POINT ( 'NONE',  ( 19.59422154630133406, 0.5000000000000004441, 31.97368421052754073 ) ) ;
#1976 = EDGE_LOOP ( 'NONE', ( #3746, #1162 ) ) ;
#1977 = CIRCLE ( 'NONE', #1287, 1.000000000000000888 ) ;
#1978 = VECTOR ( 'NONE', #6223, 1000.000000000000000 ) ;
#1979 = VERTEX_POINT ( 'NONE', #4003 ) ;
#1980 = CARTESIAN_POINT ( 'NONE',  ( 0.000000000000000000, 0.000000000000000000, -2.100000000000000089 ) ) ;
#1981 = EDGE_CURVE ( 'NONE', #4660, #4706, #4617, .T. ) ;
#1982 = DIRECTION ( 'NONE',  ( 0.000000000000000000, 0.000000000000000000, 1.000000000000000000 ) ) ;
#1983 = FACE_OUTER_BOUND ( 'NONE', #4260, .T. ) ;
#1984 = PRODUCT_DEFINITION_SHAPE ( 'NONE', 'NONE',  #7094 ) ;
#1985 = FACE_OUTER_BOUND ( 'NONE', #735, .T. ) ;
#1986 = LINE ( 'NONE', #3070, #5097 ) ;
#1987 = AXIS2_PLACEMENT_3D ( 'NONE', #1195, #1804, #4001 ) ;
#1988 = ORIENTED_EDGE ( 'NONE', *, *, #2479, .T. ) ;
#1989 = AXIS2_PLACEMENT_3D ( 'NONE', #2373, #2811, #4967 ) ;
#1990 = FACE_OUTER_BOUND ( 'NONE', #6330, .T. ) ;
#1991 = ORIENTED_EDGE ( 'NONE', *, *, #4398, .T. ) ;
#1992 = EDGE_CURVE ( 'NONE', #2052, #5551, #1234, .T. ) ;
#1993 = CIRCLE ( 'NONE', #6016, 6.300000000000246736 ) ;
#1994 = ORIENTED_EDGE ( 'NONE', *, *, #5163, .T. ) ;
#1995 = CARTESIAN_POINT ( 'NONE',  ( 67.50000000000000000, 2.899999999999986144, -7.500000000000603073 ) ) ;
#1996 = ADVANCED_FACE ( 'NONE', ( #3360, #5561 ), #731, .T. ) ;
#1997 = CARTESIAN_POINT ( 'NONE',  ( 52.49999999999999289, 2.899999999988522870, 10.49999999996634870 ) ) ;
#1998 = CARTESIAN_POINT ( 'NONE',  ( 274.7337282442185824, 1.491115915426010963, 1.299999999999999822 ) ) ;
#1999 = DIRECTION ( 'NONE',  ( -0.000000000000000000, -0.000000000000000000, 1.000000000000000000 ) ) ;
#2000 = DIRECTION ( 'NONE',  ( 1.000000000000000000, 0.000000000000000000, 0.000000000000000000 ) ) ;
#2001 = CONICAL_SURFACE ( 'NONE', #5682, 1.599999999981782661, 0.7853981633974482790 ) ;
#2002 = CONICAL_SURFACE ( 'NONE', #6023, 1.599999999897200986, 0.7853981636816653733 ) ;
#2003 = EDGE_LOOP ( 'NONE', ( #686, #2820, #2155, #4212 ) ) ;
#2004 = APPLICATION_PROTOCOL_DEFINITION ( 'draft international standard', 'automotive_design', 1998, #3232 ) ;
#2005 = FACE_BOUND ( 'NONE', #3494, .T. ) ;
#2006 = CIRCLE ( 'NONE', #4995, 2.600000000029569325 ) ;
#2007 = CIRCLE ( 'NONE', #6942, 3.300000000000125944 ) ;
#2008 = FACE_OUTER_BOUND ( 'NONE', #4623, .T. ) ;
#2009 = ORIENTED_EDGE ( 'NONE', *, *, #2772, .T. ) ;
#2010 = VERTEX_POINT ( 'NONE', #1262 ) ;
#2011 = VECTOR ( 'NONE', #6803, 1000.000000000000000 ) ;
#2012 = AXIS2_PLACEMENT_3D ( 'NONE', #4529, #2326, #3952 ) ;
#2013 = ORIENTED_EDGE ( 'NONE', *, *, #5475, .T. ) ;
#2014 = CARTESIAN_POINT ( 'NONE',  ( 67.50000000000000000, 3.000000000000002665, 30.00000000000126832 ) ) ;
#2015 = CARTESIAN_POINT ( 'NONE',  ( 17.67766952966382021, -2.465190328815470755E-29, 14.37766952966360812 ) ) ;
#2016 = CIRCLE ( 'NONE', #2935, 0.7499999999999729106 ) ;
#2017 = AXIS2_PLACEMENT_3D ( 'NONE', #6424, #5314, #6814 ) ;
#2018 = CARTESIAN_POINT ( 'NONE',  ( 0.000000000000000000, 3.000000000000002665, 25.00000000000122924 ) ) ;
#2019 = EDGE_LOOP ( 'NONE', ( #3532, #793, #2948, #234 ) ) ;
#2020 = EDGE_CURVE ( 'NONE', #5948, #6270, #1434, .T. ) ;
#2021 = CONICAL_SURFACE ( 'NONE', #3403, 6.300000000000246736, 0.7853981633974485010 ) ;
#2022 = CARTESIAN_POINT ( 'NONE',  ( 278.1216710987305873, 8.773824423567811337, 0.000000000000000000 ) ) ;
#2023 = DIRECTION ( 'NONE',  ( -1.000000000000000000, 0.000000000000000000, 0.000000000000000000 ) ) ;
#2024 = CARTESIAN_POINT ( 'NONE',  ( 277.3716710987306442, 8.773824423567811337, 0.000000000000000000 ) ) ;
#2025 = CARTESIAN_POINT ( 'NONE',  ( 278.1825988967608509, -7.266611599290980550, 1.500000000000000000 ) ) ;
#2026 = CARTESIAN_POINT ( 'NONE',  ( 75.50000000000001421, 0.5000000000000004441, 22.50000000000115818 ) ) ;
#2027 = VECTOR ( 'NONE', #1814, 1000.000000000000000 ) ;
#2028 = ORIENTED_EDGE ( 'NONE', *, *, #155, .F. ) ;
#2029 = EDGE_CURVE ( 'NONE', #6363, #1375, #4657, .T. ) ;
#2030 = CYLINDRICAL_SURFACE ( 'NONE', #2534, 1.000000000000000888 ) ;
#2031 = ORIENTED_EDGE ( 'NONE', *, *, #2327, .T. ) ;
#2032 = AXIS2_PLACEMENT_3D ( 'NONE', #3967, #131, #6164 ) ;
#2033 = ORIENTED_EDGE ( 'NONE', *, *, #673, .F. ) ;
#2034 = FACE_OUTER_BOUND ( 'NONE', #2302, .T. ) ;
#2035 = DIRECTION ( 'NONE',  ( -0.000000000000000000, -0.000000000000000000, -1.000000000000000000 ) ) ;
#2036 = CARTESIAN_POINT ( 'NONE',  ( 24.81934729198170686, 0.5000000000000004441, -30.50000000000122213 ) ) ;
#2037 = DIRECTION ( 'NONE',  ( 0.000000000000000000, 0.000000000000000000, 1.000000000000000000 ) ) ;
#2038 = CARTESIAN_POINT ( 'NONE',  ( 274.0965764351092275, 12.48433826249735112, 1.500000000000000000 ) ) ;
#2039 = ADVANCED_FACE ( 'NONE', ( #660, #800 ), #2990, .T. ) ;
#2040 = ADVANCED_FACE ( 'NONE', ( #1985 ), #1314, .F. ) ;
#2041 = ORIENTED_EDGE ( 'NONE', *, *, #2997, .F. ) ;
#2042 = DIRECTION ( 'NONE',  ( 5.553580772755923110E-28, -1.000000000000000000, 5.420049715972916316E-30 ) ) ;
#2043 = PRODUCT_DEFINITION_SHAPE ( 'NONE', 'NONE',  #4648 ) ;
#2044 = FACE_OUTER_BOUND ( 'NONE', #1384, .T. ) ;
#2045 = ADVANCED_FACE ( 'NONE', ( #5841 ), #3678, .F. ) ;
#2046 = ORIENTED_EDGE ( 'NONE', *, *, #6479, .F. ) ;
#2047 = ORIENTED_EDGE ( 'NONE', *, *, #6046, .F. ) ;
#2048 = ORIENTED_EDGE ( 'NONE', *, *, #2613, .F. ) ;
#2049 = LINE ( 'NONE', #404, #4192 ) ;
#2050 = CARTESIAN_POINT ( 'NONE',  ( 279.6515664704031110, 10.00825552805866714, 1.500000000000000000 ) ) ;
#2051 = DIRECTION ( 'NONE',  ( -0.000000000000000000, -0.000000000000000000, 1.000000000000000000 ) ) ;
#2052 = VERTEX_POINT ( 'NONE', #1478 ) ;
#2053 = DIRECTION ( 'NONE',  ( 1.000000000000000000, 0.000000000000000000, 0.000000000000000000 ) ) ;
#2054 = DIRECTION ( 'NONE',  ( 0.000000000000000000, 0.000000000000000000, 1.000000000000000000 ) ) ;
#2055 = DIRECTION ( 'NONE',  ( -0.000000000000000000, -0.000000000000000000, 1.000000000000000000 ) ) ;
#2056 = CARTESIAN_POINT ( 'NONE',  ( 67.50000000000000000, 2.273736754432320595E-10, 9.000000000000603961 ) ) ;
#2057 = EDGE_CURVE ( 'NONE', #5316, #6665, #1780, .T. ) ;
#2058 = CARTESIAN_POINT ( 'NONE',  ( 52.49999999999999289, -7.271960811294775340E-12, 10.60000000000788845 ) ) ;
#2059 = ORIENTED_EDGE ( 'NONE', *, *, #1111, .F. ) ;
#2060 = CYLINDRICAL_SURFACE ( 'NONE', #6322, 0.5000000000000004441 ) ;
#2061 = ORIENTED_EDGE ( 'NONE', *, *, #635, .F. ) ;
#2062 = EDGE_LOOP ( 'NONE', ( #3483, #1001, #139, #6757 ) ) ;
#2063 = DIRECTION ( 'NONE',  ( -0.000000000000000000, -0.000000000000000000, 1.000000000000000000 ) ) ;
#2064 = FACE_OUTER_BOUND ( 'NONE', #6201, .T. ) ;
#2065 = EDGE_CURVE ( 'NONE', #6708, #1019, #6036, .T. ) ;
#2066 = VECTOR ( 'NONE', #6890, 1000.000000000000000 ) ;
#2067 = DIRECTION ( 'NONE',  ( 1.000000000000000000, 0.000000000000000000, 0.000000000000000000 ) ) ;
#2068 = CARTESIAN_POINT ( 'NONE',  ( 24.81934729198170686, 0.5000000000000004441, -40.50000000000122924 ) ) ;
#2069 = CARTESIAN_POINT ( 'NONE',  ( 278.5835590931911838, 6.250217585674071152, 1.299999999999999822 ) ) ;
#2070 = ORIENTED_EDGE ( 'NONE', *, *, #3867, .T. ) ;
#2071 = EDGE_CURVE ( 'NONE', #6990, #265, #2931, .T. ) ;
#2072 = CARTESIAN_POINT ( 'NONE',  ( 67.50000000000000000, 0.000000000000000000, -2.600000000000310507 ) ) ;
#2073 = FACE_BOUND ( 'NONE', #3555, .T. ) ;
#2074 = AXIS2_PLACEMENT_3D ( 'NONE', #621, #3825, #5553 ) ;
#2075 = ORIENTED_EDGE ( 'NONE', *, *, #1850, .T. ) ;
#2076 = DIRECTION ( 'NONE',  ( -7.006927807277622919E-17, -1.000000000000000000, 1.569196147551138541E-14 ) ) ;
#2077 = CIRCLE ( 'NONE', #1960, 0.5000000000000004441 ) ;
#2078 = ORIENTED_EDGE ( 'NONE', *, *, #2112, .T. ) ;
#2079 = VERTEX_POINT ( 'NONE', #3136 ) ;
#2080 = CARTESIAN_POINT ( 'NONE',  ( 9.580000000000060467, 1.500000000000001332, -26.15000000000146230 ) ) ;
#2081 = EDGE_CURVE ( 'NONE', #2392, #6115, #1907, .T. ) ;
#2082 = EDGE_CURVE ( 'NONE', #401, #4373, #4999, .T. ) ;
#2083 = CARTESIAN_POINT ( 'NONE',  ( 67.50000000000000000, 3.000000000000002665, -30.00000000000126121 ) ) ;
#2084 = AXIS2_PLACEMENT_3D ( 'NONE', #5585, #224, #3954 ) ;
#2085 = ORIENTED_EDGE ( 'NONE', *, *, #5671, .T. ) ;
#2086 = CARTESIAN_POINT ( 'NONE',  ( 65.50000000000459011, -22.49999999997287148, 0.000000000000000000 ) ) ;
#2087 = ORIENTED_EDGE ( 'NONE', *, *, #3401, .F. ) ;
#2088 = AXIS2_PLACEMENT_3D ( 'NONE', #7017, #3099, #6484 ) ;
#2089 = DIRECTION ( 'NONE',  ( 1.000000000000000000, 0.000000000000000000, -0.000000000000000000 ) ) ;
#2090 = FACE_OUTER_BOUND ( 'NONE', #5520, .T. ) ;
#2091 = DIRECTION ( 'NONE',  ( -5.553580772755923110E-28, 1.000000000000000000, -5.420049715972916316E-30 ) ) ;
#2092 = DIRECTION ( 'NONE',  ( -5.553580772755923110E-28, 1.000000000000000000, -5.420049715972916316E-30 ) ) ;
#2093 = ORIENTED_EDGE ( 'NONE', *, *, #5547, .F. ) ;
#2094 = AXIS2_PLACEMENT_3D ( 'NONE', #1121, #3349, #159 ) ;
#2095 = DIRECTION ( 'NONE',  ( -5.553580772755923110E-28, 1.000000000000000000, -5.420049715972916316E-30 ) ) ;
#2096 = ORIENTED_EDGE ( 'NONE', *, *, #1679, .T. ) ;
#2097 = ORIENTED_EDGE ( 'NONE', *, *, #3225, .F. ) ;
#2098 = DIRECTION ( 'NONE',  ( 1.000000000000000000, 0.000000000000000000, 0.000000000000000000 ) ) ;
#2099 = DIRECTION ( 'NONE',  ( -5.553580772755923110E-28, 1.000000000000000000, -5.420049715972916316E-30 ) ) ;
#2100 = CARTESIAN_POINT ( 'NONE',  ( 277.3135873735464543, 12.89206442302036315, 1.300000000000000266 ) ) ;
#2101 = CARTESIAN_POINT ( 'NONE',  ( 277.5454470876517803, 3.726610747780326527, 1.299999999999999822 ) ) ;
#2102 = CARTESIAN_POINT ( 'NONE',  ( 0.000000000000000000, 0.000000000000000000, -2.100000000000000089 ) ) ;
#2103 = ORIENTED_EDGE ( 'NONE', *, *, #1774, .F. ) ;
#2104 = EDGE_CURVE ( 'NONE', #5934, #1433, #1447, .T. ) ;
#2105 = VECTOR ( 'NONE', #4771, 1000.000000000000114 ) ;
#2106 = FACE_OUTER_BOUND ( 'NONE', #2200, .T. ) ;
#2107 = DIRECTION ( 'NONE',  ( -1.000000000000000000, 0.000000000000000000, 0.000000000000000000 ) ) ;
#2108 = AXIS2_PLACEMENT_3D ( 'NONE', #4289, #942, #4753 ) ;
#2109 = DIRECTION ( 'NONE',  ( -1.314439483324459577E-28, 0.000000000000000000, -1.000000000000000000 ) ) ;
#2110 = ORIENTED_EDGE ( 'NONE', *, *, #2630, .T. ) ;
#2111 = ORIENTED_EDGE ( 'NONE', *, *, #2210, .F. ) ;
#2112 = EDGE_CURVE ( 'NONE', #4889, #2010, #1366, .T. ) ;
#2113 = VERTEX_POINT ( 'NONE', #2560 ) ;
#2114 = AXIS2_PLACEMENT_3D ( 'NONE', #2403, #1858, #4063 ) ;
#2115 = AXIS2_PLACEMENT_3D ( 'NONE', #439, #4100, #5258 ) ;
#2116 = DIRECTION ( 'NONE',  ( -0.000000000000000000, -0.000000000000000000, 1.000000000000000000 ) ) ;
#2117 = CIRCLE ( 'NONE', #1202, 1.000000000000000888 ) ;
#2118 = CIRCLE ( 'NONE', #5109, 17.55000000000069704 ) ;
#2119 = ORIENTED_EDGE ( 'NONE', *, *, #1722, .T. ) ;
#2120 = CARTESIAN_POINT ( 'NONE',  ( 17.67766952966382021, 3.000000000000002665, 23.97766952966384935 ) ) ;
#2121 = VERTEX_POINT ( 'NONE', #2025 ) ;
#2122 = ADVANCED_FACE ( 'NONE', ( #6984 ), #528, .F. ) ;
#2123 = ADVANCED_FACE ( 'NONE', ( #4223 ), #6267, .F. ) ;
#2124 = CARTESIAN_POINT ( 'NONE',  ( 277.1216710987305873, 8.773824423567811337, 1.299999999999999822 ) ) ;
#2125 = CIRCLE ( 'NONE', #977, 1.000000000000000888 ) ;
#2126 = DIRECTION ( 'NONE',  ( 5.553580772755923110E-28, -1.000000000000000000, 5.420049715972916316E-30 ) ) ;
#2127 = AXIS2_PLACEMENT_3D ( 'NONE', #3697, #4165, #2616 ) ;
#2128 = DIRECTION ( 'NONE',  ( -0.000000000000000000, -0.000000000000000000, 1.000000000000000000 ) ) ;
#2129 = DIRECTION ( 'NONE',  ( 1.000000000000000000, 0.000000000000000000, 0.000000000000000000 ) ) ;
#2130 = APPLICATION_CONTEXT ( 'automotive_design' ) ;
#2131 = VERTEX_POINT ( 'NONE', #1337 ) ;
#2132 = CONICAL_SURFACE ( 'NONE', #3053, 10.50000000000036948, 0.7853981633974348453 ) ;
#2133 = FACE_BOUND ( 'NONE', #5342, .T. ) ;
#2134 = EDGE_LOOP ( 'NONE', ( #3646, #3278, #1409, #2477 ) ) ;
#2135 = VERTEX_POINT ( 'NONE', #2525 ) ;
#2136 = CARTESIAN_POINT ( 'NONE',  ( 274.8480642608369067, 9.061936429107239732, 0.1000000000000000056 ) ) ;
#2137 = FACE_OUTER_BOUND ( 'NONE', #4278, .T. ) ;
#2138 = STYLED_ITEM ( 'NONE', ( #7072 ), #4227 ) ;
#2139 = PLANE ( 'NONE',  #4979 ) ;
#2140 = DIRECTION ( 'NONE',  ( 1.000000000000000000, 0.000000000000000000, 0.000000000000000000 ) ) ;
#2141 = FACE_OUTER_BOUND ( 'NONE', #6835, .T. ) ;
#2142 = ORIENTED_EDGE ( 'NONE', *, *, #5913, .F. ) ;
#2143 = VECTOR ( 'NONE', #2315, 1000.000000000000114 ) ;
#2144 = CARTESIAN_POINT ( 'NONE',  ( 75.49999999999995737, 0.5000000000000004441, -22.50000000000085265 ) ) ;
#2145 = LINE ( 'NONE', #4274, #996 ) ;
#2146 = EDGE_CURVE ( 'NONE', #1727, #6452, #4111, .T. ) ;
#2147 = LINE ( 'NONE', #4883, #1890 ) ;
#2148 = ORIENTED_EDGE ( 'NONE', *, *, #6915, .F. ) ;
#2149 =( NAMED_UNIT ( * ) SI_UNIT ( $, .STERADIAN. ) SOLID_ANGLE_UNIT ( ) );
#2150 = EDGE_LOOP ( 'NONE', ( #4364, #192, #6510, #5843 ) ) ;
#2151 = ORIENTED_EDGE ( 'NONE', *, *, #5340, .T. ) ;
#2152 = EDGE_CURVE ( 'NONE', #4058, #4808, #2125, .T. ) ;
#2153 = ORIENTED_EDGE ( 'NONE', *, *, #6651, .T. ) ;
#2154 = LINE ( 'NONE', #3855, #6215 ) ;
#2155 = ORIENTED_EDGE ( 'NONE', *, *, #6121, .T. ) ;
#2156 = FACE_OUTER_BOUND ( 'NONE', #1537, .T. ) ;
#2157 = CARTESIAN_POINT ( 'NONE',  ( 271.9232591019850247, -6.552003081614442337, 1.500000000000000000 ) ) ;
#2158 = DIRECTION ( 'NONE',  ( 1.000000000000000000, -5.869125134844098244E-28, -1.156482317316537317E-16 ) ) ;
#2159 = DIRECTION ( 'NONE',  ( 0.000000000000000000, 0.000000000000000000, 1.000000000000000000 ) ) ;
#2160 = EDGE_CURVE ( 'NONE', #5323, #6683, #5114, .T. ) ;
#2161 = VERTEX_POINT ( 'NONE', #1412 ) ;
#2162 = DIRECTION ( 'NONE',  ( 5.553580772755923110E-28, -1.000000000000000000, 5.420049715972916316E-30 ) ) ;
#2163 = ORIENTED_EDGE ( 'NONE', *, *, #5074, .T. ) ;
#2164 = ORIENTED_EDGE ( 'NONE', *, *, #6529, .T. ) ;
#2165 = CARTESIAN_POINT ( 'NONE',  ( 17.67766952966382021, 0.000000000000000000, -17.67766952966432115 ) ) ;
#2166 = CARTESIAN_POINT ( 'NONE',  ( 75.50000000000001421, 0.5000000000000004441, 22.50000000000115818 ) ) ;
#2167 = CARTESIAN_POINT ( 'NONE',  ( 280.3559162298850538, 11.76972974482081646, 2.299999999999999822 ) ) ;
#2168 = EDGE_CURVE ( 'NONE', #2267, #3192, #3610, .T. ) ;
#2169 = CARTESIAN_POINT ( 'NONE',  ( 276.9692230765730301, -1.320602928007157617, 2.899999999999999911 ) ) ;
#2170 = FACE_OUTER_BOUND ( 'NONE', #5940, .T. ) ;
#2171 = CARTESIAN_POINT ( 'NONE',  ( 67.50000000000000000, 3.000000000000474287, -9.000000000000303757 ) ) ;
#2172 = VERTEX_POINT ( 'NONE', #4722 ) ;
#2173 = AXIS2_PLACEMENT_3D ( 'NONE', #3027, #2490, #5189 ) ;
#2174 = CARTESIAN_POINT ( 'NONE',  ( 280.1515664704031110, 10.00825552805866714, 0.000000000000000000 ) ) ;
#2175 = DIRECTION ( 'NONE',  ( 5.553580772755923110E-28, -1.000000000000000000, 5.420049715972916316E-30 ) ) ;
#2176 = PLANE ( 'NONE',  #4543 ) ;
#2177 = ORIENTED_EDGE ( 'NONE', *, *, #1800, .F. ) ;
#2178 = ORIENTED_EDGE ( 'NONE', *, *, #3074, .T. ) ;
#2179 = VERTEX_POINT ( 'NONE', #2668 ) ;
#2180 = EDGE_CURVE ( 'NONE', #5240, #6901, #5411, .T. ) ;
#2181 = DIRECTION ( 'NONE',  ( 1.000000000000000000, 0.000000000000000000, 0.000000000000000000 ) ) ;
#2182 = VECTOR ( 'NONE', #5490, 1000.000000000000000 ) ;
#2183 = DIRECTION ( 'NONE',  ( -0.000000000000000000, -0.000000000000000000, 1.000000000000000000 ) ) ;
#2184 = VECTOR ( 'NONE', #4818, 1000.000000000000000 ) ;
#2185 = VERTEX_POINT ( 'NONE', #4396 ) ;
#2186 = DIRECTION ( 'NONE',  ( 0.000000000000000000, 0.000000000000000000, 1.000000000000000000 ) ) ;
#2187 = EDGE_LOOP ( 'NONE', ( #6061, #1425, #2805, #2617 ) ) ;
#2188 = EDGE_CURVE ( 'NONE', #2113, #785, #6588, .T. ) ;
#2189 = AXIS2_PLACEMENT_3D ( 'NONE', #2701, #5002, #4351 ) ;
#2190 = CARTESIAN_POINT ( 'NONE',  ( 0.000000000000000000, 0.000000000000000000, -3.100000000000000533 ) ) ;
#2191 = VECTOR ( 'NONE', #6598, 1000.000000000000000 ) ;
#2192 = DIRECTION ( 'NONE',  ( -0.000000000000000000, -0.000000000000000000, 1.000000000000000000 ) ) ;
#2193 = FACE_OUTER_BOUND ( 'NONE', #1909, .T. ) ;
#2194 = DIRECTION ( 'NONE',  ( -1.000000000000000000, -8.673617379825317104E-17, 8.673617379871461769E-17 ) ) ;
#2195 = ORIENTED_EDGE ( 'NONE', *, *, #6172, .T. ) ;
#2196 = CONICAL_SURFACE ( 'NONE', #5193, 1.000000000000039080, 0.7853981633974222998 ) ;
#2197 = FACE_BOUND ( 'NONE', #5793, .T. ) ;
#2198 = EDGE_CURVE ( 'NONE', #5418, #3371, #3852, .T. ) ;
#2199 = VERTEX_POINT ( 'NONE', #1047 ) ;
#2200 = EDGE_LOOP ( 'NONE', ( #4006, #5700 ) ) ;
#2201 = CARTESIAN_POINT ( 'NONE',  ( 277.5454470876517803, 3.726610747780326527, 2.899999999999999911 ) ) ;
#2202 = DIRECTION ( 'NONE',  ( 1.000000000000000000, 0.000000000000000000, 0.000000000000000000 ) ) ;
#2203 = DIRECTION ( 'NONE',  ( 0.000000000000000000, 5.087249021584613840E-30, -1.000000000000000000 ) ) ;
#2204 =( REPRESENTATION_RELATIONSHIP ('NONE','NONE', #1545, #48 ) REPRESENTATION_RELATIONSHIP_WITH_TRANSFORMATION ( #249 )SHAPE_REPRESENTATION_RELATIONSHIP( ) );
#2205 = CARTESIAN_POINT ( 'NONE',  ( 275.5980642608369067, 9.061936429107239732, 0.000000000000000000 ) ) ;
#2206 =( NAMED_UNIT ( * ) PLANE_ANGLE_UNIT ( ) SI_UNIT ( $, .RADIAN. ) );
#2207 = DIRECTION ( 'NONE',  ( -5.553580772755923110E-28, 1.000000000000000000, -5.420049715972916316E-30 ) ) ;
#2208 = EDGE_LOOP ( 'NONE', ( #4059, #3772 ) ) ;
#2209 = ADVANCED_FACE ( 'NONE', ( #1556 ), #3862, .T. ) ;
#2210 = EDGE_CURVE ( 'NONE', #5254, #4106, #3274, .T. ) ;
#2211 = VECTOR ( 'NONE', #2063, 1000.000000000000000 ) ;
#2212 = DIRECTION ( 'NONE',  ( 0.000000000000000000, 5.087249021584615942E-30, -1.000000000000000000 ) ) ;
#2213 = VECTOR ( 'NONE', #3450, 1000.000000000000114 ) ;
#2214 = CARTESIAN_POINT ( 'NONE',  ( 275.9311110710334560, -3.844209765900900688, 1.299999999999999822 ) ) ;
#2215 = CARTESIAN_POINT ( 'NONE',  ( 19.33296525901734242, 3.000000000000002665, 31.54736842105389272 ) ) ;
#2216 = AXIS2_PLACEMENT_3D ( 'NONE', #68, #2240, #4445 ) ;
#2217 = EDGE_LOOP ( 'NONE', ( #3264, #4957, #2842, #4314, #3094 ) ) ;
#2218 = LINE ( 'NONE', #3335, #14 ) ;
#2219 = ORIENTED_EDGE ( 'NONE', *, *, #3089, .F. ) ;
#2220 = CARTESIAN_POINT ( 'NONE',  ( 0.000000000000000000, 0.000000000000000000, 25.00000000000122924 ) ) ;
#2221 = AXIS2_PLACEMENT_3D ( 'NONE', #33, #1264, #4407 ) ;
#2222 = LINE ( 'NONE', #2026, #4658 ) ;
#2223 = ORIENTED_EDGE ( 'NONE', *, *, #6695, .T. ) ;
#2224 = DIRECTION ( 'NONE',  ( -1.313363508514274938E-28, 5.087249021584615241E-30, -1.000000000000000000 ) ) ;
#2225 = ORIENTED_EDGE ( 'NONE', *, *, #3089, .T. ) ;
#2226 = VECTOR ( 'NONE', #4986, 1000.000000000000000 ) ;
#2227 = VECTOR ( 'NONE', #157, 1000.000000000000000 ) ;
#2228 = FACE_OUTER_BOUND ( 'NONE', #1613, .T. ) ;
#2229 = FACE_OUTER_BOUND ( 'NONE', #4494, .T. ) ;
#2230 = DIRECTION ( 'NONE',  ( 0.000000000000000000, 0.000000000000000000, 1.000000000000000000 ) ) ;
#2231 = DIRECTION ( 'NONE',  ( 1.000000000000000000, 0.000000000000000000, 0.000000000000000000 ) ) ;
#2232 = CIRCLE ( 'NONE', #6251, 3.300000000000125944 ) ;
#2233 = CIRCLE ( 'NONE', #1309, 3.050000000000118394 ) ;
#2234 = EDGE_CURVE ( 'NONE', #2172, #1231, #483, .T. ) ;
#2235 = ORIENTED_EDGE ( 'NONE', *, *, #2104, .T. ) ;
#2236 = DIRECTION ( 'NONE',  ( 0.000000000000000000, 0.000000000000000000, 1.000000000000000000 ) ) ;
#2237 = AXIS2_PLACEMENT_3D ( 'NONE', #416, #5809, #6913 ) ;
#2238 = ORIENTED_EDGE ( 'NONE', *, *, #1329, .T. ) ;
#2239 = ORIENTED_EDGE ( 'NONE', *, *, #4619, .F. ) ;
#2240 = DIRECTION ( 'NONE',  ( 0.000000000000000000, 0.000000000000000000, 1.000000000000000000 ) ) ;
#2241 = DIRECTION ( 'NONE',  ( -1.249000902704653511E-16, 1.673398497896612600E-16, -1.000000000000000000 ) ) ;
#2242 = DIRECTION ( 'NONE',  ( 1.000000000000000000, -5.869125134844098244E-28, 1.156482317319115167E-16 ) ) ;
#2243 = DIRECTION ( 'NONE',  ( -1.000000000000000000, 0.000000000000000000, 0.000000000000000000 ) ) ;
#2244 = ADVANCED_FACE ( 'NONE', ( #6485 ), #3751, .F. ) ;
#2245 = VECTOR ( 'NONE', #5848, 1000.000000000000114 ) ;
#2246 = FACE_OUTER_BOUND ( 'NONE', #755, .T. ) ;
#2247 = CARTESIAN_POINT ( 'NONE',  ( -7.749999999999896083, 1.499999999999945821, -25.65000000000150493 ) ) ;
#2248 = DIRECTION ( 'NONE',  ( 5.553580772755923110E-28, -1.000000000000000000, 5.420049715972916316E-30 ) ) ;
#2249 = CARTESIAN_POINT ( 'NONE',  ( 67.50000000000000000, 2.899999999999986144, 10.50000000000060574 ) ) ;
#2250 = EDGE_CURVE ( 'NONE', #4964, #2661, #6520, .T. ) ;
#2251 = ADVANCED_FACE ( 'NONE', ( #1014 ), #5947, .F. ) ;
#2252 = DIRECTION ( 'NONE',  ( 1.371932009079964294E-28, 0.000000000000000000, 1.000000000000000000 ) ) ;
#2253 = VECTOR ( 'NONE', #602, 1000.000000000000000 ) ;
#2254 = ORIENTED_EDGE ( 'NONE', *, *, #6394, .T. ) ;
#2255 = DIRECTION ( 'NONE',  ( -2.428612866367529932E-17, -0.9999999999999998890, 1.559863349598344939E-14 ) ) ;
#2256 = CARTESIAN_POINT ( 'NONE',  ( 274.3857726747980337, 10.60943412229444327, 2.899999999999999911 ) ) ;
#2257 = CARTESIAN_POINT ( 'NONE',  ( 0.000000000000000000, 0.000000000000000000, -3.100000000000000533 ) ) ;
#2258 = ADVANCED_FACE ( 'NONE', ( #4292 ), #6954, .F. ) ;
#2259 = EDGE_CURVE ( 'NONE', #3301, #6727, #552, .T. ) ;
#2260 = CYLINDRICAL_SURFACE ( 'NONE', #3950, 3.149999999999986144 ) ;
#2261 = ORIENTED_EDGE ( 'NONE', *, *, #405, .T. ) ;
#2262 = DIRECTION ( 'NONE',  ( 0.000000000000000000, 0.000000000000000000, -1.000000000000000000 ) ) ;
#2263 = ORIENTED_EDGE ( 'NONE', *, *, #1529, .T. ) ;
#2264 = CARTESIAN_POINT ( 'NONE',  ( 275.7718402497579859, 4.014722753319752258, 1.299999999999999822 ) ) ;
#2265 = LINE ( 'NONE', #4467, #5554 ) ;
#2266 = CARTESIAN_POINT ( 'NONE',  ( 276.9692230765730301, -1.320602928007157617, 0.000000000000000000 ) ) ;
#2267 = VERTEX_POINT ( 'NONE', #582 ) ;
#2268 = DIRECTION ( 'NONE',  ( 5.553580772755923110E-28, -1.000000000000000000, 5.420049715972916316E-30 ) ) ;
#2269 = ORIENTED_EDGE ( 'NONE', *, *, #548, .F. ) ;
#2270 = EDGE_CURVE ( 'NONE', #2939, #677, #2709, .T. ) ;
#2271 = EDGE_LOOP ( 'NONE', ( #2028, #5802, #939, #6419 ) ) ;
#2272 = CARTESIAN_POINT ( 'NONE',  ( 277.2573350821123768, 1.203003909886584122, 2.899999999999999911 ) ) ;
#2273 = LINE ( 'NONE', #3249, #35 ) ;
#2274 = DIRECTION ( 'NONE',  ( 2.997525552164849392E-28, -0.7071067811865441310, -0.7071067811865507924 ) ) ;
#2275 = CYLINDRICAL_SURFACE ( 'NONE', #1298, 0.9999999999999981126 ) ;
#2276 =( LENGTH_UNIT ( ) NAMED_UNIT ( * ) SI_UNIT ( .MILLI., .METRE. ) );
#2277 = ORIENTED_EDGE ( 'NONE', *, *, #2482, .F. ) ;
#2278 = EDGE_CURVE ( 'NONE', #5934, #3866, #3783, .T. ) ;
#2279 = DIRECTION ( 'NONE',  ( 0.000000000000000000, 0.000000000000000000, 1.000000000000000000 ) ) ;
#2280 = LINE ( 'NONE', #1135, #2722 ) ;
#2281 = DIRECTION ( 'NONE',  ( 8.177564889005769470E-17, -0.7071067811865389130, -0.7071067811865561215 ) ) ;
#2282 = ORIENTED_EDGE ( 'NONE', *, *, #3779, .T. ) ;
#2283 = DIRECTION ( 'NONE',  ( -0.2320098764787359436, 1.543210004228967591E-14, 0.9727134301613820089 ) ) ;
#2284 = VERTEX_POINT ( 'NONE', #5976 ) ;
#2285 = AXIS2_PLACEMENT_3D ( 'NONE', #1410, #4221, #6411 ) ;
#2286 = EDGE_CURVE ( 'NONE', #3854, #2052, #980, .T. ) ;
#2287 = CYLINDRICAL_SURFACE ( 'NONE', #298, 1.000000000000000888 ) ;
#2288 = AXIS2_PLACEMENT_3D ( 'NONE', #4290, #18, #1045 ) ;
#2289 = DIRECTION ( 'NONE',  ( -0.000000000000000000, -0.000000000000000000, 1.000000000000000000 ) ) ;
#2290 = ORIENTED_EDGE ( 'NONE', *, *, #3884, .T. ) ;
#2291 = FILL_AREA_STYLE_COLOUR ( '', #6682 ) ;
#2292 = EDGE_LOOP ( 'NONE', ( #1946, #2476, #3143, #6697 ) ) ;
#2293 = COLOUR_RGB ( '',1.000000000000000000, 1.000000000000000000, 1.000000000000000000 ) ;
#2294 = ADVANCED_FACE ( 'NONE', ( #60 ), #4777, .F. ) ;
#2295 = EDGE_CURVE ( 'NONE', #4106, #5254, #6382, .T. ) ;
#2296 = AXIS2_PLACEMENT_3D ( 'NONE', #6846, #4993, #3373 ) ;
#2297 = LINE ( 'NONE', #4499, #3951 ) ;
#2298 = DIRECTION ( 'NONE',  ( 0.000000000000000000, 0.000000000000000000, -1.000000000000000000 ) ) ;
#2299 = CARTESIAN_POINT ( 'NONE',  ( 67.50000000000000000, 0.000000000000000000, 2.600000000000001421 ) ) ;
#2300 = VECTOR ( 'NONE', #199, 1000.000000000000000 ) ;
#2301 = PRODUCT_DEFINITION_FORMATION_WITH_SPECIFIED_SOURCE ( '任何', '', #3594, .NOT_KNOWN. ) ;
#2302 = EDGE_LOOP ( 'NONE', ( #3940, #3586, #6074, #2582 ) ) ;
#2303 = AXIS2_PLACEMENT_3D ( 'NONE', #5263, #3745, #4138 ) ;
#2304 = VERTEX_POINT ( 'NONE', #3284 ) ;
#2305 = FACE_BOUND ( 'NONE', #5965, .T. ) ;
#2306 = VERTEX_POINT ( 'NONE', #5487 ) ;
#2307 = DIRECTION ( 'NONE',  ( 0.000000000000000000, 0.000000000000000000, 1.000000000000000000 ) ) ;
#2308 = DIRECTION ( 'NONE',  ( 1.000000000000000000, 0.000000000000000000, 0.000000000000000000 ) ) ;
#2309 = DIRECTION ( 'NONE',  ( 1.226634733349476840E-16, -0.7071067811865372477, -0.7071067811865577868 ) ) ;
#2310 = DIRECTION ( 'NONE',  ( 6.794564910705960047E-13, 6.938893903906958439E-17, 1.000000000000000000 ) ) ;
#2311 = CIRCLE ( 'NONE', #5764, 0.8000000000000402345 ) ;
#2312 = VERTEX_POINT ( 'NONE', #4930 ) ;
#2313 = MECHANICAL_DESIGN_GEOMETRIC_PRESENTATION_REPRESENTATION (  '', ( #5435 ), #3802 ) ;
#2314 = FACE_BOUND ( 'NONE', #2612, .T. ) ;
#2315 = DIRECTION ( 'NONE',  ( -0.7071067811865612285, 0.7071067811865338060, -9.420322320030032163E-29 ) ) ;
#2316 = CYLINDRICAL_SURFACE ( 'NONE', #1100, 1.000000000000000888 ) ;
#2317 = ADVANCED_FACE ( 'NONE', ( #5550 ), #1153, .F. ) ;
#2318 = EDGE_LOOP ( 'NONE', ( #6701, #3784, #1237, #570 ) ) ;
#2319 = PRODUCT_CONTEXT ( 'NONE', #2130, 'mechanical' ) ;
#2320 = CARTESIAN_POINT ( 'NONE',  ( 277.7192230765729732, -1.320602928007157617, 0.1000000000000000056 ) ) ;
#2321 = AXIS2_PLACEMENT_3D ( 'NONE', #4262, #6457, #1523 ) ;
#2322 = CIRCLE ( 'NONE', #3819, 7.100000000000273204 ) ;
#2323 = CARTESIAN_POINT ( 'NONE',  ( -9.580000000002309335, 0.1999999999976187492, -26.15000000000117097 ) ) ;
#2324 = UNCERTAINTY_MEASURE_WITH_UNIT (LENGTH_MEASURE( 1.000000000000000082E-05 ), #2276, 'distance_accuracy_value', 'NONE');
#2325 = AXIS2_PLACEMENT_3D ( 'NONE', #3325, #1199, #5049 ) ;
#2326 = DIRECTION ( 'NONE',  ( 0.000000000000000000, 0.000000000000000000, 1.000000000000000000 ) ) ;
#2327 = EDGE_CURVE ( 'NONE', #4315, #2430, #2016, .T. ) ;
#2328 = AXIS2_PLACEMENT_3D ( 'NONE', #3418, #5515, #197 ) ;
#2329 = EDGE_LOOP ( 'NONE', ( #2548, #2458, #5478, #4970 ) ) ;
#2330 = FACE_OUTER_BOUND ( 'NONE', #225, .T. ) ;
#2331 = ORIENTED_EDGE ( 'NONE', *, *, #2372, .F. ) ;
#2332 = EDGE_LOOP ( 'NONE', ( #1432, #2254, #319, #6272 ) ) ;
#2333 = DIRECTION ( 'NONE',  ( 1.000000000000000000, 0.000000000000000000, 0.000000000000000000 ) ) ;
#2334 = DIRECTION ( 'NONE',  ( -0.000000000000000000, -0.000000000000000000, 1.000000000000000000 ) ) ;
#2335 = CARTESIAN_POINT ( 'NONE',  ( -2.331468351712828735E-12, 3.000000000000002665, -1.110223024625156540E-13 ) ) ;
#2336 = EDGE_CURVE ( 'NONE', #2851, #5709, #4439, .T. ) ;
#2337 = AXIS2_PLACEMENT_3D ( 'NONE', #4710, #6795, #4273 ) ;
#2338 = VECTOR ( 'NONE', #5619, 1000.000000000000000 ) ;
#2339 = EDGE_CURVE ( 'NONE', #3845, #316, #1674, .T. ) ;
#2340 = ORIENTED_EDGE ( 'NONE', *, *, #6945, .T. ) ;
#2341 = VERTEX_POINT ( 'NONE', #1455 ) ;
#2342 = FACE_BOUND ( 'NONE', #1628, .T. ) ;
#2343 = AXIS2_PLACEMENT_3D ( 'NONE', #32, #1597, #2203 ) ;
#2344 = ORIENTED_EDGE ( 'NONE', *, *, #1971, .T. ) ;
#2345 = CARTESIAN_POINT ( 'NONE',  ( 280.3559162298849969, 11.76972974482082002, 1.500000000000000000 ) ) ;
#2346 = VECTOR ( 'NONE', #2116, 1000.000000000000000 ) ;
#2347 = DIRECTION ( 'NONE',  ( -5.553580772755923110E-28, 1.000000000000000000, -5.420049715972916316E-30 ) ) ;
#2348 = DIRECTION ( 'NONE',  ( -7.036639274571327550E-28, 0.7071067811865577868, -0.7071067811865372477 ) ) ;
#2349 = CYLINDRICAL_SURFACE ( 'NONE', #619, 0.7499999999999729106 ) ;
#2350 = DIRECTION ( 'NONE',  ( 0.000000000000000000, 0.000000000000000000, 1.000000000000000000 ) ) ;
#2351 = EDGE_LOOP ( 'NONE', ( #5978, #3179, #4496, #1115 ) ) ;
#2352 = AXIS2_PLACEMENT_3D ( 'NONE', #6378, #3571, #6413 ) ;
#2353 = CIRCLE ( 'NONE', #746, 2.000000000000001776 ) ;
#2354 = ORIENTED_EDGE ( 'NONE', *, *, #5289, .T. ) ;
#2355 = CARTESIAN_POINT ( 'NONE',  ( -2.442490654175344389E-12, 3.000000000000002665, 0.000000000000000000 ) ) ;
#2356 = AXIS2_PLACEMENT_3D ( 'NONE', #6554, #1517, #3821 ) ;
#2357 = VECTOR ( 'NONE', #705, 1000.000000000000000 ) ;
#2358 = CARTESIAN_POINT ( 'NONE',  ( 272.5708938997464656, -5.287301864437693233, 2.899999999999999911 ) ) ;
#2359 = DIRECTION ( 'NONE',  ( 1.314439483324459577E-28, 0.000000000000000000, 1.000000000000000000 ) ) ;
#2360 = ORIENTED_EDGE ( 'NONE', *, *, #3402, .T. ) ;
#2361 = CIRCLE ( 'NONE', #991, 7.100000000000273204 ) ;
#2362 = LINE ( 'NONE', #2394, #1880 ) ;
#2363 = EDGE_CURVE ( 'NONE', #2437, #3457, #4801, .T. ) ;
#2364 = CIRCLE ( 'NONE', #1113, 1.499999999979139576 ) ;
#2365 = FACE_OUTER_BOUND ( 'NONE', #5952, .T. ) ;
#2366 = VERTEX_POINT ( 'NONE', #6884 ) ;
#2367 = DIRECTION ( 'NONE',  ( 1.000000000000000000, 0.000000000000000000, 0.000000000000000000 ) ) ;
#2368 = EDGE_LOOP ( 'NONE', ( #2604, #6636 ) ) ;
#2369 = ORIENTED_EDGE ( 'NONE', *, *, #243, .F. ) ;
#2370 = CIRCLE ( 'NONE', #2032, 1.199999999999978861 ) ;
#2371 = CARTESIAN_POINT ( 'NONE',  ( 274.0965764351092275, 12.48433826249735112, 1.100000000000000089 ) ) ;
#2372 = EDGE_CURVE ( 'NONE', #5752, #3485, #3657, .T. ) ;
#2373 = CARTESIAN_POINT ( 'NONE',  ( 10.34999999999985931, 1.500000000000001332, -23.00000000000107292 ) ) ;
#2374 = DIRECTION ( 'NONE',  ( 5.553580772755923110E-28, -1.000000000000000000, 5.420049715972916316E-30 ) ) ;
#2375 = VERTEX_POINT ( 'NONE', #4231 ) ;
#2376 = EDGE_LOOP ( 'NONE', ( #2412, #816, #3256, #4346 ) ) ;
#2377 = CARTESIAN_POINT ( 'NONE',  ( 277.3135873735464543, 12.89206442302036315, 1.500000000000000000 ) ) ;
#2378 = ADVANCED_FACE ( 'NONE', ( #1484 ), #3039, .T. ) ;
#2379 = ORIENTED_EDGE ( 'NONE', *, *, #1503, .F. ) ;
#2380 = CARTESIAN_POINT ( 'NONE',  ( 1.131348181910378618E-13, 0.2999999999999669598, -17.25000000000014211 ) ) ;
#2381 = DIRECTION ( 'NONE',  ( -0.000000000000000000, -0.000000000000000000, 1.000000000000000000 ) ) ;
#2382 = PLANE ( 'NONE',  #4191 ) ;
#2383 = DIRECTION ( 'NONE',  ( 0.000000000000000000, 0.000000000000000000, 1.000000000000000000 ) ) ;
#2384 = DIRECTION ( 'NONE',  ( 0.000000000000000000, 0.000000000000000000, 1.000000000000000000 ) ) ;
#2385 = ORIENTED_EDGE ( 'NONE', *, *, #6145, .T. ) ;
#2386 = ORIENTED_EDGE ( 'NONE', *, *, #1243, .T. ) ;
#2387 = ADVANCED_FACE ( 'NONE', ( #4117 ), #5275, .F. ) ;
#2388 = ADVANCED_FACE ( 'NONE', ( #3146 ), #6922, .F. ) ;
#2389 = CARTESIAN_POINT ( 'NONE',  ( 276.7954470876517803, 3.726610747780326527, 1.299999999999999822 ) ) ;
#2390 = LINE ( 'NONE', #4481, #1795 ) ;
#2391 = DIRECTION ( 'NONE',  ( 1.000000000000000000, -5.869125134844098244E-28, 1.288801503904777590E-28 ) ) ;
#2392 = VERTEX_POINT ( 'NONE', #886 ) ;
#2393 =( NAMED_UNIT ( * ) SI_UNIT ( $, .STERADIAN. ) SOLID_ANGLE_UNIT ( ) );
#2394 = CARTESIAN_POINT ( 'NONE',  ( 274.5599522552975600, 6.538329591213495107, 0.000000000000000000 ) ) ;
#2395 = DIRECTION ( 'NONE',  ( -0.9935459991707651373, 0.1134299234407121215, 0.000000000000000000 ) ) ;
#2396 = VERTEX_POINT ( 'NONE', #916 ) ;
#2397 = DIRECTION ( 'NONE',  ( -0.000000000000000000, -0.000000000000000000, 1.000000000000000000 ) ) ;
#2398 = ORIENTED_EDGE ( 'NONE', *, *, #5547, .T. ) ;
#2399 = EDGE_CURVE ( 'NONE', #3178, #1683, #2439, .T. ) ;
#2400 = EDGE_LOOP ( 'NONE', ( #3508, #5390, #3524, #4443 ) ) ;
#2401 = PRODUCT_DEFINITION_SHAPE ( 'NONE', 'NONE',  #7095 ) ;
#2402 = CARTESIAN_POINT ( 'NONE',  ( 278.1216710987305873, 8.773824423567811337, 0.1000000000000000056 ) ) ;
#2403 = CARTESIAN_POINT ( 'NONE',  ( 274.9655879583236242, -7.674337759814201299, 1.500000000000000000 ) ) ;
#2404 = VECTOR ( 'NONE', #235, 1000.000000000000000 ) ;
#2405 = DIRECTION ( 'NONE',  ( 5.553580772755923110E-28, -1.000000000000000000, 5.420049715972916316E-30 ) ) ;
#2406 = ORIENTED_EDGE ( 'NONE', *, *, #1118, .T. ) ;
#2407 = ADVANCED_FACE ( 'NONE', ( #2459 ), #1063, .F. ) ;
#2408 = AXIS2_PLACEMENT_3D ( 'NONE', #2837, #1872, #4189 ) ;
#2409 = EDGE_LOOP ( 'NONE', ( #6595, #7074 ) ) ;
#2410 = DIRECTION ( 'NONE',  ( 0.000000000000000000, 0.000000000000000000, 1.000000000000000000 ) ) ;
#2411 = AXIS2_PLACEMENT_3D ( 'NONE', #6613, #1684, #2799 ) ;
#2412 = ORIENTED_EDGE ( 'NONE', *, *, #6438, .F. ) ;
#2413 = CARTESIAN_POINT ( 'NONE',  ( 67.50000000000000000, 0.1000000001090683988, -10.49999999997563371 ) ) ;
#2414 = CARTESIAN_POINT ( 'NONE',  ( -10.35000000000230180, 0.2999999999999947153, -23.00000000000107647 ) ) ;
#2415 = CARTESIAN_POINT ( 'NONE',  ( -2.331468351712826312E-12, 2.700000000000008171, 17.25000000000059330 ) ) ;
#2416 = CIRCLE ( 'NONE', #2991, 6.300000000000246736 ) ;
#2417 = DIRECTION ( 'NONE',  ( 5.553580772755923110E-28, -1.000000000000000000, 5.420049715972916316E-30 ) ) ;
#2418 = FACE_OUTER_BOUND ( 'NONE', #3345, .T. ) ;
#2419 = AXIS2_PLACEMENT_3D ( 'NONE', #5800, #1509, #6370 ) ;
#2420 = ORIENTED_EDGE ( 'NONE', *, *, #5720, .T. ) ;
#2421 = EDGE_CURVE ( 'NONE', #2807, #2851, #5348, .T. ) ;
#2422 = ORIENTED_EDGE ( 'NONE', *, *, #1059, .F. ) ;
#2423 = AXIS2_PLACEMENT_3D ( 'NONE', #6790, #123, #3379 ) ;
#2424 = LINE ( 'NONE', #6811, #1429 ) ;
#2425 = AXIS2_PLACEMENT_3D ( 'NONE', #3632, #3588, #3791 ) ;
#2426 = DIRECTION ( 'NONE',  ( -1.000000000000000000, -8.673617379825005257E-17, 8.673617379870468297E-17 ) ) ;
#2427 = CARTESIAN_POINT ( 'NONE',  ( 52.50000000006110668, 499000.0000000000000, -499007.5999999701744 ) ) ;
#2428 = ADVANCED_FACE ( 'NONE', ( #2034 ), #5779, .F. ) ;
#2429 = EDGE_CURVE ( 'NONE', #5895, #4889, #2569, .T. ) ;
#2430 = VERTEX_POINT ( 'NONE', #4733 ) ;
#2431 = VECTOR ( 'NONE', #2381, 1000.000000000000000 ) ;
#2432 = DIRECTION ( 'NONE',  ( -5.553580772755923110E-28, 1.000000000000000000, -5.420049715972916316E-30 ) ) ;
#2433 = CYLINDRICAL_SURFACE ( 'NONE', #6949, 1.000000000000000888 ) ;
#2434 = ORIENTED_EDGE ( 'NONE', *, *, #107, .F. ) ;
#2435 = FACE_OUTER_BOUND ( 'NONE', #3826, .T. ) ;
#2436 = ORIENTED_EDGE ( 'NONE', *, *, #4012, .F. ) ;
#2437 = VERTEX_POINT ( 'NONE', #1995 ) ;
#2438 = DIRECTION ( 'NONE',  ( 0.7071067811865088260, 0.000000000000000000, 0.7071067811865862085 ) ) ;
#2439 = CIRCLE ( 'NONE', #5207, 0.7499999999999729106 ) ;
#2440 = LINE ( 'NONE', #5727, #383 ) ;
#2441 = DIRECTION ( 'NONE',  ( 0.000000000000000000, 0.000000000000000000, 1.000000000000000000 ) ) ;
#2442 = VERTEX_POINT ( 'NONE', #6387 ) ;
#2443 = AXIS2_PLACEMENT_3D ( 'NONE', #4665, #1457, #5821 ) ;
#2444 = ORIENTED_EDGE ( 'NONE', *, *, #1992, .T. ) ;
#2445 = FACE_OUTER_BOUND ( 'NONE', #6559, .T. ) ;
#2446 = EDGE_LOOP ( 'NONE', ( #7082, #409, #6371, #3380 ) ) ;
#2447 = DIRECTION ( 'NONE',  ( 5.553580772755923110E-28, -1.000000000000000000, 5.420049715972916316E-30 ) ) ;
#2448 = DIRECTION ( 'NONE',  ( 1.000000000000000000, 8.673617379825005257E-17, 8.673617379897946541E-17 ) ) ;
#2449 = DIRECTION ( 'NONE',  ( 0.000000000000000000, 0.000000000000000000, 1.000000000000000000 ) ) ;
#2450 = EDGE_CURVE ( 'NONE', #1733, #831, #4768, .T. ) ;
#2451 = AXIS2_PLACEMENT_3D ( 'NONE', #772, #5158, #238 ) ;
#2452 = CARTESIAN_POINT ( 'NONE',  ( 277.5454470876517803, 3.726610747780326527, 0.000000000000000000 ) ) ;
#2453 = ORIENTED_EDGE ( 'NONE', *, *, #5696, .T. ) ;
#2454 = ORIENTED_EDGE ( 'NONE', *, *, #250, .T. ) ;
#2455 = AXIS2_PLACEMENT_3D ( 'NONE', #4342, #6535, #4588 ) ;
#2456 = AXIS2_PLACEMENT_3D ( 'NONE', #2402, #2878, #4024 ) ;
#2457 = ORIENTED_EDGE ( 'NONE', *, *, #3140, .F. ) ;
#2458 = ORIENTED_EDGE ( 'NONE', *, *, #3318, .T. ) ;
#2459 = FACE_OUTER_BOUND ( 'NONE', #2351, .T. ) ;
#2460 = DIRECTION ( 'NONE',  ( 1.000000000000000000, 0.000000000000000000, 0.000000000000000000 ) ) ;
#2461 = ADVANCED_FACE ( 'NONE', ( #3108 ), #3001, .F. ) ;
#2462 = FACE_OUTER_BOUND ( 'NONE', #53, .T. ) ;
#2463 = VECTOR ( 'NONE', #4694, 1000.000000000000000 ) ;
#2464 = VECTOR ( 'NONE', #1896, 1000.000000000000114 ) ;
#2465 = CYLINDRICAL_SURFACE ( 'NONE', #4888, 0.7499999999999729106 ) ;
#2466 = ORIENTED_EDGE ( 'NONE', *, *, #2146, .F. ) ;
#2467 = CONTEXT_DEPENDENT_SHAPE_REPRESENTATION ( #1472, #3642 ) ;
#2468 = VECTOR ( 'NONE', #4900, 1000.000000000000000 ) ;
#2469 = CIRCLE ( 'NONE', #5115, 1.000000000000000888 ) ;
#2470 = DIRECTION ( 'NONE',  ( -5.553580772755923110E-28, 1.000000000000000000, -5.420049715972916316E-30 ) ) ;
#2471 = ADVANCED_FACE ( 'NONE', ( #5199 ), #282, .F. ) ;
#2472 = EDGE_CURVE ( 'NONE', #215, #6154, #6234, .T. ) ;
#2473 = FACE_OUTER_BOUND ( 'NONE', #3637, .T. ) ;
#2474 = CIRCLE ( 'NONE', #873, 1.000000000000000888 ) ;
#2475 = ORIENTED_EDGE ( 'NONE', *, *, #6082, .T. ) ;
#2476 = ORIENTED_EDGE ( 'NONE', *, *, #1322, .F. ) ;
#2477 = ORIENTED_EDGE ( 'NONE', *, *, #3204, .F. ) ;
#2478 = CARTESIAN_POINT ( 'NONE',  ( 52.49999999999999289, 3.000000000042746251, 9.000000000000001776 ) ) ;
#2479 = EDGE_CURVE ( 'NONE', #265, #6990, #2791, .T. ) ;
#2480 = DIRECTION ( 'NONE',  ( 0.000000000000000000, 0.000000000000000000, -1.000000000000000000 ) ) ;
#2481 = AXIS2_PLACEMENT_3D ( 'NONE', #3689, #4160, #779 ) ;
#2482 = EDGE_CURVE ( 'NONE', #892, #3923, #3132, .T. ) ;
#2483 = CARTESIAN_POINT ( 'NONE',  ( 67.49999999999994316, 3.000000000000002665, -30.00000000000126121 ) ) ;
#2484 = FACE_OUTER_BOUND ( 'NONE', #1248, .T. ) ;
#2485 = EDGE_LOOP ( 'NONE', ( #5747, #2623, #511, #2422 ) ) ;
#2486 = AXIS2_PLACEMENT_3D ( 'NONE', #1293, #4545, #727 ) ;
#2487 = VERTEX_POINT ( 'NONE', #490 ) ;
#2488 = CARTESIAN_POINT ( 'NONE',  ( -31.50000000000000000, 0.000000000000000000, 0.000000000000000000 ) ) ;
#2489 = EDGE_LOOP ( 'NONE', ( #1652, #589, #4902, #2907, #471, #4739, #5464, #6526, #6264 ) ) ;
#2490 = DIRECTION ( 'NONE',  ( 0.000000000000000000, 0.000000000000000000, 1.000000000000000000 ) ) ;
#2491 = DIRECTION ( 'NONE',  ( 5.553580772755923110E-28, -1.000000000000000000, 5.420049715972916316E-30 ) ) ;
#2492 = DIRECTION ( 'NONE',  ( 1.000000000000000000, 0.000000000000000000, 0.000000000000000000 ) ) ;
#2493 = CARTESIAN_POINT ( 'NONE',  ( 9.579999999997646398, 0.2000000000000612399, -23.00000000000115818 ) ) ;
#2494 = ORIENTED_EDGE ( 'NONE', *, *, #3762, .T. ) ;
#2495 = DIRECTION ( 'NONE',  ( 1.000000000000000000, 0.000000000000000000, 0.000000000000000000 ) ) ;
#2496 = EDGE_CURVE ( 'NONE', #3716, #6734, #3244, .T. ) ;
#2497 = APPLICATION_CONTEXT ( 'automotive_design' ) ;
#2498 = EDGE_LOOP ( 'NONE', ( #2899, #1256 ) ) ;
#2499 = ORIENTED_EDGE ( 'NONE', *, *, #5912, .F. ) ;
#2500 = DIRECTION ( 'NONE',  ( 5.553580772755923110E-28, -1.000000000000000000, 5.420049715972916316E-30 ) ) ;
#2501 = DIRECTION ( 'NONE',  ( 2.710505431158225277E-17, 1.000000000000000000, -5.421641617442573891E-30 ) ) ;
#2502 = CARTESIAN_POINT ( 'NONE',  ( 67.50000000000000000, 2.500000000000002220, -20.90000000000060609 ) ) ;
#2503 = CARTESIAN_POINT ( 'NONE',  ( 275.4456162386791220, -1.032490922467731886, 1.299999999999999822 ) ) ;
#2504 = LINE ( 'NONE', #4236, #1360 ) ;
#2505 = ORIENTED_EDGE ( 'NONE', *, *, #3442, .F. ) ;
#2506 = CONTEXT_DEPENDENT_SHAPE_REPRESENTATION ( #3463, #3080 ) ;
#2507 = ADVANCED_FACE ( 'NONE', ( #4403 ), #3869, .F. ) ;
#2508 = FACE_BOUND ( 'NONE', #775, .T. ) ;
#2509 = CARTESIAN_POINT ( 'NONE',  ( -2.442490654175344389E-12, 3.000000000000002665, 0.000000000000000000 ) ) ;
#2510 = VERTEX_POINT ( 'NONE', #5385 ) ;
#2511 = VERTEX_POINT ( 'NONE', #3759 ) ;
#2512 = EDGE_CURVE ( 'NONE', #1519, #4628, #5985, .T. ) ;
#2513 = ORIENTED_EDGE ( 'NONE', *, *, #1846, .F. ) ;
#2514 = PLANE ( 'NONE',  #2115 ) ;
#2515 = DIRECTION ( 'NONE',  ( 8.659560562306542405E-17, 0.7071067811865334729, -0.7071067811865616726 ) ) ;
#2516 = DIRECTION ( 'NONE',  ( 0.000000000000000000, 0.000000000000000000, 1.000000000000000000 ) ) ;
#2517 = ORIENTED_EDGE ( 'NONE', *, *, #1458, .F. ) ;
#2518 = EDGE_CURVE ( 'NONE', #3734, #2673, #5322, .T. ) ;
#2519 = EDGE_CURVE ( 'NONE', #147, #3356, #1594, .T. ) ;
#2520 = VECTOR ( 'NONE', #6533, 1000.000000000000000 ) ;
#2521 = ORIENTED_EDGE ( 'NONE', *, *, #1192, .F. ) ;
#2522 = DIRECTION ( 'NONE',  ( -5.553580772755923110E-28, 1.000000000000000000, -5.420049715972916316E-30 ) ) ;
#2523 = CARTESIAN_POINT ( 'NONE',  ( 276.2192230765730301, -1.320602928007157617, 0.000000000000000000 ) ) ;
#2524 = CYLINDRICAL_SURFACE ( 'NONE', #5885, 1.000000000000000888 ) ;
#2525 = CARTESIAN_POINT ( 'NONE',  ( 273.9655879583236242, -7.674337759814201299, 0.1000000000000002554 ) ) ;
#2526 = CARTESIAN_POINT ( 'NONE',  ( 24.81934729198170686, 3.000000000000002665, -40.50000000000122924 ) ) ;
#2527 = AXIS2_PLACEMENT_3D ( 'NONE', #978, #3781, #1553 ) ;
#2528 = EDGE_LOOP ( 'NONE', ( #2634, #3454 ) ) ;
#2529 = CARTESIAN_POINT ( 'NONE',  ( -9.580000000002309335, 0.2000000000000334843, -19.85000000000086828 ) ) ;
#2530 = AXIS2_PLACEMENT_3D ( 'NONE', #3191, #4421, #7039 ) ;
#2531 = VERTEX_POINT ( 'NONE', #454 ) ;
#2532 = ORIENTED_EDGE ( 'NONE', *, *, #4538, .F. ) ;
#2533 = CARTESIAN_POINT ( 'NONE',  ( 24.81934729198168199, 2.500000000000030198, -30.50000000000122213 ) ) ;
#2534 = AXIS2_PLACEMENT_3D ( 'NONE', #3616, #5915, #2495 ) ;
#2535 = DIRECTION ( 'NONE',  ( 8.659560562297909308E-17, 0.7071067811865746622, -0.7071067811865204833 ) ) ;
#2536 = PLANE ( 'NONE',  #5562 ) ;
#2537 = AXIS2_PLACEMENT_3D ( 'NONE', #6796, #1357, #1826 ) ;
#2538 = LINE ( 'NONE', #2427, #191 ) ;
#2539 = DIRECTION ( 'NONE',  ( 1.000000000000000000, 0.000000000000000000, 0.000000000000000000 ) ) ;
#2540 = VERTEX_POINT ( 'NONE', #2136 ) ;
#2541 = AXIS2_PLACEMENT_3D ( 'NONE', #3185, #1383, #6392 ) ;
#2542 = SHAPE_DEFINITION_REPRESENTATION ( #272, #96 ) ;
#2543 = CIRCLE ( 'NONE', #7021, 1.600000000000066702 ) ;
#2544 = CARTESIAN_POINT ( 'NONE',  ( 9.580000000000033822, 0.000000000000000000, -23.00000000000115818 ) ) ;
#2545 = EDGE_CURVE ( 'NONE', #4962, #2161, #1857, .T. ) ;
#2546 = CARTESIAN_POINT ( 'NONE',  ( 0.000000000000000000, 0.000000000000000000, -3.100000000000000533 ) ) ;
#2547 = CIRCLE ( 'NONE', #3812, 8.000000000000309086 ) ;
#2548 = ORIENTED_EDGE ( 'NONE', *, *, #5828, .T. ) ;
#2549 =( NAMED_UNIT ( * ) SI_UNIT ( $, .STERADIAN. ) SOLID_ANGLE_UNIT ( ) );
#2550 = EDGE_LOOP ( 'NONE', ( #4885, #1244 ) ) ;
#2551 = EDGE_LOOP ( 'NONE', ( #3444, #966, #4047, #307 ) ) ;
#2552 = DIRECTION ( 'NONE',  ( 5.553580772755923110E-28, -1.000000000000000000, 5.420049715972916316E-30 ) ) ;
#2553 = EDGE_CURVE ( 'NONE', #836, #2531, #3941, .T. ) ;
#2554 = DIRECTION ( 'NONE',  ( -1.226634733343955061E-16, -0.7071067811865205943, -0.7071067811865745512 ) ) ;
#2555 = ORIENTED_EDGE ( 'NONE', *, *, #1094, .F. ) ;
#2556 = AXIS2_PLACEMENT_3D ( 'NONE', #5310, #1342, #3544 ) ;
#2557 = FACE_OUTER_BOUND ( 'NONE', #2550, .T. ) ;
#2558 = FACE_OUTER_BOUND ( 'NONE', #502, .T. ) ;
#2559 = CARTESIAN_POINT ( 'NONE',  ( 278.8335590931911838, 6.250217585674071152, 2.899999999999999911 ) ) ;
#2560 = CARTESIAN_POINT ( 'NONE',  ( 52.49999999999999289, 7.271960811294775340E-12, -10.59999999999288356 ) ) ;
#2561 = EDGE_CURVE ( 'NONE', #6568, #6880, #6579, .T. ) ;
#2562 = EDGE_CURVE ( 'NONE', #5935, #3235, #3939, .T. ) ;
#2563 = LINE ( 'NONE', #574, #7050 ) ;
#2564 = VERTEX_POINT ( 'NONE', #2715 ) ;
#2565 = CARTESIAN_POINT ( 'NONE',  ( 67.50000000000000000, 8.672079545556687967E-30, -20.90000000000060609 ) ) ;
#2566 = ORIENTED_EDGE ( 'NONE', *, *, #4922, .T. ) ;
#2567 = CIRCLE ( 'NONE', #1076, 0.7499999999999729106 ) ;
#2568 = ORIENTED_EDGE ( 'NONE', *, *, #6945, .F. ) ;
#2569 = LINE ( 'NONE', #2533, #2670 ) ;
#2570 = CARTESIAN_POINT ( 'NONE',  ( 278.1216710987305873, 8.773824423567811337, 1.299999999999999822 ) ) ;
#2571 = CARTESIAN_POINT ( 'NONE',  ( -2.442490654175344389E-12, 3.000000000000002665, 0.000000000000000000 ) ) ;
#2572 = DIRECTION ( 'NONE',  ( 1.000000000000000000, 0.000000000000000000, -0.000000000000000000 ) ) ;
#2573 = CARTESIAN_POINT ( 'NONE',  ( 74.99999999999995737, 0.000000000000000000, -22.50000000000088818 ) ) ;
#2574 = AXIS2_PLACEMENT_3D ( 'NONE', #4376, #3839, #77 ) ;
#2575 = AXIS2_PLACEMENT_3D ( 'NONE', #2190, #2705, #4897 ) ;
#2576 = ORIENTED_EDGE ( 'NONE', *, *, #1066, .F. ) ;
#2577 = PRODUCT_CONTEXT ( 'NONE', #3232, 'mechanical' ) ;
#2578 =( REPRESENTATION_RELATIONSHIP ('NONE','NONE', #1545, #48 ) REPRESENTATION_RELATIONSHIP_WITH_TRANSFORMATION ( #1920 )SHAPE_REPRESENTATION_RELATIONSHIP( ) );
#2579 = DIRECTION ( 'NONE',  ( 5.553580772755923110E-28, -1.000000000000000000, 5.420049715972916316E-30 ) ) ;
#2580 = AXIS2_PLACEMENT_3D ( 'NONE', #6543, #1543, #5439 ) ;
#2581 = CARTESIAN_POINT ( 'NONE',  ( 47.49999999999998579, 2.900000000000041211, -2.500000000000304201 ) ) ;
#2582 = ORIENTED_EDGE ( 'NONE', *, *, #4669, .F. ) ;
#2583 = VERTEX_POINT ( 'NONE', #3721 ) ;
#2584 = VECTOR ( 'NONE', #1217, 1000.000000000000000 ) ;
#2585 = ORIENTED_EDGE ( 'NONE', *, *, #381, .F. ) ;
#2586 = EDGE_CURVE ( 'NONE', #4831, #4389, #49, .T. ) ;
#2587 = DIRECTION ( 'NONE',  ( -1.314439483324459577E-28, 5.087249021584615241E-30, -1.000000000000000000 ) ) ;
#2588 =( NAMED_UNIT ( * ) PLANE_ANGLE_UNIT ( ) SI_UNIT ( $, .RADIAN. ) );
#2589 = AXIS2_PLACEMENT_3D ( 'NONE', #6086, #2500, #5883 ) ;
#2590 = CIRCLE ( 'NONE', #3860, 17.55000000000072546 ) ;
#2591 = DIRECTION ( 'NONE',  ( -0.9935459991707643601, 0.1134299234407194212, 0.000000000000000000 ) ) ;
#2592 = ORIENTED_EDGE ( 'NONE', *, *, #5756, .T. ) ;
#2593 = EDGE_CURVE ( 'NONE', #6107, #2442, #1096, .T. ) ;
#2594 = CIRCLE ( 'NONE', #6619, 1.000000000000000888 ) ;
#2595 = DIRECTION ( 'NONE',  ( -2.414735078559612482E-12, 0.000000000000000000, -1.000000000000000000 ) ) ;
#2596 = DIRECTION ( 'NONE',  ( 0.000000000000000000, 0.000000000000000000, 1.000000000000000000 ) ) ;
#2597 = DIRECTION ( 'NONE',  ( 0.000000000000000000, 0.000000000000000000, 1.000000000000000000 ) ) ;
#2598 = DIRECTION ( 'NONE',  ( -0.000000000000000000, -0.000000000000000000, 1.000000000000000000 ) ) ;
#2599 = CYLINDRICAL_SURFACE ( 'NONE', #637, 0.7499999999999729106 ) ;
#2600 = CONICAL_SURFACE ( 'NONE', #6053, 6.300000000000246736, 0.7853981633974487231 ) ;
#2601 = VERTEX_POINT ( 'NONE', #2747 ) ;
#2602 = CARTESIAN_POINT ( 'NONE',  ( 67.50000000000000000, 3.000000000000002665, 29.60000000000149356 ) ) ;
#2603 = EDGE_CURVE ( 'NONE', #5240, #6699, #5894, .T. ) ;
#2604 = ORIENTED_EDGE ( 'NONE', *, *, #3693, .T. ) ;
#2605 = CIRCLE ( 'NONE', #4561, 17.25000000000070699 ) ;
#2606 = ORIENTED_EDGE ( 'NONE', *, *, #3440, .T. ) ;
#2607 = CARTESIAN_POINT ( 'NONE',  ( -31.50000000000244427, 3.000000000000002665, 0.000000000000000000 ) ) ;
#2608 = CARTESIAN_POINT ( 'NONE',  ( -10.34999999999988773, 1.500000000000001332, -23.00000000000107647 ) ) ;
#2609 = DIRECTION ( 'NONE',  ( 1.000000000000000000, -5.869125134844098244E-28, -1.734723475975450007E-16 ) ) ;
#2610 = CARTESIAN_POINT ( 'NONE',  ( 277.3135873735464543, 12.89206442302036315, 0.1000000000000002554 ) ) ;
#2611 = DIRECTION ( 'NONE',  ( 0.000000000000000000, 0.000000000000000000, 1.000000000000000000 ) ) ;
#2612 = EDGE_LOOP ( 'NONE', ( #4155, #4574 ) ) ;
#2613 = EDGE_CURVE ( 'NONE', #6634, #4522, #6062, .T. ) ;
#2614 = EDGE_CURVE ( 'NONE', #3574, #2304, #6805, .T. ) ;
#2615 = LINE ( 'NONE', #2072, #202 ) ;
#2616 = DIRECTION ( 'NONE',  ( 1.000000000000000000, 0.000000000000000000, 0.000000000000000000 ) ) ;
#2617 = ORIENTED_EDGE ( 'NONE', *, *, #111, .T. ) ;
#2618 = VERTEX_POINT ( 'NONE', #5919 ) ;
#2619 = ORIENTED_EDGE ( 'NONE', *, *, #5176, .F. ) ;
#2620 = DIRECTION ( 'NONE',  ( -1.000000000000000000, 5.869125134844098244E-28, -1.288801503904777590E-28 ) ) ;
#2621 = CARTESIAN_POINT ( 'NONE',  ( 275.9311110710334560, -3.844209765900900688, 0.1000000000000000056 ) ) ;
#2622 = EDGE_CURVE ( 'NONE', #438, #3117, #3709, .T. ) ;
#2623 = ORIENTED_EDGE ( 'NONE', *, *, #796, .F. ) ;
#2624 = CARTESIAN_POINT ( 'NONE',  ( 278.5454470876517803, 3.726610747780326527, 1.299999999999999822 ) ) ;
#2625 = ORIENTED_EDGE ( 'NONE', *, *, #4279, .F. ) ;
#2626 = FACE_OUTER_BOUND ( 'NONE', #5142, .T. ) ;
#2627 = CARTESIAN_POINT ( 'NONE',  ( 10.34999999999744524, 0.09999999999998898659, -22.00000000000072831 ) ) ;
#2628 = CARTESIAN_POINT ( 'NONE',  ( 275.4456162386791220, -1.032490922467731886, 1.299999999999999822 ) ) ;
#2629 = DIRECTION ( 'NONE',  ( -1.375336375708028539E-17, -1.000000000000000000, -1.673398497896634293E-16 ) ) ;
#2630 = EDGE_CURVE ( 'NONE', #1323, #5316, #6494, .T. ) ;
#2631 = ORIENTED_EDGE ( 'NONE', *, *, #5645, .T. ) ;
#2632 = CARTESIAN_POINT ( 'NONE',  ( 17.67766952966382021, 3.000000000000002665, -17.67766952966432115 ) ) ;
#2633 = ORIENTED_EDGE ( 'NONE', *, *, #3479, .F. ) ;
#2634 = ORIENTED_EDGE ( 'NONE', *, *, #5556, .T. ) ;
#2635 = DIRECTION ( 'NONE',  ( -5.553580772755923110E-28, 1.000000000000000000, -5.420049715972916316E-30 ) ) ;
#2636 = CARTESIAN_POINT ( 'NONE',  ( 19.33296525901731400, 0.000000000000000000, -31.54736842105385008 ) ) ;
#2637 = AXIS2_PLACEMENT_3D ( 'NONE', #1364, #2447, #4720 ) ;
#2638 = DIRECTION ( 'NONE',  ( 1.000000000000000000, 0.000000000000000000, 0.000000000000000000 ) ) ;
#2639 = EDGE_CURVE ( 'NONE', #4991, #44, #2887, .T. ) ;
#2640 =( NAMED_UNIT ( * ) SI_UNIT ( $, .STERADIAN. ) SOLID_ANGLE_UNIT ( ) );
#2641 = DIRECTION ( 'NONE',  ( -0.000000000000000000, -0.000000000000000000, 1.000000000000000000 ) ) ;
#2642 = AXIS2_PLACEMENT_3D ( 'NONE', #3516, #2255, #1746 ) ;
#2643 = ORIENTED_EDGE ( 'NONE', *, *, #3181, .F. ) ;
#2644 = VECTOR ( 'NONE', #5060, 1000.000000000000114 ) ;
#2645 = VECTOR ( 'NONE', #4102, 1000.000000000000000 ) ;
#2646 = DIRECTION ( 'NONE',  ( 5.553580772755923110E-28, -1.000000000000000000, 5.420049715972916316E-30 ) ) ;
#2647 = PRODUCT_DEFINITION_FORMATION_WITH_SPECIFIED_SOURCE ( '任何', '', #6409, .NOT_KNOWN. ) ;
#2648 = CARTESIAN_POINT ( 'NONE',  ( 67.50000000000000000, 3.000000000000002665, 22.50000000000122213 ) ) ;
#2649 = EDGE_CURVE ( 'NONE', #1823, #2487, #6123, .T. ) ;
#2650 = ADVANCED_FACE ( 'NONE', ( #2852 ), #842, .T. ) ;
#2651 = CARTESIAN_POINT ( 'NONE',  ( 0.000000000000000000, 2.500000000000030198, 0.000000000000000000 ) ) ;
#2652 = VERTEX_POINT ( 'NONE', #658 ) ;
#2653 = CARTESIAN_POINT ( 'NONE',  ( -2.710287528293386927, 129.1331757274303698, -229.0575887643319106 ) ) ;
#2654 = EDGE_LOOP ( 'NONE', ( #4352, #1294, #5733, #5001 ) ) ;
#2655 = CIRCLE ( 'NONE', #2425, 1.000000000000000888 ) ;
#2656 = ORIENTED_EDGE ( 'NONE', *, *, #5811, .F. ) ;
#2657 = CARTESIAN_POINT ( 'NONE',  ( 0.000000000000000000, 0.000000000000000000, -3.100000000000000533 ) ) ;
#2658 = DIRECTION ( 'NONE',  ( -0.000000000000000000, -0.000000000000000000, -1.000000000000000000 ) ) ;
#2659 =( GEOMETRIC_REPRESENTATION_CONTEXT ( 3 ) GLOBAL_UNCERTAINTY_ASSIGNED_CONTEXT ( ( #1316 ) ) GLOBAL_UNIT_ASSIGNED_CONTEXT ( ( #5035, #1283, #2947 ) ) REPRESENTATION_CONTEXT ( 'NONE', 'WORKASPACE' ) );
#2660 = AXIS2_PLACEMENT_3D ( 'NONE', #3315, #3241, #617 ) ;
#2661 = VERTEX_POINT ( 'NONE', #6738 ) ;
#2662 = CARTESIAN_POINT ( 'NONE',  ( 277.3716710987306442, 8.773824423567811337, 1.299999999999999822 ) ) ;
#2663 = ORIENTED_EDGE ( 'NONE', *, *, #674, .F. ) ;
#2664 = COLOUR_RGB ( '',1.000000000000000000, 1.000000000000000000, 1.000000000000000000 ) ;
#2665 = DIRECTION ( 'NONE',  ( 1.000000000000000000, 0.000000000000000000, 0.000000000000000000 ) ) ;
#2666 = DIRECTION ( 'NONE',  ( -5.553580772755923110E-28, 1.000000000000000000, -5.420049715972916316E-30 ) ) ;
#2667 = DIRECTION ( 'NONE',  ( 5.553580772755923110E-28, -1.000000000000000000, 5.420049715972916316E-30 ) ) ;
#2668 = CARTESIAN_POINT ( 'NONE',  ( 4.321330734993967080E-28, 3.000000000000002665, 21.95000000000122853 ) ) ;
#2669 = ORIENTED_EDGE ( 'NONE', *, *, #1329, .F. ) ;
#2670 = VECTOR ( 'NONE', #6273, 1000.000000000000000 ) ;
#2671 = CIRCLE ( 'NONE', #2094, 0.5000000000000004441 ) ;
#2672 = LINE ( 'NONE', #3319, #1958 ) ;
#2673 = VERTEX_POINT ( 'NONE', #6128 ) ;
#2674 = ADVANCED_FACE ( 'NONE', ( #2924 ), #5085, .T. ) ;
#2675 = VERTEX_POINT ( 'NONE', #2345 ) ;
#2676 = DIRECTION ( 'NONE',  ( 5.553580772755923110E-28, -1.000000000000000000, 5.420049715972916316E-30 ) ) ;
#2677 = CYLINDRICAL_SURFACE ( 'NONE', #5688, 1.000000000000000888 ) ;
#2678 = CIRCLE ( 'NONE', #3370, 1.500000000000058620 ) ;
#2679 = CARTESIAN_POINT ( 'NONE',  ( 67.50000000000000000, 0.09999999991805452737, -3.469446951953614189E-15 ) ) ;
#2680 = FILL_AREA_STYLE ('',( #4838 ) ) ;
#2681 = CARTESIAN_POINT ( 'NONE',  ( 67.49999999999994316, 3.000000000000002665, 30.00000000000126832 ) ) ;
#2682 = ORIENTED_EDGE ( 'NONE', *, *, #6658, .T. ) ;
#2683 = CIRCLE ( 'NONE', #2221, 0.5000000000000177636 ) ;
#2684 = EDGE_CURVE ( 'NONE', #7049, #3117, #5597, .T. ) ;
#2685 = CARTESIAN_POINT ( 'NONE',  ( 275.4837282442185824, 1.491115915426010963, 0.000000000000000000 ) ) ;
#2686 = DIRECTION ( 'NONE',  ( 5.553580772755923110E-28, -1.000000000000000000, 5.420049715972916316E-30 ) ) ;
#2687 = AXIS2_PLACEMENT_3D ( 'NONE', #4462, #1144, #4256 ) ;
#2688 = CIRCLE ( 'NONE', #2456, 0.7499999999999729106 ) ;
#2689 = PLANE ( 'NONE',  #6955 ) ;
#2690 = ORIENTED_EDGE ( 'NONE', *, *, #2210, .T. ) ;
#2691 = SURFACE_STYLE_USAGE ( .BOTH. , #3881 ) ;
#2692 = VERTEX_POINT ( 'NONE', #4473 ) ;
#2693 = VERTEX_POINT ( 'NONE', #2380 ) ;
#2694 = EDGE_CURVE ( 'NONE', #5118, #4894, #1748, .T. ) ;
#2695 = CIRCLE ( 'NONE', #1303, 1.000000000000000888 ) ;
#2696 = AXIS2_PLACEMENT_3D ( 'NONE', #2478, #4678, #5834 ) ;
#2697 = CYLINDRICAL_SURFACE ( 'NONE', #2580, 0.9999999999999981126 ) ;
#2698 = AXIS2_PLACEMENT_3D ( 'NONE', #2786, #1056, #71 ) ;
#2699 = AXIS2_PLACEMENT_3D ( 'NONE', #6822, #5321, #3156 ) ;
#2700 = ORIENTED_EDGE ( 'NONE', *, *, #111, .F. ) ;
#2701 = CARTESIAN_POINT ( 'NONE',  ( 272.6276088614668538, -4.790528864852316993, 1.500000000000000000 ) ) ;
#2702 = EDGE_LOOP ( 'NONE', ( #5773, #1490, #5265, #6071 ) ) ;
#2703 = EDGE_CURVE ( 'NONE', #265, #874, #1735, .T. ) ;
#2704 = ADVANCED_FACE ( 'NONE', ( #4510 ), #5668, .F. ) ;
#2705 = DIRECTION ( 'NONE',  ( -1.224646799147353207E-16, 1.000000000000000000, 0.000000000000000000 ) ) ;
#2706 = CIRCLE ( 'NONE', #6497, 1.000000000000000888 ) ;
#2707 = FACE_OUTER_BOUND ( 'NONE', #2949, .T. ) ;
#2708 = CARTESIAN_POINT ( 'NONE',  ( 278.5835590931911838, 6.250217585674071152, 0.1000000000000000056 ) ) ;
#2709 = LINE ( 'NONE', #2776, #4435 ) ;
#2710 = ORIENTED_EDGE ( 'NONE', *, *, #3140, .T. ) ;
#2711 = MECHANICAL_DESIGN_GEOMETRIC_PRESENTATION_REPRESENTATION (  '', ( #3517 ), #198 ) ;
#2712 = FACE_BOUND ( 'NONE', #3197, .T. ) ;
#2713 = ORIENTED_EDGE ( 'NONE', *, *, #107, .T. ) ;
#2714 = ORIENTED_EDGE ( 'NONE', *, *, #5756, .F. ) ;
#2715 = CARTESIAN_POINT ( 'NONE',  ( -0.5000000000000257572, 6.123233995737081580E-17, -3.100000000000000533 ) ) ;
#2716 = CARTESIAN_POINT ( 'NONE',  ( -17.67766952966359639, 3.000000000000002665, -23.97766952966467713 ) ) ;
#2717 = CARTESIAN_POINT ( 'NONE',  ( 0.000000000000000000, 0.000000000000000000, 0.000000000000000000 ) ) ;
#2718 = CIRCLE ( 'NONE', #3292, 3.050000000000118394 ) ;
#2719 = DIRECTION ( 'NONE',  ( 1.000000000000000000, 0.000000000000000000, 0.000000000000000000 ) ) ;
#2720 = CARTESIAN_POINT ( 'NONE',  ( 75.49999999999995737, 0.5000000000000004441, -22.50000000000085265 ) ) ;
#2721 = ORIENTED_EDGE ( 'NONE', *, *, #1178, .F. ) ;
#2722 = VECTOR ( 'NONE', #704, 1000.000000000000000 ) ;
#2723 = CARTESIAN_POINT ( 'NONE',  ( 67.49999999999994316, 3.000000000000002665, 30.00000000000126832 ) ) ;
#2724 = CARTESIAN_POINT ( 'NONE',  ( 67.50000000000000000, 2.500000000000002220, 15.40000000000094715 ) ) ;
#2725 = DIRECTION ( 'NONE',  ( 1.000000000000000000, 0.000000000000000000, 0.000000000000000000 ) ) ;
#2726 = EDGE_CURVE ( 'NONE', #2135, #5511, #1977, .T. ) ;
#2727 = EDGE_LOOP ( 'NONE', ( #2977, #1148, #1469, #4257 ) ) ;
#2728 = ORIENTED_EDGE ( 'NONE', *, *, #6521, .F. ) ;
#2729 = ORIENTED_EDGE ( 'NONE', *, *, #1729, .F. ) ;
#2730 =( REPRESENTATION_RELATIONSHIP ('NONE','NONE', #1545, #3477 ) REPRESENTATION_RELATIONSHIP_WITH_TRANSFORMATION ( #5317 )SHAPE_REPRESENTATION_RELATIONSHIP( ) );
#2731 = CARTESIAN_POINT ( 'NONE',  ( 278.1216710987305873, 8.773824423567811337, 1.299999999999999822 ) ) ;
#2732 = CARTESIAN_POINT ( 'NONE',  ( 275.9692230765730301, -1.320602928007157395, 1.299999999999999822 ) ) ;
#2733 = EDGE_CURVE ( 'NONE', #3446, #5071, #3935, .T. ) ;
#2734 = ORIENTED_EDGE ( 'NONE', *, *, #6513, .T. ) ;
#2735 = DIRECTION ( 'NONE',  ( 1.000000000000000000, 0.000000000000000000, 0.000000000000000000 ) ) ;
#2736 = ORIENTED_EDGE ( 'NONE', *, *, #2784, .F. ) ;
#2737 = LINE ( 'NONE', #3748, #855 ) ;
#2738 = CARTESIAN_POINT ( 'NONE',  ( 274.9655879583236242, -7.674337759814201299, 0.1000000000000002554 ) ) ;
#2739 = FACE_OUTER_BOUND ( 'NONE', #6997, .T. ) ;
#2740 = DIRECTION ( 'NONE',  ( 1.000000000000000000, -5.869125134844098244E-28, -1.734723475975450007E-16 ) ) ;
#2741 = EDGE_CURVE ( 'NONE', #2304, #6980, #3425, .T. ) ;
#2742 = EDGE_CURVE ( 'NONE', #4402, #2821, #394, .T. ) ;
#2743 = ORIENTED_EDGE ( 'NONE', *, *, #4586, .F. ) ;
#2744 = CARTESIAN_POINT ( 'NONE',  ( 24.81934729198168199, 3.000000000000002665, 30.00000000000127542 ) ) ;
#2745 = ORIENTED_EDGE ( 'NONE', *, *, #1721, .T. ) ;
#2746 = ORIENTED_EDGE ( 'NONE', *, *, #6212, .F. ) ;
#2747 = CARTESIAN_POINT ( 'NONE',  ( 67.50000000000000000, 3.000000000000002665, 15.40000000000122604 ) ) ;
#2748 = DIRECTION ( 'NONE',  ( 0.000000000000000000, 0.000000000000000000, 1.000000000000000000 ) ) ;
#2749 = FACE_OUTER_BOUND ( 'NONE', #6907, .T. ) ;
#2750 = CARTESIAN_POINT ( 'NONE',  ( 51.00000000006097878, 2.899999999999986144, -9.000000000000305533 ) ) ;
#2751 = CARTESIAN_POINT ( 'NONE',  ( 67.50000000006112089, 499000.0000000000000, -498999.6000000113272 ) ) ;
#2752 = CYLINDRICAL_SURFACE ( 'NONE', #4251, 10.00000000000039080 ) ;
#2753 = ORIENTED_EDGE ( 'NONE', *, *, #3787, .F. ) ;
#2754 = AXIS2_PLACEMENT_3D ( 'NONE', #5229, #345, #2023 ) ;
#2755 = CARTESIAN_POINT ( 'NONE',  ( 7.850000000000051159, 1.500000000000001332, -25.80000000000136851 ) ) ;
#2756 = LINE ( 'NONE', #4809, #5482 ) ;
#2757 = FACE_BOUND ( 'NONE', #5983, .T. ) ;
#2758 = ORIENTED_EDGE ( 'NONE', *, *, #3629, .F. ) ;
#2759 = CLOSED_SHELL ( 'NONE', ( #6000, #6205, #7079, #6967, #6301, #4190, #3912, #5018, #4498, #6830, #3752, #6362, #4633, #1067, #507, #3959, #3020, #2674, #5259, #2816, #3580, #5424, #5587, #17, #4148, #5738, #5319, #1196, #688, #1426, #856, #1750, #4886, #1331, #3822, #4843, #900, #5044, #2388, #6610, #2317, #2833, #1923, #652, #2860, #4726, #5854, #5412, #2978, #4286, #2407, #2378, #2258, #1885, #4895, #4631, #1838, #2790, #2122, #743, #913, #3753, #5243, #811, #6601, #1931, #4225, #4205, #3671, #566, #932, #6238, #783, #2943, #1595, #4288, #3843, #1811, #99, #1932, #6812, #2209, #4392, #4240, #4090, #5862, #3272, #5937, #6720, #5350, #2650, #2040, #2507, #1349, #3980, #3530, #6470, #2294, #3672, #5863, #5075, #6781, #6775, #6764, #667, #4328, #459, #4806, #3919, #5622, #2704, #4044, #7043, #4366, #3997, #5889, #6381, #6872, #1010, #264, #3833, #6644, #4454, #1827, #6914, #6113 ) ) ;
#2760 = SURFACE_STYLE_FILL_AREA ( #3265 ) ;
#2761 = DIRECTION ( 'NONE',  ( 1.000000000000000000, 0.000000000000000000, 0.000000000000000000 ) ) ;
#2762 = ORIENTED_EDGE ( 'NONE', *, *, #3164, .F. ) ;
#2763 = CARTESIAN_POINT ( 'NONE',  ( 276.6811110710334560, -3.844209765900900688, 1.299999999999999822 ) ) ;
#2764 = EDGE_CURVE ( 'NONE', #1900, #5346, #5664, .T. ) ;
#2765 = AXIS2_PLACEMENT_3D ( 'NONE', #3654, #912, #5414 ) ;
#2766 = DIRECTION ( 'NONE',  ( 5.553580772755923110E-28, -1.000000000000000000, 5.420049715972916316E-30 ) ) ;
#2767 = AXIS2_PLACEMENT_3D ( 'NONE', #1582, #6582, #3196 ) ;
#2768 = ORIENTED_EDGE ( 'NONE', *, *, #2336, .T. ) ;
#2769 = CARTESIAN_POINT ( 'NONE',  ( 1.110223024625156540E-13, 0.000000000000000000, -1.110223024625156540E-13 ) ) ;
#2770 = ORIENTED_EDGE ( 'NONE', *, *, #6895, .F. ) ;
#2771 = DIRECTION ( 'NONE',  ( 0.000000000000000000, 0.000000000000000000, 1.000000000000000000 ) ) ;
#2772 = EDGE_CURVE ( 'NONE', #496, #5591, #4173, .T. ) ;
#2773 = CONICAL_SURFACE ( 'NONE', #6905, 37.50000000000145661, 0.7853981633974335130 ) ;
#2774 = CARTESIAN_POINT ( 'NONE',  ( 273.9655879583236242, -7.674337759814201299, 1.300000000000000266 ) ) ;
#2775 = DIRECTION ( 'NONE',  ( 1.000000000000000000, 0.000000000000000000, -0.000000000000000000 ) ) ;
#2776 = CARTESIAN_POINT ( 'NONE',  ( 7.750000000000007105, 19.51279806695395536, -26.15000000000116032 ) ) ;
#2777 = ORIENTED_EDGE ( 'NONE', *, *, #3198, .F. ) ;
#2778 = VECTOR ( 'NONE', #2667, 1000.000000000000000 ) ;
#2779 = CARTESIAN_POINT ( 'NONE',  ( 275.1956162386791220, -1.032490922467731886, 1.299999999999999822 ) ) ;
#2780 = EDGE_LOOP ( 'NONE', ( #3285, #5417 ) ) ;
#2781 = EDGE_CURVE ( 'NONE', #5346, #1231, #5703, .T. ) ;
#2782 = ORIENTED_EDGE ( 'NONE', *, *, #808, .T. ) ;
#2783 = CARTESIAN_POINT ( 'NONE',  ( 24.81934729197926615, 0.5000000000000004441, 30.50000000000123279 ) ) ;
#2784 = EDGE_CURVE ( 'NONE', #884, #259, #6132, .T. ) ;
#2785 = CARTESIAN_POINT ( 'NONE',  ( 278.2954470876517235, 3.726610747780326527, 1.299999999999999822 ) ) ;
#2786 = CARTESIAN_POINT ( 'NONE',  ( 52.49999999999999289, 3.000000000057290173, -9.000000000000305533 ) ) ;
#2787 = DIRECTION ( 'NONE',  ( -0.000000000000000000, -0.000000000000000000, 1.000000000000000000 ) ) ;
#2788 = DIRECTION ( 'NONE',  ( 1.000000000000000000, 0.000000000000000000, 0.000000000000000000 ) ) ;
#2789 = LINE ( 'NONE', #3905, #1254 ) ;
#2790 = ADVANCED_FACE ( 'NONE', ( #1163 ), #5558, .T. ) ;
#2791 = CIRCLE ( 'NONE', #7037, 3.200000000000128519 ) ;
#2792 = ADVANCED_FACE ( 'NONE', ( #325 ), #6390, .T. ) ;
#2793 = DIRECTION ( 'NONE',  ( -0.000000000000000000, -0.000000000000000000, 1.000000000000000000 ) ) ;
#2794 = AXIS2_PLACEMENT_3D ( 'NONE', #5038, #2334, #4536 ) ;
#2795 = DIRECTION ( 'NONE',  ( -0.000000000000000000, -0.000000000000000000, 1.000000000000000000 ) ) ;
#2796 = DIRECTION ( 'NONE',  ( -5.553580772755923110E-28, 1.000000000000000000, -5.420049715972916316E-30 ) ) ;
#2797 = AXIS2_PLACEMENT_3D ( 'NONE', #4197, #778, #1307 ) ;
#2798 = ORIENTED_EDGE ( 'NONE', *, *, #1585, .T. ) ;
#2799 = DIRECTION ( 'NONE',  ( -0.9935459991707645822, -1.710320937907973992E-15, -0.1134299234407187551 ) ) ;
#2800 = LINE ( 'NONE', #1713, #2644 ) ;
#2801 = ORIENTED_EDGE ( 'NONE', *, *, #6026, .T. ) ;
#2802 = FACE_OUTER_BOUND ( 'NONE', #1227, .T. ) ;
#2803 = AXIS2_PLACEMENT_3D ( 'NONE', #3572, #3031, #5270 ) ;
#2804 = CARTESIAN_POINT ( 'NONE',  ( 52.49999999999999289, 2.899999999999986144, -9.000000000000305533 ) ) ;
#2805 = ORIENTED_EDGE ( 'NONE', *, *, #6291, .T. ) ;
#2806 = CARTESIAN_POINT ( 'NONE',  ( 274.1575042331397185, -3.556097760361474069, 0.000000000000000000 ) ) ;
#2807 = VERTEX_POINT ( 'NONE', #6925 ) ;
#2808 = EDGE_CURVE ( 'NONE', #1161, #2172, #3583, .T. ) ;
#2809 = CIRCLE ( 'NONE', #2108, 0.7499999999999729106 ) ;
#2810 = CYLINDRICAL_SURFACE ( 'NONE', #5222, 0.7499999999999829026 ) ;
#2811 = DIRECTION ( 'NONE',  ( -5.553580772755923110E-28, 1.000000000000000000, -5.420049715972916316E-30 ) ) ;
#2812 = CARTESIAN_POINT ( 'NONE',  ( 10.34999999999744524, 0.09999999999998898659, -23.00000000000076739 ) ) ;
#2813 = DIRECTION ( 'NONE',  ( 0.000000000000000000, 0.000000000000000000, -1.000000000000000000 ) ) ;
#2814 = AXIS2_PLACEMENT_3D ( 'NONE', #4264, #6885, #283 ) ;
#2815 = ORIENTED_EDGE ( 'NONE', *, *, #4120, .F. ) ;
#2816 = ADVANCED_FACE ( 'NONE', ( #5745 ), #4054, .T. ) ;
#2817 = DIRECTION ( 'NONE',  ( -0.000000000000000000, -0.000000000000000000, 1.000000000000000000 ) ) ;
#2818 = CIRCLE ( 'NONE', #1886, 1.199999999999978861 ) ;
#2819 = AXIS2_PLACEMENT_3D ( 'NONE', #6358, #3085, #362 ) ;
#2820 = ORIENTED_EDGE ( 'NONE', *, *, #3659, .T. ) ;
#2821 = VERTEX_POINT ( 'NONE', #2502 ) ;
#2822 = DIRECTION ( 'NONE',  ( -8.177564888950549207E-17, -0.7071067811865312525, -0.7071067811865638930 ) ) ;
#2823 = DIRECTION ( 'NONE',  ( -0.000000000000000000, -0.000000000000000000, 1.000000000000000000 ) ) ;
#2824 = DIRECTION ( 'NONE',  ( 0.000000000000000000, 0.000000000000000000, 1.000000000000000000 ) ) ;
#2825 = DIRECTION ( 'NONE',  ( -0.000000000000000000, -0.000000000000000000, -1.000000000000000000 ) ) ;
#2826 = AXIS2_PLACEMENT_3D ( 'NONE', #6506, #6537, #2725 ) ;
#2827 = LINE ( 'NONE', #6030, #2520 ) ;
#2828 = ADVANCED_FACE ( 'NONE', ( #4695, #6240 ), #6813, .T. ) ;
#2829 = CIRCLE ( 'NONE', #6844, 0.7499999999999729106 ) ;
#2830 = CARTESIAN_POINT ( 'NONE',  ( 276.9692230765730301, -1.320602928007157617, 1.299999999999999822 ) ) ;
#2831 = DIRECTION ( 'NONE',  ( -0.000000000000000000, -0.000000000000000000, 1.000000000000000000 ) ) ;
#2832 = DIRECTION ( 'NONE',  ( 1.000000000000000000, 0.000000000000000000, 0.000000000000000000 ) ) ;
#2833 = ADVANCED_FACE ( 'NONE', ( #2462 ), #1069, .T. ) ;
#2834 = EDGE_CURVE ( 'NONE', #1161, #2618, #1644, .T. ) ;
#2835 = ORIENTED_EDGE ( 'NONE', *, *, #3479, .T. ) ;
#2836 = SHAPE_DEFINITION_REPRESENTATION ( #839, #48 ) ;
#2837 = CARTESIAN_POINT ( 'NONE',  ( 52.49999999999999289, 3.000000000000002665, -9.000000000000305533 ) ) ;
#2838 = DIRECTION ( 'NONE',  ( -0.000000000000000000, -0.000000000000000000, 1.000000000000000000 ) ) ;
#2839 = CARTESIAN_POINT ( 'NONE',  ( 273.4075042331397754, -3.556097760361474069, 0.1000000000000000056 ) ) ;
#2840 = ORIENTED_EDGE ( 'NONE', *, *, #4410, .T. ) ;
#2841 = CARTESIAN_POINT ( 'NONE',  ( 275.6811110710334560, -3.844209765900900688, 2.899999999999999911 ) ) ;
#2842 = ORIENTED_EDGE ( 'NONE', *, *, #3651, .T. ) ;
#2843 = FACE_OUTER_BOUND ( 'NONE', #1638, .T. ) ;
#2844 = CARTESIAN_POINT ( 'NONE',  ( 278.1825988967608509, -7.266611599290983214, 1.500000000000000000 ) ) ;
#2845 = CYLINDRICAL_SURFACE ( 'NONE', #5415, 0.5000000000000177636 ) ;
#2846 = PRODUCT_RELATED_PRODUCT_CATEGORY ( 'part', '', ( #716 ) ) ;
#2847 = EDGE_LOOP ( 'NONE', ( #5970, #6304, #6443, #3026 ) ) ;
#2848 = FACE_OUTER_BOUND ( 'NONE', #788, .T. ) ;
#2849 = ORIENTED_EDGE ( 'NONE', *, *, #1238, .T. ) ;
#2850 = DIRECTION ( 'NONE',  ( 1.000000000000000000, -5.869125134844098244E-28, 2.897241713531363262E-15 ) ) ;
#2851 = VERTEX_POINT ( 'NONE', #1422 ) ;
#2852 = FACE_OUTER_BOUND ( 'NONE', #432, .T. ) ;
#2853 = DIRECTION ( 'NONE',  ( 1.000000000000000000, 0.000000000000000000, 0.000000000000000000 ) ) ;
#2854 = DIRECTION ( 'NONE',  ( -0.000000000000000000, -0.000000000000000000, 1.000000000000000000 ) ) ;
#2855 = ADVANCED_FACE ( 'NONE', ( #3041 ), #813, .F. ) ;
#2856 = CARTESIAN_POINT ( 'NONE',  ( -10.35000000000230180, 0.09999999999998898659, -23.00000000000107647 ) ) ;
#2857 = DIRECTION ( 'NONE',  ( 0.000000000000000000, 0.000000000000000000, -1.000000000000000000 ) ) ;
#2858 = ORIENTED_EDGE ( 'NONE', *, *, #4725, .F. ) ;
#2859 = DIRECTION ( 'NONE',  ( 1.000000000000000000, 0.000000000000000000, -0.000000000000000000 ) ) ;
#2860 = ADVANCED_FACE ( 'NONE', ( #6887 ), #2536, .F. ) ;
#2861 = DIRECTION ( 'NONE',  ( 0.000000000000000000, -5.087249021584616643E-30, 1.000000000000000000 ) ) ;
#2862 = DIRECTION ( 'NONE',  ( 0.000000000000000000, 0.000000000000000000, 1.000000000000000000 ) ) ;
#2863 = ADVANCED_BREP_SHAPE_REPRESENTATION ( '', ( #6729, #2423 ), #2659 ) ;
#2864 = VERTEX_POINT ( 'NONE', #1954 ) ;
#2865 = APPLICATION_PROTOCOL_DEFINITION ( 'draft international standard', 'automotive_design', 1998, #2130 ) ;
#2866 = ORIENTED_EDGE ( 'NONE', *, *, #5392, .F. ) ;
#2867 = AXIS2_PLACEMENT_3D ( 'NONE', #4161, #4805, #2539 ) ;
#2868 = LINE ( 'NONE', #1315, #1961 ) ;
#2869 = ADVANCED_FACE ( 'NONE', ( #3623 ), #4159, .F. ) ;
#2870 = EDGE_CURVE ( 'NONE', #1347, #2966, #3660, .T. ) ;
#2871 = CIRCLE ( 'NONE', #2288, 37.00000000000143530 ) ;
#2872 = CARTESIAN_POINT ( 'NONE',  ( 277.3135873735464543, 12.89206442302036315, 1.500000000000000000 ) ) ;
#2873 = EDGE_LOOP ( 'NONE', ( #5584, #776, #5847, #5257 ) ) ;
#2874 = CARTESIAN_POINT ( 'NONE',  ( 10.34999999999744524, 0.2999999999999947153, -23.00000000000076739 ) ) ;
#2875 = EDGE_LOOP ( 'NONE', ( #575, #5324, #4162, #2957 ) ) ;
#2876 = VERTEX_POINT ( 'NONE', #4086 ) ;
#2877 = AXIS2_PLACEMENT_3D ( 'NONE', #5880, #949, #3142 ) ;
#2878 = DIRECTION ( 'NONE',  ( 0.000000000000000000, 0.000000000000000000, 1.000000000000000000 ) ) ;
#2879 = DIRECTION ( 'NONE',  ( 5.553580772755923110E-28, -1.000000000000000000, 5.420049715972916316E-30 ) ) ;
#2880 = DIRECTION ( 'NONE',  ( 0.000000000000000000, 0.000000000000000000, -1.000000000000000000 ) ) ;
#2881 = ORIENTED_EDGE ( 'NONE', *, *, #1449, .T. ) ;
#2882 = AXIS2_PLACEMENT_3D ( 'NONE', #4750, #2516, #341 ) ;
#2883 = VECTOR ( 'NONE', #3084, 1000.000000000000000 ) ;
#2884 = ORIENTED_EDGE ( 'NONE', *, *, #1774, .T. ) ;
#2885 = LINE ( 'NONE', #3458, #5488 ) ;
#2886 = ORIENTED_EDGE ( 'NONE', *, *, #5951, .F. ) ;
#2887 = LINE ( 'NONE', #5014, #3824 ) ;
#2888 = CYLINDRICAL_SURFACE ( 'NONE', #3354, 0.5000000000000257572 ) ;
#2889 = DIRECTION ( 'NONE',  ( 1.000000000000000000, 0.000000000000000000, 0.000000000000000000 ) ) ;
#2890 = DIRECTION ( 'NONE',  ( -5.553580772755923110E-28, 1.000000000000000000, -5.420049715972916316E-30 ) ) ;
#2891 = AXIS2_PLACEMENT_3D ( 'NONE', #1771, #5986, #3829 ) ;
#2892 = DIRECTION ( 'NONE',  ( -5.553580772755923110E-28, 1.000000000000000000, -5.420049715972916316E-30 ) ) ;
#2893 = VERTEX_POINT ( 'NONE', #5713 ) ;
#2894 = EDGE_CURVE ( 'NONE', #7066, #3635, #6810, .T. ) ;
#2895 = VECTOR ( 'NONE', #2158, 1000.000000000000000 ) ;
#2896 = CARTESIAN_POINT ( 'NONE',  ( 277.8335590931911838, 6.250217585674071152, 1.299999999999999822 ) ) ;
#2897 = CARTESIAN_POINT ( 'NONE',  ( 0.9999999999999981126, 1.224646799147350742E-16, 0.4000000000000000222 ) ) ;
#2898 = DIRECTION ( 'NONE',  ( -5.664021299486786739E-28, 0.7071067811865561215, -0.7071067811865389130 ) ) ;
#2899 = ORIENTED_EDGE ( 'NONE', *, *, #2962, .F. ) ;
#2900 = DIRECTION ( 'NONE',  ( -0.1134299234407187412, 1.758626377479006245E-15, 0.9935459991707645822 ) ) ;
#2901 = EDGE_CURVE ( 'NONE', #2010, #4816, #6929, .T. ) ;
#2902 = AXIS2_PLACEMENT_3D ( 'NONE', #952, #3076, #3621 ) ;
#2903 = DIRECTION ( 'NONE',  ( 2.776790386377923440E-28, -0.7071067811865454633, -0.7071067811865495711 ) ) ;
#2904 = AXIS2_PLACEMENT_3D ( 'NONE', #2169, #4301, #456 ) ;
#2905 = DIRECTION ( 'NONE',  ( -0.000000000000000000, -0.000000000000000000, 1.000000000000000000 ) ) ;
#2906 = AXIS2_PLACEMENT_3D ( 'NONE', #5112, #1759, #4501 ) ;
#2907 = ORIENTED_EDGE ( 'NONE', *, *, #5993, .T. ) ;
#2908 = CARTESIAN_POINT ( 'NONE',  ( 273.9837282442186392, 1.491115915426010963, 0.000000000000000000 ) ) ;
#2909 = VERTEX_POINT ( 'NONE', #6309 ) ;
#2910 = EDGE_CURVE ( 'NONE', #2510, #5437, #4589, .T. ) ;
#2911 = VERTEX_POINT ( 'NONE', #1878 ) ;
#2912 = CIRCLE ( 'NONE', #5216, 3.150000000000124700 ) ;
#2913 = CARTESIAN_POINT ( 'NONE',  ( 274.1575042331397185, -3.556097760361474069, 0.1000000000000000056 ) ) ;
#2914 = DIRECTION ( 'NONE',  ( -5.553580772755923110E-28, 1.000000000000000000, -5.420049715972916316E-30 ) ) ;
#2915 = DIRECTION ( 'NONE',  ( 5.553580772755923110E-28, -1.000000000000000000, 5.420049715972916316E-30 ) ) ;
#2916 = AXIS2_PLACEMENT_3D ( 'NONE', #6572, #6605, #1640 ) ;
#2917 = AXIS2_PLACEMENT_3D ( 'NONE', #2488, #5546, #4466 ) ;
#2918 = ORIENTED_EDGE ( 'NONE', *, *, #1895, .T. ) ;
#2919 = EDGE_CURVE ( 'NONE', #3778, #2396, #55, .T. ) ;
#2920 = EDGE_CURVE ( 'NONE', #3531, #2893, #4369, .T. ) ;
#2921 = ORIENTED_EDGE ( 'NONE', *, *, #6290, .T. ) ;
#2922 = FACE_BOUND ( 'NONE', #2208, .T. ) ;
#2923 = EDGE_LOOP ( 'NONE', ( #6767, #4856, #2385, #5472 ) ) ;
#2924 = FACE_OUTER_BOUND ( 'NONE', #5878, .T. ) ;
#2925 = AXIS2_PLACEMENT_3D ( 'NONE', #2763, #3270, #5540 ) ;
#2926 = CARTESIAN_POINT ( 'NONE',  ( 31.49999999999997158, 0.000000000000000000, 0.000000000000000000 ) ) ;
#2927 = CARTESIAN_POINT ( 'NONE',  ( 47.49999999999998579, 2.900000000016972557, -2.500000000028156588 ) ) ;
#2928 = CARTESIAN_POINT ( 'NONE',  ( 24.81934729198170686, 3.000000000000002665, -30.50000000000122213 ) ) ;
#2929 = DIRECTION ( 'NONE',  ( -1.000000000000000000, 5.869125134844098244E-28, -1.734723475978128683E-16 ) ) ;
#2930 = VERTEX_POINT ( 'NONE', #993 ) ;
#2931 = CIRCLE ( 'NONE', #5813, 3.200000000000128519 ) ;
#2932 = AXIS2_PLACEMENT_3D ( 'NONE', #253, #6149, #4565 ) ;
#2933 = ORIENTED_EDGE ( 'NONE', *, *, #634, .F. ) ;
#2934 = LINE ( 'NONE', #216, #5338 ) ;
#2935 = AXIS2_PLACEMENT_3D ( 'NONE', #1697, #5008, #2231 ) ;
#2936 = DIRECTION ( 'NONE',  ( 5.553580772755923110E-28, -1.000000000000000000, 5.420049715972916316E-30 ) ) ;
#2937 = EDGE_CURVE ( 'NONE', #5428, #3088, #2678, .T. ) ;
#2938 = CARTESIAN_POINT ( 'NONE',  ( 67.50000000000000000, 3.000000000000002665, -24.10000000000067644 ) ) ;
#2939 = VERTEX_POINT ( 'NONE', #4909 ) ;
#2940 = DIRECTION ( 'NONE',  ( -0.5424229012540322525, 1.326716514427061750E-14, 0.8401055863373116939 ) ) ;
#2941 = CIRCLE ( 'NONE', #2481, 1.500000000000058620 ) ;
#2942 = CARTESIAN_POINT ( 'NONE',  ( 276.6811110710334560, -3.844209765900900688, 0.1000000000000000056 ) ) ;
#2943 = ADVANCED_FACE ( 'NONE', ( #5387 ), #2139, .T. ) ;
#2944 = CIRCLE ( 'NONE', #1222, 1.599999999939490047 ) ;
#2945 = FACE_OUTER_BOUND ( 'NONE', #4226, .T. ) ;
#2946 = VERTEX_POINT ( 'NONE', #3212 ) ;
#2947 =( NAMED_UNIT ( * ) SI_UNIT ( $, .STERADIAN. ) SOLID_ANGLE_UNIT ( ) );
#2948 = ORIENTED_EDGE ( 'NONE', *, *, #6244, .F. ) ;
#2949 = EDGE_LOOP ( 'NONE', ( #4578, #1332, #5881, #4486 ) ) ;
#2950 = DIRECTION ( 'NONE',  ( 1.000000000000000000, -5.782411586647611072E-17, -5.782411586576692477E-17 ) ) ;
#2951 = LINE ( 'NONE', #868, #1081 ) ;
#2952 = DIRECTION ( 'NONE',  ( 1.348480179864921759E-28, 0.000000000000000000, 1.000000000000000000 ) ) ;
#2953 = EDGE_CURVE ( 'NONE', #785, #836, #1567, .T. ) ;
#2954 = VERTEX_POINT ( 'NONE', #4233 ) ;
#2955 = ORIENTED_EDGE ( 'NONE', *, *, #709, .F. ) ;
#2956 = CYLINDRICAL_SURFACE ( 'NONE', #210, 1.000000000000000888 ) ;
#2957 = ORIENTED_EDGE ( 'NONE', *, *, #854, .F. ) ;
#2958 = LINE ( 'NONE', #3569, #2404 ) ;
#2959 = DIRECTION ( 'NONE',  ( -0.000000000000000000, -0.000000000000000000, 1.000000000000000000 ) ) ;
#2960 = FACE_OUTER_BOUND ( 'NONE', #6293, .T. ) ;
#2961 = EDGE_CURVE ( 'NONE', #6341, #438, #3687, .T. ) ;
#2962 = EDGE_CURVE ( 'NONE', #3192, #6782, #5900, .T. ) ;
#2963 = CARTESIAN_POINT ( 'NONE',  ( 67.50000000000000000, 2.900000000000041211, 2.499999999999998668 ) ) ;
#2964 = CARTESIAN_POINT ( 'NONE',  ( 10.34999999999744524, 0.09999999999998898659, -23.80000000000077520 ) ) ;
#2965 = ORIENTED_EDGE ( 'NONE', *, *, #1536, .T. ) ;
#2966 = VERTEX_POINT ( 'NONE', #6531 ) ;
#2967 = DIRECTION ( 'NONE',  ( 0.000000000000000000, 0.000000000000000000, 1.000000000000000000 ) ) ;
#2968 = DIRECTION ( 'NONE',  ( 5.553580772755923110E-28, -1.000000000000000000, 5.420049715972916316E-30 ) ) ;
#2969 = CARTESIAN_POINT ( 'NONE',  ( 276.5454470876517803, 3.726610747780326527, 1.299999999999999822 ) ) ;
#2970 = ORIENTED_EDGE ( 'NONE', *, *, #790, .T. ) ;
#2971 = ITEM_DEFINED_TRANSFORMATION ( 'NONE', 'NONE', #1149,  #2423 ) ;
#2972 = DIRECTION ( 'NONE',  ( -1.000000000000000000, 5.869125134844098244E-28, -1.288801503904777590E-28 ) ) ;
#2973 = UNCERTAINTY_MEASURE_WITH_UNIT (LENGTH_MEASURE( 1.000000000000000082E-05 ), #5213, 'distance_accuracy_value', 'NONE');
#2974 = CARTESIAN_POINT ( 'NONE',  ( 276.9692230765730301, -1.320602928007157617, 1.299999999999999822 ) ) ;
#2975 = EDGE_LOOP ( 'NONE', ( #2669, #2013, #4919, #168 ) ) ;
#2976 = ORIENTED_EDGE ( 'NONE', *, *, #3391, .F. ) ;
#2977 = ORIENTED_EDGE ( 'NONE', *, *, #2614, .F. ) ;
#2978 = ADVANCED_FACE ( 'NONE', ( #1598 ), #6563, .F. ) ;
#2979 = DIRECTION ( 'NONE',  ( 1.000000000000000000, 0.000000000000000000, 0.000000000000000000 ) ) ;
#2980 = DIRECTION ( 'NONE',  ( -0.000000000000000000, -0.000000000000000000, 1.000000000000000000 ) ) ;
#2981 = CARTESIAN_POINT ( 'NONE',  ( -0.7499999999999829026, 9.184850993604940129E-17, -2.100000000000000089 ) ) ;
#2982 = VERTEX_POINT ( 'NONE', #4265 ) ;
#2983 = ADVANCED_FACE ( 'NONE', ( #1634 ), #5956, .F. ) ;
#2984 = ORIENTED_EDGE ( 'NONE', *, *, #2614, .T. ) ;
#2985 = DIRECTION ( 'NONE',  ( -0.000000000000000000, -0.000000000000000000, 1.000000000000000000 ) ) ;
#2986 = DIRECTION ( 'NONE',  ( 0.000000000000000000, 0.000000000000000000, 1.000000000000000000 ) ) ;
#2987 = ORIENTED_EDGE ( 'NONE', *, *, #982, .F. ) ;
#2988 = CARTESIAN_POINT ( 'NONE',  ( -7.749999999999896083, 1.499999999999973577, -26.15000000000149782 ) ) ;
#2989 = LINE ( 'NONE', #6739, #4387 ) ;
#2990 = PLANE ( 'NONE',  #1666 ) ;
#2991 = AXIS2_PLACEMENT_3D ( 'NONE', #5307, #421, #1947 ) ;
#2992 = CARTESIAN_POINT ( 'NONE',  ( 277.2262463324971122, 12.12703400365908202, 1.500000000000000000 ) ) ;
#2993 = AXIS2_PLACEMENT_3D ( 'NONE', #4963, #5442, #5479 ) ;
#2994 = ORIENTED_EDGE ( 'NONE', *, *, #3251, .F. ) ;
#2995 = CIRCLE ( 'NONE', #3004, 0.5000000000000004441 ) ;
#2996 = DIRECTION ( 'NONE',  ( -0.000000000000000000, -0.000000000000000000, -1.000000000000000000 ) ) ;
#2997 = EDGE_CURVE ( 'NONE', #6492, #62, #494, .T. ) ;
#2998 = EDGE_CURVE ( 'NONE', #2510, #6727, #4632, .T. ) ;
#2999 = EDGE_LOOP ( 'NONE', ( #1768, #3246, #4218, #4645 ) ) ;
#3000 = ORIENTED_EDGE ( 'NONE', *, *, #2764, .T. ) ;
#3001 = CYLINDRICAL_SURFACE ( 'NONE', #2556, 0.7499999999999729106 ) ;
#3002 = CIRCLE ( 'NONE', #7019, 0.5000000000000177636 ) ;
#3003 = CARTESIAN_POINT ( 'NONE',  ( 275.7337282442185824, 1.491115915426010963, 2.899999999999999911 ) ) ;
#3004 = AXIS2_PLACEMENT_3D ( 'NONE', #5681, #3375, #1818 ) ;
#3005 = DIRECTION ( 'NONE',  ( -7.052416492675746889E-28, 0.7071067811865637820, -0.7071067811865311414 ) ) ;
#3006 = CARTESIAN_POINT ( 'NONE',  ( 275.0218402497579859, 4.014722753319752258, 1.299999999999999822 ) ) ;
#3007 = ORIENTED_EDGE ( 'NONE', *, *, #5567, .T. ) ;
#3008 = ITEM_DEFINED_TRANSFORMATION ( 'NONE', 'NONE', #4945,  #2423 ) ;
#3009 = AXIS2_PLACEMENT_3D ( 'NONE', #2414, #2347, #5769 ) ;
#3010 = EDGE_CURVE ( 'NONE', #3773, #3706, #3293, .T. ) ;
#3011 = EDGE_CURVE ( 'NONE', #449, #5633, #3715, .T. ) ;
#3012 = CARTESIAN_POINT ( 'NONE',  ( 274.2778901472416351, 10.72240031302443519, 2.899999999999999911 ) ) ;
#3013 = CARTESIAN_POINT ( 'NONE',  ( 276.2573350821123768, 1.203003909886584344, 1.299999999999999822 ) ) ;
#3014 = ORIENTED_EDGE ( 'NONE', *, *, #1465, .F. ) ;
#3015 = VERTEX_POINT ( 'NONE', #3794 ) ;
#3016 = ORIENTED_EDGE ( 'NONE', *, *, #709, .T. ) ;
#3017 = DIRECTION ( 'NONE',  ( 8.659560562306313142E-17, 0.7071067811865521247, -0.7071067811865430208 ) ) ;
#3018 = CARTESIAN_POINT ( 'NONE',  ( 17.67766952966382021, 3.000000000000002665, -23.97766952966456699 ) ) ;
#3019 = SURFACE_STYLE_FILL_AREA ( #1506 ) ;
#3020 = ADVANCED_FACE ( 'NONE', ( #5352 ), #6496, .T. ) ;
#3021 = DIRECTION ( 'NONE',  ( 1.000000000000000000, 0.000000000000000000, 0.000000000000000000 ) ) ;
#3022 = ORIENTED_EDGE ( 'NONE', *, *, #426, .F. ) ;
#3023 = AXIS2_PLACEMENT_3D ( 'NONE', #1379, #246, #6350 ) ;
#3024 = ORIENTED_EDGE ( 'NONE', *, *, #2234, .F. ) ;
#3025 = LINE ( 'NONE', #5226, #1082 ) ;
#3026 = ORIENTED_EDGE ( 'NONE', *, *, #1280, .T. ) ;
#3027 = CARTESIAN_POINT ( 'NONE',  ( 274.4456162386791220, -1.032490922467731886, 1.299999999999999822 ) ) ;
#3028 = DIRECTION ( 'NONE',  ( 1.000000000000000000, 0.000000000000000000, 0.000000000000000000 ) ) ;
#3029 = CARTESIAN_POINT ( 'NONE',  ( 67.50000000000460432, -22.49999999997287148, 0.5000000000000000000 ) ) ;
#3030 = CONICAL_SURFACE ( 'NONE', #3719, 10.50000000000036948, 0.7853981633974352894 ) ;
#3031 = DIRECTION ( 'NONE',  ( 0.000000000000000000, 0.000000000000000000, 1.000000000000000000 ) ) ;
#3032 = EDGE_CURVE ( 'NONE', #2172, #1900, #5989, .T. ) ;
#3033 = VERTEX_POINT ( 'NONE', #429 ) ;
#3034 = DIRECTION ( 'NONE',  ( 1.000000000000000000, 0.000000000000000000, 0.000000000000000000 ) ) ;
#3035 = AXIS2_PLACEMENT_3D ( 'NONE', #6239, #3545, #4009 ) ;
#3036 = VECTOR ( 'NONE', #5796, 1000.000000000000000 ) ;
#3037 = ORIENTED_EDGE ( 'NONE', *, *, #4626, .T. ) ;
#3038 = EDGE_LOOP ( 'NONE', ( #4230, #3231, #1927, #1419 ) ) ;
#3039 = PLANE ( 'NONE',  #190 ) ;
#3040 = DIRECTION ( 'NONE',  ( -0.000000000000000000, -0.000000000000000000, 1.000000000000000000 ) ) ;
#3041 = FACE_OUTER_BOUND ( 'NONE', #277, .T. ) ;
#3042 = EDGE_CURVE ( 'NONE', #6270, #5948, #614, .T. ) ;
#3043 = CONICAL_SURFACE ( 'NONE', #1308, 1.199999999999978861, 0.7853981633973935450 ) ;
#3044 = VECTOR ( 'NONE', #293, 1000.000000000000000 ) ;
#3045 = FACE_OUTER_BOUND ( 'NONE', #109, .T. ) ;
#3046 = CARTESIAN_POINT ( 'NONE',  ( 271.9232591019850247, -6.552003081614442337, 0.1000000000000000472 ) ) ;
#3047 = ORIENTED_EDGE ( 'NONE', *, *, #4811, .T. ) ;
#3048 = AXIS2_PLACEMENT_3D ( 'NONE', #3101, #1479, #1852 ) ;
#3049 = DIRECTION ( 'NONE',  ( -5.553580772755923110E-28, 1.000000000000000000, -5.420049715972916316E-30 ) ) ;
#3050 = EDGE_CURVE ( 'NONE', #3400, #6591, #4406, .T. ) ;
#3051 = EDGE_CURVE ( 'NONE', #4340, #5610, #1751, .T. ) ;
#3052 = CYLINDRICAL_SURFACE ( 'NONE', #5237, 37.50000000000145661 ) ;
#3053 = AXIS2_PLACEMENT_3D ( 'NONE', #5166, #3584, #5851 ) ;
#3054 = ORIENTED_EDGE ( 'NONE', *, *, #3259, .F. ) ;
#3055 = ORIENTED_EDGE ( 'NONE', *, *, #5368, .F. ) ;
#3056 = ORIENTED_EDGE ( 'NONE', *, *, #2278, .T. ) ;
#3057 = CARTESIAN_POINT ( 'NONE',  ( 273.9837282442186392, 1.491115915426010963, 1.299999999999999822 ) ) ;
#3058 = CARTESIAN_POINT ( 'NONE',  ( 7.750000000000007105, 1.499999999999973577, -25.65000000000144809 ) ) ;
#3059 = CIRCLE ( 'NONE', #1104, 0.7499999999999729106 ) ;
#3060 = PRESENTATION_STYLE_ASSIGNMENT (( #869 ) ) ;
#3061 = PRODUCT_DEFINITION_SHAPE ( 'NONE', 'NONE',  #7101 ) ;
#3062 = CYLINDRICAL_SURFACE ( 'NONE', #3573, 7.100000000000273204 ) ;
#3063 = EDGE_LOOP ( 'NONE', ( #2513, #6193, #563, #5658 ) ) ;
#3064 = ORIENTED_EDGE ( 'NONE', *, *, #5251, .T. ) ;
#3065 = DIRECTION ( 'NONE',  ( -0.000000000000000000, -0.000000000000000000, 1.000000000000000000 ) ) ;
#3066 = EDGE_LOOP ( 'NONE', ( #2031, #4524 ) ) ;
#3067 = PLANE ( 'NONE',  #3095 ) ;
#3068 = CARTESIAN_POINT ( 'NONE',  ( 67.49999999999994316, 0.5000000000000004441, -30.50000000000122213 ) ) ;
#3069 = DIRECTION ( 'NONE',  ( 1.000000000000000000, 0.000000000000000000, 0.000000000000000000 ) ) ;
#3070 = CARTESIAN_POINT ( 'NONE',  ( 0.7499999999999829026, 0.000000000000000000, -2.100000000000000089 ) ) ;
#3071 = ORIENTED_EDGE ( 'NONE', *, *, #5298, .T. ) ;
#3072 = DIRECTION ( 'NONE',  ( 5.553580772755923110E-28, -1.000000000000000000, 5.420049715972916316E-30 ) ) ;
#3073 = ORIENTED_EDGE ( 'NONE', *, *, #3259, .T. ) ;
#3074 = EDGE_CURVE ( 'NONE', #3866, #1396, #3363, .T. ) ;
#3075 = ORIENTED_EDGE ( 'NONE', *, *, #2082, .T. ) ;
#3076 = DIRECTION ( 'NONE',  ( -0.000000000000000000, -0.000000000000000000, 1.000000000000000000 ) ) ;
#3077 = LINE ( 'NONE', #354, #632 ) ;
#3078 = CARTESIAN_POINT ( 'NONE',  ( 0.000000000000000000, 2.500000000000030198, 0.000000000000000000 ) ) ;
#3079 = DIRECTION ( 'NONE',  ( 0.000000000000000000, -8.673617379883690345E-17, -1.000000000000000000 ) ) ;
#3080 = PRODUCT_DEFINITION_SHAPE ( 'NONE', 'NONE',  #7093 ) ;
#3081 = DIRECTION ( 'NONE',  ( 2.776790386377923888E-28, -0.7071067811865425767, -0.7071067811865525687 ) ) ;
#3082 = ORIENTED_EDGE ( 'NONE', *, *, #1800, .T. ) ;
#3083 = EDGE_CURVE ( 'NONE', #866, #4815, #3252, .T. ) ;
#3084 = DIRECTION ( 'NONE',  ( 5.553580772755923110E-28, -1.000000000000000000, 5.420049715972916316E-30 ) ) ;
#3085 = DIRECTION ( 'NONE',  ( -5.553580772755922213E-28, 1.000000000000000000, 5.087249021584615241E-30 ) ) ;
#3086 = EDGE_LOOP ( 'NONE', ( #4800, #882 ) ) ;
#3087 = ORIENTED_EDGE ( 'NONE', *, *, #1280, .F. ) ;
#3088 = VERTEX_POINT ( 'NONE', #2750 ) ;
#3089 = EDGE_CURVE ( 'NONE', #6361, #5513, #6357, .T. ) ;
#3090 = ADVANCED_FACE ( 'NONE', ( #1705 ), #2349, .F. ) ;
#3091 = FACE_OUTER_BOUND ( 'NONE', #4028, .T. ) ;
#3092 = CARTESIAN_POINT ( 'NONE',  ( 67.50000000000000000, 2.500000000000002220, 22.50000000000122213 ) ) ;
#3093 = DIRECTION ( 'NONE',  ( 1.000000000000000000, 0.000000000000000000, 0.000000000000000000 ) ) ;
#3094 = ORIENTED_EDGE ( 'NONE', *, *, #5162, .F. ) ;
#3095 = AXIS2_PLACEMENT_3D ( 'NONE', #4109, #6948, #5267 ) ;
#3096 = ORIENTED_EDGE ( 'NONE', *, *, #4811, .F. ) ;
#3097 = DIRECTION ( 'NONE',  ( 0.000000000000000000, 0.000000000000000000, 1.000000000000000000 ) ) ;
#3098 = FACE_OUTER_BOUND ( 'NONE', #4143, .T. ) ;
#3099 = DIRECTION ( 'NONE',  ( 0.000000000000000000, 0.000000000000000000, 1.000000000000000000 ) ) ;
#3100 = DIRECTION ( 'NONE',  ( -1.000000000000000000, 0.000000000000000000, 0.000000000000000000 ) ) ;
#3101 = CARTESIAN_POINT ( 'NONE',  ( 47.49999999999998579, 2.999999999985902832, 0.000000000000000000 ) ) ;
#3102 = CLOSED_SHELL ( 'NONE', ( #7052, #1302, #1761, #4754, #2792, #3090, #380, #4064, #337, #4896, #6001, #242, #4853, #2123, #2461, #6747, #3331, #1794, #2244, #2387, #2045, #2428, #3615, #5062, #162, #4807, #27, #3540, #4007, #3383, #330, #4105, #3577, #4081, #4713, #6847, #6429, #5788, #1714, #1996, #1645, #668, #2983, #3312, #5644, #5510, #2251, #3799, #3116, #1492, #6300, #1580, #4418, #2828, #2471, #719, #888, #4304, #2855, #6344, #3774, #6657, #1358, #3707, #990, #6986, #3470, #4570, #5737, #2869, #3968, #6957, #6393, #6530, #1048, #1027, #411, #164, #30, #6282, #3603, #7000, #4698, #1875 ) ) ;
#3103 = ORIENTED_EDGE ( 'NONE', *, *, #5139, .F. ) ;
#3104 = DIRECTION ( 'NONE',  ( 5.553580772755923110E-28, -1.000000000000000000, 5.420049715972916316E-30 ) ) ;
#3105 =( GEOMETRIC_REPRESENTATION_CONTEXT ( 3 ) GLOBAL_UNCERTAINTY_ASSIGNED_CONTEXT ( ( #4427 ) ) GLOBAL_UNIT_ASSIGNED_CONTEXT ( ( #3771, #1538, #4953 ) ) REPRESENTATION_CONTEXT ( 'NONE', 'WORKASPACE' ) );
#3106 = ORIENTED_EDGE ( 'NONE', *, *, #2694, .F. ) ;
#3107 = EDGE_LOOP ( 'NONE', ( #153, #3682, #6523, #2710 ) ) ;
#3108 = FACE_OUTER_BOUND ( 'NONE', #2702, .T. ) ;
#3109 = AXIS2_PLACEMENT_3D ( 'NONE', #5011, #6489, #4865 ) ;
#3110 = CARTESIAN_POINT ( 'NONE',  ( 67.50000000000000000, 2.500000000000002220, 29.60000000000149356 ) ) ;
#3111 = DIRECTION ( 'NONE',  ( -1.149593228336237939E-16, 0.7071067811865523467, -0.7071067811865426878 ) ) ;
#3112 = AXIS2_PLACEMENT_3D ( 'NONE', #5760, #2441, #5657 ) ;
#3113 = EDGE_LOOP ( 'NONE', ( #5235, #5058, #4707, #2656 ) ) ;
#3114 = FACE_OUTER_BOUND ( 'NONE', #4743, .T. ) ;
#3115 = LINE ( 'NONE', #3046, #6089 ) ;
#3116 = ADVANCED_FACE ( 'NONE', ( #72 ), #3398, .F. ) ;
#3117 = VERTEX_POINT ( 'NONE', #6169 ) ;
#3118 = ITEM_DEFINED_TRANSFORMATION ( 'NONE', 'NONE', #1493,  #2423 ) ;
#3119 = AXIS2_PLACEMENT_3D ( 'NONE', #2544, #2432, #4670 ) ;
#3120 = DIRECTION ( 'NONE',  ( -1.000000000000000000, 2.710505431291618698E-16, 0.000000000000000000 ) ) ;
#3121 = CYLINDRICAL_SURFACE ( 'NONE', #2699, 1.000000000000000888 ) ;
#3122 = EDGE_CURVE ( 'NONE', #6243, #4283, #5566, .T. ) ;
#3123 = CIRCLE ( 'NONE', #6331, 10.50000000000041211 ) ;
#3124 = EDGE_LOOP ( 'NONE', ( #915, #5686, #3141, #1034 ) ) ;
#3125 = ORIENTED_EDGE ( 'NONE', *, *, #2586, .F. ) ;
#3126 = VERTEX_POINT ( 'NONE', #4004 ) ;
#3127 = FACE_OUTER_BOUND ( 'NONE', #485, .T. ) ;
#3128 =( NAMED_UNIT ( * ) SI_UNIT ( $, .STERADIAN. ) SOLID_ANGLE_UNIT ( ) );
#3129 = EDGE_CURVE ( 'NONE', #5437, #4014, #3974, .T. ) ;
#3130 = CYLINDRICAL_SURFACE ( 'NONE', #2303, 1.500000000000058620 ) ;
#3131 = ORIENTED_EDGE ( 'NONE', *, *, #6888, .T. ) ;
#3132 = CIRCLE ( 'NONE', #4049, 1.000000000000000888 ) ;
#3133 = FACE_OUTER_BOUND ( 'NONE', #1275, .T. ) ;
#3134 = DIRECTION ( 'NONE',  ( 1.000000000000000000, 0.000000000000000000, 0.000000000000000000 ) ) ;
#3135 = DIRECTION ( 'NONE',  ( 1.000000000000000000, 0.000000000000000000, 0.000000000000000000 ) ) ;
#3136 = CARTESIAN_POINT ( 'NONE',  ( -31.50000000000244427, 1.734415908975689380E-29, 3.200000000000003730 ) ) ;
#3137 = DIRECTION ( 'NONE',  ( 1.000000000000000000, 0.000000000000000000, 0.000000000000000000 ) ) ;
#3138 = EDGE_CURVE ( 'NONE', #6974, #843, #4752, .T. ) ;
#3139 = VECTOR ( 'NONE', #3512, 1000.000000000000000 ) ;
#3140 = EDGE_CURVE ( 'NONE', #6243, #6708, #1166, .T. ) ;
#3141 = ORIENTED_EDGE ( 'NONE', *, *, #5465, .T. ) ;
#3142 = DIRECTION ( 'NONE',  ( 1.000000000000000000, 0.000000000000000000, 0.000000000000000000 ) ) ;
#3143 = ORIENTED_EDGE ( 'NONE', *, *, #572, .T. ) ;
#3144 = VECTOR ( 'NONE', #4513, 1000.000000000000000 ) ;
#3145 = ORIENTED_EDGE ( 'NONE', *, *, #4052, .F. ) ;
#3146 = FACE_OUTER_BOUND ( 'NONE', #2271, .T. ) ;
#3147 = CARTESIAN_POINT ( 'NONE',  ( 52.49999999999999289, 3.000000000057290173, -9.000000000000305533 ) ) ;
#3148 = CARTESIAN_POINT ( 'NONE',  ( 274.1575042331397185, -3.556097760361474069, 1.299999999999999822 ) ) ;
#3149 = CARTESIAN_POINT ( 'NONE',  ( 275.1956162386791220, -1.032490922467731886, 0.000000000000000000 ) ) ;
#3150 = CIRCLE ( 'NONE', #624, 0.5000000000000213163 ) ;
#3151 = ORIENTED_EDGE ( 'NONE', *, *, #6736, .F. ) ;
#3152 = ADVANCED_FACE ( 'NONE', ( #108 ), #2275, .T. ) ;
#3153 = CONICAL_SURFACE ( 'NONE', #3848, 1.600000000067727690, 0.7853981633974482790 ) ;
#3154 = CIRCLE ( 'NONE', #5230, 3.149999999999986144 ) ;
#3155 = PLANE ( 'NONE',  #5711 ) ;
#3156 = DIRECTION ( 'NONE',  ( 1.000000000000000000, 0.000000000000000000, 0.000000000000000000 ) ) ;
#3157 = VERTEX_POINT ( 'NONE', #595 ) ;
#3158 = PRESENTATION_STYLE_ASSIGNMENT (( #1967 ) ) ;
#3159 = ORIENTED_EDGE ( 'NONE', *, *, #901, .T. ) ;
#3160 = VECTOR ( 'NONE', #5770, 999.9999999999998863 ) ;
#3161 = AXIS2_PLACEMENT_3D ( 'NONE', #5892, #5830, #5211 ) ;
#3162 = ORIENTED_EDGE ( 'NONE', *, *, #5609, .T. ) ;
#3163 = PLANE ( 'NONE',  #3269 ) ;
#3164 = EDGE_CURVE ( 'NONE', #2982, #6727, #5017, .T. ) ;
#3165 = SURFACE_STYLE_USAGE ( .BOTH. , #440 ) ;
#3166 = AXIS2_PLACEMENT_3D ( 'NONE', #5573, #669, #2359 ) ;
#3167 = DIRECTION ( 'NONE',  ( 1.000000000000000000, 0.000000000000000000, 0.000000000000000000 ) ) ;
#3168 = EDGE_LOOP ( 'NONE', ( #5730, #4555 ) ) ;
#3169 = VECTOR ( 'NONE', #3430, 1000.000000000000000 ) ;
#3170 = PLANE ( 'NONE',  #4759 ) ;
#3171 = EDGE_CURVE ( 'NONE', #5831, #2946, #4450, .T. ) ;
#3172 = LINE ( 'NONE', #2157, #3441 ) ;
#3173 = DIRECTION ( 'NONE',  ( 5.553580772755923110E-28, -1.000000000000000000, 5.420049715972916316E-30 ) ) ;
#3174 = CARTESIAN_POINT ( 'NONE',  ( 274.7337282442185824, 1.491115915426010963, 1.299999999999999822 ) ) ;
#3175 = AXIS2_PLACEMENT_3D ( 'NONE', #4914, #2175, #3768 ) ;
#3176 = EDGE_LOOP ( 'NONE', ( #6435, #3353, #6426, #3955 ) ) ;
#3177 = DIRECTION ( 'NONE',  ( -1.000000000000000000, 5.869125134844098244E-28, 1.249000902701963003E-16 ) ) ;
#3178 = VERTEX_POINT ( 'NONE', #1775 ) ;
#3179 = ORIENTED_EDGE ( 'NONE', *, *, #1708, .F. ) ;
#3180 = CARTESIAN_POINT ( 'NONE',  ( 67.50000000000000000, 3.000000000000002665, -22.50000000000061107 ) ) ;
#3181 = EDGE_CURVE ( 'NONE', #6665, #1950, #4476, .T. ) ;
#3182 = CARTESIAN_POINT ( 'NONE',  ( 52.49999999999999289, -7.271960811294775340E-12, 7.399999999993328359 ) ) ;
#3183 = DIRECTION ( 'NONE',  ( -0.000000000000000000, -0.000000000000000000, 1.000000000000000000 ) ) ;
#3184 = PLANE ( 'NONE',  #1216 ) ;
#3185 = CARTESIAN_POINT ( 'NONE',  ( -17.67766952966359639, 3.000000000000002665, -17.67766952966443128 ) ) ;
#3186 = VERTEX_POINT ( 'NONE', #3938 ) ;
#3187 = DIRECTION ( 'NONE',  ( 1.000000000000000000, 0.000000000000000000, 0.000000000000000000 ) ) ;
#3188 = CARTESIAN_POINT ( 'NONE',  ( 277.7192230765729732, -1.320602928007157617, 0.000000000000000000 ) ) ;
#3189 = FACE_BOUND ( 'NONE', #647, .T. ) ;
#3190 = ORIENTED_EDGE ( 'NONE', *, *, #1637, .F. ) ;
#3191 = CARTESIAN_POINT ( 'NONE',  ( -24.44028752827045636, 130.4331757274304664, -222.7075887643367764 ) ) ;
#3192 = VERTEX_POINT ( 'NONE', #6641 ) ;
#3193 = ORIENTED_EDGE ( 'NONE', *, *, #6871, .F. ) ;
#3194 = CARTESIAN_POINT ( 'NONE',  ( 67.49999999999994316, 0.000000000000000000, -30.00000000000121858 ) ) ;
#3195 = ORIENTED_EDGE ( 'NONE', *, *, #2953, .T. ) ;
#3196 = DIRECTION ( 'NONE',  ( 1.000000000000000000, 0.000000000000000000, 0.000000000000000000 ) ) ;
#3197 = EDGE_LOOP ( 'NONE', ( #2354, #2984 ) ) ;
#3198 = EDGE_CURVE ( 'NONE', #7065, #2909, #2567, .T. ) ;
#3199 = FACE_OUTER_BOUND ( 'NONE', #6581, .T. ) ;
#3200 = DIRECTION ( 'NONE',  ( 8.659560562306539939E-17, 0.7071067811865335839, -0.7071067811865615615 ) ) ;
#3201 = CARTESIAN_POINT ( 'NONE',  ( 275.7718402497579859, 4.014722753319752258, 0.000000000000000000 ) ) ;
#3202 = DIRECTION ( 'NONE',  ( 5.553580772755923110E-28, -1.000000000000000000, 5.420049715972916316E-30 ) ) ;
#3203 = ORIENTED_EDGE ( 'NONE', *, *, #3529, .T. ) ;
#3204 = EDGE_CURVE ( 'NONE', #5837, #664, #2683, .T. ) ;
#3205 = VECTOR ( 'NONE', #1476, 1000.000000000000000 ) ;
#3206 = FACE_BOUND ( 'NONE', #6004, .T. ) ;
#3207 = EDGE_LOOP ( 'NONE', ( #713, #6839, #2782, #6052, #1609, #2153, #5984, #4569, #2965, #787 ) ) ;
#3208 = ORIENTED_EDGE ( 'NONE', *, *, #3557, .T. ) ;
#3209 = DIRECTION ( 'NONE',  ( -1.226634733341099384E-16, -0.7071067811865267005, 0.7071067811865684449 ) ) ;
#3210 = CARTESIAN_POINT ( 'NONE',  ( 67.50000000000000000, 0.000000000000000000, 7.400000000000607869 ) ) ;
#3211 = CIRCLE ( 'NONE', #6549, 8.000000000000309086 ) ;
#3212 = CARTESIAN_POINT ( 'NONE',  ( 47.49999999999998579, 2.999999999985902832, 2.600000000014715429 ) ) ;
#3213 = CARTESIAN_POINT ( 'NONE',  ( 69.50000000000460432, -22.49999999997287148, 0.000000000000000000 ) ) ;
#3214 = DIRECTION ( 'NONE',  ( 0.000000000000000000, 0.000000000000000000, -1.000000000000000000 ) ) ;
#3215 = EDGE_CURVE ( 'NONE', #4744, #6634, #732, .T. ) ;
#3216 =( GEOMETRIC_REPRESENTATION_CONTEXT ( 3 ) GLOBAL_UNCERTAINTY_ASSIGNED_CONTEXT ( ( #1391 ) ) GLOBAL_UNIT_ASSIGNED_CONTEXT ( ( #3636, #6360, #295 ) ) REPRESENTATION_CONTEXT ( 'NONE', 'WORKASPACE' ) );
#3217 = EDGE_CURVE ( 'NONE', #1375, #5323, #4077, .T. ) ;
#3218 = ORIENTED_EDGE ( 'NONE', *, *, #773, .F. ) ;
#3219 = VECTOR ( 'NONE', #4065, 1000.000000000000000 ) ;
#3220 = FACE_OUTER_BOUND ( 'NONE', #2551, .T. ) ;
#3221 = DIRECTION ( 'NONE',  ( 0.000000000000000000, 0.000000000000000000, 1.000000000000000000 ) ) ;
#3222 = FACE_BOUND ( 'NONE', #4568, .T. ) ;
#3223 = VECTOR ( 'NONE', #2641, 1000.000000000000000 ) ;
#3224 = EDGE_CURVE ( 'NONE', #2693, #3522, #4060, .T. ) ;
#3225 = EDGE_CURVE ( 'NONE', #316, #2954, #5706, .T. ) ;
#3226 = ORIENTED_EDGE ( 'NONE', *, *, #4940, .T. ) ;
#3227 =( LENGTH_UNIT ( ) NAMED_UNIT ( * ) SI_UNIT ( .MILLI., .METRE. ) );
#3228 = AXIS2_PLACEMENT_3D ( 'NONE', #2018, #306, #5330 ) ;
#3229 = EDGE_LOOP ( 'NONE', ( #3702, #823, #1701, #2970 ) ) ;
#3230 = CIRCLE ( 'NONE', #2891, 1.599999999939490047 ) ;
#3231 = ORIENTED_EDGE ( 'NONE', *, *, #5763, .F. ) ;
#3232 = APPLICATION_CONTEXT ( 'automotive_design' ) ;
#3233 = PLANE ( 'NONE',  #2925 ) ;
#3234 = CIRCLE ( 'NONE', #4620, 2.600000000029569325 ) ;
#3235 = VERTEX_POINT ( 'NONE', #6804 ) ;
#3236 = CARTESIAN_POINT ( 'NONE',  ( -17.67766952966359639, 3.000000000000002665, 23.97766952966389908 ) ) ;
#3237 = ORIENTED_EDGE ( 'NONE', *, *, #7024, .T. ) ;
#3238 = STYLED_ITEM ( 'NONE', ( #3060 ), #6729 ) ;
#3239 = CARTESIAN_POINT ( 'NONE',  ( 67.50000000000460432, -22.49999999997287148, 0.5000000000000000000 ) ) ;
#3240 = DIRECTION ( 'NONE',  ( 0.000000000000000000, 0.000000000000000000, -1.000000000000000000 ) ) ;
#3241 = DIRECTION ( 'NONE',  ( 5.553580772755923110E-28, -1.000000000000000000, 5.420049715972916316E-30 ) ) ;
#3242 = DIRECTION ( 'NONE',  ( 1.734723475975450007E-16, -5.087720932111102784E-30, 1.000000000000000000 ) ) ;
#3243 = ORIENTED_EDGE ( 'NONE', *, *, #6198, .T. ) ;
#3244 = CIRCLE ( 'NONE', #6924, 0.9999999999999981126 ) ;
#3245 = CARTESIAN_POINT ( 'NONE',  ( -2.414735078559715475E-12, 19.51279806695395536, -26.15000000000149072 ) ) ;
#3246 = ORIENTED_EDGE ( 'NONE', *, *, #4538, .T. ) ;
#3247 = VERTEX_POINT ( 'NONE', #1338 ) ;
#3248 = DIRECTION ( 'NONE',  ( -5.553580772755923110E-28, 1.000000000000000000, -5.420049715972916316E-30 ) ) ;
#3249 = CARTESIAN_POINT ( 'NONE',  ( 67.49999999999988631, 0.5000000000000004441, -30.50000000000122213 ) ) ;
#3250 = FACE_OUTER_BOUND ( 'NONE', #6798, .T. ) ;
#3251 = EDGE_CURVE ( 'NONE', #2675, #470, #962, .T. ) ;
#3252 = CIRCLE ( 'NONE', #4984, 0.8000000000000402345 ) ;
#3253 = DIRECTION ( 'NONE',  ( -0.000000000000000000, -0.000000000000000000, 1.000000000000000000 ) ) ;
#3254 = CIRCLE ( 'NONE', #6475, 0.5000000000000213163 ) ;
#3255 = CYLINDRICAL_SURFACE ( 'NONE', #3785, 7.100000000000273204 ) ;
#3256 = ORIENTED_EDGE ( 'NONE', *, *, #4747, .T. ) ;
#3257 = CIRCLE ( 'NONE', #2451, 1.000000000000000888 ) ;
#3258 = CARTESIAN_POINT ( 'NONE',  ( 10.34999999999744524, 0.09999999999998898659, -22.20000000000072760 ) ) ;
#3259 = EDGE_CURVE ( 'NONE', #2511, #4373, #1986, .T. ) ;
#3260 = CARTESIAN_POINT ( 'NONE',  ( 276.6811110710334560, -3.844209765900900688, 2.899999999999999911 ) ) ;
#3261 = CIRCLE ( 'NONE', #6937, 0.7499999999999729106 ) ;
#3262 = VECTOR ( 'NONE', #5726, 1000.000000000000000 ) ;
#3263 = DIRECTION ( 'NONE',  ( -5.553580772755923110E-28, 1.000000000000000000, -5.420049715972916316E-30 ) ) ;
#3264 = ORIENTED_EDGE ( 'NONE', *, *, #492, .T. ) ;
#3265 = FILL_AREA_STYLE ('',( #1071 ) ) ;
#3266 = ORIENTED_EDGE ( 'NONE', *, *, #4497, .T. ) ;
#3267 = ORIENTED_EDGE ( 'NONE', *, *, #3665, .T. ) ;
#3268 = AXIS2_PLACEMENT_3D ( 'NONE', #6096, #7068, #5386 ) ;
#3269 = AXIS2_PLACEMENT_3D ( 'NONE', #4709, #1436, #2587 ) ;
#3270 = DIRECTION ( 'NONE',  ( 0.000000000000000000, 0.000000000000000000, 1.000000000000000000 ) ) ;
#3271 = EDGE_CURVE ( 'NONE', #5932, #6225, #173, .T. ) ;
#3272 = ADVANCED_FACE ( 'NONE', ( #4655 ), #3030, .F. ) ;
#3273 = DIRECTION ( 'NONE',  ( -5.553580772755923110E-28, 1.000000000000000000, -5.420049715972916316E-30 ) ) ;
#3274 = CIRCLE ( 'NONE', #4316, 1.000000000000000888 ) ;
#3275 = AXIS2_PLACEMENT_3D ( 'NONE', #4596, #6786, #1717 ) ;
#3276 = EDGE_LOOP ( 'NONE', ( #4019, #607, #2344, #2178 ) ) ;
#3277 = CARTESIAN_POINT ( 'NONE',  ( 274.0218402497579859, 4.014722753319752258, 1.299999999999999822 ) ) ;
#3278 = ORIENTED_EDGE ( 'NONE', *, *, #5416, .T. ) ;
#3279 = CARTESIAN_POINT ( 'NONE',  ( 52.49999999999999289, 0.1000000000079270812, 10.50000000000231282 ) ) ;
#3280 = VECTOR ( 'NONE', #6420, 1000.000000000000000 ) ;
#3281 = DIRECTION ( 'NONE',  ( -1.000000000000000000, 5.869125134844098244E-28, -1.448620856765738626E-15 ) ) ;
#3282 = CIRCLE ( 'NONE', #308, 10.00000000000039790 ) ;
#3283 = LINE ( 'NONE', #98, #1400 ) ;
#3284 = CARTESIAN_POINT ( 'NONE',  ( 274.9075042331397185, -3.556097760361474069, 0.1000000000000000056 ) ) ;
#3285 = ORIENTED_EDGE ( 'NONE', *, *, #3215, .T. ) ;
#3286 = DIRECTION ( 'NONE',  ( 0.000000000000000000, 0.000000000000000000, 1.000000000000000000 ) ) ;
#3287 = ORIENTED_EDGE ( 'NONE', *, *, #5944, .T. ) ;
#3288 = EDGE_LOOP ( 'NONE', ( #2261, #3203 ) ) ;
#3289 = CARTESIAN_POINT ( 'NONE',  ( 67.50000000000000000, 3.000000000000002665, 20.90000000000115321 ) ) ;
#3290 = LINE ( 'NONE', #1129, #2191 ) ;
#3291 = CARTESIAN_POINT ( 'NONE',  ( 52.49999999999999289, 3.000000000000002665, -10.50000000000030376 ) ) ;
#3292 = AXIS2_PLACEMENT_3D ( 'NONE', #5891, #3804, #434 ) ;
#3293 = LINE ( 'NONE', #4835, #725 ) ;
#3294 = CARTESIAN_POINT ( 'NONE',  ( 24.81934729198168199, 3.000000000000002665, 40.50000000000122924 ) ) ;
#3295 = DIRECTION ( 'NONE',  ( 0.000000000000000000, 0.000000000000000000, 1.000000000000000000 ) ) ;
#3296 = ORIENTED_EDGE ( 'NONE', *, *, #5163, .F. ) ;
#3297 = EDGE_CURVE ( 'NONE', #6683, #5323, #6815, .T. ) ;
#3298 = DIRECTION ( 'NONE',  ( 1.355252715616820190E-16, 1.000000000000000000, -4.343325478643108895E-30 ) ) ;
#3299 = DIRECTION ( 'NONE',  ( -0.000000000000000000, -0.000000000000000000, 1.000000000000000000 ) ) ;
#3300 = DIRECTION ( 'NONE',  ( 0.000000000000000000, 0.000000000000000000, 1.000000000000000000 ) ) ;
#3301 = VERTEX_POINT ( 'NONE', #2963 ) ;
#3302 = DIRECTION ( 'NONE',  ( 1.000000000000000000, 0.000000000000000000, 0.000000000000000000 ) ) ;
#3303 = CARTESIAN_POINT ( 'NONE',  ( 272.6276088614668538, -4.790528864852316993, 0.000000000000000000 ) ) ;
#3304 = EDGE_CURVE ( 'NONE', #2652, #4681, #1534, .T. ) ;
#3305 = EDGE_LOOP ( 'NONE', ( #6882, #299, #5264, #6386 ) ) ;
#3306 = DIRECTION ( 'NONE',  ( 0.000000000000000000, 0.000000000000000000, 1.000000000000000000 ) ) ;
#3307 = DIRECTION ( 'NONE',  ( -5.553580772755923110E-28, 1.000000000000000000, -5.420049715972916316E-30 ) ) ;
#3308 = EDGE_LOOP ( 'NONE', ( #1211, #975, #2682, #5722 ) ) ;
#3309 = CARTESIAN_POINT ( 'NONE',  ( -7.750000000002311040, 19.51279806695395536, -25.65000000000150138 ) ) ;
#3310 = ORIENTED_EDGE ( 'NONE', *, *, #2152, .F. ) ;
#3311 = EDGE_CURVE ( 'NONE', #2939, #6525, #4724, .T. ) ;
#3312 = ADVANCED_FACE ( 'NONE', ( #3538, #5192 ), #5667, .T. ) ;
#3313 = DIRECTION ( 'NONE',  ( 5.553580772755923110E-28, -1.000000000000000000, 5.420049715972916316E-30 ) ) ;
#3314 = CARTESIAN_POINT ( 'NONE',  ( 277.5454470876517803, 3.726610747780326527, 1.299999999999999822 ) ) ;
#3315 = CARTESIAN_POINT ( 'NONE',  ( -31.50000000000244427, 3.000000000000002665, 0.000000000000000000 ) ) ;
#3316 = DIRECTION ( 'NONE',  ( 1.000000000000000000, 0.000000000000000000, 0.000000000000000000 ) ) ;
#3317 = VERTEX_POINT ( 'NONE', #4618 ) ;
#3318 = EDGE_CURVE ( 'NONE', #6432, #4889, #4038, .T. ) ;
#3319 = CARTESIAN_POINT ( 'NONE',  ( -2.329355835984301491E-12, 2.700000000000008171, -17.25000000000081712 ) ) ;
#3320 = EDGE_LOOP ( 'NONE', ( #6044, #6127, #1624, #4867 ) ) ;
#3321 = EDGE_LOOP ( 'NONE', ( #824, #3310 ) ) ;
#3322 = CARTESIAN_POINT ( 'NONE',  ( 67.50000000000000000, 0.1000000000885847840, -9.000000000000303757 ) ) ;
#3323 = DIRECTION ( 'NONE',  ( 1.000000000000000000, 0.000000000000000000, 0.000000000000000000 ) ) ;
#3324 = CARTESIAN_POINT ( 'NONE',  ( 277.5454470876517803, 3.726610747780326527, 1.299999999999999822 ) ) ;
#3325 = CARTESIAN_POINT ( 'NONE',  ( 275.0218402497579859, 4.014722753319752258, 0.1000000000000000056 ) ) ;
#3326 = DIRECTION ( 'NONE',  ( 1.000000000000000000, 0.000000000000000000, 0.000000000000000000 ) ) ;
#3327 = DIRECTION ( 'NONE',  ( 0.000000000000000000, -5.087249021584617343E-30, 1.000000000000000000 ) ) ;
#3328 = AXIS2_PLACEMENT_3D ( 'NONE', #907, #6876, #1982 ) ;
#3329 = CARTESIAN_POINT ( 'NONE',  ( 277.8366876953515998, -5.888480458673511997, 2.899999999999999911 ) ) ;
#3330 = CYLINDRICAL_SURFACE ( 'NONE', #5370, 1.600000000000066702 ) ;
#3331 = ADVANCED_FACE ( 'NONE', ( #274 ), #1299, .F. ) ;
#3332 = DIRECTION ( 'NONE',  ( -0.000000000000000000, -0.000000000000000000, -1.000000000000000000 ) ) ;
#3333 = VERTEX_POINT ( 'NONE', #5126 ) ;
#3334 = AXIS2_PLACEMENT_3D ( 'NONE', #3303, #4080, #569 ) ;
#3335 = CARTESIAN_POINT ( 'NONE',  ( 0.9999999999999981126, 1.224646799147350742E-16, 0.4000000000000000222 ) ) ;
#3336 = ORIENTED_EDGE ( 'NONE', *, *, #6635, .T. ) ;
#3337 = CARTESIAN_POINT ( 'NONE',  ( 277.4311110710333992, -3.844209765900900688, 0.000000000000000000 ) ) ;
#3338 = AXIS2_PLACEMENT_3D ( 'NONE', #2256, #845, #3034 ) ;
#3339 = UNCERTAINTY_MEASURE_WITH_UNIT (LENGTH_MEASURE( 1.000000000000000082E-05 ), #3227, 'distance_accuracy_value', 'NONE');
#3340 = EDGE_CURVE ( 'NONE', #1305, #5084, #3257, .T. ) ;
#3341 = DIRECTION ( 'NONE',  ( 0.1134299234407203372, 0.9935459991707642491, -0.000000000000000000 ) ) ;
#3342 = CONICAL_SURFACE ( 'NONE', #5877, 17.55000000000069704, 0.7853981633974425058 ) ;
#3343 = EDGE_LOOP ( 'NONE', ( #3998, #1174, #5959, #4864 ) ) ;
#3344 = DIRECTION ( 'NONE',  ( 8.659560562306542405E-17, 0.7071067811865334729, -0.7071067811865616726 ) ) ;
#3345 = EDGE_LOOP ( 'NONE', ( #2151, #1363, #4917, #4103, #2061 ) ) ;
#3346 = VECTOR ( 'NONE', #3414, 1000.000000000000000 ) ;
#3347 = DIRECTION ( 'NONE',  ( -0.000000000000000000, -0.000000000000000000, 1.000000000000000000 ) ) ;
#3348 = CIRCLE ( 'NONE', #6216, 1.600000000000066702 ) ;
#3349 = DIRECTION ( 'NONE',  ( -0.000000000000000000, -0.000000000000000000, -1.000000000000000000 ) ) ;
#3350 = CARTESIAN_POINT ( 'NONE',  ( 24.81934729197926615, 0.5000000000000004441, 30.50000000000123279 ) ) ;
#3351 = CARTESIAN_POINT ( 'NONE',  ( 67.50000000000000000, 3.000000000000002665, -22.50000000000061107 ) ) ;
#3352 = EDGE_CURVE ( 'NONE', #1319, #3157, #397, .T. ) ;
#3353 = ORIENTED_EDGE ( 'NONE', *, *, #1743, .F. ) ;
#3354 = AXIS2_PLACEMENT_3D ( 'NONE', #6266, #2959, #3426 ) ;
#3355 = PLANE ( 'NONE',  #2074 ) ;
#3356 = VERTEX_POINT ( 'NONE', #4112 ) ;
#3357 = ORIENTED_EDGE ( 'NONE', *, *, #5337, .T. ) ;
#3358 = DIRECTION ( 'NONE',  ( 0.000000000000000000, 0.000000000000000000, -1.000000000000000000 ) ) ;
#3359 = CARTESIAN_POINT ( 'NONE',  ( 67.50000000000000000, 3.000000000000002665, -30.00000000000126121 ) ) ;
#3360 = FACE_BOUND ( 'NONE', #4444, .T. ) ;
#3361 = EDGE_CURVE ( 'NONE', #3522, #5256, #841, .T. ) ;
#3362 = EDGE_CURVE ( 'NONE', #2052, #6404, #2912, .T. ) ;
#3363 = LINE ( 'NONE', #4942, #6355 ) ;
#3364 = SURFACE_STYLE_USAGE ( .BOTH. , #1706 ) ;
#3365 = DIRECTION ( 'NONE',  ( -1.000000000000000000, 5.869125134844098244E-28, 1.314439483324459577E-28 ) ) ;
#3366 = AXIS2_PLACEMENT_3D ( 'NONE', #6596, #3248, #5455 ) ;
#3367 = CARTESIAN_POINT ( 'NONE',  ( 272.1308358618814509, -4.733813903131958156, 0.000000000000000000 ) ) ;
#3368 = LINE ( 'NONE', #5533, #2027 ) ;
#3369 = CARTESIAN_POINT ( 'NONE',  ( 276.6811110710334560, -3.844209765900900688, 0.000000000000000000 ) ) ;
#3370 = AXIS2_PLACEMENT_3D ( 'NONE', #3723, #527, #1487 ) ;
#3371 = VERTEX_POINT ( 'NONE', #4150 ) ;
#3372 = DIRECTION ( 'NONE',  ( 1.205852515282988074E-17, -1.000000000000000000, 1.546719916636128156E-14 ) ) ;
#3373 = DIRECTION ( 'NONE',  ( 1.000000000000000000, 0.000000000000000000, 0.000000000000000000 ) ) ;
#3374 = PRODUCT_RELATED_PRODUCT_CATEGORY ( 'part', '', ( #3594 ) ) ;
#3375 = DIRECTION ( 'NONE',  ( 0.000000000000000000, 0.000000000000000000, 1.000000000000000000 ) ) ;
#3376 = VECTOR ( 'NONE', #4980, 1000.000000000000000 ) ;
#3377 = CARTESIAN_POINT ( 'NONE',  ( 275.0529289993729662, -6.909307340452717661, 1.500000000000000000 ) ) ;
#3378 = EDGE_LOOP ( 'NONE', ( #505, #5914, #5653, #6899 ) ) ;
#3379 = DIRECTION ( 'NONE',  ( 1.000000000000000000, 0.000000000000000000, 0.000000000000000000 ) ) ;
#3380 = ORIENTED_EDGE ( 'NONE', *, *, #4965, .F. ) ;
#3381 = CIRCLE ( 'NONE', #3035, 6.300000000000246736 ) ;
#3382 = AXIS2_PLACEMENT_3D ( 'NONE', #6011, #1083, #2665 ) ;
#3383 = ADVANCED_FACE ( 'NONE', ( #4388 ), #2260, .T. ) ;
#3384 = CARTESIAN_POINT ( 'NONE',  ( 273.4456162386791220, -1.032490922467731664, 1.299999999999999822 ) ) ;
#3385 = CARTESIAN_POINT ( 'NONE',  ( 276.1135873735464656, 12.89206442302036315, 1.500000000000000000 ) ) ;
#3386 = CARTESIAN_POINT ( 'NONE',  ( -7.750000000002338574, 19.51279806695395536, -26.15000000000144809 ) ) ;
#3387 = AXIS2_PLACEMENT_3D ( 'NONE', #2717, #1098, #1632 ) ;
#3388 = AXIS2_PLACEMENT_3D ( 'NONE', #2731, #3306, #5508 ) ;
#3389 = ORIENTED_EDGE ( 'NONE', *, *, #2808, .F. ) ;
#3390 = CARTESIAN_POINT ( 'NONE',  ( 0.000000000000000000, 0.000000000000000000, 25.00000000000122924 ) ) ;
#3391 = EDGE_CURVE ( 'NONE', #3868, #5633, #2563, .T. ) ;
#3392 = AXIS2_PLACEMENT_3D ( 'NONE', #5629, #6130, #2889 ) ;
#3393 = EDGE_LOOP ( 'NONE', ( #2331, #504, #1949, #5794 ) ) ;
#3394 = ORIENTED_EDGE ( 'NONE', *, *, #4594, .F. ) ;
#3395 = DIRECTION ( 'NONE',  ( -1.262177448353569787E-28, 0.000000000000000000, -1.000000000000000000 ) ) ;
#3396 = DIRECTION ( 'NONE',  ( -7.052416492675824913E-28, 0.7071067811865474617, -0.7071067811865476838 ) ) ;
#3397 = DIRECTION ( 'NONE',  ( -1.156482317316537317E-16, 5.091672279150255332E-30, -1.000000000000000000 ) ) ;
#3398 = CYLINDRICAL_SURFACE ( 'NONE', #5677, 1.000000000000000888 ) ;
#3399 = FACE_OUTER_BOUND ( 'NONE', #4591, .T. ) ;
#3400 = VERTEX_POINT ( 'NONE', #1518 ) ;
#3401 = EDGE_CURVE ( 'NONE', #3033, #195, #5790, .T. ) ;
#3402 = EDGE_CURVE ( 'NONE', #336, #2661, #5795, .T. ) ;
#3403 = AXIS2_PLACEMENT_3D ( 'NONE', #561, #1599, #4873 ) ;
#3404 = DIRECTION ( 'NONE',  ( -5.553580772755923110E-28, 1.000000000000000000, -5.420049715972916316E-30 ) ) ;
#3405 = CARTESIAN_POINT ( 'NONE',  ( 67.50000000000000000, 3.000000000000474287, -10.59999999994159836 ) ) ;
#3406 = CARTESIAN_POINT ( 'NONE',  ( -7.750000000002311040, 19.51279806695395536, -20.35000000000081144 ) ) ;
#3407 = ORIENTED_EDGE ( 'NONE', *, *, #3010, .T. ) ;
#3408 = DIRECTION ( 'NONE',  ( -0.7172486458425116895, 1.076916333886401529E-14, 0.6968173218549343906 ) ) ;
#3409 = FACE_OUTER_BOUND ( 'NONE', #6122, .T. ) ;
#3410 = CARTESIAN_POINT ( 'NONE',  ( 10.34999999999985931, 1.500000000000001332, -23.00000000000107292 ) ) ;
#3411 = UNCERTAINTY_MEASURE_WITH_UNIT (LENGTH_MEASURE( 1.000000000000000082E-05 ), #5355, 'distance_accuracy_value', 'NONE');
#3412 = CARTESIAN_POINT ( 'NONE',  ( 276.7954470876517803, 3.726610747780326527, 0.000000000000000000 ) ) ;
#3413 = ORIENTED_EDGE ( 'NONE', *, *, #2270, .T. ) ;
#3414 = DIRECTION ( 'NONE',  ( -0.000000000000000000, -0.000000000000000000, 1.000000000000000000 ) ) ;
#3415 = ORIENTED_EDGE ( 'NONE', *, *, #4052, .T. ) ;
#3416 = ORIENTED_EDGE ( 'NONE', *, *, #1773, .T. ) ;
#3417 = DIRECTION ( 'NONE',  ( 0.000000000000000000, 0.000000000000000000, 1.000000000000000000 ) ) ;
#3418 = CARTESIAN_POINT ( 'NONE',  ( -10.35000000000230180, 0.2999999999999947153, -23.00000000000107647 ) ) ;
#3419 = DIRECTION ( 'NONE',  ( -0.000000000000000000, -0.000000000000000000, 1.000000000000000000 ) ) ;
#3420 = EDGE_CURVE ( 'NONE', #6404, #5801, #1077, .T. ) ;
#3421 = EDGE_LOOP ( 'NONE', ( #2505, #690, #4936, #5357 ) ) ;
#3422 = EDGE_LOOP ( 'NONE', ( #6759, #1191 ) ) ;
#3423 = FACE_BOUND ( 'NONE', #6576, .T. ) ;
#3424 = ORIENTED_EDGE ( 'NONE', *, *, #4575, .F. ) ;
#3425 = LINE ( 'NONE', #5627, #5091 ) ;
#3426 = DIRECTION ( 'NONE',  ( 1.000000000000000000, 0.000000000000000000, 0.000000000000000000 ) ) ;
#3427 = DIRECTION ( 'NONE',  ( -5.553580772755923110E-28, 1.000000000000000000, -5.420049715972916316E-30 ) ) ;
#3428 = CARTESIAN_POINT ( 'NONE',  ( 0.000000000000000000, 0.000000000000000000, 0.4000000000000000222 ) ) ;
#3429 = EDGE_CURVE ( 'NONE', #6250, #5895, #543, .T. ) ;
#3430 = DIRECTION ( 'NONE',  ( -5.553580772755923110E-28, 1.000000000000000000, -5.420049715972916316E-30 ) ) ;
#3431 = ORIENTED_EDGE ( 'NONE', *, *, #3628, .T. ) ;
#3432 = DIRECTION ( 'NONE',  ( 1.000000000000000000, 0.000000000000000000, 0.000000000000000000 ) ) ;
#3433 = CYLINDRICAL_SURFACE ( 'NONE', #648, 3.149999999999986144 ) ;
#3434 = EDGE_CURVE ( 'NONE', #744, #6492, #6580, .T. ) ;
#3435 = FACE_OUTER_BOUND ( 'NONE', #1902, .T. ) ;
#3436 = ORIENTED_EDGE ( 'NONE', *, *, #718, .F. ) ;
#3437 = DIRECTION ( 'NONE',  ( 0.05127920178433613418, -1.568006375678803010E-14, -0.9986843562729724733 ) ) ;
#3438 = AXIS2_PLACEMENT_3D ( 'NONE', #7031, #2207, #3327 ) ;
#3439 = LINE ( 'NONE', #4050, #6491 ) ;
#3440 = EDGE_CURVE ( 'NONE', #6033, #5364, #1993, .T. ) ;
#3441 = VECTOR ( 'NONE', #4355, 1000.000000000000114 ) ;
#3442 = EDGE_CURVE ( 'NONE', #1593, #6782, #610, .T. ) ;
#3443 = LINE ( 'NONE', #5721, #5000 ) ;
#3444 = ORIENTED_EDGE ( 'NONE', *, *, #3557, .F. ) ;
#3445 = DIRECTION ( 'NONE',  ( -0.000000000000000000, -0.000000000000000000, -1.000000000000000000 ) ) ;
#3446 = VERTEX_POINT ( 'NONE', #2058 ) ;
#3447 = AXIS2_PLACEMENT_3D ( 'NONE', #7004, #2076, #469 ) ;
#3448 = ORIENTED_EDGE ( 'NONE', *, *, #371, .T. ) ;
#3449 = DIRECTION ( 'NONE',  ( -5.553580772755923110E-28, 1.000000000000000000, -5.420049715972916316E-30 ) ) ;
#3450 = DIRECTION ( 'NONE',  ( -0.1134299234407191437, -0.9935459991707643601, 0.000000000000000000 ) ) ;
#3451 = DIRECTION ( 'NONE',  ( 4.149408361462464699E-28, -0.7071067811865439090, -0.7071067811865511255 ) ) ;
#3452 = COLOUR_RGB ( '',1.000000000000000000, 1.000000000000000000, 1.000000000000000000 ) ;
#3453 = VECTOR ( 'NONE', #994, 1000.000000000000000 ) ;
#3454 = ORIENTED_EDGE ( 'NONE', *, *, #359, .T. ) ;
#3455 = CIRCLE ( 'NONE', #2189, 0.5000000000000004441 ) ;
#3456 = VECTOR ( 'NONE', #5494, 1000.000000000000000 ) ;
#3457 = VERTEX_POINT ( 'NONE', #3851 ) ;
#3458 = CARTESIAN_POINT ( 'NONE',  ( -10.35000000000230180, 0.2999999999999947153, -24.00000000000111910 ) ) ;
#3459 = EDGE_CURVE ( 'NONE', #3088, #6292, #3853, .T. ) ;
#3460 = ORIENTED_EDGE ( 'NONE', *, *, #1504, .T. ) ;
#3461 = DIRECTION ( 'NONE',  ( -0.000000000000000000, -0.000000000000000000, 1.000000000000000000 ) ) ;
#3462 = CARTESIAN_POINT ( 'NONE',  ( -2.442490654175344389E-12, 3.000000000000002665, 0.000000000000000000 ) ) ;
#3463 =( REPRESENTATION_RELATIONSHIP ('NONE','NONE', #1545, #48 ) REPRESENTATION_RELATIONSHIP_WITH_TRANSFORMATION ( #4089 )SHAPE_REPRESENTATION_RELATIONSHIP( ) );
#3464 = DIRECTION ( 'NONE',  ( 0.000000000000000000, 0.000000000000000000, -1.000000000000000000 ) ) ;
#3465 = CARTESIAN_POINT ( 'NONE',  ( 67.50000000000000000, 3.000000000000002665, 2.599999999999960121 ) ) ;
#3466 = VECTOR ( 'NONE', #5704, 1000.000000000000114 ) ;
#3467 = DIRECTION ( 'NONE',  ( -8.659560562298226085E-17, -0.7071067811865440200, 0.7071067811865511255 ) ) ;
#3468 = ORIENTED_EDGE ( 'NONE', *, *, #6688, .T. ) ;
#3469 = ORIENTED_EDGE ( 'NONE', *, *, #3761, .T. ) ;
#3470 = ADVANCED_FACE ( 'NONE', ( #10 ), #2599, .F. ) ;
#3471 = CARTESIAN_POINT ( 'NONE',  ( -9.580000000002309335, 1.499999999999973577, -19.85000000000086828 ) ) ;
#3472 = DIRECTION ( 'NONE',  ( 1.000000000000000000, 0.000000000000000000, 0.000000000000000000 ) ) ;
#3473 = CYLINDRICAL_SURFACE ( 'NONE', #6159, 0.5000000000000177636 ) ;
#3474 = PRODUCT ( '摄像头固定板顶针胶壳（定位销）A2', '摄像头固定板顶针胶壳（定位销）A2', '', ( #3692 ) ) ;
#3475 = VERTEX_POINT ( 'NONE', #1651 ) ;
#3476 = SHAPE_DEFINITION_REPRESENTATION ( #2043, #1000 ) ;
#3477 = SHAPE_REPRESENTATION ( 'MM0154 摄像头固定板1305（定位销）A2', ( #2423 ), #2659 ) ;
#3478 = AXIS2_PLACEMENT_3D ( 'NONE', #5123, #1232, #6702 ) ;
#3479 = EDGE_CURVE ( 'NONE', #2375, #2312, #4961, .T. ) ;
#3480 = DIRECTION ( 'NONE',  ( 0.000000000000000000, 0.000000000000000000, 1.000000000000000000 ) ) ;
#3481 = AXIS2_PLACEMENT_3D ( 'NONE', #626, #2822, #3005 ) ;
#3482 = FACE_OUTER_BOUND ( 'NONE', #2446, .T. ) ;
#3483 = ORIENTED_EDGE ( 'NONE', *, *, #4585, .F. ) ;
#3484 = ORIENTED_EDGE ( 'NONE', *, *, #982, .T. ) ;
#3485 = VERTEX_POINT ( 'NONE', #3679 ) ;
#3486 = EDGE_CURVE ( 'NONE', #4000, #5709, #187, .T. ) ;
#3487 = VECTOR ( 'NONE', #1413, 1000.000000000000000 ) ;
#3488 = EDGE_CURVE ( 'NONE', #2396, #5934, #2222, .T. ) ;
#3489 = CARTESIAN_POINT ( 'NONE',  ( 1.131715575950216654E-13, 9.512187251532965043E-29, 17.55000000000058691 ) ) ;
#3490 = CARTESIAN_POINT ( 'NONE',  ( 276.6811110710334560, -3.844209765900900688, 1.299999999999999822 ) ) ;
#3491 = CARTESIAN_POINT ( 'NONE',  ( -17.67766952966359639, 3.000000000000002665, 11.37766952966340739 ) ) ;
#3492 = VECTOR ( 'NONE', #636, 1000.000000000000000 ) ;
#3493 = AXIS2_PLACEMENT_3D ( 'NONE', #6517, #4393, #579 ) ;
#3494 = EDGE_LOOP ( 'NONE', ( #3145, #1686 ) ) ;
#3495 = EDGE_LOOP ( 'NONE', ( #6343, #531, #2434, #5695, #585, #2815, #5702, #4675, #7006, #4646 ) ) ;
#3496 = DIRECTION ( 'NONE',  ( -1.000000000000000000, 0.000000000000000000, 0.000000000000000000 ) ) ;
#3497 = CIRCLE ( 'NONE', #6031, 0.7499999999999729106 ) ;
#3498 = ORIENTED_EDGE ( 'NONE', *, *, #6609, .T. ) ;
#3499 = DIRECTION ( 'NONE',  ( 0.000000000000000000, -5.087249021584615241E-30, 1.000000000000000000 ) ) ;
#3500 = AXIS2_PLACEMENT_3D ( 'NONE', #2657, #4348, #3916 ) ;
#3501 = DIRECTION ( 'NONE',  ( -7.752331514756620451E-16, -0.7071067811865152652, 0.7071067811865798802 ) ) ;
#3502 = CARTESIAN_POINT ( 'NONE',  ( 67.50000000000000000, 2.900000000016972557, 7.500000000013113954 ) ) ;
#3503 = DIRECTION ( 'NONE',  ( -0.000000000000000000, -0.000000000000000000, 1.000000000000000000 ) ) ;
#3504 = DIRECTION ( 'NONE',  ( 5.553580772755923110E-28, -1.000000000000000000, 5.420049715972916316E-30 ) ) ;
#3505 = EDGE_LOOP ( 'NONE', ( #5499, #3159, #6359, #5367 ) ) ;
#3506 = VECTOR ( 'NONE', #5448, 999.9999999999998863 ) ;
#3507 = CIRCLE ( 'NONE', #3738, 0.8000000000000402345 ) ;
#3508 = ORIENTED_EDGE ( 'NONE', *, *, #6255, .F. ) ;
#3509 = CARTESIAN_POINT ( 'NONE',  ( 275.0218402497579859, 4.014722753319752258, 1.299999999999999822 ) ) ;
#3510 = AXIS2_PLACEMENT_3D ( 'NONE', #5517, #1588, #4969 ) ;
#3511 = AXIS2_PLACEMENT_3D ( 'NONE', #1068, #3769, #1681 ) ;
#3512 = DIRECTION ( 'NONE',  ( -7.036639274571328447E-28, 0.7071067811865577868, -0.7071067811865373587 ) ) ;
#3513 = FACE_OUTER_BOUND ( 'NONE', #2923, .T. ) ;
#3514 = EDGE_CURVE ( 'NONE', #2131, #2306, #1092, .T. ) ;
#3515 = ORIENTED_EDGE ( 'NONE', *, *, #2421, .T. ) ;
#3516 = CARTESIAN_POINT ( 'NONE',  ( -2.710287528293386927, 129.1331757274303982, -226.5175887643319186 ) ) ;
#3517 = STYLED_ITEM ( 'NONE', ( #630 ), #4359 ) ;
#3518 = FACE_OUTER_BOUND ( 'NONE', #360, .T. ) ;
#3519 = CIRCLE ( 'NONE', #6625, 3.149999999999986144 ) ;
#3520 = DIRECTION ( 'NONE',  ( -0.1134299234407191437, -0.9935459991707643601, 0.000000000000000000 ) ) ;
#3521 = EDGE_CURVE ( 'NONE', #6225, #5932, #2469, .T. ) ;
#3522 = VERTEX_POINT ( 'NONE', #1690 ) ;
#3523 = LINE ( 'NONE', #6725, #1160 ) ;
#3524 = ORIENTED_EDGE ( 'NONE', *, *, #1981, .T. ) ;
#3525 = ORIENTED_EDGE ( 'NONE', *, *, #1398, .F. ) ;
#3526 = CARTESIAN_POINT ( 'NONE',  ( 278.5135873735464429, 12.89206442302036315, 1.500000000000000000 ) ) ;
#3527 = DIRECTION ( 'NONE',  ( -0.000000000000000000, -0.000000000000000000, -1.000000000000000000 ) ) ;
#3528 = CARTESIAN_POINT ( 'NONE',  ( 277.2573350821123768, 1.203003909886584122, 0.1000000000000000056 ) ) ;
#3529 = EDGE_CURVE ( 'NONE', #7049, #6341, #521, .T. ) ;
#3530 = ADVANCED_FACE ( 'NONE', ( #6077 ), #3625, .F. ) ;
#3531 = VERTEX_POINT ( 'NONE', #1819 ) ;
#3532 = ORIENTED_EDGE ( 'NONE', *, *, #2998, .T. ) ;
#3533 = FACE_OUTER_BOUND ( 'NONE', #5731, .T. ) ;
#3534 = ORIENTED_EDGE ( 'NONE', *, *, #1313, .F. ) ;
#3535 = CARTESIAN_POINT ( 'NONE',  ( 277.8366876953515998, -5.888480458673511997, 3.100000000000000089 ) ) ;
#3536 = DIRECTION ( 'NONE',  ( -5.553580772755923110E-28, 1.000000000000000000, -5.420049715972916316E-30 ) ) ;
#3537 = CARTESIAN_POINT ( 'NONE',  ( 279.1216710987305873, 8.773824423567811337, 1.299999999999999822 ) ) ;
#3538 = FACE_BOUND ( 'NONE', #4796, .T. ) ;
#3539 = EDGE_CURVE ( 'NONE', #964, #2930, #6721, .T. ) ;
#3540 = ADVANCED_FACE ( 'NONE', ( #5647 ), #675, .F. ) ;
#3541 = ORIENTED_EDGE ( 'NONE', *, *, #2029, .F. ) ;
#3542 = ORIENTED_EDGE ( 'NONE', *, *, #6324, .F. ) ;
#3543 = VERTEX_POINT ( 'NONE', #4055 ) ;
#3544 = DIRECTION ( 'NONE',  ( 1.000000000000000000, 0.000000000000000000, 0.000000000000000000 ) ) ;
#3545 = DIRECTION ( 'NONE',  ( -5.553580772755923110E-28, 1.000000000000000000, -5.420049715972916316E-30 ) ) ;
#3546 = DIRECTION ( 'NONE',  ( -5.553580772755923110E-28, 1.000000000000000000, -5.420049715972916316E-30 ) ) ;
#3547 = LINE ( 'NONE', #5746, #3979 ) ;
#3548 = ORIENTED_EDGE ( 'NONE', *, *, #2553, .T. ) ;
#3549 = ITEM_DEFINED_TRANSFORMATION ( 'NONE', 'NONE', #21,  #2423 ) ;
#3550 = DIRECTION ( 'NONE',  ( 2.997525552164805895E-28, -0.7071067811865378028, -0.7071067811865572317 ) ) ;
#3551 = EDGE_CURVE ( 'NONE', #2876, #6, #4317, .T. ) ;
#3552 = DIRECTION ( 'NONE',  ( -1.226634733343891952E-16, -0.7071067811865542341, -0.7071067811865408004 ) ) ;
#3553 = ORIENTED_EDGE ( 'NONE', *, *, #4234, .T. ) ;
#3554 = EDGE_LOOP ( 'NONE', ( #922, #1664, #2444, #5196, #6667, #5107, #3683, #4465 ) ) ;
#3555 = EDGE_LOOP ( 'NONE', ( #4298, #1801, #3082, #1181, #6463 ) ) ;
#3556 = CARTESIAN_POINT ( 'NONE',  ( 10.34999999999744524, 1.500000000000001332, -22.00000000000107292 ) ) ;
#3557 = EDGE_CURVE ( 'NONE', #23, #1467, #152, .T. ) ;
#3558 = LINE ( 'NONE', #6465, #3842 ) ;
#3559 = VECTOR ( 'NONE', #1084, 1000.000000000000000 ) ;
#3560 = CARTESIAN_POINT ( 'NONE',  ( 273.7655879583236356, -7.674337759814201299, 1.500000000000000000 ) ) ;
#3561 =( GEOMETRIC_REPRESENTATION_CONTEXT ( 3 ) GLOBAL_UNCERTAINTY_ASSIGNED_CONTEXT ( ( #5209 ) ) GLOBAL_UNIT_ASSIGNED_CONTEXT ( ( #6649, #5059, #2393 ) ) REPRESENTATION_CONTEXT ( 'NONE', 'WORKASPACE' ) );
#3562 = EDGE_LOOP ( 'NONE', ( #2223, #5650, #2078, #1862 ) ) ;
#3563 = CIRCLE ( 'NONE', #2296, 0.7499999999999729106 ) ;
#3564 = VERTEX_POINT ( 'NONE', #1789 ) ;
#3565 = AXIS2_PLACEMENT_3D ( 'NONE', #6762, #4605, #6258 ) ;
#3566 = CARTESIAN_POINT ( 'NONE',  ( 276.6811110710334560, -3.844209765900900688, 1.299999999999999822 ) ) ;
#3567 = EDGE_CURVE ( 'NONE', #6737, #4210, #2353, .T. ) ;
#3568 = ORIENTED_EDGE ( 'NONE', *, *, #7053, .T. ) ;
#3569 = CARTESIAN_POINT ( 'NONE',  ( 19.59422154630130564, 0.5000000000000004441, -31.97368421052754073 ) ) ;
#3570 = DIRECTION ( 'NONE',  ( 0.000000000000000000, 0.000000000000000000, 1.000000000000000000 ) ) ;
#3571 = DIRECTION ( 'NONE',  ( 5.553580772755923110E-28, -1.000000000000000000, 5.420049715972916316E-30 ) ) ;
#3572 = CARTESIAN_POINT ( 'NONE',  ( 277.8335590931911838, 6.250217585674071152, 2.899999999999999911 ) ) ;
#3573 = AXIS2_PLACEMENT_3D ( 'NONE', #5295, #1440, #6943 ) ;
#3574 = VERTEX_POINT ( 'NONE', #2839 ) ;
#3575 = DIRECTION ( 'NONE',  ( 1.000000000000000000, 0.000000000000000000, 0.000000000000000000 ) ) ;
#3576 = ORIENTED_EDGE ( 'NONE', *, *, #5518, .F. ) ;
#3577 = ADVANCED_FACE ( 'NONE', ( #1281, #6114 ), #6214, .T. ) ;
#3578 = EDGE_LOOP ( 'NONE', ( #5398, #5186 ) ) ;
#3579 = DIRECTION ( 'NONE',  ( 0.000000000000000000, 0.000000000000000000, 1.000000000000000000 ) ) ;
#3580 = ADVANCED_FACE ( 'NONE', ( #2945 ), #4881, .F. ) ;
#3581 = DIRECTION ( 'NONE',  ( -0.000000000000000000, -0.000000000000000000, 1.000000000000000000 ) ) ;
#3582 = CIRCLE ( 'NONE', #3009, 1.000000000000042633 ) ;
#3583 = LINE ( 'NONE', #851, #4859 ) ;
#3584 = DIRECTION ( 'NONE',  ( -5.553580772755923110E-28, 1.000000000000000000, -5.420049715972916316E-30 ) ) ;
#3585 = DIRECTION ( 'NONE',  ( 0.000000000000000000, 0.000000000000000000, 1.000000000000000000 ) ) ;
#3586 = ORIENTED_EDGE ( 'NONE', *, *, #6969, .T. ) ;
#3587 = VECTOR ( 'NONE', #7056, 1000.000000000000000 ) ;
#3588 = DIRECTION ( 'NONE',  ( 0.000000000000000000, 0.000000000000000000, 1.000000000000000000 ) ) ;
#3589 = FACE_OUTER_BOUND ( 'NONE', #279, .T. ) ;
#3590 = VECTOR ( 'NONE', #3461, 1000.000000000000000 ) ;
#3591 = ORIENTED_EDGE ( 'NONE', *, *, #3011, .F. ) ;
#3592 = ORIENTED_EDGE ( 'NONE', *, *, #1367, .F. ) ;
#3593 = EDGE_CURVE ( 'NONE', #5290, #1919, #3443, .T. ) ;
#3594 = PRODUCT ( 'MM0154 摄像头固定板1305（定位销）A2', 'MM0154 摄像头固定板1305（定位销）A2', '', ( #2577 ) ) ;
#3595 = ORIENTED_EDGE ( 'NONE', *, *, #1810, .F. ) ;
#3596 = CARTESIAN_POINT ( 'NONE',  ( 10.34999999999744524, 0.2999999999999947153, -24.00000000000080647 ) ) ;
#3597 = VECTOR ( 'NONE', #4976, 1000.000000000000000 ) ;
#3598 = CARTESIAN_POINT ( 'NONE',  ( 274.2718402497580428, 4.014722753319752258, 0.000000000000000000 ) ) ;
#3599 = CARTESIAN_POINT ( 'NONE',  ( 67.50000000000000000, 0.09999999997950537178, 2.499999999999429789 ) ) ;
#3600 = APPLICATION_CONTEXT ( 'automotive_design' ) ;
#3601 = CARTESIAN_POINT ( 'NONE',  ( 67.50000000000000000, 3.000000000000002665, -7.500000000000603073 ) ) ;
#3602 = ORIENTED_EDGE ( 'NONE', *, *, #3486, .T. ) ;
#3603 = ADVANCED_FACE ( 'NONE', ( #2365 ), #2433, .F. ) ;
#3604 = VECTOR ( 'NONE', #3273, 1000.000000000000000 ) ;
#3605 = VERTEX_POINT ( 'NONE', #6753 ) ;
#3606 = FACE_OUTER_BOUND ( 'NONE', #1957, .T. ) ;
#3607 = VERTEX_POINT ( 'NONE', #5581 ) ;
#3608 = CARTESIAN_POINT ( 'NONE',  ( 52.49999999999999289, 0.1000000000079270812, -10.49999999999492317 ) ) ;
#3609 = DIRECTION ( 'NONE',  ( 0.000000000000000000, 0.000000000000000000, 1.000000000000000000 ) ) ;
#3610 = LINE ( 'NONE', #879, #4772 ) ;
#3611 = AXIS2_PLACEMENT_3D ( 'NONE', #2755, #4453, #1709 ) ;
#3612 = AXIS2_PLACEMENT_3D ( 'NONE', #1856, #5037, #5654 ) ;
#3613 = DIRECTION ( 'NONE',  ( 1.000000000000000000, 0.000000000000000000, 0.000000000000000000 ) ) ;
#3614 = VERTEX_POINT ( 'NONE', #5684 ) ;
#3615 = ADVANCED_FACE ( 'NONE', ( #3482 ), #5614, .F. ) ;
#3616 = CARTESIAN_POINT ( 'NONE',  ( 278.1216710987305873, 8.773824423567811337, 1.299999999999999822 ) ) ;
#3617 = AXIS2_PLACEMENT_3D ( 'NONE', #6867, #6257, #5691 ) ;
#3618 = CIRCLE ( 'NONE', #5463, 1.000000000000000888 ) ;
#3619 = ORIENTED_EDGE ( 'NONE', *, *, #2561, .T. ) ;
#3620 = ORIENTED_EDGE ( 'NONE', *, *, #4012, .T. ) ;
#3621 = DIRECTION ( 'NONE',  ( 1.000000000000000000, 0.000000000000000000, 0.000000000000000000 ) ) ;
#3622 = DIRECTION ( 'NONE',  ( 1.000000000000000000, 0.000000000000000000, 0.000000000000000000 ) ) ;
#3623 = FACE_OUTER_BOUND ( 'NONE', #2400, .T. ) ;
#3624 = AXIS2_PLACEMENT_3D ( 'NONE', #5849, #2501, #5349 ) ;
#3625 = CONICAL_SURFACE ( 'NONE', #3048, 2.600000000029569769, 0.7853981633974482790 ) ;
#3626 = CYLINDRICAL_SURFACE ( 'NONE', #4553, 1.000000000000039080 ) ;
#3627 = CYLINDRICAL_SURFACE ( 'NONE', #477, 0.5000000000000004441 ) ;
#3628 = EDGE_CURVE ( 'NONE', #664, #1530, #5141, .T. ) ;
#3629 = EDGE_CURVE ( 'NONE', #4318, #6249, #4199, .T. ) ;
#3630 = ORIENTED_EDGE ( 'NONE', *, *, #275, .F. ) ;
#3631 = VECTOR ( 'NONE', #6951, 1000.000000000000000 ) ;
#3632 = CARTESIAN_POINT ( 'NONE',  ( 278.1216710987305873, 8.773824423567811337, 1.299999999999999822 ) ) ;
#3633 = FACE_OUTER_BOUND ( 'NONE', #5897, .T. ) ;
#3634 = AXIS2_PLACEMENT_3D ( 'NONE', #2610, #5497, #4267 ) ;
#3635 = VERTEX_POINT ( 'NONE', #1317 ) ;
#3636 =( LENGTH_UNIT ( ) NAMED_UNIT ( * ) SI_UNIT ( .MILLI., .METRE. ) );
#3637 = EDGE_LOOP ( 'NONE', ( #1468, #5308, #205, #3047 ) ) ;
#3638 = ORIENTED_EDGE ( 'NONE', *, *, #2703, .F. ) ;
#3639 = DIRECTION ( 'NONE',  ( -0.000000000000000000, -0.000000000000000000, 1.000000000000000000 ) ) ;
#3640 = CIRCLE ( 'NONE', #3175, 37.50000000000145661 ) ;
#3641 = PRESENTATION_STYLE_ASSIGNMENT (( #3165 ) ) ;
#3642 = PRODUCT_DEFINITION_SHAPE ( 'NONE', 'NONE',  #7103 ) ;
#3643 = DIRECTION ( 'NONE',  ( -1.000000000000000000, 0.000000000000000000, -0.000000000000000000 ) ) ;
#3644 = ORIENTED_EDGE ( 'NONE', *, *, #4204, .F. ) ;
#3645 = VECTOR ( 'NONE', #1514, 1000.000000000000114 ) ;
#3646 = ORIENTED_EDGE ( 'NONE', *, *, #5432, .F. ) ;
#3647 = DIRECTION ( 'NONE',  ( 0.000000000000000000, 0.000000000000000000, -1.000000000000000000 ) ) ;
#3648 = CYLINDRICAL_SURFACE ( 'NONE', #2637, 2.500000000000097700 ) ;
#3649 = CARTESIAN_POINT ( 'NONE',  ( 52.49999999999999289, 2.900000000031155434, -10.50000000000928679 ) ) ;
#3650 = DIRECTION ( 'NONE',  ( 5.553580772755923110E-28, -1.000000000000000000, 5.420049715972916316E-30 ) ) ;
#3651 = EDGE_CURVE ( 'NONE', #102, #6928, #645, .T. ) ;
#3652 = DIRECTION ( 'NONE',  ( 1.000000000000000000, 0.000000000000000000, 0.000000000000000000 ) ) ;
#3653 = ORIENTED_EDGE ( 'NONE', *, *, #492, .F. ) ;
#3654 = CARTESIAN_POINT ( 'NONE',  ( 275.0218402497579859, 4.014722753319752258, 0.1000000000000000056 ) ) ;
#3655 = EDGE_LOOP ( 'NONE', ( #6850, #6612, #958, #453 ) ) ;
#3656 = ORIENTED_EDGE ( 'NONE', *, *, #6895, .T. ) ;
#3657 = LINE ( 'NONE', #5818, #3280 ) ;
#3658 = LINE ( 'NONE', #3110, #2463 ) ;
#3659 = EDGE_CURVE ( 'NONE', #2135, #1124, #5033, .T. ) ;
#3660 = LINE ( 'NONE', #889, #3139 ) ;
#3661 = FACE_OUTER_BOUND ( 'NONE', #5150, .T. ) ;
#3662 = DIRECTION ( 'NONE',  ( 1.000000000000000000, 0.000000000000000000, 0.000000000000000000 ) ) ;
#3663 = EDGE_LOOP ( 'NONE', ( #5214, #6302 ) ) ;
#3664 = FACE_BOUND ( 'NONE', #3898, .T. ) ;
#3665 = EDGE_CURVE ( 'NONE', #6845, #4008, #4492, .T. ) ;
#3666 = DIRECTION ( 'NONE',  ( -0.000000000000000000, -0.000000000000000000, 1.000000000000000000 ) ) ;
#3667 = ORIENTED_EDGE ( 'NONE', *, *, #4320, .F. ) ;
#3668 = ORIENTED_EDGE ( 'NONE', *, *, #6088, .F. ) ;
#3669 = EDGE_LOOP ( 'NONE', ( #4068, #7020, #3357, #1285 ) ) ;
#3670 = LINE ( 'NONE', #5369, #1088 ) ;
#3671 = ADVANCED_FACE ( 'NONE', ( #3633 ), #3052, .T. ) ;
#3672 = ADVANCED_FACE ( 'NONE', ( #2044 ), #963, .F. ) ;
#3673 = CARTESIAN_POINT ( 'NONE',  ( 274.7337282442185824, 1.491115915426010963, 0.000000000000000000 ) ) ;
#3674 = ORIENTED_EDGE ( 'NONE', *, *, #1427, .T. ) ;
#3675 = CARTESIAN_POINT ( 'NONE',  ( 10.34999999999744524, 0.09999999999998898659, -23.00000000000076739 ) ) ;
#3676 = LINE ( 'NONE', #2523, #4593 ) ;
#3677 = FACE_OUTER_BOUND ( 'NONE', #366, .T. ) ;
#3678 = CYLINDRICAL_SURFACE ( 'NONE', #4887, 1.000000000000000888 ) ;
#3679 = CARTESIAN_POINT ( 'NONE',  ( 274.3099522552975031, 6.538329591213495107, 2.899999999999999911 ) ) ;
#3680 = VERTEX_POINT ( 'NONE', #6896 ) ;
#3681 = DIRECTION ( 'NONE',  ( 0.000000000000000000, 5.087249021584615241E-30, -1.000000000000000000 ) ) ;
#3682 = ORIENTED_EDGE ( 'NONE', *, *, #1279, .T. ) ;
#3683 = ORIENTED_EDGE ( 'NONE', *, *, #6438, .T. ) ;
#3684 = DIRECTION ( 'NONE',  ( 5.553580772755923110E-28, -1.000000000000000000, 5.420049715972916316E-30 ) ) ;
#3685 = CIRCLE ( 'NONE', #5646, 3.050000000000118394 ) ;
#3686 = CARTESIAN_POINT ( 'NONE',  ( 279.1216710987305873, 8.773824423567811337, 1.299999999999999822 ) ) ;
#3687 = LINE ( 'NONE', #814, #6010 ) ;
#3688 = CONICAL_SURFACE ( 'NONE', #587, 1.199999999999978861, 0.7853981633973935450 ) ;
#3689 = CARTESIAN_POINT ( 'NONE',  ( 52.49999999999999289, 2.899999999999986144, 9.000000000000001776 ) ) ;
#3690 = FACE_OUTER_BOUND ( 'NONE', #6848, .T. ) ;
#3691 = ORIENTED_EDGE ( 'NONE', *, *, #1119, .T. ) ;
#3692 = PRODUCT_CONTEXT ( 'NONE', #5072, 'mechanical' ) ;
#3693 = EDGE_CURVE ( 'NONE', #1323, #4381, #3507, .T. ) ;
#3694 = AXIS2_PLACEMENT_3D ( 'NONE', #257, #2397, #3922 ) ;
#3695 = CONICAL_SURFACE ( 'NONE', #1389, 1.000000000000042633, 0.7853981633974222998 ) ;
#3696 = CARTESIAN_POINT ( 'NONE',  ( 67.50000000000000000, 2.900000000017000090, -2.500000000028163694 ) ) ;
#3697 = CARTESIAN_POINT ( 'NONE',  ( 274.9655879583236242, -7.674337759814201299, 1.300000000000000266 ) ) ;
#3698 = CIRCLE ( 'NONE', #374, 0.7499999999999729106 ) ;
#3699 = ORIENTED_EDGE ( 'NONE', *, *, #1367, .T. ) ;
#3700 = EDGE_LOOP ( 'NONE', ( #2453, #418 ) ) ;
#3701 = EDGE_CURVE ( 'NONE', #5384, #1124, #414, .T. ) ;
#3702 = ORIENTED_EDGE ( 'NONE', *, *, #200, .T. ) ;
#3703 = LINE ( 'NONE', #899, #4425 ) ;
#3704 = DIRECTION ( 'NONE',  ( -0.000000000000000000, -0.000000000000000000, -1.000000000000000000 ) ) ;
#3705 = DIRECTION ( 'NONE',  ( -7.052416492675748683E-28, 0.7071067811865745512, -0.7071067811865205943 ) ) ;
#3706 = VERTEX_POINT ( 'NONE', #861 ) ;
#3707 = ADVANCED_FACE ( 'NONE', ( #2008 ), #4208, .F. ) ;
#3708 = EDGE_CURVE ( 'NONE', #223, #809, #1887, .T. ) ;
#3709 = CIRCLE ( 'NONE', #721, 0.7499999999999729106 ) ;
#3710 = FACE_OUTER_BOUND ( 'NONE', #3378, .T. ) ;
#3711 = DIRECTION ( 'NONE',  ( 1.000000000000000000, -5.869125134844098244E-28, 1.288801503904777590E-28 ) ) ;
#3712 = LINE ( 'NONE', #3201, #4960 ) ;
#3713 = DIRECTION ( 'NONE',  ( 0.000000000000000000, 0.000000000000000000, 1.000000000000000000 ) ) ;
#3714 = CARTESIAN_POINT ( 'NONE',  ( -10.35000000000230180, 0.09999999999998898659, -22.00000000000103384 ) ) ;
#3715 = CIRCLE ( 'NONE', #4748, 1.000000000000000888 ) ;
#3716 = VERTEX_POINT ( 'NONE', #6401 ) ;
#3717 = DIRECTION ( 'NONE',  ( 0.000000000000000000, 0.000000000000000000, 1.000000000000000000 ) ) ;
#3718 = ORIENTED_EDGE ( 'NONE', *, *, #6394, .F. ) ;
#3719 = AXIS2_PLACEMENT_3D ( 'NONE', #2526, #1837, #2383 ) ;
#3720 = EDGE_LOOP ( 'NONE', ( #6935, #3896 ) ) ;
#3721 = CARTESIAN_POINT ( 'NONE',  ( 271.9029289993729890, -6.909307340452717661, 0.1000000000000002554 ) ) ;
#3722 = DIRECTION ( 'NONE',  ( 0.000000000000000000, 0.000000000000000000, 1.000000000000000000 ) ) ;
#3723 = CARTESIAN_POINT ( 'NONE',  ( 52.49999999999999289, 2.899999999999986144, -9.000000000000305533 ) ) ;
#3724 = CARTESIAN_POINT ( 'NONE',  ( 67.50000000000000000, 0.000000000000000000, -22.50000000000061107 ) ) ;
#3725 = DIRECTION ( 'NONE',  ( -5.553580772755923110E-28, 1.000000000000000000, -5.420049715972916316E-30 ) ) ;
#3726 = AXIS2_PLACEMENT_3D ( 'NONE', #1029, #4879, #6503 ) ;
#3727 = VECTOR ( 'NONE', #1723, 1000.000000000000000 ) ;
#3728 = ORIENTED_EDGE ( 'NONE', *, *, #5475, .F. ) ;
#3729 = DIRECTION ( 'NONE',  ( 5.553580772755923110E-28, -1.000000000000000000, 5.420049715972916316E-30 ) ) ;
#3730 = AXIS2_PLACEMENT_3D ( 'NONE', #110, #2279, #2859 ) ;
#3731 = AXIS2_PLACEMENT_3D ( 'NONE', #3948, #6785, #710 ) ;
#3732 = FACE_OUTER_BOUND ( 'NONE', #476, .T. ) ;
#3733 = FACE_BOUND ( 'NONE', #4884, .T. ) ;
#3734 = VERTEX_POINT ( 'NONE', #3013 ) ;
#3735 =( LENGTH_UNIT ( ) NAMED_UNIT ( * ) SI_UNIT ( .MILLI., .METRE. ) );
#3736 = ORIENTED_EDGE ( 'NONE', *, *, #2496, .F. ) ;
#3737 = AXIS2_PLACEMENT_3D ( 'NONE', #4794, #5336, #3069 ) ;
#3738 = AXIS2_PLACEMENT_3D ( 'NONE', #4780, #4703, #435 ) ;
#3739 = ORIENTED_EDGE ( 'NONE', *, *, #700, .F. ) ;
#3740 = FACE_OUTER_BOUND ( 'NONE', #2999, .T. ) ;
#3741 = FILL_AREA_STYLE ('',( #792 ) ) ;
#3742 = EDGE_CURVE ( 'NONE', #441, #2564, #7071, .T. ) ;
#3743 = CONICAL_SURFACE ( 'NONE', #7075, 6.300000000000246736, 0.7853981633974485010 ) ;
#3744 = ORIENTED_EDGE ( 'NONE', *, *, #6857, .T. ) ;
#3745 = DIRECTION ( 'NONE',  ( 5.553580772755923110E-28, -1.000000000000000000, 5.420049715972916316E-30 ) ) ;
#3746 = ORIENTED_EDGE ( 'NONE', *, *, #2586, .T. ) ;
#3747 =( GEOMETRIC_REPRESENTATION_CONTEXT ( 3 ) GLOBAL_UNCERTAINTY_ASSIGNED_CONTEXT ( ( #3411 ) ) GLOBAL_UNIT_ASSIGNED_CONTEXT ( ( #5355, #2206, #2640 ) ) REPRESENTATION_CONTEXT ( 'NONE', 'WORKASPACE' ) );
#3748 = CARTESIAN_POINT ( 'NONE',  ( -10.35000000000230180, 0.09999999999998898659, -24.00000000000111910 ) ) ;
#3749 = CARTESIAN_POINT ( 'NONE',  ( 280.1515664704031110, 10.00825552805866714, 2.899999999999999911 ) ) ;
#3750 = CARTESIAN_POINT ( 'NONE',  ( 52.49999999999999289, 3.000000000000002665, -10.50000000000030376 ) ) ;
#3751 = CYLINDRICAL_SURFACE ( 'NONE', #412, 1.000000000000000888 ) ;
#3752 = ADVANCED_FACE ( 'NONE', ( #332 ), #1495, .F. ) ;
#3753 = ADVANCED_FACE ( 'NONE', ( #1466, #6972 ), #4127, .T. ) ;
#3754 = VECTOR ( 'NONE', #6838, 1000.000000000000000 ) ;
#3755 = EDGE_LOOP ( 'NONE', ( #4544, #1994, #5215, #6508 ) ) ;
#3756 = DIRECTION ( 'NONE',  ( 1.000000000000000000, 0.000000000000000000, 0.000000000000000000 ) ) ;
#3757 = EDGE_LOOP ( 'NONE', ( #4635, #5832 ) ) ;
#3758 = ORIENTED_EDGE ( 'NONE', *, *, #3297, .F. ) ;
#3759 = CARTESIAN_POINT ( 'NONE',  ( 0.7499999999999829026, 0.000000000000000000, -2.100000000000000089 ) ) ;
#3760 = FACE_OUTER_BOUND ( 'NONE', #7081, .T. ) ;
#3761 = EDGE_CURVE ( 'NONE', #4129, #6395, #6931, .T. ) ;
#3762 = EDGE_CURVE ( 'NONE', #1334, #3788, #7063, .T. ) ;
#3763 = DIRECTION ( 'NONE',  ( 5.553580772755923110E-28, -1.000000000000000000, 5.420049715972916316E-30 ) ) ;
#3764 = CARTESIAN_POINT ( 'NONE',  ( 24.81934729198168199, 3.000000000000002665, 30.50000000000123279 ) ) ;
#3765 = DIRECTION ( 'NONE',  ( -5.553580772755923110E-28, 1.000000000000000000, -5.420049715972916316E-30 ) ) ;
#3766 = EDGE_LOOP ( 'NONE', ( #3190, #2093 ) ) ;
#3767 = DIRECTION ( 'NONE',  ( 5.553580772755923110E-28, -1.000000000000000000, 5.420049715972916316E-30 ) ) ;
#3768 = DIRECTION ( 'NONE',  ( 3.552713678800640558E-15, 6.938893903906958439E-17, 1.000000000000000000 ) ) ;
#3769 = DIRECTION ( 'NONE',  ( 0.000000000000000000, 0.000000000000000000, 1.000000000000000000 ) ) ;
#3770 = ORIENTED_EDGE ( 'NONE', *, *, #4941, .T. ) ;
#3771 =( LENGTH_UNIT ( ) NAMED_UNIT ( * ) SI_UNIT ( .MILLI., .METRE. ) );
#3772 = ORIENTED_EDGE ( 'NONE', *, *, #2472, .F. ) ;
#3773 = VERTEX_POINT ( 'NONE', #927 ) ;
#3774 = ADVANCED_FACE ( 'NONE', ( #2473 ), #3121, .F. ) ;
#3775 = CARTESIAN_POINT ( 'NONE',  ( 278.1216710987305873, 8.773824423567811337, 1.299999999999999822 ) ) ;
#3776 = EDGE_LOOP ( 'NONE', ( #2933, #4783, #287, #4397 ) ) ;
#3777 = CARTESIAN_POINT ( 'NONE',  ( 277.3135873735464543, 12.89206442302036315, 1.500000000000000000 ) ) ;
#3778 = VERTEX_POINT ( 'NONE', #5362 ) ;
#3779 = EDGE_CURVE ( 'NONE', #3996, #1966, #1778, .T. ) ;
#3780 = DIRECTION ( 'NONE',  ( 5.553580772755923110E-28, -1.000000000000000000, 5.420049715972916316E-30 ) ) ;
#3781 = DIRECTION ( 'NONE',  ( -5.553580772755923110E-28, 1.000000000000000000, -5.420049715972916316E-30 ) ) ;
#3782 = CARTESIAN_POINT ( 'NONE',  ( 279.1216710987305873, 8.773824423567811337, 2.899999999999999911 ) ) ;
#3783 = LINE ( 'NONE', #4826, #3858 ) ;
#3784 = ORIENTED_EDGE ( 'NONE', *, *, #1536, .F. ) ;
#3785 = AXIS2_PLACEMENT_3D ( 'NONE', #7073, #6643, #5461 ) ;
#3786 = CARTESIAN_POINT ( 'NONE',  ( -31.50000000000244427, 3.000000000000002665, -3.200000000000128519 ) ) ;
#3787 = EDGE_CURVE ( 'NONE', #3457, #267, #5751, .T. ) ;
#3788 = VERTEX_POINT ( 'NONE', #4671 ) ;
#3789 = ORIENTED_EDGE ( 'NONE', *, *, #6521, .T. ) ;
#3790 = DIRECTION ( 'NONE',  ( 5.553580772755923110E-28, -1.000000000000000000, 5.420049715972916316E-30 ) ) ;
#3791 = DIRECTION ( 'NONE',  ( 1.000000000000000000, 0.000000000000000000, 0.000000000000000000 ) ) ;
#3792 = DIRECTION ( 'NONE',  ( -0.000000000000000000, -0.000000000000000000, 1.000000000000000000 ) ) ;
#3793 = AXIS2_PLACEMENT_3D ( 'NONE', #6586, #1586, #3711 ) ;
#3794 = CARTESIAN_POINT ( 'NONE',  ( 67.49999999999994316, 3.000000000000002665, -30.00000000000126121 ) ) ;
#3795 = DIRECTION ( 'NONE',  ( 0.000000000000000000, 0.000000000000000000, -1.000000000000000000 ) ) ;
#3796 = LINE ( 'NONE', #2720, #6772 ) ;
#3797 = PRESENTATION_LAYER_ASSIGNMENT (  '', '', ( #4372 ) ) ;
#3798 = ORIENTED_EDGE ( 'NONE', *, *, #5104, .T. ) ;
#3799 = ADVANCED_FACE ( 'NONE', ( #1392, #3589 ), #2176, .T. ) ;
#3800 = EDGE_CURVE ( 'NONE', #203, #6305, #6723, .T. ) ;
#3801 = CLOSED_SHELL ( 'NONE', ( #761, #5096, #2039, #1557, #4062, #460 ) ) ;
#3802 =( GEOMETRIC_REPRESENTATION_CONTEXT ( 3 ) GLOBAL_UNCERTAINTY_ASSIGNED_CONTEXT ( ( #1963 ) ) GLOBAL_UNIT_ASSIGNED_CONTEXT ( ( #5371, #2588, #3128 ) ) REPRESENTATION_CONTEXT ( 'NONE', 'WORKASPACE' ) );
#3803 = CARTESIAN_POINT ( 'NONE',  ( 271.9232591019850247, -6.552003081614445001, 0.1000000000000000472 ) ) ;
#3804 = DIRECTION ( 'NONE',  ( 5.553580772755923110E-28, -1.000000000000000000, 5.420049715972916316E-30 ) ) ;
#3805 = DIRECTION ( 'NONE',  ( 0.000000000000000000, 0.000000000000000000, 1.000000000000000000 ) ) ;
#3806 = AXIS2_PLACEMENT_3D ( 'NONE', #1051, #5949, #520 ) ;
#3807 = ORIENTED_EDGE ( 'NONE', *, *, #3567, .F. ) ;
#3808 = CIRCLE ( 'NONE', #2419, 8.000000000000309086 ) ;
#3809 = ORIENTED_EDGE ( 'NONE', *, *, #5503, .T. ) ;
#3810 = ORIENTED_EDGE ( 'NONE', *, *, #3074, .F. ) ;
#3811 = CARTESIAN_POINT ( 'NONE',  ( 277.8934026570719880, -5.391707459088132204, 2.899999999999999911 ) ) ;
#3812 = AXIS2_PLACEMENT_3D ( 'NONE', #5628, #2491, #1233 ) ;
#3813 = VERTEX_POINT ( 'NONE', #5469 ) ;
#3814 = CARTESIAN_POINT ( 'NONE',  ( 67.50000000000005684, 0.000000000000000000, 22.50000000000122213 ) ) ;
#3815 = ORIENTED_EDGE ( 'NONE', *, *, #1119, .F. ) ;
#3816 = CIRCLE ( 'NONE', #1038, 17.55000000000072546 ) ;
#3817 = DIRECTION ( 'NONE',  ( 0.000000000000000000, 0.000000000000000000, -1.000000000000000000 ) ) ;
#3818 = CARTESIAN_POINT ( 'NONE',  ( 47.49999999999998579, 0.09999999991805452737, 0.000000000000000000 ) ) ;
#3819 = AXIS2_PLACEMENT_3D ( 'NONE', #6831, #1973, #1897 ) ;
#3820 = CARTESIAN_POINT ( 'NONE',  ( 276.0218402497579859, 4.014722753319752258, 1.299999999999999822 ) ) ;
#3821 = DIRECTION ( 'NONE',  ( 0.000000000000000000, 0.000000000000000000, 1.000000000000000000 ) ) ;
#3822 = ADVANCED_FACE ( 'NONE', ( #4417, #4810, #7001, #603, #3222, #4379, #2757, #3189, #1575, #5962, #2073, #501, #3733, #5930, #6611 ), #2689, .T. ) ;
#3823 = ORIENTED_EDGE ( 'NONE', *, *, #3628, .F. ) ;
#3824 = VECTOR ( 'NONE', #1834, 1000.000000000000000 ) ;
#3825 = DIRECTION ( 'NONE',  ( 0.000000000000000000, 0.000000000000000000, 1.000000000000000000 ) ) ;
#3826 = EDGE_LOOP ( 'NONE', ( #6909, #1693, #2110, #1539 ) ) ;
#3827 = ORIENTED_EDGE ( 'NONE', *, *, #880, .F. ) ;
#3828 = DIRECTION ( 'NONE',  ( -5.553580772755923110E-28, 1.000000000000000000, -5.420049715972916316E-30 ) ) ;
#3829 = DIRECTION ( 'NONE',  ( -1.000000000000000000, 0.000000000000000000, 0.000000000000000000 ) ) ;
#3830 = CARTESIAN_POINT ( 'NONE',  ( 10.34999999999744524, 0.09999999999998898659, -23.00000000000076739 ) ) ;
#3831 = VECTOR ( 'NONE', #6028, 1000.000000000000000 ) ;
#3832 = CARTESIAN_POINT ( 'NONE',  ( 273.8889996752126308, 10.66614908401479767, 0.000000000000000000 ) ) ;
#3833 = ADVANCED_FACE ( 'NONE', ( #999 ), #3879, .F. ) ;
#3834 = CIRCLE ( 'NONE', #6013, 0.7499999999999729106 ) ;
#3835 = DIRECTION ( 'NONE',  ( 1.401214182898767513E-28, 6.938893903906958439E-17, 1.000000000000000000 ) ) ;
#3836 = DIRECTION ( 'NONE',  ( -1.000000000000000000, 0.000000000000000000, 0.000000000000000000 ) ) ;
#3837 = ORIENTED_EDGE ( 'NONE', *, *, #2482, .T. ) ;
#3838 = VECTOR ( 'NONE', #694, 1000.000000000000000 ) ;
#3839 = DIRECTION ( 'NONE',  ( -0.000000000000000000, -0.000000000000000000, 1.000000000000000000 ) ) ;
#3840 = DIRECTION ( 'NONE',  ( 1.000000000000000000, 0.000000000000000000, 0.000000000000000000 ) ) ;
#3841 = EDGE_CURVE ( 'NONE', #4612, #3186, #2147, .T. ) ;
#3842 = VECTOR ( 'NONE', #301, 1000.000000000000000 ) ;
#3843 = ADVANCED_FACE ( 'NONE', ( #5534 ), #1031, .F. ) ;
#3844 = DIRECTION ( 'NONE',  ( 8.659560562297909308E-17, 0.7071067811865746622, -0.7071067811865204833 ) ) ;
#3845 = VERTEX_POINT ( 'NONE', #2215 ) ;
#3846 = ORIENTED_EDGE ( 'NONE', *, *, #3488, .F. ) ;
#3847 = ORIENTED_EDGE ( 'NONE', *, *, #1558, .F. ) ;
#3848 = AXIS2_PLACEMENT_3D ( 'NONE', #5458, #6599, #4447 ) ;
#3849 = AXIS2_PLACEMENT_3D ( 'NONE', #8, #4281, #2181 ) ;
#3850 = FACE_OUTER_BOUND ( 'NONE', #546, .T. ) ;
#3851 = CARTESIAN_POINT ( 'NONE',  ( 67.50000000000000000, 3.000000000000224709, -7.400000000000371614 ) ) ;
#3852 = CIRCLE ( 'NONE', #5693, 0.7499999999999729106 ) ;
#3853 = CIRCLE ( 'NONE', #1667, 1.500000000000058620 ) ;
#3854 = VERTEX_POINT ( 'NONE', #535 ) ;
#3855 = CARTESIAN_POINT ( 'NONE',  ( 67.50000000000000000, 2.899999999999986144, 10.50000000000060574 ) ) ;
#3856 = EDGE_LOOP ( 'NONE', ( #2746, #3208, #3553, #6726 ) ) ;
#3857 = CARTESIAN_POINT ( 'NONE',  ( 67.50000000000000000, 0.000000000000000000, 10.60000000000060894 ) ) ;
#3858 = VECTOR ( 'NONE', #2092, 1000.000000000000000 ) ;
#3859 = CARTESIAN_POINT ( 'NONE',  ( 277.2573350821123768, 1.203003909886584122, 1.299999999999999822 ) ) ;
#3860 = AXIS2_PLACEMENT_3D ( 'NONE', #6106, #1310, #81 ) ;
#3861 = CARTESIAN_POINT ( 'NONE',  ( 9.579999999997646398, 0.2000000000000612399, -19.85000000000115961 ) ) ;
#3862 = PLANE ( 'NONE',  #6150 ) ;
#3863 = ORIENTED_EDGE ( 'NONE', *, *, #5811, .T. ) ;
#3864 = AXIS2_PLACEMENT_3D ( 'NONE', #6200, #4554, #2929 ) ;
#3865 = CARTESIAN_POINT ( 'NONE',  ( 274.0218402497579859, 4.014722753319752258, 2.899999999999999911 ) ) ;
#3866 = VERTEX_POINT ( 'NONE', #4275 ) ;
#3867 = EDGE_CURVE ( 'NONE', #5511, #5384, #6070, .T. ) ;
#3868 = VERTEX_POINT ( 'NONE', #1535 ) ;
#3869 = PLANE ( 'NONE',  #4399 ) ;
#3870 = FACE_OUTER_BOUND ( 'NONE', #3562, .T. ) ;
#3871 = LINE ( 'NONE', #1021, #75 ) ;
#3872 = AXIS2_PLACEMENT_3D ( 'NONE', #5675, #3982, #2861 ) ;
#3873 = CARTESIAN_POINT ( 'NONE',  ( 47.49999999999998579, 0.000000000000000000, -2.600000000000310507 ) ) ;
#3874 = PLANE ( 'NONE',  #5593 ) ;
#3875 = CARTESIAN_POINT ( 'NONE',  ( 67.50000000000000000, 0.5000000000000281997, 22.50000000000122213 ) ) ;
#3876 = EDGE_CURVE ( 'NONE', #1407, #4628, #1642, .T. ) ;
#3877 = DIRECTION ( 'NONE',  ( -6.945555242054981336E-13, 0.000000000000000000, -1.000000000000000000 ) ) ;
#3878 = LINE ( 'NONE', #5094, #2143 ) ;
#3879 = CYLINDRICAL_SURFACE ( 'NONE', #420, 3.150000000000138911 ) ;
#3880 = ORIENTED_EDGE ( 'NONE', *, *, #674, .T. ) ;
#3881 = SURFACE_SIDE_STYLE ('',( #2760 ) ) ;
#3882 = DIRECTION ( 'NONE',  ( -1.375336375708028539E-17, -1.000000000000000000, -1.673398497896634293E-16 ) ) ;
#3883 = ORIENTED_EDGE ( 'NONE', *, *, #1850, .F. ) ;
#3884 = EDGE_CURVE ( 'NONE', #1019, #2366, #5927, .T. ) ;
#3885 = FACE_BOUND ( 'NONE', #3578, .T. ) ;
#3886 = DIRECTION ( 'NONE',  ( 0.000000000000000000, 0.000000000000000000, 1.000000000000000000 ) ) ;
#3887 = ORIENTED_EDGE ( 'NONE', *, *, #6244, .T. ) ;
#3888 = DIRECTION ( 'NONE',  ( -0.000000000000000000, -0.000000000000000000, 1.000000000000000000 ) ) ;
#3889 = VERTEX_POINT ( 'NONE', #567 ) ;
#3890 = EDGE_CURVE ( 'NONE', #3531, #1351, #7078, .T. ) ;
#3891 = EDGE_CURVE ( 'NONE', #6452, #931, #1214, .T. ) ;
#3892 = DIRECTION ( 'NONE',  ( -0.000000000000000000, -0.000000000000000000, 1.000000000000000000 ) ) ;
#3893 = DIRECTION ( 'NONE',  ( 5.553580772755923110E-28, -1.000000000000000000, 5.420049715972916316E-30 ) ) ;
#3894 = LINE ( 'NONE', #3386, #3587 ) ;
#3895 = CARTESIAN_POINT ( 'NONE',  ( 7.749999999997648104, 19.51279806695395536, -19.85000000000086473 ) ) ;
#3896 = ORIENTED_EDGE ( 'NONE', *, *, #5031, .T. ) ;
#3897 = CARTESIAN_POINT ( 'NONE',  ( 276.5980642608369067, 9.061936429107239732, 1.299999999999999822 ) ) ;
#3898 = EDGE_LOOP ( 'NONE', ( #6724, #1078 ) ) ;
#3899 = ORIENTED_EDGE ( 'NONE', *, *, #6173, .F. ) ;
#3900 = CARTESIAN_POINT ( 'NONE',  ( -31.50000000000244427, 3.000000000000002665, -3.200000000000128519 ) ) ;
#3901 = CARTESIAN_POINT ( 'NONE',  ( -10.35000000000230180, 0.2999999999999947153, -23.00000000000107647 ) ) ;
#3902 = DIRECTION ( 'NONE',  ( -5.553580772755923110E-28, 1.000000000000000000, -5.420049715972916316E-30 ) ) ;
#3903 = DIRECTION ( 'NONE',  ( 1.000000000000000000, 0.000000000000000000, 0.000000000000000000 ) ) ;
#3904 = DIRECTION ( 'NONE',  ( 0.000000000000000000, 0.000000000000000000, 1.000000000000000000 ) ) ;
#3905 = CARTESIAN_POINT ( 'NONE',  ( 19.33296525901734242, 3.000000000000002665, -31.54736842105388561 ) ) ;
#3906 = EDGE_CURVE ( 'NONE', #2540, #2341, #5814, .T. ) ;
#3907 = CONICAL_SURFACE ( 'NONE', #573, 8.000000000000312639, 0.7853981633974415066 ) ;
#3908 = CARTESIAN_POINT ( 'NONE',  ( 52.49999999999999289, 1.454392162258955068E-11, -9.000000000000154543 ) ) ;
#3909 = DIRECTION ( 'NONE',  ( 1.000000000000000000, 0.000000000000000000, 0.000000000000000000 ) ) ;
#3910 = AXIS2_PLACEMENT_3D ( 'NONE', #6862, #1352, #3302 ) ;
#3911 = DIRECTION ( 'NONE',  ( 1.314439483324459577E-28, -5.087249021584615241E-30, 1.000000000000000000 ) ) ;
#3912 = ADVANCED_FACE ( 'NONE', ( #4916 ), #6836, .F. ) ;
#3913 = ORIENTED_EDGE ( 'NONE', *, *, #4461, .F. ) ;
#3914 = APPLICATION_PROTOCOL_DEFINITION ( 'draft international standard', 'automotive_design', 1998, #6542 ) ;
#3915 = LINE ( 'NONE', #5576, #1952 ) ;
#3916 = DIRECTION ( 'NONE',  ( -1.000000000000000000, 0.000000000000000000, 0.000000000000000000 ) ) ;
#3917 = CIRCLE ( 'NONE', #6101, 6.300000000000246736 ) ;
#3918 = CARTESIAN_POINT ( 'NONE',  ( 278.1825988967608509, -7.266611599290983214, 0.1000000000000000472 ) ) ;
#3919 = ADVANCED_FACE ( 'NONE', ( #1241 ), #3743, .F. ) ;
#3920 = AXIS2_PLACEMENT_3D ( 'NONE', #6561, #70, #1055 ) ;
#3921 = EDGE_LOOP ( 'NONE', ( #613, #6865 ) ) ;
#3922 = DIRECTION ( 'NONE',  ( 1.000000000000000000, 0.000000000000000000, 0.000000000000000000 ) ) ;
#3923 = VERTEX_POINT ( 'NONE', #6647 ) ;
#3924 = FACE_BOUND ( 'NONE', #3991, .T. ) ;
#3925 = AXIS2_PLACEMENT_3D ( 'NONE', #551, #4968, #5549 ) ;
#3926 = DIRECTION ( 'NONE',  ( -5.553580772755923110E-28, 1.000000000000000000, -5.420049715972916316E-30 ) ) ;
#3927 = CARTESIAN_POINT ( 'NONE',  ( 8.250000000000062172, 2.999999999999975131, -25.65000000000144809 ) ) ;
#3928 = EDGE_CURVE ( 'NONE', #4433, #1912, #6715, .T. ) ;
#3929 = EDGE_CURVE ( 'NONE', #3680, #5837, #1711, .T. ) ;
#3930 = ORIENTED_EDGE ( 'NONE', *, *, #4506, .F. ) ;
#3931 = AXIS2_PLACEMENT_3D ( 'NONE', #979, #2091, #346 ) ;
#3932 = DIRECTION ( 'NONE',  ( 0.000000000000000000, 0.000000000000000000, 1.000000000000000000 ) ) ;
#3933 = VERTEX_POINT ( 'NONE', #1744 ) ;
#3934 = ORIENTED_EDGE ( 'NONE', *, *, #1722, .F. ) ;
#3935 = LINE ( 'NONE', #4579, #7045 ) ;
#3936 = CARTESIAN_POINT ( 'NONE',  ( 67.50000000000000000, 2.500000000000030198, -30.50000000000122213 ) ) ;
#3937 = DIRECTION ( 'NONE',  ( 1.000000000000000000, 0.000000000000000000, 0.000000000000000000 ) ) ;
#3938 = CARTESIAN_POINT ( 'NONE',  ( 272.5708938997464656, -5.287301864437693233, 1.500000000000000000 ) ) ;
#3939 = CIRCLE ( 'NONE', #276, 7.100000000000273204 ) ;
#3940 = ORIENTED_EDGE ( 'NONE', *, *, #1513, .F. ) ;
#3941 = CIRCLE ( 'NONE', #5781, 1.500000000035986325 ) ;
#3942 = LINE ( 'NONE', #4517, #6246 ) ;
#3943 = DIRECTION ( 'NONE',  ( 1.000000000000000000, 0.000000000000000000, 0.000000000000000000 ) ) ;
#3944 = CARTESIAN_POINT ( 'NONE',  ( 17.67766952966382021, 3.000000000000002665, 17.67766952966360350 ) ) ;
#3945 = ORIENTED_EDGE ( 'NONE', *, *, #6832, .F. ) ;
#3946 = DIRECTION ( 'NONE',  ( -9.821310431589816467E-14, -1.570571483926958272E-14, -1.000000000000000000 ) ) ;
#3947 = CYLINDRICAL_SURFACE ( 'NONE', #6671, 1.000000000000000888 ) ;
#3948 = CARTESIAN_POINT ( 'NONE',  ( 1.110223024625156540E-13, -7.000000000000006217, -1.110223024625156540E-13 ) ) ;
#3949 = EDGE_CURVE ( 'NONE', #4674, #154, #2590, .T. ) ;
#3950 = AXIS2_PLACEMENT_3D ( 'NONE', #4795, #910, #6985 ) ;
#3951 = VECTOR ( 'NONE', #1324, 1000.000000000000000 ) ;
#3952 = DIRECTION ( 'NONE',  ( 1.000000000000000000, 0.000000000000000000, 0.000000000000000000 ) ) ;
#3953 = ORIENTED_EDGE ( 'NONE', *, *, #6821, .T. ) ;
#3954 = DIRECTION ( 'NONE',  ( 1.371932009079964294E-28, 0.000000000000000000, 1.000000000000000000 ) ) ;
#3955 = ORIENTED_EDGE ( 'NONE', *, *, #2562, .F. ) ;
#3956 = CIRCLE ( 'NONE', #4643, 1.599999999996333466 ) ;
#3957 = VECTOR ( 'NONE', #4746, 1000.000000000000000 ) ;
#3958 = DIRECTION ( 'NONE',  ( 0.000000000000000000, 0.000000000000000000, 1.000000000000000000 ) ) ;
#3959 = ADVANCED_FACE ( 'NONE', ( #1173 ), #6261, .T. ) ;
#3960 = DIRECTION ( 'NONE',  ( 7.052416492675748683E-28, -0.7071067811865638930, 0.7071067811865312525 ) ) ;
#3961 = LINE ( 'NONE', #2981, #4027 ) ;
#3962 = AXIS2_PLACEMENT_3D ( 'NONE', #2608, #5819, #6992 ) ;
#3963 = AXIS2_PLACEMENT_3D ( 'NONE', #5284, #3666, #5856 ) ;
#3964 = ORIENTED_EDGE ( 'NONE', *, *, #209, .F. ) ;
#3965 = VECTOR ( 'NONE', #5502, 1000.000000000000000 ) ;
#3966 = VERTEX_POINT ( 'NONE', #113 ) ;
#3967 = CARTESIAN_POINT ( 'NONE',  ( 274.9655879583236242, -7.674337759814201299, 1.500000000000000000 ) ) ;
#3968 = ADVANCED_FACE ( 'NONE', ( #4990 ), #1210, .F. ) ;
#3969 = ORIENTED_EDGE ( 'NONE', *, *, #2168, .F. ) ;
#3970 = DIRECTION ( 'NONE',  ( 0.000000000000000000, 0.000000000000000000, 1.000000000000000000 ) ) ;
#3971 = DIRECTION ( 'NONE',  ( 0.000000000000000000, 5.087249021584615241E-30, -1.000000000000000000 ) ) ;
#3972 =( REPRESENTATION_RELATIONSHIP ('NONE','NONE', #1545, #96 ) REPRESENTATION_RELATIONSHIP_WITH_TRANSFORMATION ( #5206 )SHAPE_REPRESENTATION_RELATIONSHIP( ) );
#3973 = DIRECTION ( 'NONE',  ( -0.7071067811865426878, 0.7071067811865523467, 2.180683970393202238E-16 ) ) ;
#3974 = LINE ( 'NONE', #3873, #3376 ) ;
#3975 = AXIS2_PLACEMENT_3D ( 'NONE', #4456, #6680, #2862 ) ;
#3976 = CARTESIAN_POINT ( 'NONE',  ( -17.67766952966359639, 3.000000000000002665, 17.67766952966365324 ) ) ;
#3977 = ORIENTED_EDGE ( 'NONE', *, *, #2029, .T. ) ;
#3978 = EDGE_CURVE ( 'NONE', #4402, #6154, #218, .T. ) ;
#3979 = VECTOR ( 'NONE', #890, 1000.000000000000000 ) ;
#3980 = ADVANCED_FACE ( 'NONE', ( #3435 ), #639, .F. ) ;
#3981 = CARTESIAN_POINT ( 'NONE',  ( 67.49999999999994316, 2.500000000000030198, 30.50000000000122924 ) ) ;
#3982 = DIRECTION ( 'NONE',  ( -5.553580772755923110E-28, 1.000000000000000000, -5.420049715972916316E-30 ) ) ;
#3983 = DIRECTION ( 'NONE',  ( 1.000000000000000000, 0.000000000000000000, 0.000000000000000000 ) ) ;
#3984 = AXIS2_PLACEMENT_3D ( 'NONE', #217, #4010, #112 ) ;
#3985 = ORIENTED_EDGE ( 'NONE', *, *, #1145, .T. ) ;
#3986 = DIRECTION ( 'NONE',  ( -8.454190032889902997E-17, -1.000000000000000000, 1.573767380723996985E-14 ) ) ;
#3987 = DIRECTION ( 'NONE',  ( -5.553580772755923110E-28, 1.000000000000000000, -5.420049715972916316E-30 ) ) ;
#3988 = CARTESIAN_POINT ( 'NONE',  ( 67.50000000000460432, -22.49999999997287148, 0.000000000000000000 ) ) ;
#3989 = ORIENTED_EDGE ( 'NONE', *, *, #941, .F. ) ;
#3990 = DIRECTION ( 'NONE',  ( 0.000000000000000000, 0.000000000000000000, 1.000000000000000000 ) ) ;
#3991 = EDGE_LOOP ( 'NONE', ( #5816, #2592 ) ) ;
#3992 = ORIENTED_EDGE ( 'NONE', *, *, #4973, .T. ) ;
#3993 = CARTESIAN_POINT ( 'NONE',  ( 17.67766952966382021, 3.000000000000002665, -11.37766952966407352 ) ) ;
#3994 = DIRECTION ( 'NONE',  ( 5.553580772755923110E-28, -1.000000000000000000, 5.420049715972916316E-30 ) ) ;
#3995 = CARTESIAN_POINT ( 'NONE',  ( 67.50000000000460432, -22.49999999997287148, 0.5000000000000000000 ) ) ;
#3996 = VERTEX_POINT ( 'NONE', #4483 ) ;
#3997 = ADVANCED_FACE ( 'NONE', ( #6141 ), #3473, .F. ) ;
#3998 = ORIENTED_EDGE ( 'NONE', *, *, #3906, .F. ) ;
#3999 = FACE_BOUND ( 'NONE', #343, .T. ) ;
#4000 = VERTEX_POINT ( 'NONE', #146 ) ;
#4001 = DIRECTION ( 'NONE',  ( 0.000000000000000000, 0.000000000000000000, -1.000000000000000000 ) ) ;
#4002 = DIRECTION ( 'NONE',  ( -5.553580772755924007E-28, 1.000000000000000000, -5.420049715972919119E-30 ) ) ;
#4003 = CARTESIAN_POINT ( 'NONE',  ( 3.735172737411765424E-16, 3.000000000000002665, 28.05000000000122995 ) ) ;
#4004 = CARTESIAN_POINT ( 'NONE',  ( 277.4311110710333992, -3.844209765900900688, 1.299999999999999822 ) ) ;
#4005 = CARTESIAN_POINT ( 'NONE',  ( 275.4837282442185824, 1.491115915426010963, 0.1000000000000000056 ) ) ;
#4006 = ORIENTED_EDGE ( 'NONE', *, *, #796, .T. ) ;
#4007 = ADVANCED_FACE ( 'NONE', ( #6780 ), #2316, .F. ) ;
#4008 = VERTEX_POINT ( 'NONE', #6176 ) ;
#4009 = DIRECTION ( 'NONE',  ( 0.000000000000000000, 0.000000000000000000, 1.000000000000000000 ) ) ;
#4010 = DIRECTION ( 'NONE',  ( 0.000000000000000000, 0.000000000000000000, 1.000000000000000000 ) ) ;
#4011 = DIRECTION ( 'NONE',  ( -0.000000000000000000, -0.000000000000000000, 1.000000000000000000 ) ) ;
#4012 = EDGE_CURVE ( 'NONE', #519, #6901, #6502, .T. ) ;
#4013 = EDGE_CURVE ( 'NONE', #3485, #5754, #6383, .T. ) ;
#4014 = VERTEX_POINT ( 'NONE', #1815 ) ;
#4015 = CARTESIAN_POINT ( 'NONE',  ( 17.06876436740198599, 127.9331757274304806, -221.6426126757604038 ) ) ;
#4016 = CIRCLE ( 'NONE', #4128, 1.000000000000000888 ) ;
#4017 = LINE ( 'NONE', #4525, #1044 ) ;
#4018 = CARTESIAN_POINT ( 'NONE',  ( 275.3099522552975031, 6.538329591213495107, 1.299999999999999822 ) ) ;
#4019 = ORIENTED_EDGE ( 'NONE', *, *, #119, .F. ) ;
#4020 = ORIENTED_EDGE ( 'NONE', *, *, #1243, .F. ) ;
#4021 = AXIS2_PLACEMENT_3D ( 'NONE', #6143, #185, #4523 ) ;
#4022 = ORIENTED_EDGE ( 'NONE', *, *, #6570, .T. ) ;
#4023 = CIRCLE ( 'NONE', #928, 0.7499999999999729106 ) ;
#4024 = DIRECTION ( 'NONE',  ( 1.000000000000000000, 0.000000000000000000, 0.000000000000000000 ) ) ;
#4025 = CYLINDRICAL_SURFACE ( 'NONE', #2114, 1.000000000000000888 ) ;
#4026 = LINE ( 'NONE', #3560, #4740 ) ;
#4027 = VECTOR ( 'NONE', #3419, 1000.000000000000000 ) ;
#4028 = EDGE_LOOP ( 'NONE', ( #5020, #6624, #2047, #6456 ) ) ;
#4029 = VECTOR ( 'NONE', #6407, 1000.000000000000000 ) ;
#4030 = VECTOR ( 'NONE', #782, 1000.000000000000000 ) ;
#4031 = ORIENTED_EDGE ( 'NONE', *, *, #3429, .T. ) ;
#4032 = LINE ( 'NONE', #656, #1688 ) ;
#4033 = ORIENTED_EDGE ( 'NONE', *, *, #2622, .F. ) ;
#4034 = DIRECTION ( 'NONE',  ( -5.553580772755923110E-28, 1.000000000000000000, -5.420049715972916316E-30 ) ) ;
#4035 = DIRECTION ( 'NONE',  ( 5.553580772755923110E-28, -1.000000000000000000, 5.420049715972916316E-30 ) ) ;
#4036 = LINE ( 'NONE', #6770, #2011 ) ;
#4037 = EDGE_CURVE ( 'NONE', #885, #1816, #1274, .T. ) ;
#4038 = LINE ( 'NONE', #2928, #6135 ) ;
#4039 = VECTOR ( 'NONE', #2055, 1000.000000000000000 ) ;
#4040 = CARTESIAN_POINT ( 'NONE',  ( 280.1596824623325688, 10.05089516625537449, 2.899999999999999911 ) ) ;
#4041 = ORIENTED_EDGE ( 'NONE', *, *, #6047, .F. ) ;
#4042 = VERTEX_POINT ( 'NONE', #1847 ) ;
#4043 = DIRECTION ( 'NONE',  ( 1.000000000000000000, 0.000000000000000000, -0.000000000000000000 ) ) ;
#4044 = ADVANCED_FACE ( 'NONE', ( #3513 ), #5006, .F. ) ;
#4045 = CARTESIAN_POINT ( 'NONE',  ( 67.50000000000000000, 0.1000000000000167422, -2.500000000000307310 ) ) ;
#4046 = CARTESIAN_POINT ( 'NONE',  ( -8.249999999999896971, 1.500000000000001332, -26.30000000000136495 ) ) ;
#4047 = ORIENTED_EDGE ( 'NONE', *, *, #6437, .T. ) ;
#4048 = DIRECTION ( 'NONE',  ( -0.9971199150942189338, 1.157060558476530332E-15, 0.07584111630572069884 ) ) ;
#4049 = AXIS2_PLACEMENT_3D ( 'NONE', #2201, #5419, #1564 ) ;
#4050 = CARTESIAN_POINT ( 'NONE',  ( 67.50000000000000000, 3.000000000000002665, 10.50000000000060574 ) ) ;
#4051 = EDGE_CURVE ( 'NONE', #6243, #3356, #3282, .T. ) ;
#4052 = EDGE_CURVE ( 'NONE', #4904, #7032, #2474, .T. ) ;
#4053 = UNCERTAINTY_MEASURE_WITH_UNIT (LENGTH_MEASURE( 1.000000000000000082E-05 ), #4096, 'distance_accuracy_value', 'NONE');
#4054 = CONICAL_SURFACE ( 'NONE', #6473, 37.50000000000145661, 0.7853981633974335130 ) ;
#4055 = CARTESIAN_POINT ( 'NONE',  ( -9.579999999999893490, 1.499999999997558842, -26.15000000000117097 ) ) ;
#4056 = VERTEX_POINT ( 'NONE', #4666 ) ;
#4057 = CARTESIAN_POINT ( 'NONE',  ( 4.592425496807682241E-15, 2.500000000000030198, 37.50000000000145661 ) ) ;
#4058 = VERTEX_POINT ( 'NONE', #4235 ) ;
#4059 = ORIENTED_EDGE ( 'NONE', *, *, #4280, .F. ) ;
#4060 = CIRCLE ( 'NONE', #5904, 17.25000000000070699 ) ;
#4061 = CARTESIAN_POINT ( 'NONE',  ( 276.8335590931911838, 6.250217585674071152, 1.299999999999999822 ) ) ;
#4062 = ADVANCED_FACE ( 'NONE', ( #4627 ), #4121, .T. ) ;
#4063 = DIRECTION ( 'NONE',  ( 1.000000000000000000, 0.000000000000000000, 0.000000000000000000 ) ) ;
#4064 = ADVANCED_FACE ( 'NONE', ( #1382 ), #2465, .F. ) ;
#4065 = DIRECTION ( 'NONE',  ( 0.9935459991707643601, -0.1134299234407194212, 0.000000000000000000 ) ) ;
#4066 = AXIS2_PLACEMENT_3D ( 'NONE', #1532, #3729, #2480 ) ;
#4067 = VECTOR ( 'NONE', #3347, 1000.000000000000000 ) ;
#4068 = ORIENTED_EDGE ( 'NONE', *, *, #5261, .F. ) ;
#4069 = ORIENTED_EDGE ( 'NONE', *, *, #1943, .T. ) ;
#4070 = FACE_BOUND ( 'NONE', #5013, .T. ) ;
#4071 = CIRCLE ( 'NONE', #741, 0.4999999999999761302 ) ;
#4072 = ORIENTED_EDGE ( 'NONE', *, *, #6035, .F. ) ;
#4073 = DIRECTION ( 'NONE',  ( 0.000000000000000000, 0.000000000000000000, 1.000000000000000000 ) ) ;
#4074 = VECTOR ( 'NONE', #2950, 1000.000000000000000 ) ;
#4075 = CARTESIAN_POINT ( 'NONE',  ( 275.3099522552975031, 6.538329591213495107, 0.1000000000000000056 ) ) ;
#4076 = FACE_OUTER_BOUND ( 'NONE', #6165, .T. ) ;
#4077 = LINE ( 'NONE', #6268, #4297 ) ;
#4078 = ORIENTED_EDGE ( 'NONE', *, *, #83, .T. ) ;
#4079 = AXIS2_PLACEMENT_3D ( 'NONE', #106, #1737, #3937 ) ;
#4080 = DIRECTION ( 'NONE',  ( 0.000000000000000000, 0.000000000000000000, 1.000000000000000000 ) ) ;
#4081 = ADVANCED_FACE ( 'NONE', ( #4200, #3661 ), #326, .T. ) ;
#4082 = ORIENTED_EDGE ( 'NONE', *, *, #6464, .F. ) ;
#4083 = DIRECTION ( 'NONE',  ( 1.000000000000000000, -5.869125134844098244E-28, -1.249000902701963003E-16 ) ) ;
#4084 = DIRECTION ( 'NONE',  ( -1.000000000000000000, 0.000000000000000000, 0.000000000000000000 ) ) ;
#4085 = AXIS2_PLACEMENT_3D ( 'NONE', #4560, #4590, #6750 ) ;
#4086 = CARTESIAN_POINT ( 'NONE',  ( 276.2192230765730301, -1.320602928007157617, 0.1000000000000000056 ) ) ;
#4087 = CYLINDRICAL_SURFACE ( 'NONE', #1326, 3.149999999999986144 ) ;
#4088 = ORIENTED_EDGE ( 'NONE', *, *, #6513, .F. ) ;
#4089 = ITEM_DEFINED_TRANSFORMATION ( 'NONE', 'NONE', #3447,  #2423 ) ;
#4090 = ADVANCED_FACE ( 'NONE', ( #3114 ), #2132, .F. ) ;
#4091 = VECTOR ( 'NONE', #1060, 999.9999999999998863 ) ;
#4092 = DIRECTION ( 'NONE',  ( 0.000000000000000000, 0.000000000000000000, 1.000000000000000000 ) ) ;
#4093 = VECTOR ( 'NONE', #2795, 1000.000000000000000 ) ;
#4094 = DIRECTION ( 'NONE',  ( -5.553580772755923110E-28, 1.000000000000000000, -5.420049715972916316E-30 ) ) ;
#4095 = ORIENTED_EDGE ( 'NONE', *, *, #6481, .F. ) ;
#4096 =( LENGTH_UNIT ( ) NAMED_UNIT ( * ) SI_UNIT ( .MILLI., .METRE. ) );
#4097 = EDGE_LOOP ( 'NONE', ( #6295, #6883, #1991, #3407, #670, #537, #4285, #2103 ) ) ;
#4098 = EDGE_CURVE ( 'NONE', #1519, #6292, #2538, .T. ) ;
#4099 = ORIENTED_EDGE ( 'NONE', *, *, #6414, .T. ) ;
#4100 = DIRECTION ( 'NONE',  ( 0.7071067811865476838, 0.7071067811865474617, -2.180683970393292957E-16 ) ) ;
#4101 = CARTESIAN_POINT ( 'NONE',  ( 9.580000000000060467, 1.500000000000001332, -23.00000000000115818 ) ) ;
#4102 = DIRECTION ( 'NONE',  ( -1.375336375708028539E-17, -1.000000000000000000, -1.673398497896634293E-16 ) ) ;
#4103 = ORIENTED_EDGE ( 'NONE', *, *, #4126, .F. ) ;
#4104 = EDGE_CURVE ( 'NONE', #1453, #1581, #4206, .T. ) ;
#4105 = ADVANCED_FACE ( 'NONE', ( #3045 ), #4087, .T. ) ;
#4106 = VERTEX_POINT ( 'NONE', #2503 ) ;
#4107 = DIRECTION ( 'NONE',  ( -5.553580772755923110E-28, 1.000000000000000000, -5.420049715972916316E-30 ) ) ;
#4108 = VERTEX_POINT ( 'NONE', #6889 ) ;
#4109 = CARTESIAN_POINT ( 'NONE',  ( 67.50000000000000000, 0.000000000000000000, 7.400000000000607869 ) ) ;
#4110 = FACE_OUTER_BOUND ( 'NONE', #3655, .T. ) ;
#4111 = LINE ( 'NONE', #3537, #5582 ) ;
#4112 = CARTESIAN_POINT ( 'NONE',  ( 24.81934729197926615, 0.5000000000000004441, 30.50000000000123279 ) ) ;
#4113 = ORIENTED_EDGE ( 'NONE', *, *, #6522, .F. ) ;
#4114 = DIRECTION ( 'NONE',  ( 0.000000000000000000, 0.000000000000000000, 1.000000000000000000 ) ) ;
#4115 = ORIENTED_EDGE ( 'NONE', *, *, #6090, .T. ) ;
#4116 = ORIENTED_EDGE ( 'NONE', *, *, #2684, .F. ) ;
#4117 = FACE_OUTER_BOUND ( 'NONE', #3305, .T. ) ;
#4118 = DIRECTION ( 'NONE',  ( 0.000000000000000000, 0.000000000000000000, 1.000000000000000000 ) ) ;
#4119 = CARTESIAN_POINT ( 'NONE',  ( 24.81934729197926615, 0.5000000000000004441, 30.50000000000123279 ) ) ;
#4120 = EDGE_CURVE ( 'NONE', #6009, #4108, #5363, .T. ) ;
#4121 = CYLINDRICAL_SURFACE ( 'NONE', #4778, 6.849999999999995204 ) ;
#4122 = CARTESIAN_POINT ( 'NONE',  ( 52.49999999999999289, 2.899999999999986144, 9.000000000000001776 ) ) ;
#4123 = ORIENTED_EDGE ( 'NONE', *, *, #83, .F. ) ;
#4124 = CONTEXT_DEPENDENT_SHAPE_REPRESENTATION ( #6398, #3061 ) ;
#4125 = CARTESIAN_POINT ( 'NONE',  ( 276.3099522552975031, 6.538329591213495107, 2.899999999999999911 ) ) ;
#4126 = EDGE_CURVE ( 'NONE', #1733, #986, #2941, .T. ) ;
#4127 = PLANE ( 'NONE',  #2819 ) ;
#4128 = AXIS2_PLACEMENT_3D ( 'NONE', #5992, #6099, #1676 ) ;
#4129 = VERTEX_POINT ( 'NONE', #6926 ) ;
#4130 = FILL_AREA_STYLE ('',( #1925 ) ) ;
#4131 = ORIENTED_EDGE ( 'NONE', *, *, #2561, .F. ) ;
#4132 = ORIENTED_EDGE ( 'NONE', *, *, #1672, .T. ) ;
#4133 = CARTESIAN_POINT ( 'NONE',  ( 0.5000000000000257572, 0.000000000000000000, -3.600000000000000533 ) ) ;
#4134 = DIRECTION ( 'NONE',  ( 0.000000000000000000, 0.000000000000000000, 1.000000000000000000 ) ) ;
#4135 = CARTESIAN_POINT ( 'NONE',  ( 277.5454470876517803, 3.726610747780326527, 1.299999999999999822 ) ) ;
#4136 = EDGE_CURVE ( 'NONE', #2131, #892, #6276, .T. ) ;
#4137 = MECHANICAL_DESIGN_GEOMETRIC_PRESENTATION_REPRESENTATION (  '', ( #132 ), #1610 ) ;
#4138 = DIRECTION ( 'NONE',  ( 0.000000000000000000, 0.000000000000000000, -1.000000000000000000 ) ) ;
#4139 = ORIENTED_EDGE ( 'NONE', *, *, #141, .F. ) ;
#4140 = ORIENTED_EDGE ( 'NONE', *, *, #5786, .T. ) ;
#4141 = VECTOR ( 'NONE', #6661, 1000.000000000000000 ) ;
#4142 = DIRECTION ( 'NONE',  ( 1.314768175368299124E-28, 0.000000000000000000, 1.000000000000000000 ) ) ;
#4143 = EDGE_LOOP ( 'NONE', ( #4031, #4932, #6583, #6236 ) ) ;
#4144 = EDGE_LOOP ( 'NONE', ( #26, #620, #4731, #3448 ) ) ;
#4145 = CARTESIAN_POINT ( 'NONE',  ( 67.50000000000000000, 3.000000000000002665, 22.50000000000122213 ) ) ;
#4146 = CARTESIAN_POINT ( 'NONE',  ( 67.50000000000000000, 2.900000000000041211, -3.469446951953614189E-15 ) ) ;
#4147 = DIRECTION ( 'NONE',  ( 1.000000000000000000, 0.000000000000000000, 0.000000000000000000 ) ) ;
#4148 = ADVANCED_FACE ( 'NONE', ( #6351 ), #3626, .T. ) ;
#4149 = EDGE_CURVE ( 'NONE', #5384, #3788, #3547, .T. ) ;
#4150 = CARTESIAN_POINT ( 'NONE',  ( 275.4837282442185824, 1.491115915426010963, 1.299999999999999822 ) ) ;
#4151 = VECTOR ( 'NONE', #510, 1000.000000000000000 ) ;
#4152 = ORIENTED_EDGE ( 'NONE', *, *, #4878, .F. ) ;
#4153 = CIRCLE ( 'NONE', #5538, 0.7499999999999729106 ) ;
#4154 = DIRECTION ( 'NONE',  ( 0.000000000000000000, 0.000000000000000000, 1.000000000000000000 ) ) ;
#4155 = ORIENTED_EDGE ( 'NONE', *, *, #6746, .F. ) ;
#4156 = ORIENTED_EDGE ( 'NONE', *, *, #6888, .F. ) ;
#4157 = DIRECTION ( 'NONE',  ( 0.000000000000000000, 0.000000000000000000, -1.000000000000000000 ) ) ;
#4158 = DIRECTION ( 'NONE',  ( 1.000000000000000000, 0.000000000000000000, 0.000000000000000000 ) ) ;
#4159 = CYLINDRICAL_SURFACE ( 'NONE', #2443, 0.7499999999999729106 ) ;
#4160 = DIRECTION ( 'NONE',  ( 5.553580772755923110E-28, -1.000000000000000000, 5.420049715972916316E-30 ) ) ;
#4161 = CARTESIAN_POINT ( 'NONE',  ( 275.0529289993729662, -6.909307340452717661, 0.1000000000000002554 ) ) ;
#4162 = ORIENTED_EDGE ( 'NONE', *, *, #5696, .F. ) ;
#4163 = VECTOR ( 'NONE', #3704, 1000.000000000000000 ) ;
#4164 = FACE_OUTER_BOUND ( 'NONE', #2062, .T. ) ;
#4165 = DIRECTION ( 'NONE',  ( -0.000000000000000000, -0.000000000000000000, 1.000000000000000000 ) ) ;
#4166 = VECTOR ( 'NONE', #4083, 1000.000000000000000 ) ;
#4167 = VERTEX_POINT ( 'NONE', #5278 ) ;
#4168 = ORIENTED_EDGE ( 'NONE', *, *, #338, .T. ) ;
#4169 = VECTOR ( 'NONE', #3926, 1000.000000000000000 ) ;
#4170 = VERTEX_POINT ( 'NONE', #815 ) ;
#4171 = EDGE_CURVE ( 'NONE', #1339, #5045, #2829, .T. ) ;
#4172 = DIRECTION ( 'NONE',  ( 5.553580772755923110E-28, -1.000000000000000000, 5.420049715972916316E-30 ) ) ;
#4173 = CIRCLE ( 'NONE', #5327, 7.500000000000285993 ) ;
#4174 = DIRECTION ( 'NONE',  ( -1.314439483324459577E-28, 0.000000000000000000, -1.000000000000000000 ) ) ;
#4175 = AXIS2_PLACEMENT_3D ( 'NONE', #6761, #2879, #1695 ) ;
#4176 = CARTESIAN_POINT ( 'NONE',  ( -0.9999999999999981126, 0.000000000000000000, 0.000000000000000000 ) ) ;
#4177 = ORIENTED_EDGE ( 'NONE', *, *, #5204, .T. ) ;
#4178 = AXIS2_PLACEMENT_3D ( 'NONE', #6049, #379, #417 ) ;
#4179 = EDGE_CURVE ( 'NONE', #4283, #6789, #759, .T. ) ;
#4180 = ORIENTED_EDGE ( 'NONE', *, *, #6522, .T. ) ;
#4181 = CARTESIAN_POINT ( 'NONE',  ( 275.0218402497579859, 4.014722753319752258, 0.000000000000000000 ) ) ;
#4182 = DIRECTION ( 'NONE',  ( -0.000000000000000000, -0.000000000000000000, 1.000000000000000000 ) ) ;
#4183 = CARTESIAN_POINT ( 'NONE',  ( 277.6811110710334560, -3.844209765900900688, 1.299999999999999822 ) ) ;
#4184 = CARTESIAN_POINT ( 'NONE',  ( 52.49999999999999289, 3.000000000042746251, -9.000000000000305533 ) ) ;
#4185 = CIRCLE ( 'NONE', #5221, 1.000000000000000888 ) ;
#4186 = CIRCLE ( 'NONE', #2917, 3.200000000000128519 ) ;
#4187 = DIRECTION ( 'NONE',  ( 1.000000000000000000, 0.000000000000000000, 0.000000000000000000 ) ) ;
#4188 = EDGE_LOOP ( 'NONE', ( #5183, #4307 ) ) ;
#4189 = DIRECTION ( 'NONE',  ( 0.000000000000000000, 0.000000000000000000, -1.000000000000000000 ) ) ;
#4190 = ADVANCED_FACE ( 'NONE', ( #5460 ), #2021, .F. ) ;
#4191 = AXIS2_PLACEMENT_3D ( 'NONE', #1198, #2309, #2348 ) ;
#4192 = VECTOR ( 'NONE', #867, 1000.000000000000227 ) ;
#4193 = ORIENTED_EDGE ( 'NONE', *, *, #3164, .T. ) ;
#4194 = ORIENTED_EDGE ( 'NONE', *, *, #2519, .T. ) ;
#4195 = DIRECTION ( 'NONE',  ( -0.000000000000000000, -0.000000000000000000, 1.000000000000000000 ) ) ;
#4196 = CARTESIAN_POINT ( 'NONE',  ( 275.1575042331397185, -3.556097760361474069, 1.299999999999999822 ) ) ;
#4197 = CARTESIAN_POINT ( 'NONE',  ( 279.6515664704031110, 10.00825552805866714, 0.000000000000000000 ) ) ;
#4198 = VECTOR ( 'NONE', #2194, 1000.000000000000000 ) ;
#4199 = CIRCLE ( 'NONE', #3275, 1.000000000000000888 ) ;
#4200 = FACE_BOUND ( 'NONE', #4276, .T. ) ;
#4201 = CARTESIAN_POINT ( 'NONE',  ( 277.8335590931911838, 6.250217585674071152, 0.1000000000000000056 ) ) ;
#4202 = ORIENTED_EDGE ( 'NONE', *, *, #6035, .T. ) ;
#4203 = CONTEXT_DEPENDENT_SHAPE_REPRESENTATION ( #6027, #1388 ) ;
#4204 = EDGE_CURVE ( 'NONE', #4433, #44, #7030, .T. ) ;
#4205 = ADVANCED_FACE ( 'NONE', ( #5957 ), #6602, .F. ) ;
#4206 = CIRCLE ( 'NONE', #2017, 1.000000000000000888 ) ;
#4207 = CARTESIAN_POINT ( 'NONE',  ( 0.000000000000000000, 2.500000000000030198, 0.000000000000000000 ) ) ;
#4208 = CYLINDRICAL_SURFACE ( 'NONE', #5354, 0.7499999999999729106 ) ;
#4209 = CIRCLE ( 'NONE', #6269, 10.00000000000039080 ) ;
#4210 = VERTEX_POINT ( 'NONE', #3213 ) ;
#4211 = ORIENTED_EDGE ( 'NONE', *, *, #6730, .T. ) ;
#4212 = ORIENTED_EDGE ( 'NONE', *, *, #3867, .F. ) ;
#4213 = LINE ( 'NONE', #4133, #6140 ) ;
#4214 = AXIS2_PLACEMENT_3D ( 'NONE', #666, #1273, #3909 ) ;
#4215 = CARTESIAN_POINT ( 'NONE',  ( 19.59422154630133406, 2.500000000000030198, 31.97368421052754073 ) ) ;
#4216 = EDGE_CURVE ( 'NONE', #3371, #5418, #428, .T. ) ;
#4217 = CARTESIAN_POINT ( 'NONE',  ( 67.50000000000000000, 3.000000000042746251, 9.000000000000603961 ) ) ;
#4218 = ORIENTED_EDGE ( 'NONE', *, *, #4487, .F. ) ;
#4219 = CONICAL_SURFACE ( 'NONE', #5135, 6.300000000000246736, 0.7853981633974485010 ) ;
#4220 = CARTESIAN_POINT ( 'NONE',  ( 0.000000000000000000, 0.000000000000000000, 0.4000000000000000222 ) ) ;
#4221 = DIRECTION ( 'NONE',  ( 0.000000000000000000, 0.000000000000000000, 1.000000000000000000 ) ) ;
#4222 = PLANE ( 'NONE',  #600 ) ;
#4223 = FACE_OUTER_BOUND ( 'NONE', #6471, .T. ) ;
#4224 = DIRECTION ( 'NONE',  ( 1.000000000000000000, 0.000000000000000000, 0.000000000000000000 ) ) ;
#4225 = ADVANCED_FACE ( 'NONE', ( #2170 ), #3184, .F. ) ;
#4226 = EDGE_LOOP ( 'NONE', ( #1361, #1039, #5105, #4847 ) ) ;
#4227 = MANIFOLD_SOLID_BREP ( '大小mm 暗销孔2', #3102 ) ;
#4228 = CARTESIAN_POINT ( 'NONE',  ( 0.000000000000000000, 0.000000000000000000, 0.000000000000000000 ) ) ;
#4229 = ORIENTED_EDGE ( 'NONE', *, *, #594, .T. ) ;
#4230 = ORIENTED_EDGE ( 'NONE', *, *, #5053, .F. ) ;
#4231 = CARTESIAN_POINT ( 'NONE',  ( -10.35000000000230180, 0.2999999999999947153, -22.00000000000103384 ) ) ;
#4232 = CARTESIAN_POINT ( 'NONE',  ( 275.0529289993729662, -6.909307340452717661, 1.500000000000000000 ) ) ;
#4233 = CARTESIAN_POINT ( 'NONE',  ( 24.81934729198170686, 2.500000000000030198, 30.50000000000123279 ) ) ;
#4234 = EDGE_CURVE ( 'NONE', #1467, #5968, #3059, .T. ) ;
#4235 = CARTESIAN_POINT ( 'NONE',  ( 273.4456162386791220, -1.032490922467731664, 2.899999999999999911 ) ) ;
#4236 = CARTESIAN_POINT ( 'NONE',  ( 67.50000000000000000, 0.5000000000000281997, 30.50000000000122924 ) ) ;
#4237 = ORIENTED_EDGE ( 'NONE', *, *, #359, .F. ) ;
#4238 = APPLICATION_PROTOCOL_DEFINITION ( 'draft international standard', 'automotive_design', 1998, #305 ) ;
#4239 = FACE_OUTER_BOUND ( 'NONE', #3669, .T. ) ;
#4240 = ADVANCED_FACE ( 'NONE', ( #698 ), #6995, .T. ) ;
#4241 = EDGE_CURVE ( 'NONE', #6432, #4008, #4209, .T. ) ;
#4242 = CARTESIAN_POINT ( 'NONE',  ( 274.7337282442185824, 1.491115915426010963, 0.000000000000000000 ) ) ;
#4243 = ORIENTED_EDGE ( 'NONE', *, *, #6081, .T. ) ;
#4244 = SURFACE_STYLE_FILL_AREA ( #4130 ) ;
#4245 = ORIENTED_EDGE ( 'NONE', *, *, #4461, .T. ) ;
#4246 = EDGE_LOOP ( 'NONE', ( #5036, #2386, #2606, #93 ) ) ;
#4247 = DIRECTION ( 'NONE',  ( -1.314439483324459577E-28, 5.087249021584615241E-30, -1.000000000000000000 ) ) ;
#4248 = FILL_AREA_STYLE_COLOUR ( '', #2664 ) ;
#4249 = CARTESIAN_POINT ( 'NONE',  ( 0.000000000000000000, 0.000000000000000000, -2.100000000000000089 ) ) ;
#4250 = ORIENTED_EDGE ( 'NONE', *, *, #3978, .F. ) ;
#4251 = AXIS2_PLACEMENT_3D ( 'NONE', #5529, #5427, #562 ) ;
#4252 = DIRECTION ( 'NONE',  ( 5.553580772755923110E-28, -1.000000000000000000, 5.420049715972916316E-30 ) ) ;
#4253 = CARTESIAN_POINT ( 'NONE',  ( 24.81934729198168199, 3.000000000000002665, 30.50000000000123279 ) ) ;
#4254 = CARTESIAN_POINT ( 'NONE',  ( 275.3099522552975031, 6.538329591213495107, 1.299999999999999822 ) ) ;
#4255 = CARTESIAN_POINT ( 'NONE',  ( 9.580000000000060467, 0.000000000000000000, -26.35000000000149711 ) ) ;
#4256 = DIRECTION ( 'NONE',  ( 0.000000000000000000, 0.000000000000000000, 1.000000000000000000 ) ) ;
#4257 = ORIENTED_EDGE ( 'NONE', *, *, #2741, .F. ) ;
#4258 = FACE_OUTER_BOUND ( 'NONE', #1229, .T. ) ;
#4259 = AXIS2_PLACEMENT_3D ( 'NONE', #5505, #43, #1139 ) ;
#4260 = EDGE_LOOP ( 'NONE', ( #5685, #4243, #872, #2762 ) ) ;
#4261 = VERTEX_POINT ( 'NONE', #1635 ) ;
#4262 = CARTESIAN_POINT ( 'NONE',  ( 274.1575042331397185, -3.556097760361474069, 0.1000000000000000056 ) ) ;
#4263 = CIRCLE ( 'NONE', #1617, 37.00000000000143530 ) ;
#4264 = CARTESIAN_POINT ( 'NONE',  ( -9.579999999999893490, 1.499999999999973577, -23.00000000000085265 ) ) ;
#4265 = CARTESIAN_POINT ( 'NONE',  ( 47.49999999999998579, 0.09999999997950537178, 2.499999999999433342 ) ) ;
#4266 = CIRCLE ( 'NONE', #4606, 7.100000000000273204 ) ;
#4267 = DIRECTION ( 'NONE',  ( 1.000000000000000000, 0.000000000000000000, 0.000000000000000000 ) ) ;
#4268 = CARTESIAN_POINT ( 'NONE',  ( 274.3857726747980337, 10.60943412229444327, 3.100000000000000089 ) ) ;
#4269 = ORIENTED_EDGE ( 'NONE', *, *, #3440, .F. ) ;
#4270 = CONICAL_SURFACE ( 'NONE', #6787, 1.000000000000039080, 0.7853981633974222998 ) ;
#4271 = EDGE_CURVE ( 'NONE', #1799, #3868, #1677, .T. ) ;
#4272 = AXIS2_PLACEMENT_3D ( 'NONE', #6314, #2470, #5250 ) ;
#4273 = DIRECTION ( 'NONE',  ( 1.000000000000000000, 0.000000000000000000, 0.000000000000000000 ) ) ;
#4274 = CARTESIAN_POINT ( 'NONE',  ( 276.3480642608368498, 9.061936429107239732, 0.000000000000000000 ) ) ;
#4275 = CARTESIAN_POINT ( 'NONE',  ( 75.49999999999995737, 2.500000000000030198, 22.50000000000115818 ) ) ;
#4276 = EDGE_LOOP ( 'NONE', ( #1397, #6828 ) ) ;
#4277 = ORIENTED_EDGE ( 'NONE', *, *, #6156, .F. ) ;
#4278 = EDGE_LOOP ( 'NONE', ( #4600, #1745, #763, #4441 ) ) ;
#4279 = EDGE_CURVE ( 'NONE', #6080, #6305, #4804, .T. ) ;
#4280 = EDGE_CURVE ( 'NONE', #6154, #215, #5707, .T. ) ;
#4281 = DIRECTION ( 'NONE',  ( 0.000000000000000000, 0.000000000000000000, 1.000000000000000000 ) ) ;
#4282 = DIRECTION ( 'NONE',  ( -5.553580772755923110E-28, 1.000000000000000000, -5.420049715972916316E-30 ) ) ;
#4283 = VERTEX_POINT ( 'NONE', #4302 ) ;
#4284 = PLANE ( 'NONE',  #7013 ) ;
#4285 = ORIENTED_EDGE ( 'NONE', *, *, #3651, .F. ) ;
#4286 = ADVANCED_FACE ( 'NONE', ( #3399 ), #3874, .T. ) ;
#4287 = AXIS2_PLACEMENT_3D ( 'NONE', #29, #2635, #1669 ) ;
#4288 = ADVANCED_FACE ( 'NONE', ( #2246 ), #5564, .T. ) ;
#4289 = CARTESIAN_POINT ( 'NONE',  ( 275.5980642608369067, 9.061936429107239732, 0.1000000000000000056 ) ) ;
#4290 = CARTESIAN_POINT ( 'NONE',  ( 0.000000000000000000, 0.000000000000000000, 0.000000000000000000 ) ) ;
#4291 = CYLINDRICAL_SURFACE ( 'NONE', #1050, 0.5000000000000004441 ) ;
#4292 = FACE_OUTER_BOUND ( 'NONE', #248, .T. ) ;
#4293 = AXIS2_PLACEMENT_3D ( 'NONE', #3148, #3253, #2638 ) ;
#4294 = ORIENTED_EDGE ( 'NONE', *, *, #2910, .T. ) ;
#4295 = DIRECTION ( 'NONE',  ( 1.000000000000000000, 0.000000000000000000, 0.000000000000000000 ) ) ;
#4296 = ORIENTED_EDGE ( 'NONE', *, *, #5297, .F. ) ;
#4297 = VECTOR ( 'NONE', #348, 1000.000000000000000 ) ;
#4298 = ORIENTED_EDGE ( 'NONE', *, *, #3787, .T. ) ;
#4299 = DIRECTION ( 'NONE',  ( 0.000000000000000000, 5.087249021584615241E-30, -1.000000000000000000 ) ) ;
#4300 = DIRECTION ( 'NONE',  ( 1.000000000000000000, 0.000000000000000000, 0.000000000000000000 ) ) ;
#4301 = DIRECTION ( 'NONE',  ( 0.000000000000000000, 0.000000000000000000, 1.000000000000000000 ) ) ;
#4302 = CARTESIAN_POINT ( 'NONE',  ( -2.437898228678535321E-12, 0.5000000000000004441, 37.50000000000145661 ) ) ;
#4303 = CARTESIAN_POINT ( 'NONE',  ( 52.49999999999999289, 3.000000000000002665, 10.50000000000000178 ) ) ;
#4304 = ADVANCED_FACE ( 'NONE', ( #1808, #6707 ), #5528, .T. ) ;
#4305 = CIRCLE ( 'NONE', #2916, 0.5000000000000004441 ) ;
#4306 = CIRCLE ( 'NONE', #7051, 6.300000000000246736 ) ;
#4307 = ORIENTED_EDGE ( 'NONE', *, *, #3629, .T. ) ;
#4308 = PLANE ( 'NONE',  #3726 ) ;
#4309 = AXIS2_PLACEMENT_3D ( 'NONE', #665, #2967, #1271 ) ;
#4310 = CIRCLE ( 'NONE', #1770, 1.500000000006881162 ) ;
#4311 = DIRECTION ( 'NONE',  ( -5.553580772755923110E-28, 1.000000000000000000, -5.420049715972916316E-30 ) ) ;
#4312 = CARTESIAN_POINT ( 'NONE',  ( 271.9232591019850247, -6.552003081614445001, 1.100000000000000089 ) ) ;
#4313 = EDGE_CURVE ( 'NONE', #7087, #3333, #2361, .T. ) ;
#4314 = ORIENTED_EDGE ( 'NONE', *, *, #467, .F. ) ;
#4315 = VERTEX_POINT ( 'NONE', #4005 ) ;
#4316 = AXIS2_PLACEMENT_3D ( 'NONE', #7018, #2159, #1623 ) ;
#4317 = CIRCLE ( 'NONE', #2012, 0.7499999999999729106 ) ;
#4318 = VERTEX_POINT ( 'NONE', #4583 ) ;
#4319 = LINE ( 'NONE', #506, #2346 ) ;
#4320 = EDGE_CURVE ( 'NONE', #4991, #1912, #1265, .T. ) ;
#4321 = ORIENTED_EDGE ( 'NONE', *, *, #3340, .F. ) ;
#4322 = DIRECTION ( 'NONE',  ( -1.000000000000000000, 0.000000000000000000, 0.000000000000000000 ) ) ;
#4323 = ORIENTED_EDGE ( 'NONE', *, *, #2997, .T. ) ;
#4324 = PLANE ( 'NONE',  #3493 ) ;
#4325 = DIRECTION ( 'NONE',  ( 5.553580772755923110E-28, -1.000000000000000000, 5.420049715972916316E-30 ) ) ;
#4326 = DIRECTION ( 'NONE',  ( 1.000000000000000000, 8.128851673527984701E-17, -8.128851673573516766E-17 ) ) ;
#4327 = CARTESIAN_POINT ( 'NONE',  ( 278.1216710987305873, 8.773824423567811337, 1.299999999999999822 ) ) ;
#4328 = ADVANCED_FACE ( 'NONE', ( #213 ), #1898, .F. ) ;
#4329 = VECTOR ( 'NONE', #463, 1000.000000000000000 ) ;
#4330 = EDGE_CURVE ( 'NONE', #6708, #2954, #6048, .T. ) ;
#4331 = ORIENTED_EDGE ( 'NONE', *, *, #4676, .F. ) ;
#4332 = CARTESIAN_POINT ( 'NONE',  ( 0.000000000000000000, 0.000000000000000000, -3.100000000000000533 ) ) ;
#4333 = ORIENTED_EDGE ( 'NONE', *, *, #5233, .T. ) ;
#4334 = ORIENTED_EDGE ( 'NONE', *, *, #54, .F. ) ;
#4335 = DIRECTION ( 'NONE',  ( 1.000000000000000000, 0.000000000000000000, 0.000000000000000000 ) ) ;
#4336 = FACE_OUTER_BOUND ( 'NONE', #2368, .T. ) ;
#4337 = DIRECTION ( 'NONE',  ( -4.165185579566884039E-28, 0.7071067811865638930, 0.7071067811865311414 ) ) ;
#4338 = DIRECTION ( 'NONE',  ( 5.664021299486785842E-28, -0.7071067811865476838, 0.7071067811865474617 ) ) ;
#4339 = FACE_BOUND ( 'NONE', #1563, .T. ) ;
#4340 = VERTEX_POINT ( 'NONE', #663 ) ;
#4342 = CARTESIAN_POINT ( 'NONE',  ( 274.4456162386791220, -1.032490922467731886, 1.299999999999999822 ) ) ;
#4341 = PRODUCT_RELATED_PRODUCT_CATEGORY ( 'part', '', ( #5320 ) ) ;
#4343 = LINE ( 'NONE', #998, #7085 ) ;
#4344 = DIRECTION ( 'NONE',  ( 5.553580772755923110E-28, -1.000000000000000000, 5.420049715972916316E-30 ) ) ;
#4345 = VERTEX_POINT ( 'NONE', #4515 ) ;
#4346 = ORIENTED_EDGE ( 'NONE', *, *, #594, .F. ) ;
#4347 = ORIENTED_EDGE ( 'NONE', *, *, #6073, .T. ) ;
#4348 = DIRECTION ( 'NONE',  ( 0.000000000000000000, 1.000000000000000000, 0.000000000000000000 ) ) ;
#4349 = EDGE_CURVE ( 'NONE', #5754, #3485, #1788, .T. ) ;
#4350 = ORIENTED_EDGE ( 'NONE', *, *, #7053, .F. ) ;
#4351 = DIRECTION ( 'NONE',  ( 1.000000000000000000, 3.469446951953611033E-15, 0.000000000000000000 ) ) ;
#4352 = ORIENTED_EDGE ( 'NONE', *, *, #2901, .F. ) ;
#4353 = CARTESIAN_POINT ( 'NONE',  ( 0.000000000000000000, 0.000000000000000000, -2.100000000000000089 ) ) ;
#4354 = EDGE_CURVE ( 'NONE', #6385, #1740, #2594, .T. ) ;
#4355 = DIRECTION ( 'NONE',  ( 0.1134299234407203372, 0.9935459991707642491, -0.000000000000000000 ) ) ;
#4356 = CARTESIAN_POINT ( 'NONE',  ( 17.67766952966382021, 3.000000000000002665, -23.97766952966456699 ) ) ;
#4357 = CARTESIAN_POINT ( 'NONE',  ( -9.580000000002309335, 0.2000000000000334843, -19.85000000000086828 ) ) ;
#4358 = EDGE_LOOP ( 'NONE', ( #1904, #2239, #5373, #4334 ) ) ;
#4359 = MANIFOLD_SOLID_BREP ( '圆角1', #5866 ) ;
#4360 = AXIS2_PLACEMENT_3D ( 'NONE', #2171, #530, #3836 ) ;
#4361 = FACE_BOUND ( 'NONE', #3288, .T. ) ;
#4362 = ORIENTED_EDGE ( 'NONE', *, *, #5368, .T. ) ;
#4363 = EDGE_CURVE ( 'NONE', #6538, #3543, #73, .T. ) ;
#4364 = ORIENTED_EDGE ( 'NONE', *, *, #1017, .T. ) ;
#4365 = CARTESIAN_POINT ( 'NONE',  ( 52.49999999999999289, 2.899999999999986144, -7.500000000000610179 ) ) ;
#4366 = ADVANCED_FACE ( 'NONE', ( #5632 ), #321, .T. ) ;
#4367 = CARTESIAN_POINT ( 'NONE',  ( 277.3135873735464543, 12.89206442302036315, 0.1000000000000002554 ) ) ;
#4368 = DIRECTION ( 'NONE',  ( -0.000000000000000000, -0.000000000000000000, -1.000000000000000000 ) ) ;
#4369 = LINE ( 'NONE', #7069, #2105 ) ;
#4370 = DIRECTION ( 'NONE',  ( 5.553580772755923110E-28, -1.000000000000000000, 5.420049715972916316E-30 ) ) ;
#4371 = PLANE ( 'NONE',  #4705 ) ;
#4372 = STYLED_ITEM ( 'NONE', ( #3158 ), #1497 ) ;
#4373 = VERTEX_POINT ( 'NONE', #5708 ) ;
#4374 = VECTOR ( 'NONE', #3177, 1000.000000000000000 ) ;
#4375 = AXIS2_PLACEMENT_3D ( 'NONE', #1327, #5292, #6367 ) ;
#4376 = CARTESIAN_POINT ( 'NONE',  ( 277.5454470876517803, 3.726610747780326527, 0.000000000000000000 ) ) ;
#4377 = FACE_OUTER_BOUND ( 'NONE', #3554, .T. ) ;
#4378 = DIRECTION ( 'NONE',  ( -5.553580772755923110E-28, 1.000000000000000000, -5.420049715972916316E-30 ) ) ;
#4379 = FACE_BOUND ( 'NONE', #6469, .T. ) ;
#4380 = AXIS2_PLACEMENT_3D ( 'NONE', #392, #5925, #6353 ) ;
#4381 = VERTEX_POINT ( 'NONE', #2964 ) ;
#4382 =( GEOMETRIC_REPRESENTATION_CONTEXT ( 3 ) GLOBAL_UNCERTAINTY_ASSIGNED_CONTEXT ( ( #748 ) ) GLOBAL_UNIT_ASSIGNED_CONTEXT ( ( #7046, #4854, #5401 ) ) REPRESENTATION_CONTEXT ( 'NONE', 'WORKASPACE' ) );
#4383 = ORIENTED_EDGE ( 'NONE', *, *, #5282, .T. ) ;
#4384 = AXIS2_PLACEMENT_3D ( 'NONE', #4446, #2748, #2853 ) ;
#4385 = ORIENTED_EDGE ( 'NONE', *, *, #4931, .T. ) ;
#4386 = FACE_OUTER_BOUND ( 'NONE', #4188, .T. ) ;
#4387 = VECTOR ( 'NONE', #4580, 1000.000000000000000 ) ;
#4388 = FACE_OUTER_BOUND ( 'NONE', #1041, .T. ) ;
#4389 = VERTEX_POINT ( 'NONE', #4621 ) ;
#4390 = CYLINDRICAL_SURFACE ( 'NONE', #478, 0.4999999999999761302 ) ;
#4391 = EDGE_LOOP ( 'NONE', ( #4682, #1093, #4385, #1938 ) ) ;
#4392 = ADVANCED_FACE ( 'NONE', ( #2418 ), #5159, .F. ) ;
#4393 = DIRECTION ( 'NONE',  ( 8.177564889048682271E-17, -0.7071067811865205943, 0.7071067811865745512 ) ) ;
#4394 = CYLINDRICAL_SURFACE ( 'NONE', #2527, 1.000000000000042633 ) ;
#4395 = CARTESIAN_POINT ( 'NONE',  ( 278.0073350821123199, 1.203003909886584122, 0.1000000000000000056 ) ) ;
#4396 = CARTESIAN_POINT ( 'NONE',  ( 67.50000000000000000, 3.569367024169878277E-11, -7.400000000036301095 ) ) ;
#4397 = ORIENTED_EDGE ( 'NONE', *, *, #2363, .T. ) ;
#4398 = EDGE_CURVE ( 'NONE', #1776, #3773, #240, .T. ) ;
#4399 = AXIS2_PLACEMENT_3D ( 'NONE', #4365, #3209, #5953 ) ;
#4400 = FACE_BOUND ( 'NONE', #6060, .T. ) ;
#4401 = EDGE_LOOP ( 'NONE', ( #3436, #5366, #2798, #5964 ) ) ;
#4402 = VERTEX_POINT ( 'NONE', #1300 ) ;
#4403 = FACE_OUTER_BOUND ( 'NONE', #6861, .T. ) ;
#4404 = LINE ( 'NONE', #558, #4956 ) ;
#4405 = CARTESIAN_POINT ( 'NONE',  ( 280.1515664704031110, 10.00825552805866714, 1.500000000000000000 ) ) ;
#4406 = CIRCLE ( 'NONE', #1757, 0.7499999999999729106 ) ;
#4407 = DIRECTION ( 'NONE',  ( 0.000000000000000000, 0.000000000000000000, 1.000000000000000000 ) ) ;
#4408 = CARTESIAN_POINT ( 'NONE',  ( 67.50000000000000000, 3.000000000000002665, 30.00000000000126832 ) ) ;
#4409 = FACE_OUTER_BOUND ( 'NONE', #1024, .T. ) ;
#4410 = EDGE_CURVE ( 'NONE', #2341, #2909, #2145, .T. ) ;
#4411 = ORIENTED_EDGE ( 'NONE', *, *, #5031, .F. ) ;
#4412 = AXIS2_PLACEMENT_3D ( 'NONE', #6843, #1908, #3613 ) ;
#4413 = FACE_OUTER_BOUND ( 'NONE', #3776, .T. ) ;
#4414 = DIRECTION ( 'NONE',  ( -8.659560562311635488E-17, -0.7071067811865761055, 0.7071067811865190400 ) ) ;
#4415 = AXIS2_PLACEMENT_3D ( 'NONE', #533, #2248, #4913 ) ;
#4416 = AXIS2_PLACEMENT_3D ( 'NONE', #3675, #2522, #906 ) ;
#4417 = FACE_BOUND ( 'NONE', #4546, .T. ) ;
#4418 = ADVANCED_FACE ( 'NONE', ( #5361 ), #1106, .F. ) ;
#4419 = EDGE_CURVE ( 'NONE', #885, #5346, #4343, .T. ) ;
#4420 = ORIENTED_EDGE ( 'NONE', *, *, #291, .T. ) ;
#4421 = DIRECTION ( 'NONE',  ( -1.000000000000000222, -9.727057171687518233E-17, 5.134781488891348999E-16 ) ) ;
#4422 = FACE_OUTER_BOUND ( 'NONE', #6650, .T. ) ;
#4423 = ORIENTED_EDGE ( 'NONE', *, *, #6936, .T. ) ;
#4424 = VECTOR ( 'NONE', #4663, 1000.000000000000000 ) ;
#4425 = VECTOR ( 'NONE', #4247, 1000.000000000000000 ) ;
#4426 = DIRECTION ( 'NONE',  ( 1.000000000000000000, 0.000000000000000000, 0.000000000000000000 ) ) ;
#4427 = UNCERTAINTY_MEASURE_WITH_UNIT (LENGTH_MEASURE( 1.000000000000000082E-05 ), #3771, 'distance_accuracy_value', 'NONE');
#4428 = DIRECTION ( 'NONE',  ( 0.000000000000000000, 0.000000000000000000, 1.000000000000000000 ) ) ;
#4429 = AXIS2_PLACEMENT_3D ( 'NONE', #4327, #517, #1086 ) ;
#4430 = VECTOR ( 'NONE', #5876, 1000.000000000000000 ) ;
#4431 = ORIENTED_EDGE ( 'NONE', *, *, #1272, .F. ) ;
#4432 = DIRECTION ( 'NONE',  ( 5.553580772755923110E-28, -1.000000000000000000, 5.420049715972916316E-30 ) ) ;
#4433 = VERTEX_POINT ( 'NONE', #3696 ) ;
#4434 = CARTESIAN_POINT ( 'NONE',  ( 52.49999999999999289, -1.457167719820517959E-11, 9.000000000000611067 ) ) ;
#4435 = VECTOR ( 'NONE', #2629, 1000.000000000000000 ) ;
#4436 = CARTESIAN_POINT ( 'NONE',  ( 4.592425496807682241E-15, 2.500000000000030198, 37.50000000000145661 ) ) ;
#4437 = AXIS2_PLACEMENT_3D ( 'NONE', #2651, #7036, #2109 ) ;
#4438 = CYLINDRICAL_SURFACE ( 'NONE', #2660, 3.200000000000128519 ) ;
#4439 = LINE ( 'NONE', #3895, #751 ) ;
#4440 = EDGE_CURVE ( 'NONE', #2179, #1979, #2718, .T. ) ;
#4441 = ORIENTED_EDGE ( 'NONE', *, *, #4827, .T. ) ;
#4442 = LINE ( 'NONE', #3897, #4723 ) ;
#4443 = ORIENTED_EDGE ( 'NONE', *, *, #1637, .T. ) ;
#4444 = EDGE_LOOP ( 'NONE', ( #2728, #2777 ) ) ;
#4445 = DIRECTION ( 'NONE',  ( 1.000000000000000000, 0.000000000000000000, 0.000000000000000000 ) ) ;
#4446 = CARTESIAN_POINT ( 'NONE',  ( 272.6276088614668538, -4.790528864852316993, 2.899999999999999911 ) ) ;
#4447 = DIRECTION ( 'NONE',  ( 0.000000000000000000, 0.000000000000000000, -1.000000000000000000 ) ) ;
#4448 = ADVANCED_FACE ( 'NONE', ( #6536, #3732 ), #40, .F. ) ;
#4449 = CIRCLE ( 'NONE', #3872, 3.300000000000125944 ) ;
#4450 = LINE ( 'NONE', #3465, #61 ) ;
#4451 = FILL_AREA_STYLE_COLOUR ( '', #5820 ) ;
#4452 = DIRECTION ( 'NONE',  ( 0.000000000000000000, 0.000000000000000000, 1.000000000000000000 ) ) ;
#4453 = DIRECTION ( 'NONE',  ( 5.553580772755922213E-28, -1.000000000000000000, -5.087249021584615241E-30 ) ) ;
#4454 = ADVANCED_FACE ( 'NONE', ( #1604 ), #3155, .T. ) ;
#4455 = FACE_OUTER_BOUND ( 'NONE', #4484, .T. ) ;
#4456 = CARTESIAN_POINT ( 'NONE',  ( 17.67766952966382021, 3.000000000000002665, -17.67766952966432115 ) ) ;
#4457 = ORIENTED_EDGE ( 'NONE', *, *, #119, .T. ) ;
#4458 = CYLINDRICAL_SURFACE ( 'NONE', #578, 7.100000000000273204 ) ;
#4459 = DIRECTION ( 'NONE',  ( -1.000000000000000000, 0.000000000000000000, 0.000000000000000000 ) ) ;
#4460 = EDGE_CURVE ( 'NONE', #2693, #3996, #4882, .T. ) ;
#4461 = EDGE_CURVE ( 'NONE', #4014, #6332, #2615, .T. ) ;
#4462 = CARTESIAN_POINT ( 'NONE',  ( -9.580000000002309335, -2.442490654175344389E-12, -23.00000000000085265 ) ) ;
#4463 = ORIENTED_EDGE ( 'NONE', *, *, #3297, .T. ) ;
#4464 = LINE ( 'NONE', #3277, #4151 ) ;
#4465 = ORIENTED_EDGE ( 'NONE', *, *, #4812, .F. ) ;
#4466 = DIRECTION ( 'NONE',  ( 0.000000000000000000, 5.087249021584615942E-30, -1.000000000000000000 ) ) ;
#4467 = CARTESIAN_POINT ( 'NONE',  ( 67.50000000000000000, 0.000000000000000000, 10.60000000000060894 ) ) ;
#4468 = LINE ( 'NONE', #6210, #4141 ) ;
#4469 = ORIENTED_EDGE ( 'NONE', *, *, #1573, .T. ) ;
#4470 = CYLINDRICAL_SURFACE ( 'NONE', #5757, 0.7499999999999729106 ) ;
#4471 = EDGE_LOOP ( 'NONE', ( #1141, #5805, #1007, #2881 ) ) ;
#4472 = ORIENTED_EDGE ( 'NONE', *, *, #4505, .T. ) ;
#4473 = CARTESIAN_POINT ( 'NONE',  ( -8.249999999999868550, 3.000000000000002665, -25.65000000000119940 ) ) ;
#4474 = CARTESIAN_POINT ( 'NONE',  ( 278.8335590931911838, 6.250217585674071152, 1.299999999999999822 ) ) ;
#4475 = DIRECTION ( 'NONE',  ( -0.000000000000000000, -0.000000000000000000, 1.000000000000000000 ) ) ;
#4476 = LINE ( 'NONE', #6065, #3838 ) ;
#4477 = EDGE_LOOP ( 'NONE', ( #1095, #6403, #219, #2269 ) ) ;
#4478 = EDGE_CURVE ( 'NONE', #6, #6591, #7077, .T. ) ;
#4479 = VECTOR ( 'NONE', #2666, 1000.000000000000000 ) ;
#4480 = DIRECTION ( 'NONE',  ( 0.000000000000000000, 0.000000000000000000, 1.000000000000000000 ) ) ;
#4481 = CARTESIAN_POINT ( 'NONE',  ( 52.49999999999999289, 2.899999999999986144, -7.500000000000610179 ) ) ;
#4482 = PRESENTATION_LAYER_ASSIGNMENT (  '', '', ( #5294 ) ) ;
#4483 = CARTESIAN_POINT ( 'NONE',  ( 1.131348181909426053E-13, 2.700000000000008171, -17.25000000000014211 ) ) ;
#4484 = EDGE_LOOP ( 'NONE', ( #5555, #3827, #2070, #5178 ) ) ;
#4485 = DIRECTION ( 'NONE',  ( 9.727057171688337909E-17, -1.000000000000000000, 1.570571483926954801E-14 ) ) ;
#4486 = ORIENTED_EDGE ( 'NONE', *, *, #6999, .T. ) ;
#4487 = EDGE_CURVE ( 'NONE', #226, #2601, #536, .T. ) ;
#4488 = AXIS2_PLACEMENT_3D ( 'NONE', #3995, #6224, #5039 ) ;
#4489 = PRODUCT_DEFINITION_FORMATION_WITH_SPECIFIED_SOURCE ( '任何', '', #716, .NOT_KNOWN. ) ;
#4490 = FACE_OUTER_BOUND ( 'NONE', #6681, .T. ) ;
#4491 = AXIS2_PLACEMENT_3D ( 'NONE', #4122, #1424, #853 ) ;
#4492 = LINE ( 'NONE', #6687, #2584 ) ;
#4493 = AXIS2_PLACEMENT_3D ( 'NONE', #105, #6024, #2202 ) ;
#4494 = EDGE_LOOP ( 'NONE', ( #2555, #3413, #5817, #4088 ) ) ;
#4495 = FILL_AREA_STYLE ('',( #2291 ) ) ;
#4496 = ORIENTED_EDGE ( 'NONE', *, *, #211, .T. ) ;
#4497 = EDGE_CURVE ( 'NONE', #7032, #4904, #764, .T. ) ;
#4498 = ADVANCED_FACE ( 'NONE', ( #5501 ), #2600, .F. ) ;
#4499 = CARTESIAN_POINT ( 'NONE',  ( -0.5000000000000257572, 6.123233995737081580E-17, -3.600000000000000533 ) ) ;
#4500 = AXIS2_PLACEMENT_3D ( 'NONE', #4146, #6337, #944 ) ;
#4501 = DIRECTION ( 'NONE',  ( 0.1134299234407203372, 0.9935459991707642491, 0.000000000000000000 ) ) ;
#4502 = DIRECTION ( 'NONE',  ( 1.000000000000000000, 0.000000000000000000, 0.000000000000000000 ) ) ;
#4503 = ORIENTED_EDGE ( 'NONE', *, *, #4866, .T. ) ;
#4504 = CIRCLE ( 'NONE', #3565, 1.000000000000000888 ) ;
#4505 = EDGE_CURVE ( 'NONE', #1900, #4667, #4557, .T. ) ;
#4506 = EDGE_CURVE ( 'NONE', #4815, #2375, #2756, .T. ) ;
#4507 = ORIENTED_EDGE ( 'NONE', *, *, #2919, .T. ) ;
#4508 = FACE_BOUND ( 'NONE', #862, .T. ) ;
#4509 = EDGE_LOOP ( 'NONE', ( #6514, #4156, #4532, #5853 ) ) ;
#4510 = FACE_OUTER_BOUND ( 'NONE', #5003, .T. ) ;
#4511 = DIRECTION ( 'NONE',  ( 1.000000000000000000, 0.000000000000000000, 0.000000000000000000 ) ) ;
#4512 = CARTESIAN_POINT ( 'NONE',  ( 75.49999999999995737, 0.5000000000000004441, -22.50000000000085976 ) ) ;
#4513 = DIRECTION ( 'NONE',  ( -5.553580772755923110E-28, 1.000000000000000000, -5.420049715972916316E-30 ) ) ;
#4514 = VECTOR ( 'NONE', #425, 1000.000000000000000 ) ;
#4515 = CARTESIAN_POINT ( 'NONE',  ( 273.4075042331397754, -3.556097760361474069, 1.299999999999999822 ) ) ;
#4516 = EDGE_LOOP ( 'NONE', ( #2148, #4751, #834, #3064 ) ) ;
#4517 = CARTESIAN_POINT ( 'NONE',  ( -7.750000000002311040, 19.51279806695395536, -19.85000000000081144 ) ) ;
#4518 = FACE_OUTER_BOUND ( 'NONE', #4391, .T. ) ;
#4519 = PRODUCT_DEFINITION ( '未知', '', #4607, #5140 ) ;
#4520 = CARTESIAN_POINT ( 'NONE',  ( 275.5980642608369067, 9.061936429107239732, 1.299999999999999822 ) ) ;
#4521 = VECTOR ( 'NONE', #3341, 1000.000000000000114 ) ;
#4522 = VERTEX_POINT ( 'NONE', #2214 ) ;
#4523 = DIRECTION ( 'NONE',  ( -0.2320098764787368872, 1.498801083243961014E-14, 0.9727134301613816758 ) ) ;
#4524 = ORIENTED_EDGE ( 'NONE', *, *, #6315, .T. ) ;
#4525 = CARTESIAN_POINT ( 'NONE',  ( 24.81934729198170686, 2.500000000000030198, 30.50000000000123279 ) ) ;
#4526 = CIRCLE ( 'NONE', #859, 37.00000000000147793 ) ;
#4527 = CONICAL_SURFACE ( 'NONE', #4644, 6.300000000000246736, 0.7853981633974487231 ) ;
#4528 = EDGE_CURVE ( 'NONE', #4849, #885, #2944, .T. ) ;
#4529 = CARTESIAN_POINT ( 'NONE',  ( 276.9692230765730301, -1.320602928007157617, 0.1000000000000000056 ) ) ;
#4530 = EDGE_LOOP ( 'NONE', ( #6185, #6226, #7089, #1578 ) ) ;
#4531 = CARTESIAN_POINT ( 'NONE',  ( 67.50000000000000000, 2.500000000000002220, 22.50000000000122213 ) ) ;
#4532 = ORIENTED_EDGE ( 'NONE', *, *, #6454, .F. ) ;
#4533 = CIRCLE ( 'NONE', #3388, 0.7499999999999729106 ) ;
#4534 = EDGE_LOOP ( 'NONE', ( #2714, #6161, #166, #4250 ) ) ;
#4535 = CARTESIAN_POINT ( 'NONE',  ( 275.1575042331397185, -3.556097760361474069, 2.899999999999999911 ) ) ;
#4536 = DIRECTION ( 'NONE',  ( 1.000000000000000000, 0.000000000000000000, 0.000000000000000000 ) ) ;
#4537 = LINE ( 'NONE', #5182, #2645 ) ;
#4538 = EDGE_CURVE ( 'NONE', #7087, #2601, #534, .T. ) ;
#4539 = AXIS2_PLACEMENT_3D ( 'NONE', #3291, #5525, #2242 ) ;
#4540 = AXIS2_PLACEMENT_3D ( 'NONE', #3377, #5172, #1752 ) ;
#4541 = ORIENTED_EDGE ( 'NONE', *, *, #1895, .F. ) ;
#4542 = AXIS2_PLACEMENT_3D ( 'NONE', #4512, #3973, #6232 ) ;
#4543 = AXIS2_PLACEMENT_3D ( 'NONE', #6467, #1136, #4845 ) ;
#4544 = ORIENTED_EDGE ( 'NONE', *, *, #450, .T. ) ;
#4545 = DIRECTION ( 'NONE',  ( 5.553580772755923110E-28, -1.000000000000000000, 5.420049715972916316E-30 ) ) ;
#4546 = EDGE_LOOP ( 'NONE', ( #967, #184, #4994, #1874, #6002, #5689, #1654, #5615 ) ) ;
#4547 = DIRECTION ( 'NONE',  ( -7.052416492675748683E-28, 0.7071067811865638930, -0.7071067811865312525 ) ) ;
#4548 = DIRECTION ( 'NONE',  ( 5.553580772755923110E-28, -1.000000000000000000, 5.420049715972916316E-30 ) ) ;
#4549 = CARTESIAN_POINT ( 'NONE',  ( 277.3135873735464543, 12.89206442302036315, 1.500000000000000000 ) ) ;
#4550 = EDGE_CURVE ( 'NONE', #6789, #4008, #3640, .T. ) ;
#4551 = EDGE_CURVE ( 'NONE', #809, #3235, #5961, .T. ) ;
#4552 = CARTESIAN_POINT ( 'NONE',  ( 277.8335590931911838, 6.250217585674071152, 1.299999999999999822 ) ) ;
#4553 = AXIS2_PLACEMENT_3D ( 'NONE', #5823, #247, #1346 ) ;
#4554 = DIRECTION ( 'NONE',  ( 1.734723475978128683E-16, 5.086777111058037315E-30, -1.000000000000000000 ) ) ;
#4555 = ORIENTED_EDGE ( 'NONE', *, *, #2020, .T. ) ;
#4556 = ORIENTED_EDGE ( 'NONE', *, *, #635, .T. ) ;
#4557 = CIRCLE ( 'NONE', #1330, 1.500000000000058620 ) ;
#4558 = FACE_BOUND ( 'NONE', #4562, .T. ) ;
#4559 = DIRECTION ( 'NONE',  ( 2.776790386377922991E-28, -0.7071067811865454633, -0.7071067811865495711 ) ) ;
#4560 = CARTESIAN_POINT ( 'NONE',  ( 275.3099522552975031, 6.538329591213495107, 2.899999999999999911 ) ) ;
#4561 = AXIS2_PLACEMENT_3D ( 'NONE', #1475, #4252, #4142 ) ;
#4562 = EDGE_LOOP ( 'NONE', ( #4033, #6806 ) ) ;
#4563 = APPLICATION_PROTOCOL_DEFINITION ( 'draft international standard', 'automotive_design', 1998, #4702 ) ;
#4564 = DIRECTION ( 'NONE',  ( -0.000000000000000000, -0.000000000000000000, 1.000000000000000000 ) ) ;
#4565 = DIRECTION ( 'NONE',  ( -1.000000000000000000, 2.710505431148326059E-16, 0.000000000000000000 ) ) ;
#4566 = ORIENTED_EDGE ( 'NONE', *, *, #5483, .F. ) ;
#4567 = CARTESIAN_POINT ( 'NONE',  ( -7.749999999999896083, 2.999999999999975131, -20.35000000000081144 ) ) ;
#4568 = EDGE_LOOP ( 'NONE', ( #4784, #4269 ) ) ;
#4569 = ORIENTED_EDGE ( 'NONE', *, *, #1322, .T. ) ;
#4570 = ADVANCED_FACE ( 'NONE', ( #4518 ), #145, .F. ) ;
#4571 = LINE ( 'NONE', #1758, #3262 ) ;
#4572 = FACE_OUTER_BOUND ( 'NONE', #4534, .T. ) ;
#4573 = DIRECTION ( 'NONE',  ( 1.000000000000000000, 0.000000000000000000, 0.000000000000000000 ) ) ;
#4574 = ORIENTED_EDGE ( 'NONE', *, *, #1263, .F. ) ;
#4575 = EDGE_CURVE ( 'NONE', #4042, #2121, #3519, .T. ) ;
#4576 = ORIENTED_EDGE ( 'NONE', *, *, #3928, .F. ) ;
#4577 = DIRECTION ( 'NONE',  ( 1.000000000000000000, 0.000000000000000000, 0.000000000000000000 ) ) ;
#4578 = ORIENTED_EDGE ( 'NONE', *, *, #662, .F. ) ;
#4579 = CARTESIAN_POINT ( 'NONE',  ( 52.49999999999999289, 0.000000000000000000, 10.60000000000060894 ) ) ;
#4580 = DIRECTION ( 'NONE',  ( -5.553580772755923110E-28, 1.000000000000000000, -5.420049715972916316E-30 ) ) ;
#4581 = CARTESIAN_POINT ( 'NONE',  ( 275.5980642608369067, 9.061936429107239732, 2.899999999999999911 ) ) ;
#4582 = CARTESIAN_POINT ( 'NONE',  ( 277.2573350821123768, 1.203003909886584122, 1.299999999999999822 ) ) ;
#4583 = CARTESIAN_POINT ( 'NONE',  ( 275.6811110710334560, -3.844209765900900688, 1.299999999999999822 ) ) ;
#4584 = ORIENTED_EDGE ( 'NONE', *, *, #940, .F. ) ;
#4585 = EDGE_CURVE ( 'NONE', #986, #4849, #3878, .T. ) ;
#4586 = EDGE_CURVE ( 'NONE', #1003, #2692, #3368, .T. ) ;
#4587 = ORIENTED_EDGE ( 'NONE', *, *, #1345, .T. ) ;
#4588 = DIRECTION ( 'NONE',  ( 1.000000000000000000, 0.000000000000000000, 0.000000000000000000 ) ) ;
#4589 = LINE ( 'NONE', #4045, #5787 ) ;
#4590 = DIRECTION ( 'NONE',  ( 0.000000000000000000, 0.000000000000000000, 1.000000000000000000 ) ) ;
#4591 = EDGE_LOOP ( 'NONE', ( #4099, #4180, #3287, #4193 ) ) ;
#4592 = APPLICATION_PROTOCOL_DEFINITION ( 'draft international standard', 'automotive_design', 1998, #6177 ) ;
#4593 = VECTOR ( 'NONE', #6296, 1000.000000000000000 ) ;
#4594 = EDGE_CURVE ( 'NONE', #5290, #3564, #433, .T. ) ;
#4595 = DIRECTION ( 'NONE',  ( 1.000000000000000000, 0.000000000000000000, 0.000000000000000000 ) ) ;
#4596 = CARTESIAN_POINT ( 'NONE',  ( 276.6811110710334560, -3.844209765900900688, 1.299999999999999822 ) ) ;
#4597 = VECTOR ( 'NONE', #671, 1000.000000000000000 ) ;
#4598 = EDGE_LOOP ( 'NONE', ( #4905, #5122, #2398, #367 ) ) ;
#4599 = DIRECTION ( 'NONE',  ( 0.000000000000000000, 0.000000000000000000, 1.000000000000000000 ) ) ;
#4600 = ORIENTED_EDGE ( 'NONE', *, *, #6570, .F. ) ;
#4601 = ORIENTED_EDGE ( 'NONE', *, *, #6871, .T. ) ;
#4602 = CIRCLE ( 'NONE', #5870, 2.599999999915882487 ) ;
#4603 = DIRECTION ( 'NONE',  ( -5.553580772755923110E-28, 1.000000000000000000, -5.420049715972916316E-30 ) ) ;
#4604 = LINE ( 'NONE', #6325, #5454 ) ;
#4605 = DIRECTION ( 'NONE',  ( 0.000000000000000000, 0.000000000000000000, 1.000000000000000000 ) ) ;
#4606 = AXIS2_PLACEMENT_3D ( 'NONE', #4531, #1320, #6153 ) ;
#4607 = PRODUCT_DEFINITION_FORMATION_WITH_SPECIFIED_SOURCE ( '任何', '', #3474, .NOT_KNOWN. ) ;
#4608 = EDGE_CURVE ( 'NONE', #5428, #2437, #2390, .T. ) ;
#4609 = VERTEX_POINT ( 'NONE', #181 ) ;
#4610 = STYLED_ITEM ( 'NONE', ( #1754 ), #2863 ) ;
#4611 = CONICAL_SURFACE ( 'NONE', #4272, 37.50000000000145661, 0.7853981633974391752 ) ;
#4612 = VERTEX_POINT ( 'NONE', #2358 ) ;
#4613 = CARTESIAN_POINT ( 'NONE',  ( 275.4456162386791220, -1.032490922467731886, 2.899999999999999911 ) ) ;
#4614 = ORIENTED_EDGE ( 'NONE', *, *, #808, .F. ) ;
#4615 = DIRECTION ( 'NONE',  ( 0.000000000000000000, 0.000000000000000000, 1.000000000000000000 ) ) ;
#4616 = CARTESIAN_POINT ( 'NONE',  ( 47.49999999999998579, 2.900000000000041211, 2.500000000000002220 ) ) ;
#4617 = LINE ( 'NONE', #1868, #78 ) ;
#4618 = CARTESIAN_POINT ( 'NONE',  ( -17.67766952966604066, -1.678792177122987615E-29, -14.37766952966430445 ) ) ;
#4619 = EDGE_CURVE ( 'NONE', #6538, #2052, #2280, .T. ) ;
#4620 = AXIS2_PLACEMENT_3D ( 'NONE', #1906, #4035, #4686 ) ;
#4621 = CARTESIAN_POINT ( 'NONE',  ( 17.67766952966382021, -2.465190328815470755E-29, -20.97766952966431830 ) ) ;
#4622 = ORIENTED_EDGE ( 'NONE', *, *, #4330, .F. ) ;
#4623 = EDGE_LOOP ( 'NONE', ( #1790, #5450, #5168, #1009 ) ) ;
#4624 = DIRECTION ( 'NONE',  ( 0.000000000000000000, 0.000000000000000000, 1.000000000000000000 ) ) ;
#4625 = DIRECTION ( 'NONE',  ( 0.000000000000000000, 0.000000000000000000, 1.000000000000000000 ) ) ;
#4626 = EDGE_CURVE ( 'NONE', #843, #6974, #4449, .T. ) ;
#4627 = FACE_OUTER_BOUND ( 'NONE', #4530, .T. ) ;
#4628 = VERTEX_POINT ( 'NONE', #3405 ) ;
#4629 = AXIS2_PLACEMENT_3D ( 'NONE', #4662, #6851, #1913 ) ;
#4630 = LINE ( 'NONE', #6428, #4030 ) ;
#4631 = ADVANCED_FACE ( 'NONE', ( #1172 ), #6204, .T. ) ;
#4632 = CIRCLE ( 'NONE', #5444, 2.499999999997819522 ) ;
#4633 = ADVANCED_FACE ( 'NONE', ( #6679 ), #3330, .F. ) ;
#4634 = DIRECTION ( 'NONE',  ( 1.000000000000000000, 0.000000000000000000, 0.000000000000000000 ) ) ;
#4635 = ORIENTED_EDGE ( 'NONE', *, *, #5116, .F. ) ;
#4636 = CARTESIAN_POINT ( 'NONE',  ( 67.50000000000000000, 0.1000000000000167422, -10.50000000000030198 ) ) ;
#4637 = ORIENTED_EDGE ( 'NONE', *, *, #3800, .T. ) ;
#4638 = EDGE_LOOP ( 'NONE', ( #3469, #2734, #2866, #4123 ) ) ;
#4639 = AXIS2_PLACEMENT_3D ( 'NONE', #4582, #6233, #802 ) ;
#4640 = CARTESIAN_POINT ( 'NONE',  ( 67.50000000000000000, 0.000000000000000000, -7.400000000000600764 ) ) ;
#4641 = DIRECTION ( 'NONE',  ( -1.257158079375404835E-17, -1.000000000000000000, -1.634305503260404027E-16 ) ) ;
#4642 = CARTESIAN_POINT ( 'NONE',  ( 275.5980642608369067, 9.061936429107239732, 0.000000000000000000 ) ) ;
#4643 = AXIS2_PLACEMENT_3D ( 'NONE', #3908, #498, #5960 ) ;
#4644 = AXIS2_PLACEMENT_3D ( 'NONE', #6551, #1657, #6659 ) ;
#4645 = ORIENTED_EDGE ( 'NONE', *, *, #1661, .F. ) ;
#4646 = ORIENTED_EDGE ( 'NONE', *, *, #2772, .F. ) ;
#4647 = CARTESIAN_POINT ( 'NONE',  ( 67.50000000000000000, 3.000000000000002665, -10.50000000000030198 ) ) ;
#4648 = PRODUCT_DEFINITION ( '未知', '', #2647, #5065 ) ;
#4649 = AXIS2_PLACEMENT_3D ( 'NONE', #3830, #559, #592 ) ;
#4650 = EDGE_LOOP ( 'NONE', ( #3739, #2568 ) ) ;
#4651 = CARTESIAN_POINT ( 'NONE',  ( 274.5980642608369067, 9.061936429107239732, 1.299999999999999822 ) ) ;
#4652 = VECTOR ( 'NONE', #3017, 1000.000000000000000 ) ;
#4653 = CARTESIAN_POINT ( 'NONE',  ( 67.50000000000000000, 2.500000000000002220, 20.90000000000115321 ) ) ;
#4654 = DIRECTION ( 'NONE',  ( -1.000000000000000000, 2.710505431148326059E-16, 0.000000000000000000 ) ) ;
#4655 = FACE_OUTER_BOUND ( 'NONE', #2654, .T. ) ;
#4656 = ORIENTED_EDGE ( 'NONE', *, *, #465, .F. ) ;
#4657 = CIRCLE ( 'NONE', #3392, 0.7499999999999729106 ) ;
#4658 = VECTOR ( 'NONE', #946, 1000.000000000000000 ) ;
#4659 = CARTESIAN_POINT ( 'NONE',  ( 273.8889996752126876, 10.66614908401479767, 1.500000000000000000 ) ) ;
#4660 = VERTEX_POINT ( 'NONE', #80 ) ;
#4661 = EDGE_LOOP ( 'NONE', ( #5812, #386 ) ) ;
#4662 = CARTESIAN_POINT ( 'NONE',  ( 274.4456162386791220, -1.032490922467731886, 1.299999999999999822 ) ) ;
#4663 = DIRECTION ( 'NONE',  ( -4.180962797671306068E-28, 0.7071067811865270336, 0.7071067811865680008 ) ) ;
#4664 = AXIS2_PLACEMENT_3D ( 'NONE', #183, #5134, #6206 ) ;
#4665 = CARTESIAN_POINT ( 'NONE',  ( 278.1216710987305873, 8.773824423567811337, 0.000000000000000000 ) ) ;
#4666 = CARTESIAN_POINT ( 'NONE',  ( 67.50000000000000000, 0.5000000000000281997, 30.50000000000122924 ) ) ;
#4667 = VERTEX_POINT ( 'NONE', #2249 ) ;
#4668 = PRESENTATION_LAYER_ASSIGNMENT (  '', '', ( #2138 ) ) ;
#4669 = EDGE_CURVE ( 'NONE', #6361, #1822, #5133, .T. ) ;
#4670 = DIRECTION ( 'NONE',  ( 0.000000000000000000, -5.087249021584613840E-30, 1.000000000000000000 ) ) ;
#4671 = CARTESIAN_POINT ( 'NONE',  ( 276.1655879583235560, -7.674337759814201299, 1.500000000000000000 ) ) ;
#4672 = ORIENTED_EDGE ( 'NONE', *, *, #211, .F. ) ;
#4673 =( NAMED_UNIT ( * ) SI_UNIT ( $, .STERADIAN. ) SOLID_ANGLE_UNIT ( ) );
#4674 = VERTEX_POINT ( 'NONE', #6608 ) ;
#4675 = ORIENTED_EDGE ( 'NONE', *, *, #1529, .F. ) ;
#4676 = EDGE_CURVE ( 'NONE', #1407, #6292, #6712, .T. ) ;
#4677 = EDGE_CURVE ( 'NONE', #6363, #6683, #638, .T. ) ;
#4678 = DIRECTION ( 'NONE',  ( 1.355252715640296690E-16, 1.000000000000000000, -4.343325478644314011E-30 ) ) ;
#4679 = DIRECTION ( 'NONE',  ( 0.000000000000000000, 0.000000000000000000, 1.000000000000000000 ) ) ;
#4680 = PLANE ( 'NONE',  #4954 ) ;
#4681 = VERTEX_POINT ( 'NONE', #2897 ) ;
#4682 = ORIENTED_EDGE ( 'NONE', *, *, #5609, .F. ) ;
#4683 = CARTESIAN_POINT ( 'NONE',  ( 276.0599522552975031, 6.538329591213495107, 1.299999999999999822 ) ) ;
#4684 = ORIENTED_EDGE ( 'NONE', *, *, #1625, .F. ) ;
#4685 = CARTESIAN_POINT ( 'NONE',  ( 67.50000000000000000, 3.000000000000002665, -22.50000000000061107 ) ) ;
#4686 = DIRECTION ( 'NONE',  ( 0.000000000000000000, 0.000000000000000000, 1.000000000000000000 ) ) ;
#4687 = CARTESIAN_POINT ( 'NONE',  ( 277.2573350821123768, 1.203003909886584122, 1.299999999999999822 ) ) ;
#4688 = DIRECTION ( 'NONE',  ( 5.553580772755923110E-28, -1.000000000000000000, 5.420049715972916316E-30 ) ) ;
#4689 = EDGE_LOOP ( 'NONE', ( #7090, #6321, #7040, #5755 ) ) ;
#4690 = DIRECTION ( 'NONE',  ( 1.000000000000000000, -5.869125134844098244E-28, 1.288801503904777590E-28 ) ) ;
#4691 = ORIENTED_EDGE ( 'NONE', *, *, #5337, .F. ) ;
#4692 = ORIENTED_EDGE ( 'NONE', *, *, #6464, .T. ) ;
#4693 = CARTESIAN_POINT ( 'NONE',  ( 67.50000000000000000, 0.000000000000000000, -2.600000000000310507 ) ) ;
#4694 = DIRECTION ( 'NONE',  ( -5.553580772755923110E-28, 1.000000000000000000, -5.420049715972916316E-30 ) ) ;
#4695 = FACE_BOUND ( 'NONE', #6207, .T. ) ;
#4696 = DIRECTION ( 'NONE',  ( 1.000000000000000000, 0.000000000000000000, 0.000000000000000000 ) ) ;
#4697 = CARTESIAN_POINT ( 'NONE',  ( 17.67766952966382021, 0.000000000000000000, -17.67766952966432115 ) ) ;
#4698 = ADVANCED_FACE ( 'NONE', ( #4455 ), #6646, .F. ) ;
#4699 = EDGE_LOOP ( 'NONE', ( #6921, #2886, #5860, #3656 ) ) ;
#4700 = ITEM_DEFINED_TRANSFORMATION ( 'NONE', 'NONE', #4021,  #2423 ) ;
#4701 = DIRECTION ( 'NONE',  ( 0.000000000000000000, 0.000000000000000000, -1.000000000000000000 ) ) ;
#4702 = APPLICATION_CONTEXT ( 'automotive_design' ) ;
#4703 = DIRECTION ( 'NONE',  ( 5.553580772755923110E-28, -1.000000000000000000, 5.420049715972916316E-30 ) ) ;
#4704 = EDGE_CURVE ( 'NONE', #4681, #2652, #5826, .T. ) ;
#4705 = AXIS2_PLACEMENT_3D ( 'NONE', #631, #3295, #5498 ) ;
#4706 = VERTEX_POINT ( 'NONE', #1782 ) ;
#4707 = ORIENTED_EDGE ( 'NONE', *, *, #622, .F. ) ;
#4708 = ORIENTED_EDGE ( 'NONE', *, *, #3742, .T. ) ;
#4709 = CARTESIAN_POINT ( 'NONE',  ( 7.850000000000051159, 1.500000000000001332, -25.80000000000136851 ) ) ;
#4710 = CARTESIAN_POINT ( 'NONE',  ( 275.3099522552975031, 6.538329591213495107, 1.299999999999999822 ) ) ;
#4711 = VECTOR ( 'NONE', #3281, 1000.000000000000000 ) ;
#4712 = LINE ( 'NONE', #902, #4163 ) ;
#4713 = ADVANCED_FACE ( 'NONE', ( #1240 ), #3433, .T. ) ;
#4714 = CARTESIAN_POINT ( 'NONE',  ( 272.4516683798460690, -5.273690273624817237, 3.100000000000000089 ) ) ;
#4715 = ORIENTED_EDGE ( 'NONE', *, *, #4676, .T. ) ;
#4716 = VECTOR ( 'NONE', #6919, 1000.000000000000114 ) ;
#4717 = ORIENTED_EDGE ( 'NONE', *, *, #5053, .T. ) ;
#4718 = CARTESIAN_POINT ( 'NONE',  ( 67.50000000000005684, 0.000000000000000000, 22.50000000000122213 ) ) ;
#4719 = EDGE_LOOP ( 'NONE', ( #5994, #2729, #4472, #3131 ) ) ;
#4720 = DIRECTION ( 'NONE',  ( 0.000000000000000000, 0.000000000000000000, -1.000000000000000000 ) ) ;
#4721 = CARTESIAN_POINT ( 'NONE',  ( 67.50000000000000000, -2.842170943040400743E-11, -2.599999999965567188 ) ) ;
#4722 = CARTESIAN_POINT ( 'NONE',  ( 67.50000000000000000, 0.1000000000451195525, 7.500000000011406875 ) ) ;
#4723 = VECTOR ( 'NONE', #2817, 1000.000000000000000 ) ;
#4724 = LINE ( 'NONE', #6339, #1650 ) ;
#4725 = EDGE_CURVE ( 'NONE', #836, #1407, #1258, .T. ) ;
#4726 = ADVANCED_FACE ( 'NONE', ( #5152 ), #1571, .F. ) ;
#4727 = VECTOR ( 'NONE', #3344, 1000.000000000000000 ) ;
#4728 = ORIENTED_EDGE ( 'NONE', *, *, #4478, .F. ) ;
#4729 = PRODUCT_DEFINITION_SHAPE ( 'NONE', 'NONE',  #7102 ) ;
#4730 = CARTESIAN_POINT ( 'NONE',  ( 74.35000000000459863, -22.49999999997287148, 0.000000000000000000 ) ) ;
#4731 = ORIENTED_EDGE ( 'NONE', *, *, #2741, .T. ) ;
#4732 = ORIENTED_EDGE ( 'NONE', *, *, #2562, .T. ) ;
#4733 = CARTESIAN_POINT ( 'NONE',  ( 273.9837282442186392, 1.491115915426010963, 0.1000000000000000056 ) ) ;
#4734 = CARTESIAN_POINT ( 'NONE',  ( 275.9692230765730301, -1.320602928007157395, 1.299999999999999822 ) ) ;
#4735 = AXIS2_PLACEMENT_3D ( 'NONE', #5665, #799, #3028 ) ;
#4736 = CARTESIAN_POINT ( 'NONE',  ( 31.49999999999997158, 3.000000000000002665, 0.000000000000000000 ) ) ;
#4737 = DIRECTION ( 'NONE',  ( -1.000000000000000000, 0.000000000000000000, 0.000000000000000000 ) ) ;
#4738 = DIRECTION ( 'NONE',  ( 0.000000000000000000, -5.087249021584615942E-30, 1.000000000000000000 ) ) ;
#4739 = ORIENTED_EDGE ( 'NONE', *, *, #5453, .T. ) ;
#4740 = VECTOR ( 'NONE', #1226, 1000.000000000000000 ) ;
#4741 = LINE ( 'NONE', #331, #5306 ) ;
#4742 = DIRECTION ( 'NONE',  ( 0.000000000000000000, 0.000000000000000000, -1.000000000000000000 ) ) ;
#4743 = EDGE_LOOP ( 'NONE', ( #351, #2097, #443, #1550 ) ) ;
#4744 = VERTEX_POINT ( 'NONE', #6263 ) ;
#4745 = EDGE_LOOP ( 'NONE', ( #5716, #1562 ) ) ;
#4746 = DIRECTION ( 'NONE',  ( -1.375336375708028539E-17, -1.000000000000000000, -1.673398497896634293E-16 ) ) ;
#4747 = EDGE_CURVE ( 'NONE', #2692, #3680, #5121, .T. ) ;
#4748 = AXIS2_PLACEMENT_3D ( 'NONE', #2100, #5496, #4872 ) ;
#4749 = CARTESIAN_POINT ( 'NONE',  ( 9.580000000000060467, -27.26774651488445045, -23.00000000000115818 ) ) ;
#4750 = CARTESIAN_POINT ( 'NONE',  ( 275.3099522552975031, 6.538329591213495107, 1.299999999999999822 ) ) ;
#4751 = ORIENTED_EDGE ( 'NONE', *, *, #3138, .F. ) ;
#4752 = CIRCLE ( 'NONE', #1869, 3.300000000000125944 ) ;
#4753 = DIRECTION ( 'NONE',  ( 1.000000000000000000, 0.000000000000000000, 0.000000000000000000 ) ) ;
#4754 = ADVANCED_FACE ( 'NONE', ( #204 ), #2956, .F. ) ;
#4755 = DIRECTION ( 'NONE',  ( 0.000000000000000000, 0.000000000000000000, -1.000000000000000000 ) ) ;
#4756 = DIRECTION ( 'NONE',  ( -1.000000000000000000, 5.869125134844098244E-28, 1.734723475975450007E-16 ) ) ;
#4757 = DIRECTION ( 'NONE',  ( 1.355252715568668120E-16, 1.000000000000000000, -4.343325478640635603E-30 ) ) ;
#4758 = CIRCLE ( 'NONE', #402, 0.7499999999999729106 ) ;
#4759 = AXIS2_PLACEMENT_3D ( 'NONE', #4220, #3097, #2089 ) ;
#4760 = CARTESIAN_POINT ( 'NONE',  ( 67.50000000000000000, 3.000000000000002665, -30.50000000000121858 ) ) ;
#4761 = VERTEX_POINT ( 'NONE', #1903 ) ;
#4762 = CARTESIAN_POINT ( 'NONE',  ( 280.3559162298850538, 11.76972974482081646, 0.1000000000000002554 ) ) ;
#4763 = AXIS2_PLACEMENT_3D ( 'NONE', #1953, #3040, #6852 ) ;
#4764 = CONICAL_SURFACE ( 'NONE', #2696, 1.599999999954040852, 0.7853981633974482790 ) ;
#4765 = ORIENTED_EDGE ( 'NONE', *, *, #6548, .T. ) ;
#4766 = EDGE_CURVE ( 'NONE', #2966, #715, #2364, .T. ) ;
#4767 = EDGE_LOOP ( 'NONE', ( #3847, #214, #3674, #3667 ) ) ;
#4768 = LINE ( 'NONE', #387, #4514 ) ;
#4769 = EDGE_CURVE ( 'NONE', #866, #905, #2885, .T. ) ;
#4770 = CYLINDRICAL_SURFACE ( 'NONE', #5227, 1.000000000000000888 ) ;
#4771 = DIRECTION ( 'NONE',  ( 0.1134299234407203372, 0.9935459991707642491, -0.000000000000000000 ) ) ;
#4772 = VECTOR ( 'NONE', #5269, 1000.000000000000000 ) ;
#4773 = VECTOR ( 'NONE', #3520, 1000.000000000000114 ) ;
#4774 = DIRECTION ( 'NONE',  ( -0.000000000000000000, -0.000000000000000000, 1.000000000000000000 ) ) ;
#4775 = CARTESIAN_POINT ( 'NONE',  ( 17.67766952966382021, 3.000000000000002665, 11.37766952966335765 ) ) ;
#4776 = EDGE_LOOP ( 'NONE', ( #3977, #2164 ) ) ;
#4777 = CONICAL_SURFACE ( 'NONE', #2356, 2.600000000029573322, 0.7853981633974482790 ) ;
#4778 = AXIS2_PLACEMENT_3D ( 'NONE', #6964, #6310, #920 ) ;
#4779 = DIRECTION ( 'NONE',  ( -1.314439483324459577E-28, 0.000000000000000000, -1.000000000000000000 ) ) ;
#4780 = CARTESIAN_POINT ( 'NONE',  ( 10.34999999999744524, 0.09999999999998898659, -23.00000000000076739 ) ) ;
#4781 = AXIS2_PLACEMENT_3D ( 'NONE', #3294, #6498, #3795 ) ;
#4782 = ORIENTED_EDGE ( 'NONE', *, *, #6046, .T. ) ;
#4783 = ORIENTED_EDGE ( 'NONE', *, *, #3876, .F. ) ;
#4784 = ORIENTED_EDGE ( 'NONE', *, *, #1504, .F. ) ;
#4785 = FACE_OUTER_BOUND ( 'NONE', #3276, .T. ) ;
#4786 = AXIS2_PLACEMENT_3D ( 'NONE', #3260, #3221, #3840 ) ;
#4787 = LINE ( 'NONE', #2483, #5999 ) ;
#4788 = FACE_BOUND ( 'NONE', #4650, .T. ) ;
#4789 = ORIENTED_EDGE ( 'NONE', *, *, #6695, .F. ) ;
#4790 = AXIS2_PLACEMENT_3D ( 'NONE', #795, #766, #1863 ) ;
#4791 = CARTESIAN_POINT ( 'NONE',  ( 9.579999999997646398, 0.000000000000000000, -19.65000000000113900 ) ) ;
#4792 = LINE ( 'NONE', #5446, #4711 ) ;
#4793 = CARTESIAN_POINT ( 'NONE',  ( 67.50000000000000000, 7.141509605901319446E-11, -9.000000000000303757 ) ) ;
#4794 = CARTESIAN_POINT ( 'NONE',  ( 274.4456162386791220, -1.032490922467731886, 0.000000000000000000 ) ) ;
#4795 = CARTESIAN_POINT ( 'NONE',  ( 275.0529289993729662, -6.909307340452717661, 2.299999999999999822 ) ) ;
#4796 = EDGE_LOOP ( 'NONE', ( #5491, #2046 ) ) ;
#4797 = EDGE_CURVE ( 'NONE', #1919, #352, #6741, .T. ) ;
#4798 = DIRECTION ( 'NONE',  ( -5.553580772755924007E-28, 1.000000000000000000, -5.420049715972919119E-30 ) ) ;
#4799 = ORIENTED_EDGE ( 'NONE', *, *, #1585, .F. ) ;
#4800 = ORIENTED_EDGE ( 'NONE', *, *, #1918, .T. ) ;
#4801 = LINE ( 'NONE', #849, #2245 ) ;
#4802 = CARTESIAN_POINT ( 'NONE',  ( 17.67766952966382021, 3.000000000000002665, 17.67766952966360350 ) ) ;
#4803 = CARTESIAN_POINT ( 'NONE',  ( 67.50000000000000000, 3.000000000000002665, 7.500000000000610179 ) ) ;
#4804 = LINE ( 'NONE', #6461, #89 ) ;
#4805 = DIRECTION ( 'NONE',  ( 0.000000000000000000, 0.000000000000000000, 1.000000000000000000 ) ) ;
#4806 = ADVANCED_FACE ( 'NONE', ( #3533 ), #4219, .F. ) ;
#4807 = ADVANCED_FACE ( 'NONE', ( #2445 ), #1362, .F. ) ;
#4808 = VERTEX_POINT ( 'NONE', #4613 ) ;
#4809 = CARTESIAN_POINT ( 'NONE',  ( -10.35000000000230180, 0.2999999999999947153, -22.00000000000103384 ) ) ;
#4810 = FACE_BOUND ( 'NONE', #1483, .T. ) ;
#4811 = EDGE_CURVE ( 'NONE', #3923, #892, #6971, .T. ) ;
#4812 = EDGE_CURVE ( 'NONE', #3543, #848, #4032, .T. ) ;
#4813 = EDGE_LOOP ( 'NONE', ( #678, #5624 ) ) ;
#4814 = SHAPE_REPRESENTATION_RELATIONSHIP ( 'NONE' , 'NONE' ,  #3477, #2863 ) ;
#4815 = VERTEX_POINT ( 'NONE', #6799 ) ;
#4816 = VERTEX_POINT ( 'NONE', #5043 ) ;
#4817 = DIRECTION ( 'NONE',  ( 5.553580772755923110E-28, -1.000000000000000000, 5.420049715972916316E-30 ) ) ;
#4818 = DIRECTION ( 'NONE',  ( -1.000000000000000000, 5.869125134844098244E-28, -1.288801503904777590E-28 ) ) ;
#4819 = EDGE_LOOP ( 'NONE', ( #5740, #4717, #728, #2466 ) ) ;
#4820 = DIRECTION ( 'NONE',  ( 5.553580772755923110E-28, -1.000000000000000000, 5.420049715972916316E-30 ) ) ;
#4821 = ORIENTED_EDGE ( 'NONE', *, *, #4171, .T. ) ;
#4822 = VECTOR ( 'NONE', #6499, 1000.000000000000000 ) ;
#4823 = DIRECTION ( 'NONE',  ( 1.000000000000000000, 0.000000000000000000, 0.000000000000000000 ) ) ;
#4824 = CARTESIAN_POINT ( 'NONE',  ( -10.35000000000230180, 0.09999999999998898659, -23.80000000000108429 ) ) ;
#4825 = FACE_OUTER_BOUND ( 'NONE', #3393, .T. ) ;
#4826 = CARTESIAN_POINT ( 'NONE',  ( 75.49999999999995737, 3.000000000000002665, 22.50000000000115818 ) ) ;
#4827 = EDGE_CURVE ( 'NONE', #3788, #1334, #2370, .T. ) ;
#4828 = ORIENTED_EDGE ( 'NONE', *, *, #961, .F. ) ;
#4829 = CARTESIAN_POINT ( 'NONE',  ( 24.81934729198168199, 0.000000000000000000, 30.00000000000123279 ) ) ;
#4830 = EDGE_LOOP ( 'NONE', ( #4541, #6335 ) ) ;
#4831 = VERTEX_POINT ( 'NONE', #6227 ) ;
#4832 = CARTESIAN_POINT ( 'NONE',  ( 277.8335590931911838, 6.250217585674071152, 1.299999999999999822 ) ) ;
#4833 = AXIS2_PLACEMENT_3D ( 'NONE', #1373, #5774, #1452 ) ;
#4834 = DIRECTION ( 'NONE',  ( 5.553580772755923110E-28, -1.000000000000000000, 5.420049715972916316E-30 ) ) ;
#4835 = CARTESIAN_POINT ( 'NONE',  ( 278.3901756566573340, -5.448422420808495481, 0.000000000000000000 ) ) ;
#4836 = CIRCLE ( 'NONE', #5648, 0.7499999999999729106 ) ;
#4837 = CONICAL_SURFACE ( 'NONE', #6111, 1.599999999954040852, 0.7853981633974482790 ) ;
#4838 = FILL_AREA_STYLE_COLOUR ( '', #6962 ) ;
#4839 = CARTESIAN_POINT ( 'NONE',  ( 67.50000000000000000, 0.000000000000000000, -7.400000000000600764 ) ) ;
#4840 = EDGE_LOOP ( 'NONE', ( #6218, #2219, #5489, #4765 ) ) ;
#4841 = VECTOR ( 'NONE', #207, 1000.000000000000000 ) ;
#4842 = CARTESIAN_POINT ( 'NONE',  ( -17.67766952966359639, 3.000000000000002665, -23.97766952966467713 ) ) ;
#4843 = ADVANCED_FACE ( 'NONE', ( #2305, #4508, #4070, #1230, #6700, #5083, #2922, #5732, #3423, #5625, #3999, #687, #2342, #6735, #1408 ), #6446, .F. ) ;
#4844 = CARTESIAN_POINT ( 'NONE',  ( 67.50000000000000000, 2.899999999999986144, 9.000000000000603961 ) ) ;
#4845 = DIRECTION ( 'NONE',  ( 1.000000000000000000, 0.000000000000000000, -0.000000000000000000 ) ) ;
#4846 = AXIS2_PLACEMENT_3D ( 'NONE', #3092, #1402, #6940 ) ;
#4847 = ORIENTED_EDGE ( 'NONE', *, *, #5381, .F. ) ;
#4848 = DIRECTION ( 'NONE',  ( -6.938893903907228378E-18, -1.000000000000000000, 1.559863349598344939E-14 ) ) ;
#4849 = VERTEX_POINT ( 'NONE', #344 ) ;
#4850 = ORIENTED_EDGE ( 'NONE', *, *, #5147, .F. ) ;
#4851 = LINE ( 'NONE', #1687, #973 ) ;
#4852 = ADVANCED_FACE ( 'NONE', ( #2626 ), #5300, .T. ) ;
#4853 = ADVANCED_FACE ( 'NONE', ( #3606 ), #1444, .F. ) ;
#4854 =( NAMED_UNIT ( * ) PLANE_ANGLE_UNIT ( ) SI_UNIT ( $, .RADIAN. ) );
#4855 = AXIS2_PLACEMENT_3D ( 'NONE', #169, #5046, #3395 ) ;
#4856 = ORIENTED_EDGE ( 'NONE', *, *, #6569, .F. ) ;
#4857 = CARTESIAN_POINT ( 'NONE',  ( 274.9075042331397185, -3.556097760361474069, 1.299999999999999822 ) ) ;
#4858 = ORIENTED_EDGE ( 'NONE', *, *, #1992, .F. ) ;
#4859 = VECTOR ( 'NONE', #5165, 1000.000000000000000 ) ;
#4860 = DIRECTION ( 'NONE',  ( 1.000000000000000000, 0.000000000000000000, 0.000000000000000000 ) ) ;
#4861 = CARTESIAN_POINT ( 'NONE',  ( 276.5454470876517803, 3.726610747780326527, 2.899999999999999911 ) ) ;
#4862 = DIRECTION ( 'NONE',  ( 0.000000000000000000, 0.000000000000000000, 1.000000000000000000 ) ) ;
#4863 = DIRECTION ( 'NONE',  ( 0.000000000000000000, 0.000000000000000000, 1.000000000000000000 ) ) ;
#4864 = ORIENTED_EDGE ( 'NONE', *, *, #4410, .F. ) ;
#4865 = DIRECTION ( 'NONE',  ( 1.000000000000000000, 0.000000000000000000, 0.000000000000000000 ) ) ;
#4866 = EDGE_CURVE ( 'NONE', #3522, #2693, #2605, .T. ) ;
#4867 = ORIENTED_EDGE ( 'NONE', *, *, #364, .F. ) ;
#4868 = VERTEX_POINT ( 'NONE', #4683 ) ;
#4869 = DIRECTION ( 'NONE',  ( 1.000000000000000000, 0.000000000000000000, 0.000000000000000000 ) ) ;
#4870 = CIRCLE ( 'NONE', #69, 0.5000000000000004441 ) ;
#4871 = PLANE ( 'NONE',  #4539 ) ;
#4872 = DIRECTION ( 'NONE',  ( 1.000000000000000000, 0.000000000000000000, 0.000000000000000000 ) ) ;
#4873 = DIRECTION ( 'NONE',  ( 0.000000000000000000, 0.000000000000000000, 1.000000000000000000 ) ) ;
#4874 = DIRECTION ( 'NONE',  ( -5.664021299486786739E-28, 0.7071067811865476838, -0.7071067811865474617 ) ) ;
#4875 = VECTOR ( 'NONE', #6137, 1000.000000000000000 ) ;
#4876 = CIRCLE ( 'NONE', #1430, 0.5000000000000004441 ) ;
#4877 = EDGE_LOOP ( 'NONE', ( #1784, #4022, #2494, #1968 ) ) ;
#4878 = EDGE_CURVE ( 'NONE', #4946, #6404, #6374, .T. ) ;
#4879 = DIRECTION ( 'NONE',  ( -5.553580772755922213E-28, 1.000000000000000000, 5.087249021584615241E-30 ) ) ;
#4880 = CIRCLE ( 'NONE', #5577, 6.300000000000246736 ) ;
#4881 = CONICAL_SURFACE ( 'NONE', #2932, 1.600000000038626080, 0.7853981636816653733 ) ;
#4882 = LINE ( 'NONE', #6466, #5252 ) ;
#4883 = CARTESIAN_POINT ( 'NONE',  ( 272.5708938997464656, -5.287301864437693233, 3.100000000000000089 ) ) ;
#4884 = EDGE_LOOP ( 'NONE', ( #1764, #4782, #6776, #6190, #3809 ) ) ;
#4885 = ORIENTED_EDGE ( 'NONE', *, *, #3304, .T. ) ;
#4886 = ADVANCED_FACE ( 'NONE', ( #3133 ), #6946, .T. ) ;
#4887 = AXIS2_PLACEMENT_3D ( 'NONE', #273, #2598, #6298 ) ;
#4888 = AXIS2_PLACEMENT_3D ( 'NONE', #5783, #4774, #357 ) ;
#4889 = VERTEX_POINT ( 'NONE', #6482 ) ;
#4890 = CYLINDRICAL_SURFACE ( 'NONE', #407, 7.100000000000273204 ) ;
#4891 = MECHANICAL_DESIGN_GEOMETRIC_PRESENTATION_REPRESENTATION (  '', ( #2138 ), #3747 ) ;
#4892 = EDGE_LOOP ( 'NONE', ( #1583, #3389, #5661, #623 ) ) ;
#4893 = DIRECTION ( 'NONE',  ( 1.000000000000000000, 0.000000000000000000, 0.000000000000000000 ) ) ;
#4894 = VERTEX_POINT ( 'NONE', #6874 ) ;
#4895 = ADVANCED_FACE ( 'NONE', ( #3710 ), #2002, .F. ) ;
#4896 = ADVANCED_FACE ( 'NONE', ( #6333 ), #1937, .F. ) ;
#4897 = DIRECTION ( 'NONE',  ( -1.000000000000000000, -1.224646799147353207E-16, 0.000000000000000000 ) ) ;
#4898 = DIRECTION ( 'NONE',  ( 1.000000000000000000, 0.000000000000000000, 0.000000000000000000 ) ) ;
#4899 = CYLINDRICAL_SURFACE ( 'NONE', #1633, 0.7499999999999729106 ) ;
#4900 = DIRECTION ( 'NONE',  ( -2.997525552164776300E-28, 0.7071067811865335839, 0.7071067811865615615 ) ) ;
#4901 = AXIS2_PLACEMENT_3D ( 'NONE', #2648, #1574, #1030 ) ;
#4902 = ORIENTED_EDGE ( 'NONE', *, *, #3434, .F. ) ;
#4903 = DIRECTION ( 'NONE',  ( 1.000000000000000000, 0.000000000000000000, 0.000000000000000000 ) ) ;
#4904 = VERTEX_POINT ( 'NONE', #5333 ) ;
#4905 = ORIENTED_EDGE ( 'NONE', *, *, #82, .F. ) ;
#4906 = CARTESIAN_POINT ( 'NONE',  ( 0.000000000000000000, 0.000000000000000000, 0.000000000000000000 ) ) ;
#4907 = CARTESIAN_POINT ( 'NONE',  ( -2.442490654175344389E-12, 19.51279806695395536, -19.85000000000117026 ) ) ;
#4908 = CARTESIAN_POINT ( 'NONE',  ( 274.9655879583236242, -7.674337759814201299, 1.500000000000000000 ) ) ;
#4909 = CARTESIAN_POINT ( 'NONE',  ( 7.750000000000034639, 3.000000000000002665, -26.15000000000144809 ) ) ;
#4910 = DIRECTION ( 'NONE',  ( 0.000000000000000000, 0.000000000000000000, 1.000000000000000000 ) ) ;
#4911 = DIRECTION ( 'NONE',  ( 1.320386842784404616E-28, -5.087249021584615241E-30, 1.000000000000000000 ) ) ;
#4912 = EDGE_LOOP ( 'NONE', ( #6262, #697 ) ) ;
#4913 = DIRECTION ( 'NONE',  ( 1.314439483324459577E-28, 0.000000000000000000, 1.000000000000000000 ) ) ;
#4914 = CARTESIAN_POINT ( 'NONE',  ( 0.000000000000000000, 0.5000000000000004441, 0.000000000000000000 ) ) ;
#4915 = ADVANCED_FACE ( 'NONE', ( #2557 ), #3170, .T. ) ;
#4916 = FACE_OUTER_BOUND ( 'NONE', #2332, .T. ) ;
#4917 = ORIENTED_EDGE ( 'NONE', *, *, #423, .F. ) ;
#4918 =( REPRESENTATION_RELATIONSHIP ('NONE','NONE', #1545, #48 ) REPRESENTATION_RELATIONSHIP_WITH_TRANSFORMATION ( #2971 )SHAPE_REPRESENTATION_RELATIONSHIP( ) );
#4919 = ORIENTED_EDGE ( 'NONE', *, *, #381, .T. ) ;
#4920 = ORIENTED_EDGE ( 'NONE', *, *, #4551, .F. ) ;
#4921 = LINE ( 'NONE', #6578, #6714 ) ;
#4922 = EDGE_CURVE ( 'NONE', #3301, #5831, #5872, .T. ) ;
#4923 = CARTESIAN_POINT ( 'NONE',  ( 273.9003426675567425, 10.76550368393191093, 2.899999999999999911 ) ) ;
#4924 = ORIENTED_EDGE ( 'NONE', *, *, #3708, .F. ) ;
#4925 = CARTESIAN_POINT ( 'NONE',  ( -31.50000000000244427, 3.000000000000002665, 3.200000000000003730 ) ) ;
#4926 = ORIENTED_EDGE ( 'NONE', *, *, #3742, .F. ) ;
#4927 = DIRECTION ( 'NONE',  ( 0.000000000000000000, 0.000000000000000000, -1.000000000000000000 ) ) ;
#4928 = CYLINDRICAL_SURFACE ( 'NONE', #5054, 3.050000000000118394 ) ;
#4929 = DIRECTION ( 'NONE',  ( -0.000000000000000000, -0.000000000000000000, 1.000000000000000000 ) ) ;
#4930 = CARTESIAN_POINT ( 'NONE',  ( -10.35000000000230180, 1.500000000000001332, -22.00000000000107292 ) ) ;
#4931 = EDGE_CURVE ( 'NONE', #3178, #4868, #445, .T. ) ;
#4932 = ORIENTED_EDGE ( 'NONE', *, *, #1192, .T. ) ;
#4933 = VECTOR ( 'NONE', #4982, 1000.000000000000000 ) ;
#4934 = FACE_BOUND ( 'NONE', #3066, .T. ) ;
#4935 = ORIENTED_EDGE ( 'NONE', *, *, #1345, .F. ) ;
#4936 = ORIENTED_EDGE ( 'NONE', *, *, #2168, .T. ) ;
#4937 = DIRECTION ( 'NONE',  ( 0.000000000000000000, 0.000000000000000000, -1.000000000000000000 ) ) ;
#4938 = DIRECTION ( 'NONE',  ( 0.000000000000000000, 0.000000000000000000, -1.000000000000000000 ) ) ;
#4939 = CARTESIAN_POINT ( 'NONE',  ( 67.50000000000000000, 3.000000000038999026, 7.400000000019383961 ) ) ;
#4940 = EDGE_CURVE ( 'NONE', #2341, #2540, #2809, .T. ) ;
#4941 = EDGE_CURVE ( 'NONE', #5288, #2312, #5102, .T. ) ;
#4942 = CARTESIAN_POINT ( 'NONE',  ( 75.50000000000001421, 2.500000000000030198, -22.50000000000085976 ) ) ;
#4943 = CARTESIAN_POINT ( 'NONE',  ( 274.7337282442185824, 1.491115915426010963, 1.299999999999999822 ) ) ;
#4944 = CARTESIAN_POINT ( 'NONE',  ( 1.110223024625156540E-13, 0.000000000000000000, -1.110223024625156540E-13 ) ) ;
#4945 = AXIS2_PLACEMENT_3D ( 'NONE', #781, #1276, #2900 ) ;
#4946 = VERTEX_POINT ( 'NONE', #4791 ) ;
#4947 = CIRCLE ( 'NONE', #2765, 0.7499999999999729106 ) ;
#4948 = AXIS2_PLACEMENT_3D ( 'NONE', #4135, #6474, #302 ) ;
#4949 = DIRECTION ( 'NONE',  ( -1.000000000000000000, 2.710505431244622310E-16, 0.000000000000000000 ) ) ;
#4950 = CARTESIAN_POINT ( 'NONE',  ( 67.50000000000000000, 0.000000000000000000, -19.65000000000084057 ) ) ;
#4951 = DIRECTION ( 'NONE',  ( -5.553580772755922213E-28, 1.000000000000000000, 5.087249021584615241E-30 ) ) ;
#4952 = ORIENTED_EDGE ( 'NONE', *, *, #6334, .F. ) ;
#4953 =( NAMED_UNIT ( * ) SI_UNIT ( $, .STERADIAN. ) SOLID_ANGLE_UNIT ( ) );
#4954 = AXIS2_PLACEMENT_3D ( 'NONE', #4714, #408, #2591 ) ;
#4955 = EDGE_LOOP ( 'NONE', ( #5382, #6078, #1267, #1284 ) ) ;
#4956 = VECTOR ( 'NONE', #1670, 1000.000000000000114 ) ;
#4957 = ORIENTED_EDGE ( 'NONE', *, *, #5403, .F. ) ;
#4958 = PRODUCT_RELATED_PRODUCT_CATEGORY ( 'part', '', ( #6409 ) ) ;
#4959 = CARTESIAN_POINT ( 'NONE',  ( 274.0218402497579859, 4.014722753319752258, 1.299999999999999822 ) ) ;
#4960 = VECTOR ( 'NONE', #5410, 1000.000000000000000 ) ;
#4961 = LINE ( 'NONE', #3714, #6151 ) ;
#4962 = VERTEX_POINT ( 'NONE', #6981 ) ;
#4963 = CARTESIAN_POINT ( 'NONE',  ( 274.7337282442185824, 1.491115915426010963, 2.899999999999999911 ) ) ;
#4964 = VERTEX_POINT ( 'NONE', #835 ) ;
#4965 = EDGE_CURVE ( 'NONE', #3813, #5754, #3025, .T. ) ;
#4966 = DIRECTION ( 'NONE',  ( 0.000000000000000000, 0.000000000000000000, -1.000000000000000000 ) ) ;
#4967 = DIRECTION ( 'NONE',  ( -2.414735078559620964E-12, 0.000000000000000000, -1.000000000000000000 ) ) ;
#4968 = DIRECTION ( 'NONE',  ( 0.000000000000000000, 0.000000000000000000, 1.000000000000000000 ) ) ;
#4969 = DIRECTION ( 'NONE',  ( 0.000000000000000000, 5.087249021584615241E-30, -1.000000000000000000 ) ) ;
#4970 = ORIENTED_EDGE ( 'NONE', *, *, #3429, .F. ) ;
#4971 = AXIS2_PLACEMENT_3D ( 'NONE', #2165, #3828, #6022 ) ;
#4972 = CARTESIAN_POINT ( 'NONE',  ( 67.50000000000460432, -22.49999999997287148, 0.5000000000000000000 ) ) ;
#4973 = EDGE_CURVE ( 'NONE', #2079, #874, #4186, .T. ) ;
#4974 = ORIENTED_EDGE ( 'NONE', *, *, #2071, .T. ) ;
#4975 = ORIENTED_EDGE ( 'NONE', *, *, #5913, .T. ) ;
#4976 = DIRECTION ( 'NONE',  ( 5.553580772755923110E-28, -1.000000000000000000, 5.420049715972916316E-30 ) ) ;
#4977 = CARTESIAN_POINT ( 'NONE',  ( 276.8335590931911838, 6.250217585674071152, 2.899999999999999911 ) ) ;
#4978 = LINE ( 'NONE', #2167, #6490 ) ;
#4979 = AXIS2_PLACEMENT_3D ( 'NONE', #5921, #1526, #2609 ) ;
#4980 = DIRECTION ( 'NONE',  ( 2.776790386377923440E-28, -0.7071067811865240360, -0.7071067811865709984 ) ) ;
#4981 = CARTESIAN_POINT ( 'NONE',  ( 67.50000000000000000, 0.000000000000000000, 2.600000000000001421 ) ) ;
#4982 = DIRECTION ( 'NONE',  ( -5.553580772755923110E-28, 1.000000000000000000, -5.420049715972916316E-30 ) ) ;
#4983 = ADVANCED_FACE ( 'NONE', ( #2156 ), #2810, .T. ) ;
#4984 = AXIS2_PLACEMENT_3D ( 'NONE', #2856, #174, #6672 ) ;
#4985 = EDGE_CURVE ( 'NONE', #2618, #3446, #1694, .T. ) ;
#4986 = DIRECTION ( 'NONE',  ( 0.000000000000000000, 0.000000000000000000, 1.000000000000000000 ) ) ;
#4987 = DIRECTION ( 'NONE',  ( -1.000000000000000000, 5.869125134844098244E-28, -1.156482317319115413E-16 ) ) ;
#4988 = CIRCLE ( 'NONE', #4415, 3.050000000000118394 ) ;
#4989 = CIRCLE ( 'NONE', #1304, 1.000000000000000888 ) ;
#4990 = FACE_OUTER_BOUND ( 'NONE', #5161, .T. ) ;
#4991 = VERTEX_POINT ( 'NONE', #95 ) ;
#4992 = DIRECTION ( 'NONE',  ( -0.1435590017003997854, 1.562638907159907831E-14, 0.9896417599468932957 ) ) ;
#4993 = DIRECTION ( 'NONE',  ( 0.000000000000000000, 0.000000000000000000, 1.000000000000000000 ) ) ;
#4994 = ORIENTED_EDGE ( 'NONE', *, *, #3311, .F. ) ;
#4995 = AXIS2_PLACEMENT_3D ( 'NONE', #5164, #245, #4624 ) ;
#4996 = VECTOR ( 'NONE', #1215, 1000.000000000000000 ) ;
#4997 = SPHERICAL_SURFACE ( 'NONE', #5761, 0.5000000000000000000 ) ;
#4998 = CARTESIAN_POINT ( 'NONE',  ( 275.0218402497579859, 4.014722753319752258, 0.000000000000000000 ) ) ;
#4999 = CIRCLE ( 'NONE', #1207, 0.7499999999999829026 ) ;
#5000 = VECTOR ( 'NONE', #189, 1000.000000000000000 ) ;
#5001 = ORIENTED_EDGE ( 'NONE', *, *, #572, .F. ) ;
#5002 = DIRECTION ( 'NONE',  ( -0.000000000000000000, -0.000000000000000000, -1.000000000000000000 ) ) ;
#5003 = EDGE_LOOP ( 'NONE', ( #6745, #6755, #3863, #5452 ) ) ;
#5004 = CARTESIAN_POINT ( 'NONE',  ( 31.49999999999997158, 3.000000000000002665, 0.000000000000000000 ) ) ;
#5005 = CARTESIAN_POINT ( 'NONE',  ( 277.9450043189567623, -9.347730364440382189, 0.000000000000000000 ) ) ;
#5006 = CONICAL_SURFACE ( 'NONE', #1560, 17.25000000000070699, 0.7853981633974541632 ) ;
#5007 = FACE_OUTER_BOUND ( 'NONE', #3168, .T. ) ;
#5008 = DIRECTION ( 'NONE',  ( 0.000000000000000000, 0.000000000000000000, 1.000000000000000000 ) ) ;
#5009 = EDGE_LOOP ( 'NONE', ( #5617, #5406, #2835, #5436 ) ) ;
#5010 = VECTOR ( 'NONE', #3467, 999.9999999999998863 ) ;
#5011 = CARTESIAN_POINT ( 'NONE',  ( 274.1575042331397185, -3.556097760361474069, 1.299999999999999822 ) ) ;
#5012 = ORIENTED_EDGE ( 'NONE', *, *, #5261, .T. ) ;
#5013 = EDGE_LOOP ( 'NONE', ( #1138, #3883, #6021, #6691 ) ) ;
#5014 = CARTESIAN_POINT ( 'NONE',  ( 67.50000000000000000, 3.000000000000002665, -2.600000000000268763 ) ) ;
#5015 = CARTESIAN_POINT ( 'NONE',  ( 4.561809326819132960E-15, -2.005418394909953519E-28, -36.99999999999999289 ) ) ;
#5016 = DIRECTION ( 'NONE',  ( 0.000000000000000000, 0.000000000000000000, 1.000000000000000000 ) ) ;
#5017 = LINE ( 'NONE', #6706, #5332 ) ;
#5018 = ADVANCED_FACE ( 'NONE', ( #615 ), #4527, .F. ) ;
#5019 = DIRECTION ( 'NONE',  ( 1.000000000000000000, 0.000000000000000000, -0.000000000000000000 ) ) ;
#5020 = ORIENTED_EDGE ( 'NONE', *, *, #4126, .T. ) ;
#5021 = ADVANCED_BREP_SHAPE_REPRESENTATION ( '', ( #6627, #2423 ), #3105 ) ;
#5022 = DIRECTION ( 'NONE',  ( 0.000000000000000000, 0.000000000000000000, 1.000000000000000000 ) ) ;
#5023 = DIRECTION ( 'NONE',  ( 1.000000000000000000, -5.869125134844098244E-28, 1.734723475978128683E-16 ) ) ;
#5024 = EDGE_CURVE ( 'NONE', #905, #5288, #2737, .T. ) ;
#5025 = EDGE_CURVE ( 'NONE', #62, #2930, #4870, .T. ) ;
#5026 = CARTESIAN_POINT ( 'NONE',  ( 47.49999999999998579, 2.900000000000041211, -2.500000000000304201 ) ) ;
#5027 = EDGE_LOOP ( 'NONE', ( #5090, #1934 ) ) ;
#5028 = APPLICATION_PROTOCOL_DEFINITION ( 'draft international standard', 'automotive_design', 1998, #5072 ) ;
#5029 = CARTESIAN_POINT ( 'NONE',  ( -9.580000000002309335, -2.442490654175344389E-12, -26.35000000000123421 ) ) ;
#5030 = FACE_OUTER_BOUND ( 'NONE', #5305, .T. ) ;
#5031 = EDGE_CURVE ( 'NONE', #3635, #7066, #1763, .T. ) ;
#5032 = EDGE_CURVE ( 'NONE', #3446, #1865, #513, .T. ) ;
#5033 = LINE ( 'NONE', #121, #5694 ) ;
#5034 = ORIENTED_EDGE ( 'NONE', *, *, #6088, .T. ) ;
#5035 =( LENGTH_UNIT ( ) NAMED_UNIT ( * ) SI_UNIT ( .MILLI., .METRE. ) );
#5036 = ORIENTED_EDGE ( 'NONE', *, *, #1773, .F. ) ;
#5037 = DIRECTION ( 'NONE',  ( 5.553580772755923110E-28, -1.000000000000000000, 5.420049715972916316E-30 ) ) ;
#5038 = CARTESIAN_POINT ( 'NONE',  ( 277.2573350821123768, 1.203003909886584122, 0.000000000000000000 ) ) ;
#5039 = DIRECTION ( 'NONE',  ( 1.000000000000000000, 0.000000000000000000, 0.000000000000000000 ) ) ;
#5040 = ORIENTED_EDGE ( 'NONE', *, *, #1398, .T. ) ;
#5041 = DIRECTION ( 'NONE',  ( 1.000000000000000000, 0.000000000000000000, 0.000000000000000000 ) ) ;
#5042 = ORIENTED_EDGE ( 'NONE', *, *, #5763, .T. ) ;
#5043 = CARTESIAN_POINT ( 'NONE',  ( 19.33296525901734242, 3.000000000000002665, -31.54736842105388561 ) ) ;
#5044 = ADVANCED_FACE ( 'NONE', ( #6054 ), #7054, .F. ) ;
#5045 = VERTEX_POINT ( 'NONE', #2264 ) ;
#5046 = DIRECTION ( 'NONE',  ( 5.553580772755923110E-28, -1.000000000000000000, 5.420049715972916316E-30 ) ) ;
#5047 = DIRECTION ( 'NONE',  ( -5.553580772755923110E-28, 1.000000000000000000, -5.420049715972916316E-30 ) ) ;
#5048 = DIRECTION ( 'NONE',  ( 1.000000000000000000, 0.000000000000000000, 0.000000000000000000 ) ) ;
#5049 = DIRECTION ( 'NONE',  ( 1.000000000000000000, 0.000000000000000000, 0.000000000000000000 ) ) ;
#5050 = VECTOR ( 'NONE', #6965, 1000.000000000000000 ) ;
#5051 = CARTESIAN_POINT ( 'NONE',  ( 275.3099522552975031, 6.538329591213495107, 2.899999999999999911 ) ) ;
#5052 = EDGE_LOOP ( 'NONE', ( #1461, #4294, #84, #4245 ) ) ;
#5053 = EDGE_CURVE ( 'NONE', #6654, #931, #549, .T. ) ;
#5054 = AXIS2_PLACEMENT_3D ( 'NONE', #5974, #2126, #1621 ) ;
#5055 = CARTESIAN_POINT ( 'NONE',  ( 273.7337282442185824, 1.491115915426011185, 2.899999999999999911 ) ) ;
#5056 = DIRECTION ( 'NONE',  ( 1.000000000000000000, 0.000000000000000000, 0.000000000000000000 ) ) ;
#5057 = DIRECTION ( 'NONE',  ( -1.375336375708028539E-17, -1.000000000000000000, -1.673398497896634293E-16 ) ) ;
#5058 = ORIENTED_EDGE ( 'NONE', *, *, #3361, .T. ) ;
#5059 =( NAMED_UNIT ( * ) PLANE_ANGLE_UNIT ( ) SI_UNIT ( $, .RADIAN. ) );
#5060 = DIRECTION ( 'NONE',  ( -0.1134299234407191437, -0.9935459991707643601, 0.000000000000000000 ) ) ;
#5061 = PRESENTATION_LAYER_ASSIGNMENT (  '', '', ( #5435 ) ) ;
#5062 = ADVANCED_FACE ( 'NONE', ( #3199 ), #1150, .F. ) ;
#5063 = CYLINDRICAL_SURFACE ( 'NONE', #5990, 0.7499999999999729106 ) ;
#5064 = AXIS2_PLACEMENT_3D ( 'NONE', #4332, #24, #4903 ) ;
#5065 = PRODUCT_DEFINITION_CONTEXT ( 'detailed design', #6542, 'design' ) ;
#5066 = DIRECTION ( 'NONE',  ( 1.000000000000000000, 0.000000000000000000, 0.000000000000000000 ) ) ;
#5067 = MECHANICAL_DESIGN_GEOMETRIC_PRESENTATION_REPRESENTATION (  '', ( #3238 ), #4382 ) ;
#5068 = AXIS2_PLACEMENT_3D ( 'NONE', #3410, #3987, #5100 ) ;
#5069 = ORIENTED_EDGE ( 'NONE', *, *, #231, .T. ) ;
#5070 = SURFACE_SIDE_STYLE ('',( #6690 ) ) ;
#5071 = VERTEX_POINT ( 'NONE', #3279 ) ;
#5072 = APPLICATION_CONTEXT ( 'automotive_design' ) ;
#5073 = ORIENTED_EDGE ( 'NONE', *, *, #3352, .T. ) ;
#5074 = EDGE_CURVE ( 'NONE', #1480, #4056, #5484, .T. ) ;
#5075 = ADVANCED_FACE ( 'NONE', ( #1043 ), #4324, .F. ) ;
#5076 = LINE ( 'NONE', #4061, #6820 ) ;
#5077 = VECTOR ( 'NONE', #6195, 1000.000000000000000 ) ;
#5078 = CARTESIAN_POINT ( 'NONE',  ( 24.81934729198168199, 2.500000000000030198, -40.50000000000122924 ) ) ;
#5079 = CARTESIAN_POINT ( 'NONE',  ( 272.4516683798460690, -5.273690273624817237, 2.899999999999999911 ) ) ;
#5080 = ORIENTED_EDGE ( 'NONE', *, *, #6589, .F. ) ;
#5081 = PRESENTATION_LAYER_ASSIGNMENT (  '', '', ( #3238 ) ) ;
#5082 = EDGE_LOOP ( 'NONE', ( #2663, #6191, #3620, #6973 ) ) ;
#5083 = FACE_OUTER_BOUND ( 'NONE', #3495, .T. ) ;
#5084 = VERTEX_POINT ( 'NONE', #1584 ) ;
#5085 = CYLINDRICAL_SURFACE ( 'NONE', #4855, 37.50000000000145661 ) ;
#5086 = LINE ( 'NONE', #5190, #4841 ) ;
#5087 = DIRECTION ( 'NONE',  ( 0.000000000000000000, 0.000000000000000000, 1.000000000000000000 ) ) ;
#5088 = DIRECTION ( 'NONE',  ( 1.000000000000000000, -8.673617379942068518E-17, -8.673617379870554579E-17 ) ) ;
#5089 = CARTESIAN_POINT ( 'NONE',  ( 277.2573350821123768, 1.203003909886584122, 1.299999999999999822 ) ) ;
#5090 = ORIENTED_EDGE ( 'NONE', *, *, #4216, .F. ) ;
#5091 = VECTOR ( 'NONE', #6768, 1000.000000000000000 ) ;
#5092 = DIRECTION ( 'NONE',  ( -5.553580772755923110E-28, 1.000000000000000000, -5.420049715972916316E-30 ) ) ;
#5093 = CIRCLE ( 'NONE', #2328, 1.000000000000042633 ) ;
#5094 = CARTESIAN_POINT ( 'NONE',  ( 50.90000000004594938, 3.000000000042746695, 9.000000000000001776 ) ) ;
#5095 = DIRECTION ( 'NONE',  ( 0.000000000000000000, 0.000000000000000000, -1.000000000000000000 ) ) ;
#5096 = ADVANCED_FACE ( 'NONE', ( #2228 ), #5973, .T. ) ;
#5097 = VECTOR ( 'NONE', #1370, 1000.000000000000000 ) ;
#5098 = ORIENTED_EDGE ( 'NONE', *, *, #1204, .F. ) ;
#5099 = DIRECTION ( 'NONE',  ( -7.108300493358088445E-17, -1.000000000000000000, 1.573741137406159396E-14 ) ) ;
#5100 = DIRECTION ( 'NONE',  ( 2.414735078559620964E-12, 0.000000000000000000, -1.000000000000000000 ) ) ;
#5101 = AXIS2_PLACEMENT_3D ( 'NONE', #1064, #6103, #3877 ) ;
#5102 = CIRCLE ( 'NONE', #6487, 1.000000000000042633 ) ;
#5103 = DIRECTION ( 'NONE',  ( 1.000000000000000000, 0.000000000000000000, 0.000000000000000000 ) ) ;
#5104 = EDGE_CURVE ( 'NONE', #441, #3889, #5572, .T. ) ;
#5105 = ORIENTED_EDGE ( 'NONE', *, *, #1728, .F. ) ;
#5106 = CARTESIAN_POINT ( 'NONE',  ( 67.50000000000000000, 2.500000000000002220, 15.40000000000122604 ) ) ;
#5107 = ORIENTED_EDGE ( 'NONE', *, *, #3311, .T. ) ;
#5108 = CIRCLE ( 'NONE', #3962, 1.000000000000042633 ) ;
#5109 = AXIS2_PLACEMENT_3D ( 'NONE', #6692, #720, #5690 ) ;
#5110 = ORIENTED_EDGE ( 'NONE', *, *, #961, .T. ) ;
#5111 = LINE ( 'NONE', #196, #4074 ) ;
#5112 = CARTESIAN_POINT ( 'NONE',  ( 274.4765969571099617, 15.81298257242663396, 0.000000000000000000 ) ) ;
#5113 = DIRECTION ( 'NONE',  ( 1.000000000000000000, 0.000000000000000000, 0.000000000000000000 ) ) ;
#5114 = CIRCLE ( 'NONE', #6947, 0.7499999999999729106 ) ;
#5115 = AXIS2_PLACEMENT_3D ( 'NONE', #5477, #6621, #3137 ) ;
#5116 = EDGE_CURVE ( 'NONE', #6305, #203, #5456, .T. ) ;
#5117 = EDGE_CURVE ( 'NONE', #4108, #4283, #6900, .T. ) ;
#5118 = VERTEX_POINT ( 'NONE', #4535 ) ;
#5119 = AXIS2_PLACEMENT_3D ( 'NONE', #1876, #4195, #5743 ) ;
#5120 = ORIENTED_EDGE ( 'NONE', *, *, #6324, .T. ) ;
#5121 = LINE ( 'NONE', #6192, #6512 ) ;
#5122 = ORIENTED_EDGE ( 'NONE', *, *, #6255, .T. ) ;
#5123 = CARTESIAN_POINT ( 'NONE',  ( 1.110223024625156540E-13, 0.000000000000000000, -1.110223024625156540E-13 ) ) ;
#5124 = CARTESIAN_POINT ( 'NONE',  ( 67.50000000000000000, 8.139598434535723220E-30, -24.10000000000067644 ) ) ;
#5125 = CARTESIAN_POINT ( 'NONE',  ( 275.3099522552975031, 6.538329591213495107, 1.299999999999999822 ) ) ;
#5126 = CARTESIAN_POINT ( 'NONE',  ( 67.50000000000000000, 2.500000000000002220, 29.60000000000149356 ) ) ;
#5127 = AXIS2_PLACEMENT_3D ( 'NONE', #6029, #1568, #3835 ) ;
#5128 = DIRECTION ( 'NONE',  ( -1.226634733343891705E-16, -0.7071067811865681119, -0.7071067811865269226 ) ) ;
#5129 = ORIENTED_EDGE ( 'NONE', *, *, #2363, .F. ) ;
#5130 = ORIENTED_EDGE ( 'NONE', *, *, #444, .F. ) ;
#5131 = VECTOR ( 'NONE', #6235, 1000.000000000000114 ) ;
#5132 = CARTESIAN_POINT ( 'NONE',  ( 0.000000000000000000, 0.000000000000000000, -2.100000000000000089 ) ) ;
#5133 = LINE ( 'NONE', #1742, #2253 ) ;
#5134 = DIRECTION ( 'NONE',  ( -5.553580772755923110E-28, 1.000000000000000000, -5.420049715972916316E-30 ) ) ;
#5135 = AXIS2_PLACEMENT_3D ( 'NONE', #233, #4107, #2410 ) ;
#5136 = ORIENTED_EDGE ( 'NONE', *, *, #3593, .T. ) ;
#5137 = CARTESIAN_POINT ( 'NONE',  ( -0.1702875282935112367, 129.1331757274303982, -226.5175887643319186 ) ) ;
#5138 = DIRECTION ( 'NONE',  ( 2.776790386377923888E-28, -0.7071067811865623387, -0.7071067811865326957 ) ) ;
#5139 = EDGE_CURVE ( 'NONE', #2930, #4761, #4571, .T. ) ;
#5140 = PRODUCT_DEFINITION_CONTEXT ( 'detailed design', #3600, 'design' ) ;
#5141 = LINE ( 'NONE', #784, #6376 ) ;
#5142 = EDGE_LOOP ( 'NONE', ( #1158, #3498, #3075, #3054 ) ) ;
#5143 = CARTESIAN_POINT ( 'NONE',  ( 274.8480642608369067, 9.061936429107239732, 1.299999999999999822 ) ) ;
#5144 = EDGE_LOOP ( 'NONE', ( #1820, #2041, #2369, #3103 ) ) ;
#5145 = EDGE_LOOP ( 'NONE', ( #6516, #3691, #5073, #611 ) ) ;
#5146 = DIRECTION ( 'NONE',  ( -0.000000000000000000, -0.000000000000000000, 1.000000000000000000 ) ) ;
#5147 = EDGE_CURVE ( 'NONE', #3933, #470, #260, .T. ) ;
#5148 = FACE_OUTER_BOUND ( 'NONE', #2003, .T. ) ;
#5149 = CYLINDRICAL_SURFACE ( 'NONE', #138, 0.7499999999999729106 ) ;
#5150 = EDGE_LOOP ( 'NONE', ( #311, #2745, #7009, #1451, #3699, #6953, #4601 ) ) ;
#5151 = ORIENTED_EDGE ( 'NONE', *, *, #3217, .F. ) ;
#5152 = FACE_OUTER_BOUND ( 'NONE', #6689, .T. ) ;
#5153 = EDGE_CURVE ( 'NONE', #5633, #449, #4989, .T. ) ;
#5154 = EDGE_LOOP ( 'NONE', ( #797, #5080 ) ) ;
#5155 = CARTESIAN_POINT ( 'NONE',  ( 275.3099522552975031, 6.538329591213495107, 1.299999999999999822 ) ) ;
#5156 = FACE_OUTER_BOUND ( 'NONE', #6558, .T. ) ;
#5157 = CARTESIAN_POINT ( 'NONE',  ( -4.929148062466915235E-27, 2.500000000000030198, -37.50000000000145661 ) ) ;
#5158 = DIRECTION ( 'NONE',  ( 0.000000000000000000, 0.000000000000000000, 1.000000000000000000 ) ) ;
#5159 = CYLINDRICAL_SURFACE ( 'NONE', #5829, 1.500000000000058620 ) ;
#5160 = ORIENTED_EDGE ( 'NONE', *, *, #5608, .F. ) ;
#5161 = EDGE_LOOP ( 'NONE', ( #2048, #6975, #6155, #6092 ) ) ;
#5162 = EDGE_CURVE ( 'NONE', #1351, #2583, #5910, .T. ) ;
#5163 = EDGE_CURVE ( 'NONE', #2185, #1347, #1183, .T. ) ;
#5164 = CARTESIAN_POINT ( 'NONE',  ( 47.49999999999998579, 2.999999999985902832, 0.000000000000000000 ) ) ;
#5165 = DIRECTION ( 'NONE',  ( -4.165185579566884039E-28, 0.7071067811865638930, 0.7071067811865311414 ) ) ;
#5166 = CARTESIAN_POINT ( 'NONE',  ( 24.81934729198168199, 3.000000000000002665, 40.50000000000122924 ) ) ;
#5167 = PRODUCT_DEFINITION_SHAPE ( 'NONE', 'NONE',  #7100 ) ;
#5168 = ORIENTED_EDGE ( 'NONE', *, *, #1417, .T. ) ;
#5169 = CONTEXT_DEPENDENT_SHAPE_REPRESENTATION ( #2204, #1368 ) ;
#5170 = AXIS2_PLACEMENT_3D ( 'NONE', #4685, #5301, #4755 ) ;
#5171 = FACE_BOUND ( 'NONE', #333, .T. ) ;
#5172 = DIRECTION ( 'NONE',  ( 0.000000000000000000, 0.000000000000000000, 1.000000000000000000 ) ) ;
#5173 = AXIS2_PLACEMENT_3D ( 'NONE', #5238, #4798, #4154 ) ;
#5174 = ORIENTED_EDGE ( 'NONE', *, *, #1721, .F. ) ;
#5175 = ORIENTED_EDGE ( 'NONE', *, *, #3138, .T. ) ;
#5176 = EDGE_CURVE ( 'NONE', #1305, #5932, #5076, .T. ) ;
#5177 = PRESENTATION_LAYER_ASSIGNMENT (  '', '', ( #132 ) ) ;
#5178 = ORIENTED_EDGE ( 'NONE', *, *, #3701, .T. ) ;
#5179 = CIRCLE ( 'NONE', #3806, 1.500000000063721250 ) ;
#5180 = DIRECTION ( 'NONE',  ( -5.553580772755922213E-28, 1.000000000000000000, 5.087249021584615241E-30 ) ) ;
#5181 = FACE_OUTER_BOUND ( 'NONE', #4638, .T. ) ;
#5182 = CARTESIAN_POINT ( 'NONE',  ( 8.250000000000007105, 19.51279806695395536, -25.65000000000113900 ) ) ;
#5183 = ORIENTED_EDGE ( 'NONE', *, *, #1272, .T. ) ;
#5184 = CONICAL_SURFACE ( 'NONE', #2084, 17.25000000000070699, 0.7853981633974541632 ) ;
#5185 = AXIS2_PLACEMENT_3D ( 'NONE', #4367, #1703, #3323 ) ;
#5186 = ORIENTED_EDGE ( 'NONE', *, *, #6228, .F. ) ;
#5187 = DIRECTION ( 'NONE',  ( -0.000000000000000000, -0.000000000000000000, -1.000000000000000000 ) ) ;
#5188 = ORIENTED_EDGE ( 'NONE', *, *, #6145, .F. ) ;
#5189 = DIRECTION ( 'NONE',  ( 1.000000000000000000, 0.000000000000000000, -0.000000000000000000 ) ) ;
#5190 = CARTESIAN_POINT ( 'NONE',  ( 31.49999999999997158, 3.000000000000002665, 3.200000000000128519 ) ) ;
#5191 = DIRECTION ( 'NONE',  ( 1.000000000000000000, 0.000000000000000000, -0.000000000000000000 ) ) ;
#5192 = FACE_OUTER_BOUND ( 'NONE', #281, .T. ) ;
#5193 = AXIS2_PLACEMENT_3D ( 'NONE', #1805, #4002, #1261 ) ;
#5194 = ORIENTED_EDGE ( 'NONE', *, *, #4037, .F. ) ;
#5195 = EDGE_CURVE ( 'NONE', #449, #3157, #6793, .T. ) ;
#5196 = ORIENTED_EDGE ( 'NONE', *, *, #5893, .F. ) ;
#5197 = ORIENTED_EDGE ( 'NONE', *, *, #2198, .T. ) ;
#5198 = ORIENTED_EDGE ( 'NONE', *, *, #4354, .F. ) ;
#5199 = FACE_OUTER_BOUND ( 'NONE', #6220, .T. ) ;
#5200 = LINE ( 'NONE', #1421, #4424 ) ;
#5201 = DIRECTION ( 'NONE',  ( 1.000000000000000000, 0.000000000000000000, 0.000000000000000000 ) ) ;
#5202 = DIRECTION ( 'NONE',  ( 0.000000000000000000, 0.000000000000000000, 1.000000000000000000 ) ) ;
#5203 = EDGE_CURVE ( 'NONE', #825, #5438, #6365, .T. ) ;
#5204 = EDGE_CURVE ( 'NONE', #4831, #1615, #6186, .T. ) ;
#5205 = ORIENTED_EDGE ( 'NONE', *, *, #1184, .F. ) ;
#5206 = ITEM_DEFINED_TRANSFORMATION ( 'NONE', 'NONE', #2411,  #2423 ) ;
#5207 = AXIS2_PLACEMENT_3D ( 'NONE', #5241, #3579, #6346 ) ;
#5208 = CARTESIAN_POINT ( 'NONE',  ( -2.442490654175349236E-12, 3.000000000000002665, -37.50000000000145661 ) ) ;
#5209 = UNCERTAINTY_MEASURE_WITH_UNIT (LENGTH_MEASURE( 1.000000000000000082E-05 ), #6649, 'distance_accuracy_value', 'NONE');
#5210 = AXIS2_PLACEMENT_3D ( 'NONE', #6778, #390, #356 ) ;
#5211 = DIRECTION ( 'NONE',  ( 0.000000000000000000, 0.000000000000000000, 1.000000000000000000 ) ) ;
#5212 = ORIENTED_EDGE ( 'NONE', *, *, #2188, .F. ) ;
#5213 =( LENGTH_UNIT ( ) NAMED_UNIT ( * ) SI_UNIT ( .MILLI., .METRE. ) );
#5214 = ORIENTED_EDGE ( 'NONE', *, *, #231, .F. ) ;
#5215 = ORIENTED_EDGE ( 'NONE', *, *, #2870, .T. ) ;
#5216 = AXIS2_PLACEMENT_3D ( 'NONE', #2493, #4688, #1942 ) ;
#5217 = AXIS2_PLACEMENT_3D ( 'NONE', #5004, #1011, #3817 ) ;
#5218 = CARTESIAN_POINT ( 'NONE',  ( 24.81934729198170686, 0.000000000000000000, -40.50000000000122924 ) ) ;
#5219 = CARTESIAN_POINT ( 'NONE',  ( 275.0218402497579859, 4.014722753319752258, 2.899999999999999911 ) ) ;
#5220 = CARTESIAN_POINT ( 'NONE',  ( 277.1216710987305873, 8.773824423567811337, 1.299999999999999822 ) ) ;
#5221 = AXIS2_PLACEMENT_3D ( 'NONE', #3509, #143, #180 ) ;
#5222 = AXIS2_PLACEMENT_3D ( 'NONE', #4353, #3892, #4860 ) ;
#5223 = CARTESIAN_POINT ( 'NONE',  ( -2.442490654175347620E-12, 0.5000000000000004441, -37.50000000000145661 ) ) ;
#5224 = ORIENTED_EDGE ( 'NONE', *, *, #4136, .T. ) ;
#5225 = ORIENTED_EDGE ( 'NONE', *, *, #2937, .F. ) ;
#5226 = CARTESIAN_POINT ( 'NONE',  ( 276.3099522552975031, 6.538329591213495107, 1.299999999999999822 ) ) ;
#5227 = AXIS2_PLACEMENT_3D ( 'NONE', #1456, #3581, #953 ) ;
#5228 = ORIENTED_EDGE ( 'NONE', *, *, #5392, .T. ) ;
#5229 = CARTESIAN_POINT ( 'NONE',  ( 67.50000000000460432, -22.49999999997287148, 0.5000000000000000000 ) ) ;
#5230 = AXIS2_PLACEMENT_3D ( 'NONE', #6366, #5758, #6436 ) ;
#5231 = CARTESIAN_POINT ( 'NONE',  ( 67.50000000000005684, 0.000000000000000000, -26.35000000000145448 ) ) ;
#5232 = CARTESIAN_POINT ( 'NONE',  ( 274.4456162386791220, -1.032490922467731886, 2.899999999999999911 ) ) ;
#5233 = EDGE_CURVE ( 'NONE', #4660, #1607, #2688, .T. ) ;
#5234 = DIRECTION ( 'NONE',  ( -5.553580772755923110E-28, 1.000000000000000000, -5.420049715972916316E-30 ) ) ;
#5235 = ORIENTED_EDGE ( 'NONE', *, *, #4866, .F. ) ;
#5236 = VECTOR ( 'NONE', #2274, 1000.000000000000114 ) ;
#5237 = AXIS2_PLACEMENT_3D ( 'NONE', #2509, #6860, #1964 ) ;
#5238 = CARTESIAN_POINT ( 'NONE',  ( 10.34999999999744524, 0.2999999999999947153, -23.00000000000076739 ) ) ;
#5239 = ORIENTED_EDGE ( 'NONE', *, *, #2286, .F. ) ;
#5240 = VERTEX_POINT ( 'NONE', #1824 ) ;
#5241 = CARTESIAN_POINT ( 'NONE',  ( 275.3099522552975031, 6.538329591213495107, 0.1000000000000000056 ) ) ;
#5242 = DIRECTION ( 'NONE',  ( 0.000000000000000000, 0.000000000000000000, 1.000000000000000000 ) ) ;
#5243 = ADVANCED_FACE ( 'NONE', ( #6221, #3924 ), #1224, .T. ) ;
#5244 = DIRECTION ( 'NONE',  ( -1.314439483324459577E-28, 0.000000000000000000, -1.000000000000000000 ) ) ;
#5245 = DIRECTION ( 'NONE',  ( -0.000000000000000000, -0.000000000000000000, -1.000000000000000000 ) ) ;
#5246 = FACE_OUTER_BOUND ( 'NONE', #3229, .T. ) ;
#5247 = EDGE_LOOP ( 'NONE', ( #6959, #6253, #6823, #683 ) ) ;
#5248 = CONTEXT_DEPENDENT_SHAPE_REPRESENTATION ( #1829, #4729 ) ;
#5249 = VECTOR ( 'NONE', #1999, 1000.000000000000000 ) ;
#5250 = DIRECTION ( 'NONE',  ( 1.314439483324459577E-28, 0.000000000000000000, 1.000000000000000000 ) ) ;
#5251 = EDGE_CURVE ( 'NONE', #6880, #6568, #4306, .T. ) ;
#5252 = VECTOR ( 'NONE', #5929, 1000.000000000000000 ) ;
#5253 = DIRECTION ( 'NONE',  ( -7.052416492675747786E-28, 0.7071067811865408004, -0.7071067811865542341 ) ) ;
#5254 = VERTEX_POINT ( 'NONE', #3384 ) ;
#5255 = FILL_AREA_STYLE_COLOUR ( '', #1154 ) ;
#5256 = VERTEX_POINT ( 'NONE', #3489 ) ;
#5257 = ORIENTED_EDGE ( 'NONE', *, *, #593, .F. ) ;
#5258 = DIRECTION ( 'NONE',  ( -0.7071067811865474617, 0.7071067811865476838, -1.006783730288302304E-28 ) ) ;
#5259 = ADVANCED_FACE ( 'NONE', ( #2843 ), #6710, .T. ) ;
#5260 = DIRECTION ( 'NONE',  ( 0.000000000000000000, 0.000000000000000000, 1.000000000000000000 ) ) ;
#5261 = EDGE_CURVE ( 'NONE', #2564, #3607, #2297, .T. ) ;
#5262 = FACE_OUTER_BOUND ( 'NONE', #6318, .T. ) ;
#5263 = CARTESIAN_POINT ( 'NONE',  ( 67.50000000000000000, 3.000000000000002665, 9.000000000000603961 ) ) ;
#5264 = ORIENTED_EDGE ( 'NONE', *, *, #2649, .T. ) ;
#5265 = ORIENTED_EDGE ( 'NONE', *, *, #2160, .T. ) ;
#5266 = DIRECTION ( 'NONE',  ( -5.553580772755922213E-28, 1.000000000000000000, 5.087249021584615241E-30 ) ) ;
#5267 = DIRECTION ( 'NONE',  ( 4.165185579566884039E-28, -0.7071067811865637820, -0.7071067811865311414 ) ) ;
#5268 = CARTESIAN_POINT ( 'NONE',  ( 277.2573350821123768, 1.203003909886584122, 1.299999999999999822 ) ) ;
#5269 = DIRECTION ( 'NONE',  ( -0.000000000000000000, -0.000000000000000000, 1.000000000000000000 ) ) ;
#5270 = DIRECTION ( 'NONE',  ( 1.000000000000000000, 0.000000000000000000, 0.000000000000000000 ) ) ;
#5271 = EDGE_LOOP ( 'NONE', ( #3985, #4732 ) ) ;
#5272 = CARTESIAN_POINT ( 'NONE',  ( 276.5980642608369067, 9.061936429107239732, 2.899999999999999911 ) ) ;
#5273 = ORIENTED_EDGE ( 'NONE', *, *, #3362, .T. ) ;
#5274 = ORIENTED_EDGE ( 'NONE', *, *, #622, .T. ) ;
#5275 = CYLINDRICAL_SURFACE ( 'NONE', #5119, 1.000000000000000888 ) ;
#5276 = FACE_OUTER_BOUND ( 'NONE', #3421, .T. ) ;
#5277 = CARTESIAN_POINT ( 'NONE',  ( 275.0218402497579859, 4.014722753319752258, 1.299999999999999822 ) ) ;
#5278 = CARTESIAN_POINT ( 'NONE',  ( 19.33296525901731400, 0.000000000000000000, 31.54736842105385008 ) ) ;
#5279 = LINE ( 'NONE', #5315, #5050 ) ;
#5280 = ORIENTED_EDGE ( 'NONE', *, *, #5381, .T. ) ;
#5281 = ITEM_DEFINED_TRANSFORMATION ( 'NONE', 'NONE', #6441,  #2423 ) ;
#5282 = EDGE_CURVE ( 'NONE', #5256, #1842, #2118, .T. ) ;
#5283 = FACE_BOUND ( 'NONE', #1290, .T. ) ;
#5284 = CARTESIAN_POINT ( 'NONE',  ( 274.9655879583236242, -7.674337759814201299, 1.500000000000000000 ) ) ;
#5285 = AXIS2_PLACEMENT_3D ( 'NONE', #2102, #3214, #1569 ) ;
#5286 = EDGE_LOOP ( 'NONE', ( #1070, #4229, #6555, #6800, #3431, #5404 ) ) ;
#5287 =( NAMED_UNIT ( * ) PLANE_ANGLE_UNIT ( ) SI_UNIT ( $, .RADIAN. ) );
#5288 = VERTEX_POINT ( 'NONE', #6157 ) ;
#5289 = EDGE_CURVE ( 'NONE', #2304, #3574, #6369, .T. ) ;
#5290 = VERTEX_POINT ( 'NONE', #679 ) ;
#5291 = LINE ( 'NONE', #368, #3957 ) ;
#5292 = DIRECTION ( 'NONE',  ( 0.000000000000000000, 0.000000000000000000, 1.000000000000000000 ) ) ;
#5293 =( REPRESENTATION_RELATIONSHIP ('NONE','NONE', #1545, #48 ) REPRESENTATION_RELATIONSHIP_WITH_TRANSFORMATION ( #3549 )SHAPE_REPRESENTATION_RELATIONSHIP( ) );
#5294 = STYLED_ITEM ( 'NONE', ( #863 ), #5718 ) ;
#5295 = CARTESIAN_POINT ( 'NONE',  ( 67.50000000000000000, 2.500000000000002220, 22.50000000000122213 ) ) ;
#5296 = ORIENTED_EDGE ( 'NONE', *, *, #6819, .T. ) ;
#5297 = EDGE_CURVE ( 'NONE', #5071, #3614, #5111, .T. ) ;
#5298 = EDGE_CURVE ( 'NONE', #3317, #452, #2007, .T. ) ;
#5299 = CIRCLE ( 'NONE', #3338, 0.5000000000000004441 ) ;
#5300 = CYLINDRICAL_SURFACE ( 'NONE', #6400, 0.7499999999999829026 ) ;
#5301 = DIRECTION ( 'NONE',  ( 5.553580772755923110E-28, -1.000000000000000000, 5.420049715972916316E-30 ) ) ;
#5302 = CARTESIAN_POINT ( 'NONE',  ( 47.49999999999998579, 3.000000000000002665, 2.500000000000002220 ) ) ;
#5303 = CARTESIAN_POINT ( 'NONE',  ( 75.49999999999995737, 0.5000000000000004441, -22.50000000000085976 ) ) ;
#5304 = DIRECTION ( 'NONE',  ( -0.000000000000000000, -0.000000000000000000, 1.000000000000000000 ) ) ;
#5305 = EDGE_LOOP ( 'NONE', ( #4116, #100, #1924, #1629 ) ) ;
#5306 = VECTOR ( 'NONE', #3550, 1000.000000000000114 ) ;
#5307 = CARTESIAN_POINT ( 'NONE',  ( 17.67766952966382021, 3.000000000000002665, -17.67766952966432115 ) ) ;
#5308 = ORIENTED_EDGE ( 'NONE', *, *, #1643, .F. ) ;
#5309 = ORIENTED_EDGE ( 'NONE', *, *, #3251, .T. ) ;
#5310 = CARTESIAN_POINT ( 'NONE',  ( 277.2573350821123768, 1.203003909886584122, 0.000000000000000000 ) ) ;
#5311 = CARTESIAN_POINT ( 'NONE',  ( 74.35000000000459863, -22.49999999997287148, 0.5000000000000000000 ) ) ;
#5312 = AXIS2_PLACEMENT_3D ( 'NONE', #1336, #4548, #3971 ) ;
#5313 = DIRECTION ( 'NONE',  ( 5.553580772755923110E-28, -1.000000000000000000, 5.420049715972916316E-30 ) ) ;
#5314 = DIRECTION ( 'NONE',  ( 0.000000000000000000, 0.000000000000000000, 1.000000000000000000 ) ) ;
#5315 = CARTESIAN_POINT ( 'NONE',  ( -17.67766952966359639, 3.000000000000002665, 23.97766952966389908 ) ) ;
#5316 = VERTEX_POINT ( 'NONE', #6976 ) ;
#5317 = ITEM_DEFINED_TRANSFORMATION ( 'NONE', 'NONE', #2530,  #2423 ) ;
#5318 = DIRECTION ( 'NONE',  ( -0.000000000000000000, -0.000000000000000000, 1.000000000000000000 ) ) ;
#5319 = ADVANCED_FACE ( 'NONE', ( #826, #5326 ), #3163, .T. ) ;
#5320 = PRODUCT ( 'BC0033 触点摄像头固定板组件 20250717', 'BC0033 触点摄像头固定板组件 20250717', '', ( #2319 ) ) ;
#5321 = DIRECTION ( 'NONE',  ( -0.000000000000000000, -0.000000000000000000, 1.000000000000000000 ) ) ;
#5322 = CIRCLE ( 'NONE', #609, 1.000000000000000888 ) ;
#5323 = VERTEX_POINT ( 'NONE', #1355 ) ;
#5324 = ORIENTED_EDGE ( 'NONE', *, *, #3181, .T. ) ;
#5325 = ORIENTED_EDGE ( 'NONE', *, *, #6290, .F. ) ;
#5326 = FACE_BOUND ( 'NONE', #807, .T. ) ;
#5327 = AXIS2_PLACEMENT_3D ( 'NONE', #6094, #4034, #3499 ) ;
#5328 = DIRECTION ( 'NONE',  ( 0.000000000000000000, 0.000000000000000000, 1.000000000000000000 ) ) ;
#5329 = EDGE_CURVE ( 'NONE', #6009, #6789, #2049, .T. ) ;
#5330 = DIRECTION ( 'NONE',  ( -1.314439483324459577E-28, 0.000000000000000000, -1.000000000000000000 ) ) ;
#5331 = ORIENTED_EDGE ( 'NONE', *, *, #4747, .F. ) ;
#5332 = VECTOR ( 'NONE', #5088, 1000.000000000000000 ) ;
#5333 = CARTESIAN_POINT ( 'NONE',  ( 277.6811110710334560, -3.844209765900900688, 2.899999999999999911 ) ) ;
#5334 = CARTESIAN_POINT ( 'NONE',  ( 277.1216710987305873, 8.773824423567811337, 2.899999999999999911 ) ) ;
#5335 = DIRECTION ( 'NONE',  ( 1.000000000000000000, -5.869125134844099140E-28, 0.000000000000000000 ) ) ;
#5336 = DIRECTION ( 'NONE',  ( -0.000000000000000000, -0.000000000000000000, 1.000000000000000000 ) ) ;
#5337 = EDGE_CURVE ( 'NONE', #441, #2911, #4213, .T. ) ;
#5338 = VECTOR ( 'NONE', #5635, 1000.000000000000000 ) ;
#5339 = AXIS2_PLACEMENT_3D ( 'NONE', #5588, #6256, #2979 ) ;
#5340 = EDGE_CURVE ( 'NONE', #5071, #1231, #4310, .T. ) ;
#5341 = CARTESIAN_POINT ( 'NONE',  ( 9.580000000000060467, -27.26774651488445045, -19.85000000000115961 ) ) ;
#5342 = EDGE_LOOP ( 'NONE', ( #309, #1548 ) ) ;
#5343 = DIRECTION ( 'NONE',  ( -0.000000000000000000, -0.000000000000000000, 1.000000000000000000 ) ) ;
#5344 = VECTOR ( 'NONE', #6174, 1000.000000000000000 ) ;
#5345 = VECTOR ( 'NONE', #5476, 1000.000000000000000 ) ;
#5346 = VERTEX_POINT ( 'NONE', #5899 ) ;
#5347 = EDGE_LOOP ( 'NONE', ( #4411, #2195, #1833, #2142 ) ) ;
#5348 = LINE ( 'NONE', #1420, #4166 ) ;
#5349 = DIRECTION ( 'NONE',  ( 1.000000000000000000, 0.000000000000000000, 0.000000000000000000 ) ) ;
#5350 = ADVANCED_FACE ( 'NONE', ( #4785 ), #2514, .T. ) ;
#5351 = EDGE_CURVE ( 'NONE', #1407, #2437, #1203, .T. ) ;
#5352 = FACE_OUTER_BOUND ( 'NONE', #3107, .T. ) ;
#5353 = AXIS2_PLACEMENT_3D ( 'NONE', #628, #5087, #6670 ) ;
#5354 = AXIS2_PLACEMENT_3D ( 'NONE', #4242, #1431, #5791 ) ;
#5355 =( LENGTH_UNIT ( ) NAMED_UNIT ( * ) SI_UNIT ( .MILLI., .METRE. ) );
#5356 = LINE ( 'NONE', #431, #2066 ) ;
#5357 = ORIENTED_EDGE ( 'NONE', *, *, #2962, .T. ) ;
#5358 = CONTEXT_DEPENDENT_SHAPE_REPRESENTATION ( #6754, #317 ) ;
#5359 = AXIS2_PLACEMENT_3D ( 'NONE', #6015, #3713, #5908 ) ;
#5360 = VECTOR ( 'NONE', #6317, 1000.000000000000000 ) ;
#5361 = FACE_OUTER_BOUND ( 'NONE', #4840, .T. ) ;
#5362 = CARTESIAN_POINT ( 'NONE',  ( 67.50000000000005684, 0.000000000000000000, 30.00000000000122569 ) ) ;
#5363 = CIRCLE ( 'NONE', #5931, 37.00000000000143530 ) ;
#5364 = VERTEX_POINT ( 'NONE', #6902 ) ;
#5365 =( NAMED_UNIT ( * ) PLANE_ANGLE_UNIT ( ) SI_UNIT ( $, .RADIAN. ) );
#5366 = ORIENTED_EDGE ( 'NONE', *, *, #5982, .F. ) ;
#5367 = ORIENTED_EDGE ( 'NONE', *, *, #3122, .T. ) ;
#5368 = EDGE_CURVE ( 'NONE', #1231, #1865, #1505, .T. ) ;
#5369 = CARTESIAN_POINT ( 'NONE',  ( 67.50000000000000000, 0.000000000000000000, -30.00000000000121858 ) ) ;
#5370 = AXIS2_PLACEMENT_3D ( 'NONE', #5570, #2936, #6749 ) ;
#5371 =( LENGTH_UNIT ( ) NAMED_UNIT ( * ) SI_UNIT ( .MILLI., .METRE. ) );
#5372 = DIRECTION ( 'NONE',  ( -0.000000000000000000, -0.000000000000000000, 1.000000000000000000 ) ) ;
#5373 = ORIENTED_EDGE ( 'NONE', *, *, #5604, .T. ) ;
#5374 = EDGE_CURVE ( 'NONE', #5591, #657, #3670, .T. ) ;
#5375 = CARTESIAN_POINT ( 'NONE',  ( 67.50000000000000000, 2.900000000000041211, 2.499999999999998668 ) ) ;
#5376 = DIRECTION ( 'NONE',  ( -0.000000000000000000, -0.000000000000000000, 1.000000000000000000 ) ) ;
#5377 = DIRECTION ( 'NONE',  ( -0.000000000000000000, -0.000000000000000000, 1.000000000000000000 ) ) ;
#5378 = DIRECTION ( 'NONE',  ( 1.000000000000000000, -5.869125134844098244E-28, 1.288801503904777590E-28 ) ) ;
#5379 = EDGE_LOOP ( 'NONE', ( #3548, #5557, #6058, #2858 ) ) ;
#5380 = CARTESIAN_POINT ( 'NONE',  ( 67.50000000000000000, 0.000000000000000000, -3.469446951953614189E-15 ) ) ;
#5381 = EDGE_CURVE ( 'NONE', #5428, #267, #6287, .T. ) ;
#5382 = ORIENTED_EDGE ( 'NONE', *, *, #924, .F. ) ;
#5383 = PRODUCT_DEFINITION_SHAPE ( 'NONE', 'NONE',  #6758 ) ;
#5384 = VERTEX_POINT ( 'NONE', #6829 ) ;
#5385 = CARTESIAN_POINT ( 'NONE',  ( 67.50000000000000000, 0.09999999993853814217, -2.499999999999169553 ) ) ;
#5386 = DIRECTION ( 'NONE',  ( -1.000000000000000000, 0.000000000000000000, 0.000000000000000000 ) ) ;
#5387 = FACE_OUTER_BOUND ( 'NONE', #6648, .T. ) ;
#5388 = SURFACE_STYLE_FILL_AREA ( #2680 ) ;
#5389 = DIRECTION ( 'NONE',  ( 1.000000000000000000, 0.000000000000000000, 0.000000000000000000 ) ) ;
#5390 = ORIENTED_EDGE ( 'NONE', *, *, #5233, .F. ) ;
#5391 = ITEM_DEFINED_TRANSFORMATION ( 'NONE', 'NONE', #5867,  #2423 ) ;
#5392 = EDGE_CURVE ( 'NONE', #4000, #3966, #3703, .T. ) ;
#5393 = EDGE_CURVE ( 'NONE', #4381, #6665, #6323, .T. ) ;
#5394 = LINE ( 'NONE', #462, #6020 ) ;
#5395 = DIRECTION ( 'NONE',  ( 0.000000000000000000, 0.000000000000000000, 1.000000000000000000 ) ) ;
#5396 = CARTESIAN_POINT ( 'NONE',  ( 275.9655879583236242, -7.674337759814201299, 1.500000000000000000 ) ) ;
#5397 = ORIENTED_EDGE ( 'NONE', *, *, #2518, .T. ) ;
#5398 = ORIENTED_EDGE ( 'NONE', *, *, #832, .F. ) ;
#5399 = VERTEX_POINT ( 'NONE', #3556 ) ;
#5400 = CARTESIAN_POINT ( 'NONE',  ( 67.50000000000005684, 0.000000000000000000, 22.50000000000122213 ) ) ;
#5401 =( NAMED_UNIT ( * ) SI_UNIT ( $, .STERADIAN. ) SOLID_ANGLE_UNIT ( ) );
#5402 = CIRCLE ( 'NONE', #2285, 0.7499999999999729106 ) ;
#5403 = EDGE_CURVE ( 'NONE', #102, #3933, #3154, .T. ) ;
#5404 = ORIENTED_EDGE ( 'NONE', *, *, #1689, .T. ) ;
#5405 = FACE_OUTER_BOUND ( 'NONE', #7025, .T. ) ;
#5406 = ORIENTED_EDGE ( 'NONE', *, *, #1059, .T. ) ;
#5407 = AXIS2_PLACEMENT_3D ( 'NONE', #3818, #6483, #3240 ) ;
#5408 = DIRECTION ( 'NONE',  ( -1.000000000000000000, 5.869125134844098244E-28, -1.288801503904777590E-28 ) ) ;
#5409 = CARTESIAN_POINT ( 'NONE',  ( 279.7082814321234991, 10.50502852764404871, 1.500000000000000000 ) ) ;
#5410 = DIRECTION ( 'NONE',  ( -0.000000000000000000, -0.000000000000000000, 1.000000000000000000 ) ) ;
#5411 = LINE ( 'NONE', #1123, #2468 ) ;
#5412 = ADVANCED_FACE ( 'NONE', ( #3127 ), #6032, .F. ) ;
#5413 = ORIENTED_EDGE ( 'NONE', *, *, #3521, .T. ) ;
#5414 = DIRECTION ( 'NONE',  ( 1.000000000000000000, 0.000000000000000000, 0.000000000000000000 ) ) ;
#5415 = AXIS2_PLACEMENT_3D ( 'NONE', #6587, #6553, #6629 ) ;
#5416 = EDGE_CURVE ( 'NONE', #1003, #2807, #3002, .T. ) ;
#5417 = ORIENTED_EDGE ( 'NONE', *, *, #5697, .T. ) ;
#5418 = VERTEX_POINT ( 'NONE', #3057 ) ;
#5419 = DIRECTION ( 'NONE',  ( 0.000000000000000000, 0.000000000000000000, 1.000000000000000000 ) ) ;
#5420 = AXIS2_PLACEMENT_3D ( 'NONE', #1528, #3585, #5389 ) ;
#5421 = DIRECTION ( 'NONE',  ( 1.000000000000000000, 0.000000000000000000, 0.000000000000000000 ) ) ;
#5422 = CARTESIAN_POINT ( 'NONE',  ( 67.50000000000000000, -498989.4000000368687, -499000.0000000200816 ) ) ;
#5423 = AXIS2_PLACEMENT_3D ( 'NONE', #4217, #903, #1549 ) ;
#5424 = ADVANCED_FACE ( 'NONE', ( #3091 ), #4764, .F. ) ;
#5425 = CIRCLE ( 'NONE', #5068, 1.000000000000039080 ) ;
#5426 = DIRECTION ( 'NONE',  ( 0.000000000000000000, 0.000000000000000000, 1.000000000000000000 ) ) ;
#5427 = DIRECTION ( 'NONE',  ( 5.553580772755923110E-28, -1.000000000000000000, 5.420049715972916316E-30 ) ) ;
#5428 = VERTEX_POINT ( 'NONE', #1399 ) ;
#5429 = CIRCLE ( 'NONE', #38, 1.000000000000000888 ) ;
#5430 = FACE_BOUND ( 'NONE', #3700, .T. ) ;
#5431 = CARTESIAN_POINT ( 'NONE',  ( 67.50000000000000000, 2.500000000000002220, -15.40000000000033786 ) ) ;
#5432 = EDGE_CURVE ( 'NONE', #1003, #5837, #5291, .T. ) ;
#5433 = EDGE_CURVE ( 'NONE', #316, #1353, #6939, .T. ) ;
#5434 = CARTESIAN_POINT ( 'NONE',  ( 67.50000000000000000, 3.000000000000002665, 22.50000000000122213 ) ) ;
#5435 = STYLED_ITEM ( 'NONE', ( #3641 ), #6627 ) ;
#5436 = ORIENTED_EDGE ( 'NONE', *, *, #4941, .F. ) ;
#5437 = VERTEX_POINT ( 'NONE', #608 ) ;
#5438 = VERTEX_POINT ( 'NONE', #1611 ) ;
#5439 = DIRECTION ( 'NONE',  ( -1.000000000000000000, 0.000000000000000000, 0.000000000000000000 ) ) ;
#5440 = AXIS2_PLACEMENT_3D ( 'NONE', #6306, #1377, #4299 ) ;
#5441 = ORIENTED_EDGE ( 'NONE', *, *, #4550, .F. ) ;
#5442 = DIRECTION ( 'NONE',  ( 0.000000000000000000, 0.000000000000000000, 1.000000000000000000 ) ) ;
#5443 = ORIENTED_EDGE ( 'NONE', *, *, #1558, .T. ) ;
#5444 = AXIS2_PLACEMENT_3D ( 'NONE', #2679, #6460, #1099 ) ;
#5445 = DIRECTION ( 'NONE',  ( -0.000000000000000000, -0.000000000000000000, -1.000000000000000000 ) ) ;
#5446 = CARTESIAN_POINT ( 'NONE',  ( 9.580000000000060467, 1.500000000000001332, -19.85000000000114539 ) ) ;
#5447 = CARTESIAN_POINT ( 'NONE',  ( 279.8275069520239526, 10.49141693683116827, 3.100000000000000089 ) ) ;
#5448 = DIRECTION ( 'NONE',  ( 7.068193710780169816E-28, -0.7071067811865556774, 0.7071067811865393571 ) ) ;
#5449 = AXIS2_PLACEMENT_3D ( 'NONE', #2992, #212, #4187 ) ;
#5450 = ORIENTED_EDGE ( 'NONE', *, *, #2327, .F. ) ;
#5451 = PLANE ( 'NONE',  #6783 ) ;
#5452 = ORIENTED_EDGE ( 'NONE', *, *, #5282, .F. ) ;
#5453 = EDGE_CURVE ( 'NONE', #1372, #3773, #4876, .T. ) ;
#5454 = VECTOR ( 'NONE', #3527, 1000.000000000000000 ) ;
#5455 = DIRECTION ( 'NONE',  ( 0.000000000000000000, 0.000000000000000000, 1.000000000000000000 ) ) ;
#5456 = CIRCLE ( 'NONE', #6597, 6.849999999999995204 ) ;
#5457 = CARTESIAN_POINT ( 'NONE',  ( 67.50000000000000000, 2.500000000000002220, 22.50000000000122213 ) ) ;
#5458 = CARTESIAN_POINT ( 'NONE',  ( 52.49999999999999289, -5.684341886080801487E-11, -9.000000000000154543 ) ) ;
#5459 = CARTESIAN_POINT ( 'NONE',  ( 276.9692230765730301, -1.320602928007157617, 1.299999999999999822 ) ) ;
#5460 = FACE_OUTER_BOUND ( 'NONE', #5082, .T. ) ;
#5461 = DIRECTION ( 'NONE',  ( 0.000000000000000000, 0.000000000000000000, 1.000000000000000000 ) ) ;
#5462 = VECTOR ( 'NONE', #6064, 1000.000000000000000 ) ;
#5463 = AXIS2_PLACEMENT_3D ( 'NONE', #3775, #46, #541 ) ;
#5464 = ORIENTED_EDGE ( 'NONE', *, *, #4398, .F. ) ;
#5465 = EDGE_CURVE ( 'NONE', #6115, #2442, #76, .T. ) ;
#5466 = CARTESIAN_POINT ( 'NONE',  ( 67.50000000000000000, 3.000000000042746251, -9.000000000000303757 ) ) ;
#5467 = AXIS2_PLACEMENT_3D ( 'NONE', #1889, #4094, #6281 ) ;
#5468 = DIRECTION ( 'NONE',  ( -2.997525552164904547E-28, 0.7071067811865521247, 0.7071067811865430208 ) ) ;
#5469 = CARTESIAN_POINT ( 'NONE',  ( 276.3099522552975031, 6.538329591213495107, 1.299999999999999822 ) ) ;
#5470 = ORIENTED_EDGE ( 'NONE', *, *, #1156, .F. ) ;
#5471 = PRESENTATION_STYLE_ASSIGNMENT (( #2691 ) ) ;
#5472 = ORIENTED_EDGE ( 'NONE', *, *, #6505, .F. ) ;
#5473 = AXIS2_PLACEMENT_3D ( 'NONE', #4908, #455, #7027 ) ;
#5474 = ORIENTED_EDGE ( 'NONE', *, *, #499, .F. ) ;
#5475 = EDGE_CURVE ( 'NONE', #1979, #2284, #1075, .T. ) ;
#5476 = DIRECTION ( 'NONE',  ( -0.000000000000000000, -0.000000000000000000, 1.000000000000000000 ) ) ;
#5477 = CARTESIAN_POINT ( 'NONE',  ( 277.8335590931911838, 6.250217585674071152, 2.899999999999999911 ) ) ;
#5478 = ORIENTED_EDGE ( 'NONE', *, *, #2429, .F. ) ;
#5479 = DIRECTION ( 'NONE',  ( 1.000000000000000000, 0.000000000000000000, 0.000000000000000000 ) ) ;
#5480 = ORIENTED_EDGE ( 'NONE', *, *, #854, .T. ) ;
#5481 = EDGE_CURVE ( 'NONE', #3317, #5364, #4921, .T. ) ;
#5482 = VECTOR ( 'NONE', #5468, 999.9999999999998863 ) ;
#5483 = EDGE_CURVE ( 'NONE', #2661, #4946, #4851, .T. ) ;
#5484 = LINE ( 'NONE', #5514, #1656 ) ;
#5485 = CARTESIAN_POINT ( 'NONE',  ( 275.5980642608369067, 9.061936429107239732, 1.299999999999999822 ) ) ;
#5486 = FACE_BOUND ( 'NONE', #5027, .T. ) ;
#5487 = CARTESIAN_POINT ( 'NONE',  ( 278.5454470876517803, 3.726610747780326527, 1.299999999999999822 ) ) ;
#5488 = VECTOR ( 'NONE', #6766, 999.9999999999998863 ) ;
#5489 = ORIENTED_EDGE ( 'NONE', *, *, #4669, .T. ) ;
#5490 = DIRECTION ( 'NONE',  ( -0.7071067813875331343, 0.7071067809855619002, -9.420322322532612212E-29 ) ) ;
#5491 = ORIENTED_EDGE ( 'NONE', *, *, #371, .F. ) ;
#5492 = ORIENTED_EDGE ( 'NONE', *, *, #2188, .T. ) ;
#5493 = DIRECTION ( 'NONE',  ( 5.553580772755923110E-28, -1.000000000000000000, 5.420049715972916316E-30 ) ) ;
#5494 = DIRECTION ( 'NONE',  ( 1.000000000000000000, -5.869125134844098244E-28, 2.897241713531363262E-15 ) ) ;
#5495 = CARTESIAN_POINT ( 'NONE',  ( 276.0218402497579859, 4.014722753319752258, 2.899999999999999911 ) ) ;
#5496 = DIRECTION ( 'NONE',  ( -0.000000000000000000, -0.000000000000000000, 1.000000000000000000 ) ) ;
#5497 = DIRECTION ( 'NONE',  ( -0.000000000000000000, -0.000000000000000000, 1.000000000000000000 ) ) ;
#5498 = DIRECTION ( 'NONE',  ( 1.000000000000000000, 0.000000000000000000, -0.000000000000000000 ) ) ;
#5499 = ORIENTED_EDGE ( 'NONE', *, *, #5117, .F. ) ;
#5500 = CARTESIAN_POINT ( 'NONE',  ( 31.49999999999997158, 0.000000000000000000, 0.000000000000000000 ) ) ;
#5501 = FACE_OUTER_BOUND ( 'NONE', #489, .T. ) ;
#5502 = DIRECTION ( 'NONE',  ( -0.000000000000000000, -0.000000000000000000, 1.000000000000000000 ) ) ;
#5503 = EDGE_CURVE ( 'NONE', #1816, #6593, #182, .T. ) ;
#5504 = ORIENTED_EDGE ( 'NONE', *, *, #3708, .T. ) ;
#5505 = CARTESIAN_POINT ( 'NONE',  ( 0.000000000000000000, 0.000000000000000000, 0.000000000000000000 ) ) ;
#5506 = ORIENTED_EDGE ( 'NONE', *, *, #4313, .T. ) ;
#5507 = ORIENTED_EDGE ( 'NONE', *, *, #6172, .F. ) ;
#5508 = DIRECTION ( 'NONE',  ( 1.000000000000000000, 0.000000000000000000, 0.000000000000000000 ) ) ;
#5509 = DIRECTION ( 'NONE',  ( 0.000000000000000000, 0.000000000000000000, 1.000000000000000000 ) ) ;
#5510 = ADVANCED_FACE ( 'NONE', ( #3885, #4386 ), #3233, .T. ) ;
#5511 = VERTEX_POINT ( 'NONE', #5966 ) ;
#5512 = CARTESIAN_POINT ( 'NONE',  ( 0.000000000000000000, 0.000000000000000000, -2.100000000000000089 ) ) ;
#5513 = VERTEX_POINT ( 'NONE', #4959 ) ;
#5514 = CARTESIAN_POINT ( 'NONE',  ( 67.49999999999994316, 3.000000000000002665, 30.50000000000122924 ) ) ;
#5515 = DIRECTION ( 'NONE',  ( -5.553580772755923110E-28, 1.000000000000000000, -5.420049715972916316E-30 ) ) ;
#5516 = PLANE ( 'NONE',  #1612 ) ;
#5517 = CARTESIAN_POINT ( 'NONE',  ( 47.49999999999998579, 0.000000000000000000, 0.000000000000000000 ) ) ;
#5518 = EDGE_CURVE ( 'NONE', #4744, #3126, #1037, .T. ) ;
#5519 = EDGE_CURVE ( 'NONE', #6654, #1727, #3618, .T. ) ;
#5520 = EDGE_LOOP ( 'NONE', ( #3728, #1251, #2849, #3007 ) ) ;
#5521 = CARTESIAN_POINT ( 'NONE',  ( 50.89999999996136637, 3.000000000042746695, -9.000000000000305533 ) ) ;
#5522 = ORIENTED_EDGE ( 'NONE', *, *, #3949, .F. ) ;
#5523 = DIRECTION ( 'NONE',  ( 5.553580772755923110E-28, -1.000000000000000000, 5.420049715972916316E-30 ) ) ;
#5524 = DIRECTION ( 'NONE',  ( 5.553580772755923110E-28, -1.000000000000000000, 5.420049715972916316E-30 ) ) ;
#5525 = DIRECTION ( 'NONE',  ( -1.156482317319115167E-16, -5.082825764018975851E-30, 1.000000000000000000 ) ) ;
#5526 = CIRCLE ( 'NONE', #2877, 0.7499999999999729106 ) ;
#5527 = DIRECTION ( 'NONE',  ( 1.000000000000000000, 0.000000000000000000, 0.000000000000000000 ) ) ;
#5528 = PLANE ( 'NONE',  #1442 ) ;
#5529 = CARTESIAN_POINT ( 'NONE',  ( 24.81934729198170686, 3.000000000000002665, -40.50000000000122924 ) ) ;
#5530 = AXIS2_PLACEMENT_3D ( 'NONE', #1175, #3372, #3408 ) ;
#5531 = CIRCLE ( 'NONE', #3109, 0.7499999999999729106 ) ;
#5532 = LINE ( 'NONE', #2685, #1541 ) ;
#5533 = CARTESIAN_POINT ( 'NONE',  ( -8.249999999999868550, 3.000000000000002665, -26.30000000000106297 ) ) ;
#5534 = FACE_OUTER_BOUND ( 'NONE', #5379, .T. ) ;
#5535 = ORIENTED_EDGE ( 'NONE', *, *, #773, .T. ) ;
#5536 = VECTOR ( 'NONE', #6183, 1000.000000000000000 ) ;
#5537 = EDGE_LOOP ( 'NONE', ( #1072, #3484, #4622, #2457 ) ) ;
#5538 = AXIS2_PLACEMENT_3D ( 'NONE', #2942, #6719, #150 ) ;
#5539 = ORIENTED_EDGE ( 'NONE', *, *, #2160, .F. ) ;
#5540 = DIRECTION ( 'NONE',  ( 1.000000000000000000, 0.000000000000000000, -0.000000000000000000 ) ) ;
#5541 = VECTOR ( 'NONE', #2448, 1000.000000000000000 ) ;
#5542 = CARTESIAN_POINT ( 'NONE',  ( 7.750000000000062172, 1.499999999999973577, -20.35000000000081144 ) ) ;
#5543 = EDGE_LOOP ( 'NONE', ( #2517, #1753, #3953, #3969 ) ) ;
#5544 = LINE ( 'NONE', #612, #6445 ) ;
#5545 = ORIENTED_EDGE ( 'NONE', *, *, #82, .T. ) ;
#5546 = DIRECTION ( 'NONE',  ( 5.553580772755923110E-28, -1.000000000000000000, 5.420049715972916316E-30 ) ) ;
#5547 = EDGE_CURVE ( 'NONE', #6944, #4706, #4533, .T. ) ;
#5548 = LINE ( 'NONE', #6187, #6807 ) ;
#5549 = DIRECTION ( 'NONE',  ( 1.000000000000000000, 0.000000000000000000, 0.000000000000000000 ) ) ;
#5550 = FACE_OUTER_BOUND ( 'NONE', #3063, .T. ) ;
#5551 = VERTEX_POINT ( 'NONE', #2080 ) ;
#5552 = AXIS2_PLACEMENT_3D ( 'NONE', #2607, #3684, #4157 ) ;
#5553 = DIRECTION ( 'NONE',  ( 1.000000000000000000, 0.000000000000000000, -0.000000000000000000 ) ) ;
#5554 = VECTOR ( 'NONE', #3960, 1000.000000000000114 ) ;
#5555 = ORIENTED_EDGE ( 'NONE', *, *, #3659, .F. ) ;
#5556 = EDGE_CURVE ( 'NONE', #6080, #7023, #518, .T. ) ;
#5557 = ORIENTED_EDGE ( 'NONE', *, *, #6819, .F. ) ;
#5558 = PLANE ( 'NONE',  #3481 ) ;
#5559 = EDGE_CURVE ( 'NONE', #2540, #7065, #4319, .T. ) ;
#5560 = DIRECTION ( 'NONE',  ( -1.000000000000000000, 0.000000000000000000, 0.000000000000000000 ) ) ;
#5561 = FACE_OUTER_BOUND ( 'NONE', #4745, .T. ) ;
#5562 = AXIS2_PLACEMENT_3D ( 'NONE', #4119, #3111, #1845 ) ;
#5563 = DIRECTION ( 'NONE',  ( -3.083952846182278589E-16, 5.086718423449056709E-30, -1.000000000000000000 ) ) ;
#5564 = PLANE ( 'NONE',  #3864 ) ;
#5565 = DIRECTION ( 'NONE',  ( 1.314439483324459577E-28, -5.087249021584615241E-30, 1.000000000000000000 ) ) ;
#5566 = CIRCLE ( 'NONE', #6705, 37.50000000000145661 ) ;
#5567 = EDGE_CURVE ( 'NONE', #6110, #2284, #2233, .T. ) ;
#5568 = ADVANCED_FACE ( 'NONE', ( #6472 ), #2697, .T. ) ;
#5569 = CYLINDRICAL_SURFACE ( 'NONE', #2574, 0.7499999999999729106 ) ;
#5570 = CARTESIAN_POINT ( 'NONE',  ( 67.50000000000000000, 3.000000000000002665, 22.50000000000122213 ) ) ;
#5571 = CIRCLE ( 'NONE', #6139, 2.500000000000097700 ) ;
#5572 = CIRCLE ( 'NONE', #2575, 0.5000000000000000000 ) ;
#5573 = CARTESIAN_POINT ( 'NONE',  ( 0.000000000000000000, 0.5000000000000004441, 0.000000000000000000 ) ) ;
#5574 = EDGE_LOOP ( 'NONE', ( #6152, #1498, #1936, #929 ) ) ;
#5575 = DIRECTION ( 'NONE',  ( -9.581490978654703472E-17, -0.9999999999999998890, 1.550352226154539460E-14 ) ) ;
#5576 = CARTESIAN_POINT ( 'NONE',  ( 8.249999999997648104, 19.51279806695395536, -20.35000000000075460 ) ) ;
#5577 = AXIS2_PLACEMENT_3D ( 'NONE', #4802, #1378, #4118 ) ;
#5578 = AXIS2_PLACEMENT_3D ( 'NONE', #1928, #2552, #339 ) ;
#5579 = DIRECTION ( 'NONE',  ( 1.000000000000000000, -5.869125134844098244E-28, -1.625770334716055757E-16 ) ) ;
#5580 = UNCERTAINTY_MEASURE_WITH_UNIT (LENGTH_MEASURE( 1.000000000000000082E-05 ), #334, 'distance_accuracy_value', 'NONE');
#5581 = CARTESIAN_POINT ( 'NONE',  ( -0.5000000000000257572, 6.123233995737081580E-17, -2.100000000000000089 ) ) ;
#5582 = VECTOR ( 'NONE', #5736, 1000.000000000000000 ) ;
#5583 = AXIS2_PLACEMENT_3D ( 'NONE', #90, #4428, #3652 ) ;
#5584 = ORIENTED_EDGE ( 'NONE', *, *, #6730, .F. ) ;
#5585 = CARTESIAN_POINT ( 'NONE',  ( -2.331468351712828735E-12, 2.700000000000008171, -1.110223024625156540E-13 ) ) ;
#5586 = ORIENTED_EDGE ( 'NONE', *, *, #2639, .F. ) ;
#5587 = ADVANCED_FACE ( 'NONE', ( #3740 ), #4890, .F. ) ;
#5588 = CARTESIAN_POINT ( 'NONE',  ( 275.0529289993729662, -6.909307340452717661, 0.1000000000000002554 ) ) ;
#5589 = DIRECTION ( 'NONE',  ( 0.000000000000000000, 0.000000000000000000, 1.000000000000000000 ) ) ;
#5590 = LINE ( 'NONE', #4356, #6898 ) ;
#5591 = VERTEX_POINT ( 'NONE', #3194 ) ;
#5592 = ADVANCED_FACE ( 'NONE', ( #3850 ), #6045, .T. ) ;
#5593 = AXIS2_PLACEMENT_3D ( 'NONE', #4981, #5128, #6773 ) ;
#5594 = CARTESIAN_POINT ( 'NONE',  ( 276.9692230765730301, -1.320602928007157617, 0.1000000000000000056 ) ) ;
#5595 = ORIENTED_EDGE ( 'NONE', *, *, #2764, .F. ) ;
#5596 = EDGE_LOOP ( 'NONE', ( #382, #5224, #3837, #3151 ) ) ;
#5597 = LINE ( 'NONE', #134, #3590 ) ;
#5598 = DIRECTION ( 'NONE',  ( 0.000000000000000000, 0.000000000000000000, 1.000000000000000000 ) ) ;
#5599 = LINE ( 'NONE', #6196, #1438 ) ;
#5600 = AXIS2_PLACEMENT_3D ( 'NONE', #740, #5606, #4559 ) ;
#5601 = DIRECTION ( 'NONE',  ( 1.000000000000000000, 0.000000000000000000, 0.000000000000000000 ) ) ;
#5602 = DIRECTION ( 'NONE',  ( -5.553580772755923110E-28, 1.000000000000000000, -5.420049715972916316E-30 ) ) ;
#5603 = EDGE_LOOP ( 'NONE', ( #4457, #2521, #4789, #6455 ) ) ;
#5604 = EDGE_CURVE ( 'NONE', #6538, #336, #472, .T. ) ;
#5605 = CARTESIAN_POINT ( 'NONE',  ( 278.2573350821123768, 1.203003909886584122, 1.299999999999999822 ) ) ;
#5606 = DIRECTION ( 'NONE',  ( -8.177564888907477401E-17, -0.7071067811865495711, 0.7071067811865454633 ) ) ;
#5607 = DIRECTION ( 'NONE',  ( -5.553580772755923110E-28, 1.000000000000000000, -5.420049715972916316E-30 ) ) ;
#5608 = EDGE_CURVE ( 'NONE', #4318, #7032, #88, .T. ) ;
#5609 = EDGE_CURVE ( 'NONE', #1683, #4261, #2362, .T. ) ;
#5610 = VERTEX_POINT ( 'NONE', #221 ) ;
#5611 = CARTESIAN_POINT ( 'NONE',  ( -0.1702875282934002144, 129.1331757274305687, -216.3575887643319220 ) ) ;
#5612 = CYLINDRICAL_SURFACE ( 'NONE', #3334, 0.5000000000000004441 ) ;
#5613 = DIRECTION ( 'NONE',  ( 0.000000000000000000, 1.000000000000000000, 0.000000000000000000 ) ) ;
#5614 = CYLINDRICAL_SURFACE ( 'NONE', #5807, 1.000000000000000888 ) ;
#5615 = ORIENTED_EDGE ( 'NONE', *, *, #5416, .F. ) ;
#5616 = LINE ( 'NONE', #4636, #5536 ) ;
#5617 = ORIENTED_EDGE ( 'NONE', *, *, #5024, .F. ) ;
#5618 = ORIENTED_EDGE ( 'NONE', *, *, #2519, .F. ) ;
#5619 = DIRECTION ( 'NONE',  ( 0.000000000000000000, 0.000000000000000000, 1.000000000000000000 ) ) ;
#5620 = CYLINDRICAL_SURFACE ( 'NONE', #4175, 1.600000000000066702 ) ;
#5621 = FACE_OUTER_BOUND ( 'NONE', #4699, .T. ) ;
#5622 = ADVANCED_FACE ( 'NONE', ( #3518 ), #5643, .F. ) ;
#5623 = EDGE_LOOP ( 'NONE', ( #3758, #5539 ) ) ;
#5624 = ORIENTED_EDGE ( 'NONE', *, *, #3271, .F. ) ;
#5625 = FACE_BOUND ( 'NONE', #4661, .T. ) ;
#5626 = ORIENTED_EDGE ( 'NONE', *, *, #4766, .F. ) ;
#5627 = CARTESIAN_POINT ( 'NONE',  ( 274.9075042331397185, -3.556097760361474069, 0.000000000000000000 ) ) ;
#5628 = CARTESIAN_POINT ( 'NONE',  ( 67.50000000000000000, 0.5000000000000004441, -22.50000000000061107 ) ) ;
#5629 = CARTESIAN_POINT ( 'NONE',  ( 277.2573350821123768, 1.203003909886584122, 0.1000000000000000056 ) ) ;
#5630 = DIRECTION ( 'NONE',  ( 5.553580772755923110E-28, -1.000000000000000000, 5.420049715972916316E-30 ) ) ;
#5631 = AXIS2_PLACEMENT_3D ( 'NONE', #6425, #1489, #327 ) ;
#5632 = FACE_OUTER_BOUND ( 'NONE', #2485, .T. ) ;
#5633 = VERTEX_POINT ( 'NONE', #1849 ) ;
#5634 = AXIS2_PLACEMENT_3D ( 'NONE', #5815, #6956, #3717 ) ;
#5635 = DIRECTION ( 'NONE',  ( 0.9935459991707643601, -0.1134299234407194212, 0.000000000000000000 ) ) ;
#5636 = EDGE_CURVE ( 'NONE', #91, #2946, #117, .T. ) ;
#5637 = CARTESIAN_POINT ( 'NONE',  ( 277.2262463324971122, 12.12703400365908202, 2.299999999999999822 ) ) ;
#5638 = MECHANICAL_DESIGN_GEOMETRIC_PRESENTATION_REPRESENTATION (  '', ( #4372 ), #6316 ) ;
#5639 = DIRECTION ( 'NONE',  ( -1.000000000000000000, 5.869125134844098244E-28, 1.734723475975450007E-16 ) ) ;
#5640 = ORIENTED_EDGE ( 'NONE', *, *, #4931, .F. ) ;
#5641 = CONICAL_SURFACE ( 'NONE', #2541, 6.300000000000246736, 0.7853981633974487231 ) ;
#5642 = AXIS2_PLACEMENT_3D ( 'NONE', #1255, #6732, #5113 ) ;
#5643 = CYLINDRICAL_SURFACE ( 'NONE', #3731, 17.25000000000070699 ) ;
#5644 = ADVANCED_FACE ( 'NONE', ( #4490 ), #2287, .F. ) ;
#5645 = EDGE_CURVE ( 'NONE', #4667, #3614, #3439, .T. ) ;
#5646 = AXIS2_PLACEMENT_3D ( 'NONE', #3390, #2268, #6664 ) ;
#5647 = FACE_OUTER_BOUND ( 'NONE', #5543, .T. ) ;
#5648 = AXIS2_PLACEMENT_3D ( 'NONE', #12, #2186, #5941 ) ;
#5649 = VECTOR ( 'NONE', #2972, 1000.000000000000000 ) ;
#5650 = ORIENTED_EDGE ( 'NONE', *, *, #2429, .T. ) ;
#5651 = CARTESIAN_POINT ( 'NONE',  ( 74.35000000000459863, -22.49999999997287148, 0.5000000000000000000 ) ) ;
#5652 = ORIENTED_EDGE ( 'NONE', *, *, #5645, .F. ) ;
#5653 = ORIENTED_EDGE ( 'NONE', *, *, #6254, .T. ) ;
#5654 = DIRECTION ( 'NONE',  ( -1.314439483324459577E-28, 0.000000000000000000, -1.000000000000000000 ) ) ;
#5655 = CIRCLE ( 'NONE', #4735, 1.000000000000000888 ) ;
#5656 = CARTESIAN_POINT ( 'NONE',  ( -8.249999999999896971, 3.000000000000002665, -20.35000000000086828 ) ) ;
#5657 = DIRECTION ( 'NONE',  ( 1.000000000000000000, 0.000000000000000000, 0.000000000000000000 ) ) ;
#5658 = ORIENTED_EDGE ( 'NONE', *, *, #4280, .T. ) ;
#5659 = CIRCLE ( 'NONE', #3112, 0.7499999999999729106 ) ;
#5660 =( REPRESENTATION_RELATIONSHIP ('NONE','NONE', #1545, #48 ) REPRESENTATION_RELATIONSHIP_WITH_TRANSFORMATION ( #4700 )SHAPE_REPRESENTATION_RELATIONSHIP( ) );
#5661 = ORIENTED_EDGE ( 'NONE', *, *, #2834, .T. ) ;
#5662 = DIRECTION ( 'NONE',  ( -0.000000000000000000, -0.000000000000000000, 1.000000000000000000 ) ) ;
#5663 = ORIENTED_EDGE ( 'NONE', *, *, #149, .F. ) ;
#5664 = LINE ( 'NONE', #6230, #1291 ) ;
#5665 = CARTESIAN_POINT ( 'NONE',  ( 274.9655879583236242, -7.674337759814201299, 1.300000000000000266 ) ) ;
#5666 = LINE ( 'NONE', #5157, #5236 ) ;
#5667 = PLANE ( 'NONE',  #6480 ) ;
#5668 = CONICAL_SURFACE ( 'NONE', #3478, 17.55000000000069704, 0.7853981633974425058 ) ;
#5669 = CARTESIAN_POINT ( 'NONE',  ( 24.81934729198170686, 2.500000000000030198, 40.50000000000122924 ) ) ;
#5670 = ORIENTED_EDGE ( 'NONE', *, *, #5104, .F. ) ;
#5671 = EDGE_CURVE ( 'NONE', #715, #2113, #2868, .T. ) ;
#5672 = VERTEX_POINT ( 'NONE', #1749 ) ;
#5673 = AXIS2_PLACEMENT_3D ( 'NONE', #2036, #5886, #955 ) ;
#5674 = PLANE ( 'NONE',  #4309 ) ;
#5675 = CARTESIAN_POINT ( 'NONE',  ( -17.67766952966362481, 0.000000000000000000, 17.67766952966365324 ) ) ;
#5676 = CARTESIAN_POINT ( 'NONE',  ( 67.50000000000000000, 3.000000000000002665, 7.400000000000607869 ) ) ;
#5677 = AXIS2_PLACEMENT_3D ( 'NONE', #4552, #137, #3903 ) ;
#5678 = ORIENTED_EDGE ( 'NONE', *, *, #3529, .F. ) ;
#5679 = DIRECTION ( 'NONE',  ( 9.727057171688791504E-17, -1.000000000000000000, 1.570571483926957326E-14 ) ) ;
#5680 = ADVANCED_FACE ( 'NONE', ( #2802 ), #4997, .T. ) ;
#5681 = CARTESIAN_POINT ( 'NONE',  ( 279.6515664704031110, 10.00825552805866714, 2.899999999999999911 ) ) ;
#5682 = AXIS2_PLACEMENT_3D ( 'NONE', #5466, #3298, #4949 ) ;
#5683 = AXIS2_PLACEMENT_3D ( 'NONE', #3239, #16, #514 ) ;
#5684 = CARTESIAN_POINT ( 'NONE',  ( 67.50000000000000000, 0.09999999999374398207, 10.50000000001652367 ) ) ;
#5685 = ORIENTED_EDGE ( 'NONE', *, *, #5846, .T. ) ;
#5686 = ORIENTED_EDGE ( 'NONE', *, *, #2081, .T. ) ;
#5687 = EDGE_CURVE ( 'NONE', #2954, #1480, #4017, .T. ) ;
#5688 = AXIS2_PLACEMENT_3D ( 'NONE', #3324, #6495, #4300 ) ;
#5689 = ORIENTED_EDGE ( 'NONE', *, *, #275, .T. ) ;
#5690 = DIRECTION ( 'NONE',  ( 1.320386842784404616E-28, -5.087249021584615241E-30, 1.000000000000000000 ) ) ;
#5691 = DIRECTION ( 'NONE',  ( 1.314439483324459577E-28, -5.087249021584615241E-30, 1.000000000000000000 ) ) ;
#5692 = DIRECTION ( 'NONE',  ( -1.000000000000000000, 5.869125134844098244E-28, 3.083952846182278589E-16 ) ) ;
#5693 = AXIS2_PLACEMENT_3D ( 'NONE', #6100, #4863, #3316 ) ;
#5694 = VECTOR ( 'NONE', #2289, 1000.000000000000000 ) ;
#5695 = ORIENTED_EDGE ( 'NONE', *, *, #6213, .F. ) ;
#5696 = EDGE_CURVE ( 'NONE', #5399, #1950, #5425, .T. ) ;
#5697 = EDGE_CURVE ( 'NONE', #6634, #4744, #4153, .T. ) ;
#5698 = VECTOR ( 'NONE', #6449, 999.9999999999998863 ) ;
#5699 = VECTOR ( 'NONE', #3911, 1000.000000000000000 ) ;
#5700 = ORIENTED_EDGE ( 'NONE', *, *, #3083, .T. ) ;
#5701 = DIRECTION ( 'NONE',  ( 5.553580772755923110E-28, -1.000000000000000000, 5.420049715972916316E-30 ) ) ;
#5702 = ORIENTED_EDGE ( 'NONE', *, *, #200, .F. ) ;
#5703 = LINE ( 'NONE', #768, #3597 ) ;
#5704 = DIRECTION ( 'NONE',  ( -2.997525552164749395E-28, 0.7071067811865295871, 0.7071067811865654473 ) ) ;
#5705 = DIRECTION ( 'NONE',  ( 1.000000000000000000, 0.000000000000000000, 0.000000000000000000 ) ) ;
#5706 = LINE ( 'NONE', #881, #3487 ) ;
#5707 = CIRCLE ( 'NONE', #644, 1.600000000000066702 ) ;
#5708 = CARTESIAN_POINT ( 'NONE',  ( 0.7499999999999829026, 0.000000000000000000, 0.000000000000000000 ) ) ;
#5709 = VERTEX_POINT ( 'NONE', #6652 ) ;
#5710 = EDGE_LOOP ( 'NONE', ( #5151, #3541, #1250, #4463 ) ) ;
#5711 = AXIS2_PLACEMENT_3D ( 'NONE', #4950, #1533, #5997 ) ;
#5712 = DIRECTION ( 'NONE',  ( 0.000000000000000000, 5.087249021584615942E-30, -1.000000000000000000 ) ) ;
#5713 = CARTESIAN_POINT ( 'NONE',  ( 272.1308358618815078, -4.733813903131967038, 1.500000000000000000 ) ) ;
#5714 = CARTESIAN_POINT ( 'NONE',  ( -2.331468351712828735E-12, 2.700000000000008171, -1.110223024625156540E-13 ) ) ;
#5715 = AXIS2_PLACEMENT_3D ( 'NONE', #4181, #7014, #5838 ) ;
#5716 = ORIENTED_EDGE ( 'NONE', *, *, #981, .T. ) ;
#5717 = CARTESIAN_POINT ( 'NONE',  ( -0.1702875282934002144, 129.1331757274304834, -221.4375887643319345 ) ) ;
#5718 = ADVANCED_BREP_SHAPE_REPRESENTATION ( '', ( #4359, #2423 ), #6779 ) ;
#5719 = CARTESIAN_POINT ( 'NONE',  ( 275.6811110710334560, -3.844209765900900688, 1.299999999999999822 ) ) ;
#5720 = EDGE_CURVE ( 'NONE', #1912, #5437, #1715, .T. ) ;
#5721 = CARTESIAN_POINT ( 'NONE',  ( 273.6956162386791789, -1.032490922467731886, 0.000000000000000000 ) ) ;
#5722 = ORIENTED_EDGE ( 'NONE', *, *, #1810, .T. ) ;
#5723 = CARTESIAN_POINT ( 'NONE',  ( 277.0835590931911838, 6.250217585674071152, 0.1000000000000000056 ) ) ;
#5724 = ORIENTED_EDGE ( 'NONE', *, *, #6620, .F. ) ;
#5725 = ORIENTED_EDGE ( 'NONE', *, *, #1729, .T. ) ;
#5726 = DIRECTION ( 'NONE',  ( 0.000000000000000000, 0.000000000000000000, 1.000000000000000000 ) ) ;
#5727 = CARTESIAN_POINT ( 'NONE',  ( 279.8275069520239526, 10.49141693683116827, 2.899999999999999911 ) ) ;
#5728 = CARTESIAN_POINT ( 'NONE',  ( 75.50000000000001421, 3.000000000000002665, -22.50000000000085976 ) ) ;
#5729 = EDGE_CURVE ( 'NONE', #1776, #884, #2995, .T. ) ;
#5730 = ORIENTED_EDGE ( 'NONE', *, *, #3042, .T. ) ;
#5731 = EDGE_LOOP ( 'NONE', ( #3718, #3125, #4177, #5069 ) ) ;
#5732 = FACE_BOUND ( 'NONE', #6017, .T. ) ;
#5733 = ORIENTED_EDGE ( 'NONE', *, *, #1103, .T. ) ;
#5734 = CARTESIAN_POINT ( 'NONE',  ( -17.67766952966359639, -2.465190328815470194E-29, 14.37766952966365608 ) ) ;
#5735 = CARTESIAN_POINT ( 'NONE',  ( 4.321330734993967080E-28, -1.653115163371739273E-29, 21.95000000000122853 ) ) ;
#5736 = DIRECTION ( 'NONE',  ( -0.000000000000000000, -0.000000000000000000, 1.000000000000000000 ) ) ;
#5737 = ADVANCED_FACE ( 'NONE', ( #5030 ), #5063, .F. ) ;
#5738 = ADVANCED_FACE ( 'NONE', ( #6211 ), #1278, .T. ) ;
#5739 = DIRECTION ( 'NONE',  ( 1.314768175368299124E-28, 0.000000000000000000, 1.000000000000000000 ) ) ;
#5740 = ORIENTED_EDGE ( 'NONE', *, *, #5519, .F. ) ;
#5741 = EDGE_LOOP ( 'NONE', ( #322, #724, #6182, #6019 ) ) ;
#5742 = ORIENTED_EDGE ( 'NONE', *, *, #3434, .T. ) ;
#5743 = DIRECTION ( 'NONE',  ( 1.000000000000000000, 0.000000000000000000, 0.000000000000000000 ) ) ;
#5744 = FACE_OUTER_BOUND ( 'NONE', #3086, .T. ) ;
#5745 = FACE_OUTER_BOUND ( 'NONE', #2318, .T. ) ;
#5746 = CARTESIAN_POINT ( 'NONE',  ( 276.1655879583235560, -7.674337759814201299, 1.500000000000000000 ) ) ;
#5747 = ORIENTED_EDGE ( 'NONE', *, *, #4769, .F. ) ;
#5748 = CONTEXT_DEPENDENT_SHAPE_REPRESENTATION ( #1025, #2401 ) ;
#5749 = VECTOR ( 'NONE', #4615, 1000.000000000000000 ) ;
#5750 = FACE_OUTER_BOUND ( 'NONE', #3505, .T. ) ;
#5751 = LINE ( 'NONE', #821, #5360 ) ;
#5752 = VERTEX_POINT ( 'NONE', #747 ) ;
#5753 =( NAMED_UNIT ( * ) SI_UNIT ( $, .STERADIAN. ) SOLID_ANGLE_UNIT ( ) );
#5754 = VERTEX_POINT ( 'NONE', #4125 ) ;
#5755 = ORIENTED_EDGE ( 'NONE', *, *, #6658, .F. ) ;
#5756 = EDGE_CURVE ( 'NONE', #2821, #4402, #2543, .T. ) ;
#5757 = AXIS2_PLACEMENT_3D ( 'NONE', #1190, #1730, #5041 ) ;
#5758 = DIRECTION ( 'NONE',  ( 0.000000000000000000, 0.000000000000000000, 1.000000000000000000 ) ) ;
#5759 = DIRECTION ( 'NONE',  ( 5.553580772755923110E-28, -1.000000000000000000, 5.420049715972916316E-30 ) ) ;
#5760 = CARTESIAN_POINT ( 'NONE',  ( 274.1575042331397185, -3.556097760361474069, 1.299999999999999822 ) ) ;
#5761 = AXIS2_PLACEMENT_3D ( 'NONE', #2257, #5613, #4459 ) ;
#5762 = EDGE_LOOP ( 'NONE', ( #4020, #373, #1108, #3460 ) ) ;
#5763 = EDGE_CURVE ( 'NONE', #1727, #6654, #2655, .T. ) ;
#5764 = AXIS2_PLACEMENT_3D ( 'NONE', #2812, #1085, #2230 ) ;
#5765 = ORIENTED_EDGE ( 'NONE', *, *, #1512, .T. ) ;
#5766 = DIRECTION ( 'NONE',  ( -5.553580772755923110E-28, 1.000000000000000000, -5.420049715972916316E-30 ) ) ;
#5767 = ORIENTED_EDGE ( 'NONE', *, *, #1743, .T. ) ;
#5768 = FACE_OUTER_BOUND ( 'NONE', #296, .T. ) ;
#5769 = DIRECTION ( 'NONE',  ( 0.000000000000000000, 0.000000000000000000, 1.000000000000000000 ) ) ;
#5770 = DIRECTION ( 'NONE',  ( -2.776790386377923888E-28, 0.7071067811865463515, 0.7071067811865487940 ) ) ;
#5771 = CARTESIAN_POINT ( 'NONE',  ( 0.000000000000000000, 0.000000000000000000, 0.4000000000000000222 ) ) ;
#5772 = AXIS2_PLACEMENT_3D ( 'NONE', #3528, #263, #4502 ) ;
#5773 = ORIENTED_EDGE ( 'NONE', *, *, #6529, .F. ) ;
#5774 = DIRECTION ( 'NONE',  ( -0.000000000000000000, -0.000000000000000000, 1.000000000000000000 ) ) ;
#5775 = ADVANCED_FACE ( 'NONE', ( #4239 ), #5789, .T. ) ;
#5776 = EDGE_CURVE ( 'NONE', #4946, #3854, #1508, .T. ) ;
#5777 = ORIENTED_EDGE ( 'NONE', *, *, #5567, .F. ) ;
#5778 = ORIENTED_EDGE ( 'NONE', *, *, #2152, .T. ) ;
#5779 = CYLINDRICAL_SURFACE ( 'NONE', #2902, 1.000000000000000888 ) ;
#5780 = LINE ( 'NONE', #5311, #1662 ) ;
#5781 = AXIS2_PLACEMENT_3D ( 'NONE', #3322, #3790, #1054 ) ;
#5782 = DIRECTION ( 'NONE',  ( 1.000000000000000000, 0.000000000000000000, -0.000000000000000000 ) ) ;
#5783 = CARTESIAN_POINT ( 'NONE',  ( 274.1575042331397185, -3.556097760361474069, 0.000000000000000000 ) ) ;
#5784 = CARTESIAN_POINT ( 'NONE',  ( 67.50000000000460432, -22.49999999997287148, 0.5000000000000000000 ) ) ;
#5785 = ORIENTED_EDGE ( 'NONE', *, *, #2910, .F. ) ;
#5786 = EDGE_CURVE ( 'NONE', #2366, #6789, #1463, .T. ) ;
#5787 = VECTOR ( 'NONE', #2426, 1000.000000000000000 ) ;
#5788 = ADVANCED_FACE ( 'NONE', ( #395, #5827, #1428, #893, #288, #2508, #3664, #6893, #5283, #2005, #1962, #1888, #5171 ), #858, .T. ) ;
#5789 = CYLINDRICAL_SURFACE ( 'NONE', #1167, 0.5000000000000257572 ) ;
#5790 = CIRCLE ( 'NONE', #4178, 1.000000000000000888 ) ;
#5791 = DIRECTION ( 'NONE',  ( 1.000000000000000000, 0.000000000000000000, 0.000000000000000000 ) ) ;
#5792 = ORIENTED_EDGE ( 'NONE', *, *, #3010, .F. ) ;
#5793 = EDGE_LOOP ( 'NONE', ( #6765, #1219 ) ) ;
#5794 = ORIENTED_EDGE ( 'NONE', *, *, #4349, .T. ) ;
#5795 = CIRCLE ( 'NONE', #2687, 3.350000000000179057 ) ;
#5796 = DIRECTION ( 'NONE',  ( -2.776790386377923440E-28, 0.7071067811865729968, 0.7071067811865220376 ) ) ;
#5797 = CARTESIAN_POINT ( 'NONE',  ( 52.49999999999999289, 0.1000000000079270812, 7.499999999998903100 ) ) ;
#5798 = SURFACE_SIDE_STYLE ('',( #3019 ) ) ;
#5799 = VECTOR ( 'NONE', #2515, 1000.000000000000000 ) ;
#5800 = CARTESIAN_POINT ( 'NONE',  ( 67.50000000000000000, 2.500000000000030198, 22.50000000000122213 ) ) ;
#5801 = VERTEX_POINT ( 'NONE', #252 ) ;
#5802 = ORIENTED_EDGE ( 'NONE', *, *, #2479, .F. ) ;
#5803 = DIRECTION ( 'NONE',  ( -0.000000000000000000, -0.000000000000000000, 1.000000000000000000 ) ) ;
#5804 = CIRCLE ( 'NONE', #6604, 7.100000000000273204 ) ;
#5805 = ORIENTED_EDGE ( 'NONE', *, *, #6635, .F. ) ;
#5806 = CARTESIAN_POINT ( 'NONE',  ( 273.1575042331397185, -3.556097760361474069, 1.299999999999999822 ) ) ;
#5807 = AXIS2_PLACEMENT_3D ( 'NONE', #4018, #6248, #749 ) ;
#5808 = LINE ( 'NONE', #878, #6684 ) ;
#5809 = DIRECTION ( 'NONE',  ( -5.553580772755924007E-28, 1.000000000000000000, -5.420049715972919119E-30 ) ) ;
#5810 = CARTESIAN_POINT ( 'NONE',  ( 1.131715575950216654E-13, -8.928122032881234207E-29, 17.55000000000058691 ) ) ;
#5811 = EDGE_CURVE ( 'NONE', #2693, #1842, #4741, .T. ) ;
#5812 = ORIENTED_EDGE ( 'NONE', *, *, #6073, .F. ) ;
#5813 = AXIS2_PLACEMENT_3D ( 'NONE', #5875, #6878, #945 ) ;
#5814 = CIRCLE ( 'NONE', #1439, 0.7499999999999729106 ) ;
#5815 = CARTESIAN_POINT ( 'NONE',  ( 67.50000000000000000, 3.000000000000002665, 22.50000000000122213 ) ) ;
#5816 = ORIENTED_EDGE ( 'NONE', *, *, #2742, .T. ) ;
#5817 = ORIENTED_EDGE ( 'NONE', *, *, #1242, .T. ) ;
#5818 = CARTESIAN_POINT ( 'NONE',  ( 274.3099522552975031, 6.538329591213495107, 1.299999999999999822 ) ) ;
#5819 = DIRECTION ( 'NONE',  ( -5.553580772755923110E-28, 1.000000000000000000, -5.420049715972916316E-30 ) ) ;
#5820 = COLOUR_RGB ( '',1.000000000000000000, 1.000000000000000000, 1.000000000000000000 ) ;
#5821 = DIRECTION ( 'NONE',  ( 1.000000000000000000, 0.000000000000000000, 0.000000000000000000 ) ) ;
#5822 = EDGE_CURVE ( 'NONE', #1396, #1433, #4630, .T. ) ;
#5823 = CARTESIAN_POINT ( 'NONE',  ( 10.34999999999744524, 0.09999999999998898659, -23.00000000000076739 ) ) ;
#5824 = LINE ( 'NONE', #1956, #3223 ) ;
#5825 = ORIENTED_EDGE ( 'NONE', *, *, #6994, .T. ) ;
#5826 = CIRCLE ( 'NONE', #1450, 0.9999999999999981126 ) ;
#5827 = FACE_BOUND ( 'NONE', #6825, .T. ) ;
#5828 = EDGE_CURVE ( 'NONE', #6250, #6432, #6930, .T. ) ;
#5829 = AXIS2_PLACEMENT_3D ( 'NONE', #1839, #3504, #774 ) ;
#5830 = DIRECTION ( 'NONE',  ( -5.553580772755923110E-28, 1.000000000000000000, -5.420049715972916316E-30 ) ) ;
#5831 = VERTEX_POINT ( 'NONE', #6280 ) ;
#5832 = ORIENTED_EDGE ( 'NONE', *, *, #3800, .F. ) ;
#5833 = ORIENTED_EDGE ( 'NONE', *, *, #6254, .F. ) ;
#5834 = DIRECTION ( 'NONE',  ( -1.000000000000000000, 2.710505431291618698E-16, 0.000000000000000000 ) ) ;
#5835 = CARTESIAN_POINT ( 'NONE',  ( 52.49999999999999289, 2.899999999999986144, 7.500000000000610179 ) ) ;
#5836 = ORIENTED_EDGE ( 'NONE', *, *, #251, .F. ) ;
#5837 = VERTEX_POINT ( 'NONE', #1348 ) ;
#5838 = DIRECTION ( 'NONE',  ( 1.000000000000000000, 0.000000000000000000, 0.000000000000000000 ) ) ;
#5839 = LINE ( 'NONE', #1445, #3205 ) ;
#5840 = DIRECTION ( 'NONE',  ( 1.000000000000000000, 0.000000000000000000, 0.000000000000000000 ) ) ;
#5841 = FACE_OUTER_BOUND ( 'NONE', #1830, .T. ) ;
#5842 = CARTESIAN_POINT ( 'NONE',  ( 277.8335590931911838, 6.250217585674071152, 0.1000000000000000056 ) ) ;
#5843 = ORIENTED_EDGE ( 'NONE', *, *, #5297, .T. ) ;
#5844 = CARTESIAN_POINT ( 'NONE',  ( 279.6515664704031110, 10.00825552805866714, 0.000000000000000000 ) ) ;
#5845 = EDGE_LOOP ( 'NONE', ( #5595, #5725, #5194, #556 ) ) ;
#5846 = EDGE_CURVE ( 'NONE', #2982, #91, #925, .T. ) ;
#5847 = ORIENTED_EDGE ( 'NONE', *, *, #5729, .F. ) ;
#5848 = DIRECTION ( 'NONE',  ( -2.776790386377922991E-28, 0.7071067811865683339, 0.7071067811865267005 ) ) ;
#5849 = CARTESIAN_POINT ( 'NONE',  ( 67.50000000000000000, 3.000000000000002665, -22.50000000000061107 ) ) ;
#5850 = DIRECTION ( 'NONE',  ( 0.000000000000000000, 0.000000000000000000, -1.000000000000000000 ) ) ;
#5851 = DIRECTION ( 'NONE',  ( 0.000000000000000000, 0.000000000000000000, 1.000000000000000000 ) ) ;
#5852 = CARTESIAN_POINT ( 'NONE',  ( 278.3135873735464543, 12.89206442302036315, 1.300000000000000266 ) ) ;
#5853 = ORIENTED_EDGE ( 'NONE', *, *, #2450, .T. ) ;
#5854 = ADVANCED_FACE ( 'NONE', ( #5750 ), #4611, .T. ) ;
#5855 = FACE_OUTER_BOUND ( 'NONE', #2292, .T. ) ;
#5856 = DIRECTION ( 'NONE',  ( 1.000000000000000000, 0.000000000000000000, 0.000000000000000000 ) ) ;
#5857 = AXIS2_PLACEMENT_3D ( 'NONE', #6067, #3365, #5565 ) ;
#5858 = ORIENTED_EDGE ( 'NONE', *, *, #4051, .F. ) ;
#5859 = SHAPE_REPRESENTATION_RELATIONSHIP ( 'NONE' , 'NONE' ,  #96, #1497 ) ;
#5860 = ORIENTED_EDGE ( 'NONE', *, *, #2593, .T. ) ;
#5861 = EDGE_LOOP ( 'NONE', ( #5742, #4323, #5110, #4850, #3653, #1668, #987, #5040 ) ) ;
#5862 = ADVANCED_FACE ( 'NONE', ( #5855 ), #2773, .T. ) ;
#5863 = ADVANCED_FACE ( 'NONE', ( #4164 ), #4837, .F. ) ;
#5864 = DIRECTION ( 'NONE',  ( 1.000000000000000000, -5.869125134844098244E-28, 1.288801503904777590E-28 ) ) ;
#5865 = FACE_BOUND ( 'NONE', #4912, .T. ) ;
#5866 = CLOSED_SHELL ( 'NONE', ( #5592, #6162, #4852, #5568, #3152, #4915, #4448, #4983, #6864, #5775, #5680 ) ) ;
#5867 = AXIS2_PLACEMENT_3D ( 'NONE', #4015, #4485, #3437 ) ;
#5868 = CARTESIAN_POINT ( 'NONE',  ( 275.9692230765730301, -1.320602928007157395, 2.899999999999999911 ) ) ;
#5869 = ORIENTED_EDGE ( 'NONE', *, *, #981, .F. ) ;
#5870 = AXIS2_PLACEMENT_3D ( 'NONE', #5380, #3104, #3681 ) ;
#5871 = CIRCLE ( 'NONE', #2767, 1.000000000000000888 ) ;
#5872 = LINE ( 'NONE', #5375, #1542 ) ;
#5873 = LINE ( 'NONE', #5806, #803 ) ;
#5874 = CARTESIAN_POINT ( 'NONE',  ( 276.6811110710334560, -3.844209765900900688, 1.299999999999999822 ) ) ;
#5875 = CARTESIAN_POINT ( 'NONE',  ( -31.50000000000244427, 3.000000000000002665, 0.000000000000000000 ) ) ;
#5876 = DIRECTION ( 'NONE',  ( -0.000000000000000000, -0.000000000000000000, 1.000000000000000000 ) ) ;
#5877 = AXIS2_PLACEMENT_3D ( 'NONE', #2769, #52, #2224 ) ;
#5878 = EDGE_LOOP ( 'NONE', ( #116, #2290, #4140, #342 ) ) ;
#5879 = AXIS2_PLACEMENT_3D ( 'NONE', #627, #2823, #2308 ) ;
#5880 = CARTESIAN_POINT ( 'NONE',  ( 275.0218402497579859, 4.014722753319752258, 1.299999999999999822 ) ) ;
#5881 = ORIENTED_EDGE ( 'NONE', *, *, #1546, .T. ) ;
#5882 = EDGE_LOOP ( 'NONE', ( #5898, #230, #2840, #3789 ) ) ;
#5883 = DIRECTION ( 'NONE',  ( 2.643388153869327324E-15, 0.000000000000000000, 1.000000000000000000 ) ) ;
#5884 = CARTESIAN_POINT ( 'NONE',  ( 47.49999999999998579, 3.000000000000002665, 0.000000000000000000 ) ) ;
#5885 = AXIS2_PLACEMENT_3D ( 'NONE', #4254, #1446, #5840 ) ;
#5886 = DIRECTION ( 'NONE',  ( -2.776790386378118500E-28, 0.7071067811865523467, 0.7071067811865426878 ) ) ;
#5887 = DIRECTION ( 'NONE',  ( -1.000000000000000000, 5.869125134844098244E-28, 1.625770334716055757E-16 ) ) ;
#5888 = DIRECTION ( 'NONE',  ( -1.000000000000000000, 0.000000000000000000, 0.000000000000000000 ) ) ;
#5889 = ADVANCED_FACE ( 'NONE', ( #820 ), #6970, .T. ) ;
#5890 = ORIENTED_EDGE ( 'NONE', *, *, #5687, .F. ) ;
#5891 = CARTESIAN_POINT ( 'NONE',  ( 0.000000000000000000, 3.000000000000002665, 25.00000000000122924 ) ) ;
#5892 = CARTESIAN_POINT ( 'NONE',  ( 67.50000000000000000, 2.500000000000002220, -22.50000000000061107 ) ) ;
#5893 = EDGE_CURVE ( 'NONE', #677, #5551, #6669, .T. ) ;
#5894 = CIRCLE ( 'NONE', #4287, 3.300000000000125944 ) ;
#5895 = VERTEX_POINT ( 'NONE', #3936 ) ;
#5896 = SURFACE_SIDE_STYLE ('',( #4244 ) ) ;
#5897 = EDGE_LOOP ( 'NONE', ( #6229, #3468, #3267, #5441 ) ) ;
#5898 = ORIENTED_EDGE ( 'NONE', *, *, #5559, .F. ) ;
#5899 = CARTESIAN_POINT ( 'NONE',  ( 52.49999999999999289, 2.899999999988522870, 7.500000000027324809 ) ) ;
#5900 = CIRCLE ( 'NONE', #2904, 1.000000000000000888 ) ;
#5901 = EDGE_CURVE ( 'NONE', #4373, #401, #1620, .T. ) ;
#5902 = CARTESIAN_POINT ( 'NONE',  ( 276.9692230765730301, -1.320602928007157617, 2.899999999999999911 ) ) ;
#5903 = EDGE_LOOP ( 'NONE', ( #4503, #1855, #2282, #1102 ) ) ;
#5904 = AXIS2_PLACEMENT_3D ( 'NONE', #6299, #2417, #5739 ) ;
#5905 = DIRECTION ( 'NONE',  ( 5.553580772755923110E-28, -1.000000000000000000, 5.420049715972916316E-30 ) ) ;
#5906 = CARTESIAN_POINT ( 'NONE',  ( 278.2954470876517235, 3.726610747780326527, 0.1000000000000000056 ) ) ;
#5907 = FACE_OUTER_BOUND ( 'NONE', #5903, .T. ) ;
#5908 = DIRECTION ( 'NONE',  ( 1.000000000000000000, 0.000000000000000000, 0.000000000000000000 ) ) ;
#5909 = CIRCLE ( 'NONE', #6594, 3.200000000000128519 ) ;
#5910 = CIRCLE ( 'NONE', #5339, 3.149999999999986144 ) ;
#5911 = DIRECTION ( 'NONE',  ( -5.553580772755923110E-28, 1.000000000000000000, -5.420049715972916316E-30 ) ) ;
#5912 = EDGE_CURVE ( 'NONE', #2564, #3889, #7015, .T. ) ;
#5913 = EDGE_CURVE ( 'NONE', #7066, #2199, #3290, .T. ) ;
#5914 = ORIENTED_EDGE ( 'NONE', *, *, #2953, .F. ) ;
#5915 = DIRECTION ( 'NONE',  ( -0.000000000000000000, -0.000000000000000000, 1.000000000000000000 ) ) ;
#5916 = CIRCLE ( 'NONE', #865, 1.600000000053176885 ) ;
#5917 = ORIENTED_EDGE ( 'NONE', *, *, #1427, .F. ) ;
#5918 = ORIENTED_EDGE ( 'NONE', *, *, #1178, .T. ) ;
#5919 = CARTESIAN_POINT ( 'NONE',  ( 67.50000000000000000, 7.799316747991724696E-11, 10.59999999992262332 ) ) ;
#5920 = CARTESIAN_POINT ( 'NONE',  ( 17.67766952966382021, 3.000000000000002665, -11.37766952966407352 ) ) ;
#5921 = CARTESIAN_POINT ( 'NONE',  ( 47.49999999999998579, 3.000000000000002665, -2.500000000000304201 ) ) ;
#5922 = AXIS2_PLACEMENT_3D ( 'NONE', #6740, #1165, #3464 ) ;
#5923 = AXIS2_PLACEMENT_3D ( 'NONE', #2546, #895, #398 ) ;
#5924 = DIRECTION ( 'NONE',  ( 5.553580772755923110E-28, -1.000000000000000000, 5.420049715972916316E-30 ) ) ;
#5925 = DIRECTION ( 'NONE',  ( -5.553580772755923110E-28, 1.000000000000000000, -5.420049715972916316E-30 ) ) ;
#5926 = EDGE_LOOP ( 'NONE', ( #4924, #1500, #6791, #4920 ) ) ;
#5927 = CIRCLE ( 'NONE', #4437, 37.50000000000145661 ) ;
#5928 = DIRECTION ( 'NONE',  ( 0.000000000000000000, 0.000000000000000000, 1.000000000000000000 ) ) ;
#5929 = DIRECTION ( 'NONE',  ( -5.553580772755923110E-28, 1.000000000000000000, -5.420049715972916316E-30 ) ) ;
#5930 = FACE_BOUND ( 'NONE', #45, .T. ) ;
#5931 = AXIS2_PLACEMENT_3D ( 'NONE', #6391, #391, #1488 ) ;
#5932 = VERTEX_POINT ( 'NONE', #4977 ) ;
#5933 =( NAMED_UNIT ( * ) PLANE_ANGLE_UNIT ( ) SI_UNIT ( $, .RADIAN. ) );
#5934 = VERTEX_POINT ( 'NONE', #2166 ) ;
#5935 = VERTEX_POINT ( 'NONE', #31 ) ;
#5936 = CARTESIAN_POINT ( 'NONE',  ( 67.50000000000000000, 2.500000000000002220, 22.50000000000122213 ) ) ;
#5937 = ADVANCED_FACE ( 'NONE', ( #3870 ), #6638, .T. ) ;
#5938 = AXIS2_PLACEMENT_3D ( 'NONE', #1710, #2831, #3943 ) ;
#5939 = CARTESIAN_POINT ( 'NONE',  ( 10.34999999999744524, 0.2999999999999947153, -24.00000000000076383 ) ) ;
#5940 = EDGE_LOOP ( 'NONE', ( #4692, #6632, #5890, #2987 ) ) ;
#5941 = DIRECTION ( 'NONE',  ( 1.000000000000000000, 0.000000000000000000, 0.000000000000000000 ) ) ;
#5942 = ORIENTED_EDGE ( 'NONE', *, *, #790, .F. ) ;
#5943 = DIRECTION ( 'NONE',  ( -5.553580772755923110E-28, 1.000000000000000000, -5.420049715972916316E-30 ) ) ;
#5944 = EDGE_CURVE ( 'NONE', #3475, #2982, #4404, .T. ) ;
#5945 = CARTESIAN_POINT ( 'NONE',  ( -31.50000000000000000, 1.627919686907142402E-29, -3.200000000000128519 ) ) ;
#5946 = CARTESIAN_POINT ( 'NONE',  ( 24.81934729198168199, 0.000000000000000000, 40.50000000000122924 ) ) ;
#5947 = CYLINDRICAL_SURFACE ( 'NONE', #4429, 1.000000000000000888 ) ;
#5948 = VERTEX_POINT ( 'NONE', #659 ) ;
#5949 = DIRECTION ( 'NONE',  ( 5.553580772755923110E-28, -1.000000000000000000, 5.420049715972916316E-30 ) ) ;
#5950 = ORIENTED_EDGE ( 'NONE', *, *, #3318, .F. ) ;
#5951 = EDGE_CURVE ( 'NONE', #6107, #2392, #3348, .T. ) ;
#5952 = EDGE_LOOP ( 'NONE', ( #2976, #1127, #588, #6751 ) ) ;
#5953 = DIRECTION ( 'NONE',  ( 2.776790386377922543E-28, -0.7071067811865683339, -0.7071067811865265895 ) ) ;
#5954 = EDGE_CURVE ( 'NONE', #4808, #4058, #1732, .T. ) ;
#5955 = PLANE ( 'NONE',  #4649 ) ;
#5956 = CYLINDRICAL_SURFACE ( 'NONE', #4293, 1.000000000000000888 ) ;
#5957 = FACE_OUTER_BOUND ( 'NONE', #5537, .T. ) ;
#5958 = FACE_OUTER_BOUND ( 'NONE', #3176, .T. ) ;
#5959 = ORIENTED_EDGE ( 'NONE', *, *, #3198, .T. ) ;
#5960 = DIRECTION ( 'NONE',  ( 0.000000000000000000, 0.000000000000000000, -1.000000000000000000 ) ) ;
#5961 = LINE ( 'NONE', #5431, #6849 ) ;
#5962 = FACE_OUTER_BOUND ( 'NONE', #3207, .T. ) ;
#5963 = EDGE_LOOP ( 'NONE', ( #3195, #3568, #2085, #5492 ) ) ;
#5964 = ORIENTED_EDGE ( 'NONE', *, *, #2694, .T. ) ;
#5965 = EDGE_LOOP ( 'NONE', ( #67, #130, #2360, #1522 ) ) ;
#5966 = CARTESIAN_POINT ( 'NONE',  ( 275.9655879583236242, -7.674337759814201299, 0.1000000000000002554 ) ) ;
#5967 = CIRCLE ( 'NONE', #4360, 1.599999999939483164 ) ;
#5968 = VERTEX_POINT ( 'NONE', #2785 ) ;
#5969 = DIRECTION ( 'NONE',  ( -0.000000000000000000, -0.000000000000000000, 1.000000000000000000 ) ) ;
#5970 = ORIENTED_EDGE ( 'NONE', *, *, #3539, .T. ) ;
#5971 = EDGE_CURVE ( 'NONE', #5591, #6250, #2273, .T. ) ;
#5972 = AXIS2_PLACEMENT_3D ( 'NONE', #2738, #5376, #3134 ) ;
#5973 = CYLINDRICAL_SURFACE ( 'NONE', #5683, 6.849999999999995204 ) ;
#5974 = CARTESIAN_POINT ( 'NONE',  ( 0.000000000000000000, 3.000000000000002665, 25.00000000000122924 ) ) ;
#5975 = CARTESIAN_POINT ( 'NONE',  ( 47.49999999999998579, 2.900000000000041211, 2.500000000000002220 ) ) ;
#5976 = CARTESIAN_POINT ( 'NONE',  ( 3.735172737411765424E-16, 1.653115163371760013E-29, 28.05000000000122995 ) ) ;
#5977 = VECTOR ( 'NONE', #4690, 1000.000000000000000 ) ;
#5978 = ORIENTED_EDGE ( 'NONE', *, *, #2998, .F. ) ;
#5979 = EDGE_CURVE ( 'NONE', #3868, #1799, #370, .T. ) ;
#5980 = CARTESIAN_POINT ( 'NONE',  ( 7.750000000000062172, 3.000000000000002665, -20.35000000000081144 ) ) ;
#5981 = CIRCLE ( 'NONE', #2537, 17.25000000000070699 ) ;
#5982 = EDGE_CURVE ( 'NONE', #1740, #6385, #596, .T. ) ;
#5983 = EDGE_LOOP ( 'NONE', ( #717, #2238 ) ) ;
#5984 = ORIENTED_EDGE ( 'NONE', *, *, #2901, .T. ) ;
#5985 = LINE ( 'NONE', #524, #954 ) ;
#5986 = DIRECTION ( 'NONE',  ( -1.355252715640296690E-16, -1.000000000000000000, 4.343325478644314011E-30 ) ) ;
#5987 = VECTOR ( 'NONE', #1917, 1000.000000000000000 ) ;
#5988 = CARTESIAN_POINT ( 'NONE',  ( 277.3135873735464543, 12.89206442302036315, 1.500000000000000000 ) ) ;
#5989 = LINE ( 'NONE', #4803, #6584 ) ;
#5990 = AXIS2_PLACEMENT_3D ( 'NONE', #643, #2838, #1787 ) ;
#5991 = DIRECTION ( 'NONE',  ( -1.625770334716055757E-16, 5.089165558381860945E-30, -1.000000000000000000 ) ) ;
#5992 = CARTESIAN_POINT ( 'NONE',  ( 276.9692230765730301, -1.320602928007157617, 1.299999999999999822 ) ) ;
#5993 = EDGE_CURVE ( 'NONE', #744, #4612, #819, .T. ) ;
#5994 = ORIENTED_EDGE ( 'NONE', *, *, #5503, .F. ) ;
#5995 = AXIS2_PLACEMENT_3D ( 'NONE', #5874, #4862, #3135 ) ;
#5996 = DIRECTION ( 'NONE',  ( 5.553580772755923110E-28, -1.000000000000000000, 5.420049715972916316E-30 ) ) ;
#5997 = DIRECTION ( 'NONE',  ( -1.000000000000000000, 5.869125134844098244E-28, 1.249000902701963003E-16 ) ) ;
#5998 = DIRECTION ( 'NONE',  ( 1.000000000000000000, 0.000000000000000000, 0.000000000000000000 ) ) ;
#5999 = VECTOR ( 'NONE', #1544, 1000.000000000000000 ) ;
#6000 = ADVANCED_FACE ( 'NONE', ( #1736 ), #3695, .T. ) ;
#6001 = ADVANCED_FACE ( 'NONE', ( #525 ), #1164, .F. ) ;
#6002 = ORIENTED_EDGE ( 'NONE', *, *, #3761, .F. ) ;
#6003 = EDGE_LOOP ( 'NONE', ( #5833, #5212, #4935, #3296 ) ) ;
#6004 = EDGE_LOOP ( 'NONE', ( #765, #1841 ) ) ;
#6005 = DIRECTION ( 'NONE',  ( -1.355252715640296690E-16, -1.000000000000000000, 4.343325478644314011E-30 ) ) ;
#6006 = VECTOR ( 'NONE', #5493, 1000.000000000000000 ) ;
#6007 = ORIENTED_EDGE ( 'NONE', *, *, #3051, .T. ) ;
#6008 = DIRECTION ( 'NONE',  ( 0.000000000000000000, 5.087249021584615241E-30, -1.000000000000000000 ) ) ;
#6009 = VERTEX_POINT ( 'NONE', #5015 ) ;
#6010 = VECTOR ( 'NONE', #3183, 1000.000000000000000 ) ;
#6011 = CARTESIAN_POINT ( 'NONE',  ( 277.8335590931911838, 6.250217585674071152, 1.299999999999999822 ) ) ;
#6012 = CARTESIAN_POINT ( 'NONE',  ( 67.50000000000000000, 3.000000000000002665, 10.60000000000060894 ) ) ;
#6013 = AXIS2_PLACEMENT_3D ( 'NONE', #3314, #6693, #6158 ) ;
#6014 = DIRECTION ( 'NONE',  ( 1.000000000000000000, 0.000000000000000000, 0.000000000000000000 ) ) ;
#6015 = CARTESIAN_POINT ( 'NONE',  ( 274.4456162386791220, -1.032490922467731886, 1.299999999999999822 ) ) ;
#6016 = AXIS2_PLACEMENT_3D ( 'NONE', #6952, #3307, #5509 ) ;
#6017 = EDGE_LOOP ( 'NONE', ( #2770, #6163 ) ) ;
#6018 = CARTESIAN_POINT ( 'NONE',  ( -9.580000000002309335, -2.442490654175344389E-12, -26.35000000000120579 ) ) ;
#6019 = ORIENTED_EDGE ( 'NONE', *, *, #539, .F. ) ;
#6020 = VECTOR ( 'NONE', #2646, 1000.000000000000000 ) ;
#6021 = ORIENTED_EDGE ( 'NONE', *, *, #5032, .F. ) ;
#6022 = DIRECTION ( 'NONE',  ( 0.000000000000000000, -5.087249021584615942E-30, 1.000000000000000000 ) ) ;
#6023 = AXIS2_PLACEMENT_3D ( 'NONE', #375, #5905, #3647 ) ;
#6024 = DIRECTION ( 'NONE',  ( 0.000000000000000000, 0.000000000000000000, 1.000000000000000000 ) ) ;
#6025 = CARTESIAN_POINT ( 'NONE',  ( 280.1483394699885139, 9.951540566338305638, 2.899999999999999911 ) ) ;
#6026 = EDGE_CURVE ( 'NONE', #5084, #6225, #1631, .T. ) ;
#6027 =( REPRESENTATION_RELATIONSHIP ('NONE','NONE', #1545, #48 ) REPRESENTATION_RELATIONSHIP_WITH_TRANSFORMATION ( #329 )SHAPE_REPRESENTATION_RELATIONSHIP( ) );
#6028 = DIRECTION ( 'NONE',  ( -0.000000000000000000, -0.000000000000000000, -1.000000000000000000 ) ) ;
#6029 = CARTESIAN_POINT ( 'NONE',  ( 0.000000000000000000, 0.5000000000000004441, 0.000000000000000000 ) ) ;
#6030 = CARTESIAN_POINT ( 'NONE',  ( 280.1483394699885139, 9.951540566338310967, 0.000000000000000000 ) ) ;
#6031 = AXIS2_PLACEMENT_3D ( 'NONE', #2570, #917, #3622 ) ;
#6032 = CONICAL_SURFACE ( 'NONE', #7059, 10.50000000000041211, 0.7853981633974415066 ) ;
#6033 = VERTEX_POINT ( 'NONE', #2716 ) ;
#6034 = CARTESIAN_POINT ( 'NONE',  ( 52.49999999999999289, 7.271960811294775340E-12, -7.400000000007879386 ) ) ;
#6035 = EDGE_CURVE ( 'NONE', #4210, #6737, #6328, .T. ) ;
#6036 = CIRCLE ( 'NONE', #2352, 37.50000000000145661 ) ;
#6037 = VECTOR ( 'NONE', #2395, 1000.000000000000114 ) ;
#6038 = CARTESIAN_POINT ( 'NONE',  ( -17.67766952966359639, 3.000000000000002665, 17.67766952966365324 ) ) ;
#6039 = DIRECTION ( 'NONE',  ( -0.000000000000000000, -0.000000000000000000, -1.000000000000000000 ) ) ;
#6040 = ORIENTED_EDGE ( 'NONE', *, *, #5340, .F. ) ;
#6041 = SHAPE_REPRESENTATION_RELATIONSHIP ( 'NONE' , 'NONE' ,  #1000, #5021 ) ;
#6042 = ORIENTED_EDGE ( 'NONE', *, *, #894, .T. ) ;
#6043 = AXIS2_PLACEMENT_3D ( 'NONE', #3, #4344, #41 ) ;
#6044 = ORIENTED_EDGE ( 'NONE', *, *, #5203, .F. ) ;
#6045 = SPHERICAL_SURFACE ( 'NONE', #3500, 0.5000000000000000000 ) ;
#6046 = EDGE_CURVE ( 'NONE', #831, #4849, #3230, .T. ) ;
#6047 = EDGE_CURVE ( 'NONE', #3247, #3845, #1626, .T. ) ;
#6048 = CIRCLE ( 'NONE', #1566, 10.00000000000039790 ) ;
#6049 = CARTESIAN_POINT ( 'NONE',  ( 275.5980642608369067, 9.061936429107239732, 2.899999999999999911 ) ) ;
#6050 = ORIENTED_EDGE ( 'NONE', *, *, #3171, .F. ) ;
#6051 = CARTESIAN_POINT ( 'NONE',  ( 278.1825988967608509, -7.266611599290983214, 0.1000000000000002554 ) ) ;
#6052 = ORIENTED_EDGE ( 'NONE', *, *, #6422, .T. ) ;
#6053 = AXIS2_PLACEMENT_3D ( 'NONE', #6038, #4311, #6573 ) ;
#6054 = FACE_OUTER_BOUND ( 'NONE', #1576, .T. ) ;
#6055 = DIRECTION ( 'NONE',  ( 0.000000000000000000, 0.000000000000000000, -1.000000000000000000 ) ) ;
#6056 = DIRECTION ( 'NONE',  ( 7.036639274571328447E-28, -0.7071067811865270336, 0.7071067811865680008 ) ) ;
#6057 = CARTESIAN_POINT ( 'NONE',  ( 52.49999999999999289, 3.000000000000002665, 7.500000000000610179 ) ) ;
#6058 = ORIENTED_EDGE ( 'NONE', *, *, #5351, .F. ) ;
#6059 = CARTESIAN_POINT ( 'NONE',  ( 276.6811110710334560, -3.844209765900900688, 0.000000000000000000 ) ) ;
#6060 = EDGE_LOOP ( 'NONE', ( #6007, #2454 ) ) ;
#6061 = ORIENTED_EDGE ( 'NONE', *, *, #1205, .F. ) ;
#6062 = LINE ( 'NONE', #590, #2211 ) ;
#6063 = DIRECTION ( 'NONE',  ( -5.553580772755923110E-28, 1.000000000000000000, 1.673398497896612600E-16 ) ) ;
#6064 = DIRECTION ( 'NONE',  ( 1.000000000000000000, -5.869125134844098244E-28, 1.288801503904777590E-28 ) ) ;
#6065 = CARTESIAN_POINT ( 'NONE',  ( 10.34999999999744524, 0.09999999999998898659, -24.00000000000080647 ) ) ;
#6066 = DIRECTION ( 'NONE',  ( -5.553580772755923110E-28, 1.000000000000000000, -5.420049715972916316E-30 ) ) ;
#6067 = CARTESIAN_POINT ( 'NONE',  ( -8.250000000002311040, -7.000000000000006217, -26.30000000000136851 ) ) ;
#6068 = CARTESIAN_POINT ( 'NONE',  ( 276.5073350821123768, 1.203003909886584122, 0.1000000000000000056 ) ) ;
#6069 = CARTESIAN_POINT ( 'NONE',  ( 278.0073350821123199, 1.203003909886584122, 0.000000000000000000 ) ) ;
#6070 = LINE ( 'NONE', #5396, #3965 ) ;
#6071 = ORIENTED_EDGE ( 'NONE', *, *, #4677, .F. ) ;
#6072 = CARTESIAN_POINT ( 'NONE',  ( 67.50000000000000000, 0.000000000000000000, 2.600000000000004974 ) ) ;
#6073 = EDGE_CURVE ( 'NONE', #2199, #4609, #6571, .T. ) ;
#6074 = ORIENTED_EDGE ( 'NONE', *, *, #1156, .T. ) ;
#6075 = CARTESIAN_POINT ( 'NONE',  ( 67.50000000000000000, 3.000000000085045748, 9.000000000000603961 ) ) ;
#6076 = PRODUCT_DEFINITION_CONTEXT ( 'detailed design', #6177, 'design' ) ;
#6077 = FACE_OUTER_BOUND ( 'NONE', #4767, .T. ) ;
#6078 = ORIENTED_EDGE ( 'NONE', *, *, #2603, .F. ) ;
#6079 = DIRECTION ( 'NONE',  ( 5.553580772755923110E-28, -1.000000000000000000, 5.420049715972916316E-30 ) ) ;
#6080 = VERTEX_POINT ( 'NONE', #6841 ) ;
#6081 = EDGE_CURVE ( 'NONE', #91, #3301, #1867, .T. ) ;
#6082 = EDGE_CURVE ( 'NONE', #6250, #1433, #2547, .T. ) ;
#6083 = DIRECTION ( 'NONE',  ( 1.000000000000000000, -2.081668171172166620E-14, 0.000000000000000000 ) ) ;
#6084 = CYLINDRICAL_SURFACE ( 'NONE', #2794, 0.7499999999999729106 ) ;
#6085 = CARTESIAN_POINT ( 'NONE',  ( 52.49999999999999289, 2.899999999999986144, 10.50000000000000178 ) ) ;
#6086 = CARTESIAN_POINT ( 'NONE',  ( 24.81934729198168199, 3.000000000000002665, 40.50000000000122924 ) ) ;
#6087 = ORIENTED_EDGE ( 'NONE', *, *, #5671, .F. ) ;
#6088 = EDGE_CURVE ( 'NONE', #3475, #4014, #1277, .T. ) ;
#6089 = VECTOR ( 'NONE', #6927, 1000.000000000000114 ) ;
#6090 = EDGE_CURVE ( 'NONE', #44, #5831, #3234, .T. ) ;
#6091 = FACE_BOUND ( 'NONE', #6920, .T. ) ;
#6092 = ORIENTED_EDGE ( 'NONE', *, *, #832, .T. ) ;
#6093 = EDGE_LOOP ( 'NONE', ( #2713, #4656, #4082, #5618 ) ) ;
#6094 = CARTESIAN_POINT ( 'NONE',  ( 67.50000000000000000, 0.000000000000000000, -22.50000000000061107 ) ) ;
#6095 = DIRECTION ( 'NONE',  ( 0.000000000000000000, 0.000000000000000000, 1.000000000000000000 ) ) ;
#6096 = CARTESIAN_POINT ( 'NONE',  ( 0.000000000000000000, 0.000000000000000000, -2.100000000000000089 ) ) ;
#6097 = DIRECTION ( 'NONE',  ( 0.000000000000000000, -5.087249021584616643E-30, 1.000000000000000000 ) ) ;
#6098 = CARTESIAN_POINT ( 'NONE',  ( 47.50000000006110668, 499000.0000000000000, -498999.6000000113272 ) ) ;
#6099 = DIRECTION ( 'NONE',  ( 0.000000000000000000, 0.000000000000000000, 1.000000000000000000 ) ) ;
#6100 = CARTESIAN_POINT ( 'NONE',  ( 274.7337282442185824, 1.491115915426010963, 1.299999999999999822 ) ) ;
#6101 = AXIS2_PLACEMENT_3D ( 'NONE', #2632, #6303, #6988 ) ;
#6102 = VECTOR ( 'NONE', #5372, 1000.000000000000000 ) ;
#6103 = DIRECTION ( 'NONE',  ( -5.553580772755923110E-28, 1.000000000000000000, -5.420049715972916316E-30 ) ) ;
#6104 = CARTESIAN_POINT ( 'NONE',  ( 275.0529289993729662, -6.909307340452717661, 1.500000000000000000 ) ) ;
#6105 = EDGE_CURVE ( 'NONE', #3574, #4345, #6877, .T. ) ;
#6106 = CARTESIAN_POINT ( 'NONE',  ( -2.331468351712828735E-12, 3.000000000000002665, -1.110223024625156540E-13 ) ) ;
#6107 = VERTEX_POINT ( 'NONE', #4653 ) ;
#6108 = DIRECTION ( 'NONE',  ( -8.326672684688674053E-17, -0.9999999999999997780, 1.554312234475219157E-14 ) ) ;
#6109 = AXIS2_PLACEMENT_3D ( 'NONE', #714, #193, #2367 ) ;
#6110 = VERTEX_POINT ( 'NONE', #5735 ) ;
#6111 = AXIS2_PLACEMENT_3D ( 'NONE', #6356, #6399, #3120 ) ;
#6112 = DIRECTION ( 'NONE',  ( -4.165185579566885832E-28, 0.7071067811865440200, 0.7071067811865511255 ) ) ;
#6113 = ADVANCED_FACE ( 'NONE', ( #236 ), #1365, .T. ) ;
#6114 = FACE_OUTER_BOUND ( 'NONE', #1443, .T. ) ;
#6115 = VERTEX_POINT ( 'NONE', #769 ) ;
#6116 = DIRECTION ( 'NONE',  ( -5.553580772755923110E-28, 1.000000000000000000, -5.420049715972916316E-30 ) ) ;
#6117 = ORIENTED_EDGE ( 'NONE', *, *, #6857, .F. ) ;
#6118 = DIRECTION ( 'NONE',  ( -2.997525552164821590E-28, 0.7071067811865401342, 0.7071067811865549002 ) ) ;
#6119 = DIRECTION ( 'NONE',  ( -1.314439483324459577E-28, 5.087249021584615241E-30, -1.000000000000000000 ) ) ;
#6120 = LINE ( 'NONE', #1696, #1266 ) ;
#6121 = EDGE_CURVE ( 'NONE', #1124, #5384, #5655, .T. ) ;
#6122 = EDGE_LOOP ( 'NONE', ( #3193, #911, #1570, #3525 ) ) ;
#6123 = CIRCLE ( 'NONE', #1639, 1.000000000000000888 ) ;
#6124 = DIRECTION ( 'NONE',  ( 1.000000000000000000, 0.000000000000000000, 0.000000000000000000 ) ) ;
#6125 = AXIS2_PLACEMENT_3D ( 'NONE', #1225, #722, #2298 ) ;
#6126 = ORIENTED_EDGE ( 'NONE', *, *, #1417, .F. ) ;
#6127 = ORIENTED_EDGE ( 'NONE', *, *, #6173, .T. ) ;
#6128 = CARTESIAN_POINT ( 'NONE',  ( 278.2573350821123768, 1.203003909886584122, 1.299999999999999822 ) ) ;
#6129 = DIRECTION ( 'NONE',  ( -6.507792720848836708E-15, 0.7071067811865402453, -0.7071067811865547892 ) ) ;
#6130 = DIRECTION ( 'NONE',  ( 0.000000000000000000, 0.000000000000000000, 1.000000000000000000 ) ) ;
#6131 = EDGE_CURVE ( 'NONE', #2966, #2531, #271, .T. ) ;
#6132 = CIRCLE ( 'NONE', #2216, 0.5000000000000004441 ) ;
#6133 = DIRECTION ( 'NONE',  ( 1.000000000000000000, 0.000000000000000000, 0.000000000000000000 ) ) ;
#6134 = ORIENTED_EDGE ( 'NONE', *, *, #6569, .T. ) ;
#6135 = VECTOR ( 'NONE', #5234, 1000.000000000000000 ) ;
#6136 = VECTOR ( 'NONE', #2438, 1000.000000000000000 ) ;
#6137 = DIRECTION ( 'NONE',  ( -0.000000000000000000, -0.000000000000000000, 1.000000000000000000 ) ) ;
#6138 = CARTESIAN_POINT ( 'NONE',  ( 0.000000000000000000, 0.000000000000000000, 0.4000000000000000222 ) ) ;
#6139 = AXIS2_PLACEMENT_3D ( 'NONE', #1572, #3767, #7076 ) ;
#6140 = VECTOR ( 'NONE', #3639, 1000.000000000000000 ) ;
#6141 = FACE_OUTER_BOUND ( 'NONE', #2134, .T. ) ;
#6142 = ORIENTED_EDGE ( 'NONE', *, *, #4363, .T. ) ;
#6143 = CARTESIAN_POINT ( 'NONE',  ( -2.710287528293442438, 129.1331757274304834, -221.4375887643319345 ) ) ;
#6144 = DIRECTION ( 'NONE',  ( -5.553580772755923110E-28, 1.000000000000000000, -5.420049715972916316E-30 ) ) ;
#6145 = EDGE_CURVE ( 'NONE', #1966, #4674, #1296, .T. ) ;
#6146 = AXIS2_PLACEMENT_3D ( 'NONE', #1485, #5242, #1524 ) ;
#6147 = AXIS2_PLACEMENT_3D ( 'NONE', #2913, #3417, #757 ) ;
#6148 = CARTESIAN_POINT ( 'NONE',  ( 276.6811110710334560, -3.844209765900900688, 1.299999999999999822 ) ) ;
#6149 = DIRECTION ( 'NONE',  ( 1.355252715568668120E-16, 1.000000000000000000, -4.343325478640635603E-30 ) ) ;
#6150 = AXIS2_PLACEMENT_3D ( 'NONE', #6057, #3242, #2740 ) ;
#6151 = VECTOR ( 'NONE', #5911, 1000.000000000000000 ) ;
#6152 = ORIENTED_EDGE ( 'NONE', *, *, #5329, .F. ) ;
#6153 = DIRECTION ( 'NONE',  ( 0.000000000000000000, 0.000000000000000000, 1.000000000000000000 ) ) ;
#6154 = VERTEX_POINT ( 'NONE', #5124 ) ;
#6155 = ORIENTED_EDGE ( 'NONE', *, *, #5518, .T. ) ;
#6156 = EDGE_CURVE ( 'NONE', #1683, #3178, #3698, .T. ) ;
#6157 = CARTESIAN_POINT ( 'NONE',  ( -10.35000000000230180, 1.500000000000001332, -24.00000000000107647 ) ) ;
#6158 = DIRECTION ( 'NONE',  ( 1.000000000000000000, 0.000000000000000000, 0.000000000000000000 ) ) ;
#6159 = AXIS2_PLACEMENT_3D ( 'NONE', #3406, #5057, #5095 ) ;
#6160 = CARTESIAN_POINT ( 'NONE',  ( 273.8889996752126876, 10.66614908401479411, 2.899999999999999911 ) ) ;
#6161 = ORIENTED_EDGE ( 'NONE', *, *, #1846, .T. ) ;
#6162 = ADVANCED_FACE ( 'NONE', ( #5156 ), #2888, .T. ) ;
#6163 = ORIENTED_EDGE ( 'NONE', *, *, #5465, .F. ) ;
#6164 = DIRECTION ( 'NONE',  ( 1.000000000000000000, 0.000000000000000000, 0.000000000000000000 ) ) ;
#6165 = EDGE_LOOP ( 'NONE', ( #4556, #1033, #2631, #4296 ) ) ;
#6166 = CARTESIAN_POINT ( 'NONE',  ( 67.50000000000000000, 2.500000000000030198, 22.50000000000122213 ) ) ;
#6167 = DIRECTION ( 'NONE',  ( 1.000000000000000000, 0.000000000000000000, 0.000000000000000000 ) ) ;
#6168 = DIRECTION ( 'NONE',  ( 0.7071067811865474617, -0.7071067811865476838, 1.006783730288302416E-28 ) ) ;
#6169 = CARTESIAN_POINT ( 'NONE',  ( 277.0835590931911838, 6.250217585674071152, 1.299999999999999822 ) ) ;
#6170 = SURFACE_STYLE_FILL_AREA ( #6642 ) ;
#6171 = ORIENTED_EDGE ( 'NONE', *, *, #2961, .F. ) ;
#6172 = EDGE_CURVE ( 'NONE', #3635, #4609, #5086, .T. ) ;
#6173 = EDGE_CURVE ( 'NONE', #825, #3033, #6297, .T. ) ;
#6174 = DIRECTION ( 'NONE',  ( -0.000000000000000000, -0.000000000000000000, 1.000000000000000000 ) ) ;
#6175 = DIRECTION ( 'NONE',  ( 0.000000000000000000, 0.000000000000000000, 1.000000000000000000 ) ) ;
#6176 = CARTESIAN_POINT ( 'NONE',  ( 19.59422154630130564, 0.5000000000000004441, -31.97368421052754073 ) ) ;
#6177 = APPLICATION_CONTEXT ( 'automotive_design' ) ;
#6178 = EDGE_LOOP ( 'NONE', ( #6478, #3880 ) ) ;
#6179 = DIRECTION ( 'NONE',  ( -0.1435590017004001462, 1.543210004228967276E-14, 0.9896417599468934068 ) ) ;
#6180 = CARTESIAN_POINT ( 'NONE',  ( -10.35000000000230180, 0.09999999999998898659, -23.00000000000107647 ) ) ;
#6181 = CARTESIAN_POINT ( 'NONE',  ( 279.8275069520239526, 10.49141693683116827, 1.500000000000000000 ) ) ;
#6182 = ORIENTED_EDGE ( 'NONE', *, *, #5604, .F. ) ;
#6183 = DIRECTION ( 'NONE',  ( -1.000000000000000000, 5.782411586647927849E-17, -5.782411586602144334E-17 ) ) ;
#6184 = ORIENTED_EDGE ( 'NONE', *, *, #320, .T. ) ;
#6185 = ORIENTED_EDGE ( 'NONE', *, *, #1672, .F. ) ;
#6186 = LINE ( 'NONE', #3993, #3727 ) ;
#6187 = CARTESIAN_POINT ( 'NONE',  ( 67.50000000000000000, 2.500000000000002220, -29.60000000000088249 ) ) ;
#6188 = CARTESIAN_POINT ( 'NONE',  ( 277.7192230765729732, -1.320602928007157617, 1.299999999999999822 ) ) ;
#6189 = EDGE_CURVE ( 'NONE', #2375, #905, #3582, .T. ) ;
#6190 = ORIENTED_EDGE ( 'NONE', *, *, #4037, .T. ) ;
#6191 = ORIENTED_EDGE ( 'NONE', *, *, #924, .T. ) ;
#6192 = CARTESIAN_POINT ( 'NONE',  ( -8.250000000002282619, 19.51279806695395536, -25.65000000000150138 ) ) ;
#6193 = ORIENTED_EDGE ( 'NONE', *, *, #2742, .F. ) ;
#6194 = DIRECTION ( 'NONE',  ( 5.553580772755923110E-28, -1.000000000000000000, 5.420049715972916316E-30 ) ) ;
#6195 = DIRECTION ( 'NONE',  ( 1.000000000000000000, -5.869125134844098244E-28, -1.734723475975450007E-16 ) ) ;
#6196 = CARTESIAN_POINT ( 'NONE',  ( 75.00000000000001421, 3.000000000002417622, 22.50000000000115818 ) ) ;
#6197 = CARTESIAN_POINT ( 'NONE',  ( 275.5980642608369067, 9.061936429107239732, 1.299999999999999822 ) ) ;
#6198 = EDGE_CURVE ( 'NONE', #3522, #1966, #2989, .T. ) ;
#6199 = CIRCLE ( 'NONE', #3438, 3.300000000000125944 ) ;
#6200 = CARTESIAN_POINT ( 'NONE',  ( 52.49999999999999289, 3.000000000000002665, -7.500000000000610179 ) ) ;
#6201 = EDGE_LOOP ( 'NONE', ( #6042, #7, #5917, #706 ) ) ;
#6202 = EDGE_LOOP ( 'NONE', ( #5175, #3037 ) ) ;
#6203 = FACE_BOUND ( 'NONE', #1591, .T. ) ;
#6204 = PLANE ( 'NONE',  #5600 ) ;
#6205 = ADVANCED_FACE ( 'NONE', ( #4110 ), #2196, .T. ) ;
#6206 = DIRECTION ( 'NONE',  ( 0.000000000000000000, 0.000000000000000000, 1.000000000000000000 ) ) ;
#6207 = EDGE_LOOP ( 'NONE', ( #2700, #1441 ) ) ;
#6208 = CARTESIAN_POINT ( 'NONE',  ( -0.1702875282934002144, 129.1331757274304550, -223.9775887643318981 ) ) ;
#6209 = CIRCLE ( 'NONE', #6686, 37.50000000000145661 ) ;
#6210 = CARTESIAN_POINT ( 'NONE',  ( 75.00000000000001421, 3.000000000002417622, 22.50000000000121503 ) ) ;
#6211 = FACE_OUTER_BOUND ( 'NONE', #1502, .T. ) ;
#6212 = EDGE_CURVE ( 'NONE', #23, #950, #6222, .T. ) ;
#6213 = EDGE_CURVE ( 'NONE', #4167, #147, #3123, .T. ) ;
#6214 = PLANE ( 'NONE',  #4540 ) ;
#6215 = VECTOR ( 'NONE', #1614, 1000.000000000000000 ) ;
#6216 = AXIS2_PLACEMENT_3D ( 'NONE', #5457, #5524, #4938 ) ;
#6217 = ORIENTED_EDGE ( 'NONE', *, *, #3486, .F. ) ;
#6218 = ORIENTED_EDGE ( 'NONE', *, *, #6969, .F. ) ;
#6219 = PRODUCT_DEFINITION_SHAPE ( 'NONE', 'NONE',  #7106 ) ;
#6220 = EDGE_LOOP ( 'NONE', ( #5663, #122, #2921, #335 ) ) ;
#6221 = FACE_OUTER_BOUND ( 'NONE', #6617, .T. ) ;
#6222 = CIRCLE ( 'NONE', #486, 0.7499999999999729106 ) ;
#6223 = DIRECTION ( 'NONE',  ( 0.000000000000000000, 0.000000000000000000, 1.000000000000000000 ) ) ;
#6224 = DIRECTION ( 'NONE',  ( 0.000000000000000000, 0.000000000000000000, 1.000000000000000000 ) ) ;
#6225 = VERTEX_POINT ( 'NONE', #2559 ) ;
#6226 = ORIENTED_EDGE ( 'NONE', *, *, #5556, .F. ) ;
#6227 = CARTESIAN_POINT ( 'NONE',  ( 17.67766952966382021, -1.678792177122987896E-29, -14.37766952966419254 ) ) ;
#6228 = EDGE_CURVE ( 'NONE', #4522, #3126, #7028, .T. ) ;
#6229 = ORIENTED_EDGE ( 'NONE', *, *, #5786, .F. ) ;
#6230 = CARTESIAN_POINT ( 'NONE',  ( 52.49999999999999289, 2.899999999999986144, 7.500000000000610179 ) ) ;
#6231 = DIRECTION ( 'NONE',  ( -0.000000000000000000, -0.000000000000000000, 1.000000000000000000 ) ) ;
#6232 = DIRECTION ( 'NONE',  ( -0.7071067811865523467, -0.7071067811865426878, -9.318419442923074153E-29 ) ) ;
#6233 = DIRECTION ( 'NONE',  ( 0.000000000000000000, 0.000000000000000000, 1.000000000000000000 ) ) ;
#6234 = CIRCLE ( 'NONE', #5440, 1.600000000000066702 ) ;
#6235 = DIRECTION ( 'NONE',  ( -0.1134299234407191437, -0.9935459991707643601, 0.000000000000000000 ) ) ;
#6236 = ORIENTED_EDGE ( 'NONE', *, *, #6082, .F. ) ;
#6237 = ORIENTED_EDGE ( 'NONE', *, *, #7033, .F. ) ;
#6238 = ADVANCED_FACE ( 'NONE', ( #1983 ), #4222, .T. ) ;
#6239 = CARTESIAN_POINT ( 'NONE',  ( -17.67766952966359639, 3.000000000000002665, -17.67766952966443128 ) ) ;
#6240 = FACE_OUTER_BOUND ( 'NONE', #156, .T. ) ;
#6241 = CARTESIAN_POINT ( 'NONE',  ( 52.49999999999999289, 2.899999999999986144, -10.50000000000030376 ) ) ;
#6242 = AXIS2_PLACEMENT_3D ( 'NONE', #560, #1673, #1807 ) ;
#6243 = VERTEX_POINT ( 'NONE', #1940 ) ;
#6244 = EDGE_CURVE ( 'NONE', #4433, #3301, #1511, .T. ) ;
#6245 = DIRECTION ( 'NONE',  ( 5.553580772755923110E-28, -1.000000000000000000, 5.420049715972916316E-30 ) ) ;
#6246 = VECTOR ( 'NONE', #1343, 1000.000000000000000 ) ;
#6247 = VECTOR ( 'NONE', #3065, 1000.000000000000000 ) ;
#6248 = DIRECTION ( 'NONE',  ( -0.000000000000000000, -0.000000000000000000, 1.000000000000000000 ) ) ;
#6249 = VERTEX_POINT ( 'NONE', #4183 ) ;
#6250 = VERTEX_POINT ( 'NONE', #3068 ) ;
#6251 = AXIS2_PLACEMENT_3D ( 'NONE', #1130, #2099, #1381 ) ;
#6252 = VECTOR ( 'NONE', #5138, 999.9999999999998863 ) ;
#6253 = ORIENTED_EDGE ( 'NONE', *, *, #6334, .T. ) ;
#6254 = EDGE_CURVE ( 'NONE', #785, #2185, #6459, .T. ) ;
#6255 = EDGE_CURVE ( 'NONE', #1607, #6944, #377, .T. ) ;
#6256 = DIRECTION ( 'NONE',  ( 0.000000000000000000, 0.000000000000000000, 1.000000000000000000 ) ) ;
#6257 = DIRECTION ( 'NONE',  ( -1.000000000000000000, 5.869125134844098244E-28, 1.314439483324459577E-28 ) ) ;
#6258 = DIRECTION ( 'NONE',  ( 1.000000000000000000, 0.000000000000000000, 0.000000000000000000 ) ) ;
#6259 = CONICAL_SURFACE ( 'NONE', #5473, 1.199999999999978861, 0.7853981633973935450 ) ;
#6260 = ORIENTED_EDGE ( 'NONE', *, *, #5982, .T. ) ;
#6261 = CONICAL_SURFACE ( 'NONE', #3166, 37.50000000000145661, 0.7853981633974391752 ) ;
#6262 = ORIENTED_EDGE ( 'NONE', *, *, #1026, .F. ) ;
#6263 = CARTESIAN_POINT ( 'NONE',  ( 277.4311110710333992, -3.844209765900900688, 0.1000000000000000056 ) ) ;
#6264 = ORIENTED_EDGE ( 'NONE', *, *, #2784, .T. ) ;
#6265 = LINE ( 'NONE', #3535, #5749 ) ;
#6266 = CARTESIAN_POINT ( 'NONE',  ( 0.000000000000000000, 0.000000000000000000, -3.600000000000000533 ) ) ;
#6267 = CYLINDRICAL_SURFACE ( 'NONE', #3737, 0.7499999999999729106 ) ;
#6268 = CARTESIAN_POINT ( 'NONE',  ( 276.5073350821123768, 1.203003909886584122, 0.000000000000000000 ) ) ;
#6269 = AXIS2_PLACEMENT_3D ( 'NONE', #2068, #4370, #6566 ) ;
#6270 = VERTEX_POINT ( 'NONE', #6950 ) ;
#6271 = LINE ( 'NONE', #5029, #4597 ) ;
#6272 = ORIENTED_EDGE ( 'NONE', *, *, #5204, .F. ) ;
#6273 = DIRECTION ( 'NONE',  ( -1.000000000000000000, 5.869125134844098244E-28, -1.288801503904777590E-28 ) ) ;
#6274 = DIRECTION ( 'NONE',  ( 0.000000000000000000, 0.000000000000000000, 1.000000000000000000 ) ) ;
#6275 = CARTESIAN_POINT ( 'NONE',  ( 67.50000000000005684, 0.000000000000000000, 22.50000000000122213 ) ) ;
#6276 = LINE ( 'NONE', #2969, #5249 ) ;
#6277 = EDGE_CURVE ( 'NONE', #2673, #3734, #5429, .T. ) ;
#6278 = ORIENTED_EDGE ( 'NONE', *, *, #5776, .F. ) ;
#6279 = CONTEXT_DEPENDENT_SHAPE_REPRESENTATION ( #5660, #5167 ) ;
#6280 = CARTESIAN_POINT ( 'NONE',  ( 67.50000000000000000, 2.999999999992952748, 2.599999999992910205 ) ) ;
#6281 = DIRECTION ( 'NONE',  ( 1.371932009079964294E-28, 0.000000000000000000, 1.000000000000000000 ) ) ;
#6282 = ADVANCED_FACE ( 'NONE', ( #3677 ), #4291, .T. ) ;
#6283 = ORIENTED_EDGE ( 'NONE', *, *, #3050, .T. ) ;
#6284 =( NAMED_UNIT ( * ) PLANE_ANGLE_UNIT ( ) SI_UNIT ( $, .RADIAN. ) );
#6285 = EDGE_LOOP ( 'NONE', ( #5825, #103 ) ) ;
#6286 = ORIENTED_EDGE ( 'NONE', *, *, #762, .T. ) ;
#6287 = LINE ( 'NONE', #934, #3036 ) ;
#6288 = PLANE ( 'NONE',  #3617 ) ;
#6289 = LINE ( 'NONE', #2299, #2300 ) ;
#6290 = EDGE_CURVE ( 'NONE', #4106, #4808, #908, .T. ) ;
#6291 = EDGE_CURVE ( 'NONE', #4340, #5045, #3712, .T. ) ;
#6292 = VERTEX_POINT ( 'NONE', #3649 ) ;
#6293 = EDGE_LOOP ( 'NONE', ( #2406, #2033, #6500, #3846 ) ) ;
#6294 = DIRECTION ( 'NONE',  ( -1.375336375708028539E-17, -1.000000000000000000, -1.673398497896634293E-16 ) ) ;
#6295 = ORIENTED_EDGE ( 'NONE', *, *, #63, .T. ) ;
#6296 = DIRECTION ( 'NONE',  ( -0.000000000000000000, -0.000000000000000000, 1.000000000000000000 ) ) ;
#6297 = LINE ( 'NONE', #170, #2431 ) ;
#6298 = DIRECTION ( 'NONE',  ( 1.000000000000000000, 0.000000000000000000, 0.000000000000000000 ) ) ;
#6299 = CARTESIAN_POINT ( 'NONE',  ( 1.110223024625156540E-13, 0.2999999999999669598, -1.110223024625156540E-13 ) ) ;
#6300 = ADVANCED_FACE ( 'NONE', ( #4825 ), #2524, .F. ) ;
#6301 = ADVANCED_FACE ( 'NONE', ( #5907 ), #1013, .F. ) ;
#6302 = ORIENTED_EDGE ( 'NONE', *, *, #188, .F. ) ;
#6303 = DIRECTION ( 'NONE',  ( -5.553580772755923110E-28, 1.000000000000000000, -5.420049715972916316E-30 ) ) ;
#6304 = ORIENTED_EDGE ( 'NONE', *, *, #5139, .T. ) ;
#6305 = VERTEX_POINT ( 'NONE', #447 ) ;
#6306 = CARTESIAN_POINT ( 'NONE',  ( 67.50000000000000000, 0.000000000000000000, -22.50000000000061107 ) ) ;
#6307 = CYLINDRICAL_SURFACE ( 'NONE', #7062, 2.500000000000097700 ) ;
#6308 = AXIS2_PLACEMENT_3D ( 'NONE', #4697, #3725, #4738 ) ;
#6309 = CARTESIAN_POINT ( 'NONE',  ( 276.3480642608368498, 9.061936429107239732, 1.299999999999999822 ) ) ;
#6310 = DIRECTION ( 'NONE',  ( -0.000000000000000000, -0.000000000000000000, -1.000000000000000000 ) ) ;
#6311 = CARTESIAN_POINT ( 'NONE',  ( -17.67766952966359639, -2.465190328815470194E-29, -20.97766952966442844 ) ) ;
#6312 = ORIENTED_EDGE ( 'NONE', *, *, #750, .T. ) ;
#6313 = AXIS2_PLACEMENT_3D ( 'NONE', #1658, #4325, #6518 ) ;
#6314 = CARTESIAN_POINT ( 'NONE',  ( 0.000000000000000000, 0.5000000000000004441, 0.000000000000000000 ) ) ;
#6315 = EDGE_CURVE ( 'NONE', #2430, #4315, #1170, .T. ) ;
#6316 =( GEOMETRIC_REPRESENTATION_CONTEXT ( 3 ) GLOBAL_UNCERTAINTY_ASSIGNED_CONTEXT ( ( #4053 ) ) GLOBAL_UNIT_ASSIGNED_CONTEXT ( ( #4096, #5287, #2549 ) ) REPRESENTATION_CONTEXT ( 'NONE', 'WORKASPACE' ) );
#6317 = DIRECTION ( 'NONE',  ( -1.000000000000000000, 5.869125134844098244E-28, -1.288801503904777590E-28 ) ) ;
#6318 = EDGE_LOOP ( 'NONE', ( #509, #468 ) ) ;
#6319 = ORIENTED_EDGE ( 'NONE', *, *, #2808, .T. ) ;
#6320 = DIRECTION ( 'NONE',  ( 5.553580772755923110E-28, -1.000000000000000000, 5.420049715972916316E-30 ) ) ;
#6321 = ORIENTED_EDGE ( 'NONE', *, *, #9, .T. ) ;
#6322 = AXIS2_PLACEMENT_3D ( 'NONE', #5844, #7022, #3575 ) ;
#6323 = LINE ( 'NONE', #3596, #4652 ) ;
#6324 = EDGE_CURVE ( 'NONE', #6292, #715, #1555, .T. ) ;
#6325 = CARTESIAN_POINT ( 'NONE',  ( 69.50000000000460432, -22.49999999997287148, 0.5000000000000000000 ) ) ;
#6326 = CARTESIAN_POINT ( 'NONE',  ( 0.000000000000000000, 2.500000000000030198, 0.000000000000000000 ) ) ;
#6327 = CIRCLE ( 'NONE', #1387, 1.600000000000066702 ) ;
#6328 = CIRCLE ( 'NONE', #144, 2.000000000000001776 ) ;
#6329 = FACE_OUTER_BOUND ( 'NONE', #4719, .T. ) ;
#6330 = EDGE_LOOP ( 'NONE', ( #4277, #3162, #846, #5640 ) ) ;
#6331 = AXIS2_PLACEMENT_3D ( 'NONE', #5946, #6448, #5335 ) ;
#6332 = VERTEX_POINT ( 'NONE', #4721 ) ;
#6333 = FACE_OUTER_BOUND ( 'NONE', #4598, .T. ) ;
#6334 = EDGE_CURVE ( 'NONE', #5948, #1581, #5808, .T. ) ;
#6335 = ORIENTED_EDGE ( 'NONE', *, *, #3352, .F. ) ;
#6336 = CYLINDRICAL_SURFACE ( 'NONE', #5170, 8.000000000000309086 ) ;
#6337 = DIRECTION ( 'NONE',  ( 5.553580772755923110E-28, -1.000000000000000000, 5.420049715972916316E-30 ) ) ;
#6338 = DIRECTION ( 'NONE',  ( 5.553580772755923110E-28, -1.000000000000000000, 5.420049715972916316E-30 ) ) ;
#6339 = CARTESIAN_POINT ( 'NONE',  ( 2.775557561562891351E-14, 3.000000000000002665, -26.15000000000149427 ) ) ;
#6340 = AXIS2_PLACEMENT_3D ( 'NONE', #1471, #1930, #6977 ) ;
#6341 = VERTEX_POINT ( 'NONE', #2708 ) ;
#6342 = LINE ( 'NONE', #1416, #4716 ) ;
#6343 = ORIENTED_EDGE ( 'NONE', *, *, #1118, .F. ) ;
#6344 = ADVANCED_FACE ( 'NONE', ( #5486, #5007 ), #1186, .T. ) ;
#6345 = ORIENTED_EDGE ( 'NONE', *, *, #1405, .T. ) ;
#6346 = DIRECTION ( 'NONE',  ( 1.000000000000000000, 0.000000000000000000, 0.000000000000000000 ) ) ;
#6347 = EDGE_CURVE ( 'NONE', #4894, #5118, #827, .T. ) ;
#6348 = DIRECTION ( 'NONE',  ( 5.553580772755923110E-28, -1.000000000000000000, 5.420049715972916316E-30 ) ) ;
#6349 = AXIS2_PLACEMENT_3D ( 'NONE', #1769, #2307, #6637 ) ;
#6350 = DIRECTION ( 'NONE',  ( 0.000000000000000000, 0.000000000000000000, -1.000000000000000000 ) ) ;
#6351 = FACE_OUTER_BOUND ( 'NONE', #2875, .T. ) ;
#6352 = PRODUCT_DEFINITION_SHAPE ( 'NONE', 'NONE',  #1220 ) ;
#6353 = DIRECTION ( 'NONE',  ( 1.314439483324459577E-28, 0.000000000000000000, 1.000000000000000000 ) ) ;
#6354 = ORIENTED_EDGE ( 'NONE', *, *, #2065, .F. ) ;
#6355 = VECTOR ( 'NONE', #5563, 1000.000000000000000 ) ;
#6356 = CARTESIAN_POINT ( 'NONE',  ( 52.49999999999999289, 3.000000000042746251, 9.000000000000001776 ) ) ;
#6357 = CIRCLE ( 'NONE', #6242, 1.000000000000000888 ) ;
#6358 = CARTESIAN_POINT ( 'NONE',  ( 67.50000000000000000, 2.500000000000002220, 22.50000000000122213 ) ) ;
#6359 = ORIENTED_EDGE ( 'NONE', *, *, #6832, .T. ) ;
#6360 =( NAMED_UNIT ( * ) PLANE_ANGLE_UNIT ( ) SI_UNIT ( $, .RADIAN. ) );
#6361 = VERTEX_POINT ( 'NONE', #3820 ) ;
#6362 = ADVANCED_FACE ( 'NONE', ( #2193 ), #4438, .F. ) ;
#6363 = VERTEX_POINT ( 'NONE', #4395 ) ;
#6364 = VECTOR ( 'NONE', #228, 1000.000000000000000 ) ;
#6365 = CIRCLE ( 'NONE', #178, 1.000000000000000888 ) ;
#6366 = CARTESIAN_POINT ( 'NONE',  ( 277.2262463324971122, 12.12703400365908202, 0.1000000000000002554 ) ) ;
#6367 = DIRECTION ( 'NONE',  ( 1.000000000000000000, 0.000000000000000000, 0.000000000000000000 ) ) ;
#6368 = CIRCLE ( 'NONE', #3268, 0.7499999999999829026 ) ;
#6369 = CIRCLE ( 'NONE', #6147, 0.7499999999999729106 ) ;
#6370 = DIRECTION ( 'NONE',  ( 0.000000000000000000, 0.000000000000000000, -1.000000000000000000 ) ) ;
#6371 = ORIENTED_EDGE ( 'NONE', *, *, #4013, .T. ) ;
#6372 = EDGE_CURVE ( 'NONE', #4381, #1323, #2311, .T. ) ;
#6373 = ORIENTED_EDGE ( 'NONE', *, *, #2278, .F. ) ;
#6374 = LINE ( 'NONE', #976, #3645 ) ;
#6375 = DIRECTION ( 'NONE',  ( -5.553580772755923110E-28, 1.000000000000000000, -5.420049715972916316E-30 ) ) ;
#6376 = VECTOR ( 'NONE', #222, 1000.000000000000000 ) ;
#6377 = DIRECTION ( 'NONE',  ( -1.734723475975450007E-16, 5.087720932111102784E-30, -1.000000000000000000 ) ) ;
#6378 = CARTESIAN_POINT ( 'NONE',  ( 0.000000000000000000, 2.500000000000030198, 0.000000000000000000 ) ) ;
#6379 = DIRECTION ( 'NONE',  ( 0.000000000000000000, 0.000000000000000000, 1.000000000000000000 ) ) ;
#6380 = ORIENTED_EDGE ( 'NONE', *, *, #2295, .T. ) ;
#6381 = ADVANCED_FACE ( 'NONE', ( #581 ), #2845, .F. ) ;
#6382 = CIRCLE ( 'NONE', #5359, 1.000000000000000888 ) ;
#6383 = CIRCLE ( 'NONE', #4085, 1.000000000000000888 ) ;
#6384 = CYLINDRICAL_SURFACE ( 'NONE', #4833, 0.7499999999999729106 ) ;
#6385 = VERTEX_POINT ( 'NONE', #1622 ) ;
#6386 = ORIENTED_EDGE ( 'NONE', *, *, #1546, .F. ) ;
#6387 = CARTESIAN_POINT ( 'NONE',  ( 67.50000000000005684, 8.139598434535723220E-30, 20.90000000000115321 ) ) ;
#6388 = DIRECTION ( 'NONE',  ( -5.553580772755923110E-28, 1.000000000000000000, -5.420049715972916316E-30 ) ) ;
#6389 = AXIS2_PLACEMENT_3D ( 'NONE', #5051, #2350, #3326 ) ;
#6390 = CYLINDRICAL_SURFACE ( 'NONE', #2797, 0.5000000000000004441 ) ;
#6391 = CARTESIAN_POINT ( 'NONE',  ( 0.000000000000000000, 0.000000000000000000, 0.000000000000000000 ) ) ;
#6392 = DIRECTION ( 'NONE',  ( 0.000000000000000000, 0.000000000000000000, 1.000000000000000000 ) ) ;
#6393 = ADVANCED_FACE ( 'NONE', ( #2739 ), #4899, .F. ) ;
#6394 = EDGE_CURVE ( 'NONE', #4389, #1182, #5590, .T. ) ;
#6395 = VERTEX_POINT ( 'NONE', #3927 ) ;
#6396 = ITEM_DEFINED_TRANSFORMATION ( 'NONE', 'NONE', #1832,  #2423 ) ;
#6397 = AXIS2_PLACEMENT_3D ( 'NONE', #500, #2, #1494 ) ;
#6398 =( REPRESENTATION_RELATIONSHIP ('NONE','NONE', #1545, #48 ) REPRESENTATION_RELATIONSHIP_WITH_TRANSFORMATION ( #1386 )SHAPE_REPRESENTATION_RELATIONSHIP( ) );
#6399 = DIRECTION ( 'NONE',  ( 1.355252715640296690E-16, 1.000000000000000000, -4.343325478644314011E-30 ) ) ;
#6400 = AXIS2_PLACEMENT_3D ( 'NONE', #1980, #5803, #2053 ) ;
#6401 = CARTESIAN_POINT ( 'NONE',  ( 0.9999999999999981126, 1.224646799147350742E-16, 0.000000000000000000 ) ) ;
#6402 = ORIENTED_EDGE ( 'NONE', *, *, #6915, .T. ) ;
#6403 = ORIENTED_EDGE ( 'NONE', *, *, #3391, .T. ) ;
#6404 = VERTEX_POINT ( 'NONE', #3861 ) ;
#6405 = CARTESIAN_POINT ( 'NONE',  ( 52.49999999999999289, 0.1000000000317413651, 9.000000000000611067 ) ) ;
#6406 = FACE_OUTER_BOUND ( 'NONE', #5603, .T. ) ;
#6407 = DIRECTION ( 'NONE',  ( 0.3694721847323016450, 0.7071067811865414665, 0.6029015713274834543 ) ) ;
#6408 = ORIENTED_EDGE ( 'NONE', *, *, #5944, .F. ) ;
#6409 = PRODUCT ( '零件1^XI1305-_M', '零件1^XI1305-_M', '', ( #1817 ) ) ;
#6410 = DIRECTION ( 'NONE',  ( 1.314439483324459577E-28, -5.087249021584615241E-30, 1.000000000000000000 ) ) ;
#6411 = DIRECTION ( 'NONE',  ( 1.000000000000000000, 0.000000000000000000, 0.000000000000000000 ) ) ;
#6412 = CARTESIAN_POINT ( 'NONE',  ( 277.5454470876517803, 3.726610747780326527, 0.1000000000000000056 ) ) ;
#6413 = DIRECTION ( 'NONE',  ( -1.314439483324459577E-28, 0.000000000000000000, -1.000000000000000000 ) ) ;
#6414 = EDGE_CURVE ( 'NONE', #6727, #65, #3283, .T. ) ;
#6415 = DIRECTION ( 'NONE',  ( -5.553580772755923110E-28, 1.000000000000000000, -5.420049715972916316E-30 ) ) ;
#6416 = ORIENTED_EDGE ( 'NONE', *, *, #3050, .F. ) ;
#6417 = DIRECTION ( 'NONE',  ( 1.314439483324459801E-28, -5.087249021584615241E-30, 1.000000000000000000 ) ) ;
#6418 = ORIENTED_EDGE ( 'NONE', *, *, #1971, .F. ) ;
#6419 = ORIENTED_EDGE ( 'NONE', *, *, #6481, .T. ) ;
#6420 = DIRECTION ( 'NONE',  ( -0.000000000000000000, -0.000000000000000000, 1.000000000000000000 ) ) ;
#6421 = DIRECTION ( 'NONE',  ( 0.000000000000000000, 0.000000000000000000, 1.000000000000000000 ) ) ;
#6422 = EDGE_CURVE ( 'NONE', #4170, #51, #4468, .T. ) ;
#6423 = DIRECTION ( 'NONE',  ( -5.553580772755923110E-28, 1.000000000000000000, -5.420049715972916316E-30 ) ) ;
#6424 = CARTESIAN_POINT ( 'NONE',  ( 274.7337282442185824, 1.491115915426010963, 2.899999999999999911 ) ) ;
#6425 = CARTESIAN_POINT ( 'NONE',  ( -9.580000000002309335, 0.1999999999976187492, -23.00000000000085265 ) ) ;
#6426 = ORIENTED_EDGE ( 'NONE', *, *, #4551, .T. ) ;
#6427 = SHAPE_DEFINITION_REPRESENTATION ( #6352, #3477 ) ;
#6428 = CARTESIAN_POINT ( 'NONE',  ( 75.50000000000001421, 3.000000000000002665, -22.50000000000085976 ) ) ;
#6429 = ADVANCED_FACE ( 'NONE', ( #1122 ), #5516, .F. ) ;
#6430 = CARTESIAN_POINT ( 'NONE',  ( 8.250000000000062172, 2.999999999999975131, -26.30000000000136851 ) ) ;
#6431 = CIRCLE ( 'NONE', #3328, 0.8000000000000402345 ) ;
#6432 = VERTEX_POINT ( 'NONE', #651 ) ;
#6433 = SURFACE_SIDE_STYLE ('',( #1395 ) ) ;
#6434 = ORIENTED_EDGE ( 'NONE', *, *, #4608, .F. ) ;
#6435 = ORIENTED_EDGE ( 'NONE', *, *, #1005, .F. ) ;
#6436 = DIRECTION ( 'NONE',  ( 1.000000000000000000, 0.000000000000000000, 0.000000000000000000 ) ) ;
#6437 = EDGE_CURVE ( 'NONE', #950, #5968, #6120, .T. ) ;
#6438 = EDGE_CURVE ( 'NONE', #6525, #848, #3894, .T. ) ;
#6439 = LINE ( 'NONE', #2083, #2184 ) ;
#6440 = CIRCLE ( 'NONE', #5173, 1.000000000000039080 ) ;
#6441 = AXIS2_PLACEMENT_3D ( 'NONE', #5611, #5099, #4992 ) ;
#6442 = FACE_OUTER_BOUND ( 'NONE', #5845, .T. ) ;
#6443 = ORIENTED_EDGE ( 'NONE', *, *, #1155, .F. ) ;
#6444 = VECTOR ( 'NONE', #1159, 1000.000000000000000 ) ;
#6445 = VECTOR ( 'NONE', #1653, 1000.000000000000000 ) ;
#6446 = PLANE ( 'NONE',  #6631 ) ;
#6447 = CARTESIAN_POINT ( 'NONE',  ( 52.49999999999999289, 3.000000000024788172, 7.400000000005173106 ) ) ;
#6448 = DIRECTION ( 'NONE',  ( 5.553580772755923110E-28, -1.000000000000000000, 5.420049715972916316E-30 ) ) ;
#6449 = DIRECTION ( 'NONE',  ( -2.776790386377923888E-28, 0.7071067811865623387, 0.7071067811865326957 ) ) ;
#6450 = DIRECTION ( 'NONE',  ( 0.000000000000000000, 0.000000000000000000, -1.000000000000000000 ) ) ;
#6451 = PRESENTATION_LAYER_ASSIGNMENT (  '', '', ( #4610 ) ) ;
#6452 = VERTEX_POINT ( 'NONE', #3782 ) ;
#6453 = FACE_OUTER_BOUND ( 'NONE', #4819, .T. ) ;
#6454 = EDGE_CURVE ( 'NONE', #1733, #4667, #1152, .T. ) ;
#6455 = ORIENTED_EDGE ( 'NONE', *, *, #1592, .F. ) ;
#6456 = ORIENTED_EDGE ( 'NONE', *, *, #2450, .F. ) ;
#6457 = DIRECTION ( 'NONE',  ( 0.000000000000000000, 0.000000000000000000, 1.000000000000000000 ) ) ;
#6458 = FACE_OUTER_BOUND ( 'NONE', #898, .T. ) ;
#6459 = CIRCLE ( 'NONE', #261, 1.600000000053176885 ) ;
#6460 = DIRECTION ( 'NONE',  ( 5.553580772755923110E-28, -1.000000000000000000, 5.420049715972916316E-30 ) ) ;
#6461 = CARTESIAN_POINT ( 'NONE',  ( 60.65000000000460290, -22.49999999997287148, 0.5000000000000000000 ) ) ;
#6462 = CARTESIAN_POINT ( 'NONE',  ( 0.5000000000000257572, 0.000000000000000000, -3.100000000000000533 ) ) ;
#6463 = ORIENTED_EDGE ( 'NONE', *, *, #634, .T. ) ;
#6464 = EDGE_CURVE ( 'NONE', #3356, #4056, #516, .T. ) ;
#6465 = CARTESIAN_POINT ( 'NONE',  ( 52.49999999999999289, 3.000000000000002665, -7.500000000000610179 ) ) ;
#6466 = CARTESIAN_POINT ( 'NONE',  ( 1.131348181910426707E-13, -7.000000000000006217, -17.25000000000081712 ) ) ;
#6467 = CARTESIAN_POINT ( 'NONE',  ( 278.1216710987305873, 8.773824423567811337, 1.299999999999999822 ) ) ;
#6468 = ORIENTED_EDGE ( 'NONE', *, *, #2234, .T. ) ;
#6469 = EDGE_LOOP ( 'NONE', ( #7003, #4131 ) ) ;
#6470 = ADVANCED_FACE ( 'NONE', ( #6519 ), #1587, .F. ) ;
#6471 = EDGE_LOOP ( 'NONE', ( #3394, #5136, #7005, #951 ) ) ;
#6472 = FACE_OUTER_BOUND ( 'NONE', #4689, .T. ) ;
#6473 = AXIS2_PLACEMENT_3D ( 'NONE', #3078, #2968, #5244 ) ;
#6474 = DIRECTION ( 'NONE',  ( 0.000000000000000000, 0.000000000000000000, 1.000000000000000000 ) ) ;
#6475 = AXIS2_PLACEMENT_3D ( 'NONE', #57, #3994, #5589 ) ;
#6476 = ORIENTED_EDGE ( 'NONE', *, *, #4766, .T. ) ;
#6477 = FACE_OUTER_BOUND ( 'NONE', #1435, .T. ) ;
#6478 = ORIENTED_EDGE ( 'NONE', *, *, #2603, .T. ) ;
#6479 = EDGE_CURVE ( 'NONE', #4345, #6980, #5659, .T. ) ;
#6480 = AXIS2_PLACEMENT_3D ( 'NONE', #6771, #6916, #733 ) ;
#6481 = EDGE_CURVE ( 'NONE', #874, #2079, #473, .T. ) ;
#6482 = CARTESIAN_POINT ( 'NONE',  ( 24.81934729198168199, 2.500000000000030198, -30.50000000000122213 ) ) ;
#6483 = DIRECTION ( 'NONE',  ( 5.553580772755923110E-28, -1.000000000000000000, 5.420049715972916316E-30 ) ) ;
#6484 = DIRECTION ( 'NONE',  ( 1.000000000000000000, 0.000000000000000000, 0.000000000000000000 ) ) ;
#6485 = FACE_OUTER_BOUND ( 'NONE', #5247, .T. ) ;
#6486 = AXIS2_PLACEMENT_3D ( 'NONE', #5132, #702, #4084 ) ;
#6487 = AXIS2_PLACEMENT_3D ( 'NONE', #1551, #5766, #2595 ) ;
#6488 = ORIENTED_EDGE ( 'NONE', *, *, #4204, .T. ) ;
#6489 = DIRECTION ( 'NONE',  ( 0.000000000000000000, 0.000000000000000000, 1.000000000000000000 ) ) ;
#6490 = VECTOR ( 'NONE', #4368, 1000.000000000000000 ) ;
#6491 = VECTOR ( 'NONE', #6245, 1000.000000000000000 ) ;
#6492 = VERTEX_POINT ( 'NONE', #6160 ) ;
#6493 = ORIENTED_EDGE ( 'NONE', *, *, #3420, .T. ) ;
#6494 = LINE ( 'NONE', #104, #1179 ) ;
#6495 = DIRECTION ( 'NONE',  ( -0.000000000000000000, -0.000000000000000000, 1.000000000000000000 ) ) ;
#6496 = CYLINDRICAL_SURFACE ( 'NONE', #280, 37.50000000000145661 ) ;
#6497 = AXIS2_PLACEMENT_3D ( 'NONE', #5125, #5016, #770 ) ;
#6498 = DIRECTION ( 'NONE',  ( 5.553580772755923110E-28, -1.000000000000000000, 5.420049715972916316E-30 ) ) ;
#6499 = DIRECTION ( 'NONE',  ( -0.000000000000000000, -0.000000000000000000, 1.000000000000000000 ) ) ;
#6500 = ORIENTED_EDGE ( 'NONE', *, *, #2104, .F. ) ;
#6501 = CONTEXT_DEPENDENT_SHAPE_REPRESENTATION ( #15, #6219 ) ;
#6502 = CIRCLE ( 'NONE', #4664, 6.300000000000246736 ) ;
#6503 = DIRECTION ( 'NONE',  ( 1.314439483324459577E-28, -5.087249021584615241E-30, 1.000000000000000000 ) ) ;
#6504 = DIRECTION ( 'NONE',  ( -5.553580772755923110E-28, 1.000000000000000000, -5.420049715972916316E-30 ) ) ;
#6505 = EDGE_CURVE ( 'NONE', #154, #4674, #3816, .T. ) ;
#6506 = CARTESIAN_POINT ( 'NONE',  ( 278.1216710987305873, 8.773824423567811337, 2.899999999999999911 ) ) ;
#6507 = AXIS2_PLACEMENT_3D ( 'NONE', #4943, #5426, #1675 ) ;
#6508 = ORIENTED_EDGE ( 'NONE', *, *, #6131, .T. ) ;
#6509 = ORIENTED_EDGE ( 'NONE', *, *, #5608, .T. ) ;
#6510 = ORIENTED_EDGE ( 'NONE', *, *, #2733, .T. ) ;
#6511 = DIRECTION ( 'NONE',  ( 5.553580772755923110E-28, -1.000000000000000000, 5.420049715972916316E-30 ) ) ;
#6512 = VECTOR ( 'NONE', #6294, 1000.000000000000000 ) ;
#6513 = EDGE_CURVE ( 'NONE', #6395, #3966, #4537, .T. ) ;
#6514 = ORIENTED_EDGE ( 'NONE', *, *, #971, .F. ) ;
#6515 = CARTESIAN_POINT ( 'NONE',  ( -17.67766952966359639, 3.000000000000002665, 11.37766952966340739 ) ) ;
#6516 = ORIENTED_EDGE ( 'NONE', *, *, #5153, .F. ) ;
#6517 = CARTESIAN_POINT ( 'NONE',  ( 52.49999999999999289, 2.899999999999986144, 10.50000000000000178 ) ) ;
#6518 = DIRECTION ( 'NONE',  ( 0.000000000000000000, 5.087249021584615241E-30, -1.000000000000000000 ) ) ;
#6519 = FACE_OUTER_BOUND ( 'NONE', #1577, .T. ) ;
#6520 = LINE ( 'NONE', #4357, #3506 ) ;
#6521 = EDGE_CURVE ( 'NONE', #2909, #7065, #6673, .T. ) ;
#6522 = EDGE_CURVE ( 'NONE', #65, #3475, #6289, .T. ) ;
#6523 = ORIENTED_EDGE ( 'NONE', *, *, #3122, .F. ) ;
#6524 = DIRECTION ( 'NONE',  ( -1.096345236817480134E-15, -1.673398497896555161E-16, 1.000000000000000000 ) ) ;
#6525 = VERTEX_POINT ( 'NONE', #160 ) ;
#6526 = ORIENTED_EDGE ( 'NONE', *, *, #5729, .T. ) ;
#6527 = DIRECTION ( 'NONE',  ( 0.000000000000000000, 0.000000000000000000, 1.000000000000000000 ) ) ;
#6528 = CARTESIAN_POINT ( 'NONE',  ( 276.2573350821123768, 1.203003909886584344, 2.899999999999999911 ) ) ;
#6529 = EDGE_CURVE ( 'NONE', #1375, #6363, #25, .T. ) ;
#6530 = ADVANCED_FACE ( 'NONE', ( #128 ), #5149, .F. ) ;
#6531 = CARTESIAN_POINT ( 'NONE',  ( 52.49999999999999289, 0.1000000000079270812, -7.500000000005842438 ) ) ;
#6532 = SURFACE_STYLE_USAGE ( .BOTH. , #956 ) ;
#6533 = DIRECTION ( 'NONE',  ( 0.000000000000000000, 0.000000000000000000, 1.000000000000000000 ) ) ;
#6534 = ORIENTED_EDGE ( 'NONE', *, *, #6228, .T. ) ;
#6535 = DIRECTION ( 'NONE',  ( 0.000000000000000000, 0.000000000000000000, 1.000000000000000000 ) ) ;
#6536 = FACE_BOUND ( 'NONE', #3422, .T. ) ;
#6537 = DIRECTION ( 'NONE',  ( 0.000000000000000000, 0.000000000000000000, 1.000000000000000000 ) ) ;
#6538 = VERTEX_POINT ( 'NONE', #6833 ) ;
#6539 = ORIENTED_EDGE ( 'NONE', *, *, #3779, .F. ) ;
#6540 = AXIS2_PLACEMENT_3D ( 'NONE', #5485, #2054, #550 ) ;
#6541 = EDGE_LOOP ( 'NONE', ( #1404, #676, #6142, #1910 ) ) ;
#6542 = APPLICATION_CONTEXT ( 'automotive_design' ) ;
#6543 = CARTESIAN_POINT ( 'NONE',  ( 0.000000000000000000, 0.000000000000000000, 0.4000000000000000222 ) ) ;
#6544 = AXIS2_PLACEMENT_3D ( 'NONE', #4944, #36, #4911 ) ;
#6545 = EDGE_LOOP ( 'NONE', ( #3016, #1891, #6744, #726 ) ) ;
#6546 = FACE_OUTER_BOUND ( 'NONE', #2376, .T. ) ;
#6547 = EDGE_LOOP ( 'NONE', ( #1015, #7083 ) ) ;
#6548 = EDGE_CURVE ( 'NONE', #1822, #269, #4504, .T. ) ;
#6549 = AXIS2_PLACEMENT_3D ( 'NONE', #413, #6320, #2596 ) ;
#6550 = VECTOR ( 'NONE', #5343, 1000.000000000000000 ) ;
#6551 = CARTESIAN_POINT ( 'NONE',  ( -17.67766952966359639, 3.000000000000002665, -17.67766952966443128 ) ) ;
#6552 = LINE ( 'NONE', #6012, #3559 ) ;
#6553 = DIRECTION ( 'NONE',  ( -1.375336375708028539E-17, -1.000000000000000000, -1.673398497896634293E-16 ) ) ;
#6554 = CARTESIAN_POINT ( 'NONE',  ( 67.50000000000000000, 2.999999999985902832, -3.469446951953614189E-15 ) ) ;
#6555 = ORIENTED_EDGE ( 'NONE', *, *, #3929, .T. ) ;
#6556 = FACE_BOUND ( 'NONE', #1854, .T. ) ;
#6557 = AXIS2_PLACEMENT_3D ( 'NONE', #1899, #2374, #829 ) ;
#6558 = EDGE_LOOP ( 'NONE', ( #4708, #5012, #2340, #4691 ) ) ;
#6559 = EDGE_LOOP ( 'NONE', ( #2758, #6509, #3266, #3022 ) ) ;
#6560 = CARTESIAN_POINT ( 'NONE',  ( 67.50000000000460432, -22.49999999997287148, 0.5000000000000000000 ) ) ;
#6561 = CARTESIAN_POINT ( 'NONE',  ( 0.000000000000000000, 0.000000000000000000, -3.100000000000000533 ) ) ;
#6562 = DIRECTION ( 'NONE',  ( 0.000000000000000000, 0.000000000000000000, 1.000000000000000000 ) ) ;
#6563 = PLANE ( 'NONE',  #5673 ) ;
#6564 = AXIS2_PLACEMENT_3D ( 'NONE', #4249, #6906, #3643 ) ;
#6565 = AXIS2_PLACEMENT_3D ( 'NONE', #4907, #2241, #6063 ) ;
#6566 = DIRECTION ( 'NONE',  ( 0.000000000000000000, 0.000000000000000000, -1.000000000000000000 ) ) ;
#6567 = DIRECTION ( 'NONE',  ( -0.7071067811865547892, -0.7071067811865402453, -4.910584424731632877E-15 ) ) ;
#6568 = VERTEX_POINT ( 'NONE', #3491 ) ;
#6569 = EDGE_CURVE ( 'NONE', #1966, #3996, #5981, .T. ) ;
#6570 = EDGE_CURVE ( 'NONE', #1124, #1334, #4026, .T. ) ;
#6571 = CIRCLE ( 'NONE', #822, 3.200000000000128519 ) ;
#6572 = CARTESIAN_POINT ( 'NONE',  ( 277.8934026570719880, -5.391707459088132204, 1.500000000000000000 ) ) ;
#6573 = DIRECTION ( 'NONE',  ( 0.000000000000000000, 0.000000000000000000, 1.000000000000000000 ) ) ;
#6574 = CARTESIAN_POINT ( 'NONE',  ( -9.579999999999866844, -27.26774651488447887, -23.00000000000115818 ) ) ;
#6575 = ORIENTED_EDGE ( 'NONE', *, *, #3665, .F. ) ;
#6576 = EDGE_LOOP ( 'NONE', ( #4095, #1893 ) ) ;
#6577 = ORIENTED_EDGE ( 'NONE', *, *, #1464, .T. ) ;
#6578 = CARTESIAN_POINT ( 'NONE',  ( -17.67766952966359639, 3.000000000000002665, -11.37766952966418366 ) ) ;
#6579 = CIRCLE ( 'NONE', #3366, 6.300000000000246736 ) ;
#6580 = LINE ( 'NONE', #4923, #4521 ) ;
#6581 = EDGE_LOOP ( 'NONE', ( #4321, #1691, #1110, #1049 ) ) ;
#6582 = DIRECTION ( 'NONE',  ( 0.000000000000000000, 0.000000000000000000, 1.000000000000000000 ) ) ;
#6583 = ORIENTED_EDGE ( 'NONE', *, *, #5822, .T. ) ;
#6584 = VECTOR ( 'NONE', #6423, 1000.000000000000000 ) ;
#6585 = CARTESIAN_POINT ( 'NONE',  ( 67.50000000000460432, -22.49999999997287148, 0.000000000000000000 ) ) ;
#6586 = CARTESIAN_POINT ( 'NONE',  ( 24.81934729198170686, 3.000000000000002665, -30.50000000000122213 ) ) ;
#6587 = CARTESIAN_POINT ( 'NONE',  ( 7.749999999997648104, 19.51279806695395536, -20.35000000000080789 ) ) ;
#6588 = LINE ( 'NONE', #1660, #303 ) ;
#6589 = EDGE_CURVE ( 'NONE', #2161, #4962, #711, .T. ) ;
#6590 = AXIS2_PLACEMENT_3D ( 'NONE', #6600, #1131, #5527 ) ;
#6591 = VERTEX_POINT ( 'NONE', #6188 ) ;
#6592 = FACE_BOUND ( 'NONE', #523, .T. ) ;
#6593 = VERTEX_POINT ( 'NONE', #6694 ) ;
#6594 = AXIS2_PLACEMENT_3D ( 'NONE', #5500, #5996, #2212 ) ;
#6595 = ORIENTED_EDGE ( 'NONE', *, *, #4104, .F. ) ;
#6596 = CARTESIAN_POINT ( 'NONE',  ( -17.67766952966359639, 3.000000000000002665, 17.67766952966365324 ) ) ;
#6597 = AXIS2_PLACEMENT_3D ( 'NONE', #6585, #2771, #56 ) ;
#6598 = DIRECTION ( 'NONE',  ( 5.553580772755923110E-28, -1.000000000000000000, 5.420049715972916316E-30 ) ) ;
#6599 = DIRECTION ( 'NONE',  ( 5.553580772755923110E-28, -1.000000000000000000, 5.420049715972916316E-30 ) ) ;
#6600 = CARTESIAN_POINT ( 'NONE',  ( 276.6811110710334560, -3.844209765900900688, 0.1000000000000000056 ) ) ;
#6601 = ADVANCED_FACE ( 'NONE', ( #1289 ), #1760, .F. ) ;
#6602 = CYLINDRICAL_SURFACE ( 'NONE', #4781, 10.00000000000039790 ) ;
#6603 = PLANE ( 'NONE',  #5857 ) ;
#6604 = AXIS2_PLACEMENT_3D ( 'NONE', #526, #3902, #6562 ) ;
#6605 = DIRECTION ( 'NONE',  ( -0.000000000000000000, -0.000000000000000000, -1.000000000000000000 ) ) ;
#6606 = AXIS2_PLACEMENT_3D ( 'NONE', #136, #3397, #1297 ) ;
#6607 = AXIS2_PLACEMENT_3D ( 'NONE', #2581, #3552, #5253 ) ;
#6608 = CARTESIAN_POINT ( 'NONE',  ( -2.331468351712826312E-12, 3.000000000000002665, 17.55000000000060467 ) ) ;
#6609 = EDGE_CURVE ( 'NONE', #13, #401, #3961, .T. ) ;
#6610 = ADVANCED_FACE ( 'NONE', ( #5621 ), #229, .F. ) ;
#6611 = FACE_BOUND ( 'NONE', #5271, .T. ) ;
#6612 = ORIENTED_EDGE ( 'NONE', *, *, #5393, .T. ) ;
#6613 = CARTESIAN_POINT ( 'NONE',  ( 272.6211718418899750, 130.4331757274310064, -188.7930707509356125 ) ) ;
#6614 = CARTESIAN_POINT ( 'NONE',  ( 274.1575042331397185, -3.556097760361474069, 1.299999999999999822 ) ) ;
#6615 = AXIS2_PLACEMENT_3D ( 'NONE', #3351, #618, #2813 ) ;
#6616 = AXIS2_PLACEMENT_3D ( 'NONE', #3369, #4011, #2832 ) ;
#6617 = EDGE_LOOP ( 'NONE', ( #5767, #5504 ) ) ;
#6618 = DIRECTION ( 'NONE',  ( 0.000000000000000000, 0.000000000000000000, 1.000000000000000000 ) ) ;
#6619 = AXIS2_PLACEMENT_3D ( 'NONE', #734, #598, #2788 ) ;
#6620 = EDGE_CURVE ( 'NONE', #4612, #1372, #1859, .T. ) ;
#6621 = DIRECTION ( 'NONE',  ( 0.000000000000000000, 0.000000000000000000, 1.000000000000000000 ) ) ;
#6622 = ORIENTED_EDGE ( 'NONE', *, *, #4104, .T. ) ;
#6623 = FACE_OUTER_BOUND ( 'NONE', #4471, .T. ) ;
#6624 = ORIENTED_EDGE ( 'NONE', *, *, #4585, .T. ) ;
#6625 = AXIS2_PLACEMENT_3D ( 'NONE', #6104, #6175, #3472 ) ;
#6626 = CARTESIAN_POINT ( 'NONE',  ( 4.929148062466915235E-27, 0.5000000000000004441, 37.50000000000145661 ) ) ;
#6627 = MANIFOLD_SOLID_BREP ( '凸台-拉伸1', #3801 ) ;
#6628 = FACE_OUTER_BOUND ( 'NONE', #5861, .T. ) ;
#6629 = DIRECTION ( 'NONE',  ( 0.000000000000000000, 0.000000000000000000, -1.000000000000000000 ) ) ;
#6630 = DIRECTION ( 'NONE',  ( -1.375336375708028539E-17, -1.000000000000000000, -1.673398497896634293E-16 ) ) ;
#6631 = AXIS2_PLACEMENT_3D ( 'NONE', #4718, #5266, #6410 ) ;
#6632 = ORIENTED_EDGE ( 'NONE', *, *, #5074, .F. ) ;
#6633 = LINE ( 'NONE', #5521, #2182 ) ;
#6634 = VERTEX_POINT ( 'NONE', #2621 ) ;
#6635 = EDGE_CURVE ( 'NONE', #3564, #5290, #696, .T. ) ;
#6636 = ORIENTED_EDGE ( 'NONE', *, *, #6372, .T. ) ;
#6637 = DIRECTION ( 'NONE',  ( 1.000000000000000000, 0.000000000000000000, 0.000000000000000000 ) ) ;
#6638 = PLANE ( 'NONE',  #255 ) ;
#6639 = PRODUCT_DEFINITION_SHAPE ( 'NONE', 'NONE',  #7092 ) ;
#6640 = CARTESIAN_POINT ( 'NONE',  ( 278.3135873735464543, 12.89206442302036315, 0.1000000000000002554 ) ) ;
#6641 = CARTESIAN_POINT ( 'NONE',  ( 277.9692230765730301, -1.320602928007157617, 2.899999999999999911 ) ) ;
#6642 = FILL_AREA_STYLE ('',( #4451 ) ) ;
#6643 = DIRECTION ( 'NONE',  ( -5.553580772755923110E-28, 1.000000000000000000, -5.420049715972916316E-30 ) ) ;
#6644 = ADVANCED_FACE ( 'NONE', ( #1974 ), #406, .F. ) ;
#6645 = LINE ( 'NONE', #3367, #3492 ) ;
#6646 = CYLINDRICAL_SURFACE ( 'NONE', #5938, 1.000000000000000888 ) ;
#6647 = CARTESIAN_POINT ( 'NONE',  ( 278.5454470876517803, 3.726610747780326527, 2.899999999999999911 ) ) ;
#6648 = EDGE_LOOP ( 'NONE', ( #5765, #124, #2420, #5785 ) ) ;
#6649 =( LENGTH_UNIT ( ) NAMED_UNIT ( * ) SI_UNIT ( .MILLI., .METRE. ) );
#6650 = EDGE_LOOP ( 'NONE', ( #5198, #258, #1559, #4799 ) ) ;
#6651 = EDGE_CURVE ( 'NONE', #3015, #2010, #6439, .T. ) ;
#6652 = CARTESIAN_POINT ( 'NONE',  ( 7.750000000000062172, 1.499999999999973577, -19.85000000000086828 ) ) ;
#6653 = DIRECTION ( 'NONE',  ( 1.000000000000000000, 0.000000000000000000, 0.000000000000000000 ) ) ;
#6654 = VERTEX_POINT ( 'NONE', #5220 ) ;
#6655 = CYLINDRICAL_SURFACE ( 'NONE', #1618, 0.7499999999999729106 ) ;
#6656 = EDGE_LOOP ( 'NONE', ( #3630, #4078, #3602, #6987 ) ) ;
#6657 = ADVANCED_FACE ( 'NONE', ( #5865, #5262 ), #6868, .T. ) ;
#6658 = EDGE_CURVE ( 'NONE', #2652, #6734, #4712, .T. ) ;
#6659 = DIRECTION ( 'NONE',  ( 0.000000000000000000, 0.000000000000000000, 1.000000000000000000 ) ) ;
#6660 = PLANE ( 'NONE',  #165 ) ;
#6661 = DIRECTION ( 'NONE',  ( -1.314439483324459577E-28, 5.087249021584615241E-30, -1.000000000000000000 ) ) ;
#6662 = ORIENTED_EDGE ( 'NONE', *, *, #5901, .T. ) ;
#6663 = CIRCLE ( 'NONE', #1143, 7.500000000000327738 ) ;
#6664 = DIRECTION ( 'NONE',  ( 1.314439483324459577E-28, -5.087249021584615942E-30, 1.000000000000000000 ) ) ;
#6665 = VERTEX_POINT ( 'NONE', #5939 ) ;
#6666 = AXIS2_PLACEMENT_3D ( 'NONE', #1245, #6784, #2283 ) ;
#6667 = ORIENTED_EDGE ( 'NONE', *, *, #2270, .F. ) ;
#6668 = DIRECTION ( 'NONE',  ( 1.000000000000000000, 0.000000000000000000, 0.000000000000000000 ) ) ;
#6669 = LINE ( 'NONE', #135, #3456 ) ;
#6670 = DIRECTION ( 'NONE',  ( 1.000000000000000000, 0.000000000000000000, -0.000000000000000000 ) ) ;
#6671 = AXIS2_PLACEMENT_3D ( 'NONE', #6614, #805, #2761 ) ;
#6672 = DIRECTION ( 'NONE',  ( 0.000000000000000000, 0.000000000000000000, 1.000000000000000000 ) ) ;
#6673 = CIRCLE ( 'NONE', #5642, 0.7499999999999729106 ) ;
#6674 = ORIENTED_EDGE ( 'NONE', *, *, #7033, .T. ) ;
#6675 = CIRCLE ( 'NONE', #4491, 1.500000000000058620 ) ;
#6676 = CIRCLE ( 'NONE', #34, 1.000000000000000888 ) ;
#6677 = CARTESIAN_POINT ( 'NONE',  ( 24.81934729198170686, 0.000000000000000000, -40.50000000000122924 ) ) ;
#6678 = AXIS2_PLACEMENT_3D ( 'NONE', #3012, #4092, #361 ) ;
#6679 = FACE_OUTER_BOUND ( 'NONE', #3124, .T. ) ;
#6680 = DIRECTION ( 'NONE',  ( -5.553580772755923110E-28, 1.000000000000000000, -5.420049715972916316E-30 ) ) ;
#6681 = EDGE_LOOP ( 'NONE', ( #5160, #4431, #6932, #3415 ) ) ;
#6682 = COLOUR_RGB ( '',1.000000000000000000, 1.000000000000000000, 1.000000000000000000 ) ;
#6683 = VERTEX_POINT ( 'NONE', #7008 ) ;
#6684 = VECTOR ( 'NONE', #6912, 1000.000000000000000 ) ;
#6685 = CARTESIAN_POINT ( 'NONE',  ( 47.50000000000004263, 499000.0000000000000, 498999.6000000113272 ) ) ;
#6686 = AXIS2_PLACEMENT_3D ( 'NONE', #6326, #935, #4174 ) ;
#6687 = CARTESIAN_POINT ( 'NONE',  ( 19.59422154630133406, 3.000000000000002665, -31.97368421052753362 ) ) ;
#6688 = EDGE_CURVE ( 'NONE', #2366, #6845, #6209, .T. ) ;
#6689 = EDGE_LOOP ( 'NONE', ( #625, #4194, #5858, #3945 ) ) ;
#6690 = SURFACE_STYLE_FILL_AREA ( #4495 ) ;
#6691 = ORIENTED_EDGE ( 'NONE', *, *, #4985, .F. ) ;
#6692 = CARTESIAN_POINT ( 'NONE',  ( 1.110223024625156540E-13, 0.000000000000000000, -1.110223024625156540E-13 ) ) ;
#6693 = DIRECTION ( 'NONE',  ( 0.000000000000000000, 0.000000000000000000, 1.000000000000000000 ) ) ;
#6694 = CARTESIAN_POINT ( 'NONE',  ( 67.50000000000000000, 3.000000000042524206, 10.60000000004312426 ) ) ;
#6695 = EDGE_CURVE ( 'NONE', #3015, #5895, #4787, .T. ) ;
#6696 = EDGE_CURVE ( 'NONE', #2392, #6107, #1840, .T. ) ;
#6697 = ORIENTED_EDGE ( 'NONE', *, *, #6688, .F. ) ;
#6698 = AXIS2_PLACEMENT_3D ( 'NONE', #4736, #6853, #5850 ) ;
#6699 = VERTEX_POINT ( 'NONE', #2015 ) ;
#6700 = FACE_BOUND ( 'NONE', #176, .T. ) ;
#6701 = ORIENTED_EDGE ( 'NONE', *, *, #7086, .F. ) ;
#6702 = DIRECTION ( 'NONE',  ( -1.313363508514274938E-28, 5.087249021584615241E-30, -1.000000000000000000 ) ) ;
#6703 = CARTESIAN_POINT ( 'NONE',  ( 67.50000000000460432, -22.49999999997287148, 0.000000000000000000 ) ) ;
#6704 = FACE_OUTER_BOUND ( 'NONE', #794, .T. ) ;
#6705 = AXIS2_PLACEMENT_3D ( 'NONE', #1738, #5630, #2310 ) ;
#6706 = CARTESIAN_POINT ( 'NONE',  ( 67.50000000000000000, 0.1000000000000167422, 2.500000000000002220 ) ) ;
#6707 = FACE_OUTER_BOUND ( 'NONE', #1080, .T. ) ;
#6708 = VERTEX_POINT ( 'NONE', #4215 ) ;
#6709 = CIRCLE ( 'NONE', #1767, 1.000000000000000888 ) ;
#6710 = CONICAL_SURFACE ( 'NONE', #3612, 37.50000000000145661, 0.7853981633974335130 ) ;
#6711 = LINE ( 'NONE', #1779, #5344 ) ;
#6712 = LINE ( 'NONE', #1680, #94 ) ;
#6713 = CIRCLE ( 'NONE', #2455, 0.7499999999999729106 ) ;
#6714 = VECTOR ( 'NONE', #1142, 1000.000000000000000 ) ;
#6715 = LINE ( 'NONE', #5026, #87 ) ;
#6716 = ORIENTED_EDGE ( 'NONE', *, *, #5971, .T. ) ;
#6717 = DIRECTION ( 'NONE',  ( -1.244095373793891517E-16, -1.000000000000000000, 1.557557548312092917E-14 ) ) ;
#6718 = CIRCLE ( 'NONE', #3387, 0.9999999999999981126 ) ;
#6719 = DIRECTION ( 'NONE',  ( 0.000000000000000000, 0.000000000000000000, 1.000000000000000000 ) ) ;
#6720 = ADVANCED_FACE ( 'NONE', ( #6406 ), #493, .T. ) ;
#6721 = LINE ( 'NONE', #6181, #6037 ) ;
#6722 = VECTOR ( 'NONE', #3650, 1000.000000000000000 ) ;
#6723 = CIRCLE ( 'NONE', #3511, 6.849999999999995204 ) ;
#6724 = ORIENTED_EDGE ( 'NONE', *, *, #4349, .F. ) ;
#6725 = CARTESIAN_POINT ( 'NONE',  ( 65.50000000000459011, -22.49999999997287148, 0.5000000000000000000 ) ) ;
#6726 = ORIENTED_EDGE ( 'NONE', *, *, #6437, .F. ) ;
#6727 = VERTEX_POINT ( 'NONE', #3599 ) ;
#6728 = CARTESIAN_POINT ( 'NONE',  ( 277.3135873735464543, 12.89206442302036315, 1.300000000000000266 ) ) ;
#6729 = MANIFOLD_SOLID_BREP ( '切除-拉伸1', #2759 ) ;
#6730 = EDGE_CURVE ( 'NONE', #1828, #2864, #2077, .T. ) ;
#6731 = LINE ( 'NONE', #1724, #6918 ) ;
#6732 = DIRECTION ( 'NONE',  ( 0.000000000000000000, 0.000000000000000000, 1.000000000000000000 ) ) ;
#6733 = ORIENTED_EDGE ( 'NONE', *, *, #4487, .T. ) ;
#6734 = VERTEX_POINT ( 'NONE', #4176 ) ;
#6735 = FACE_BOUND ( 'NONE', #1976, .T. ) ;
#6736 = EDGE_CURVE ( 'NONE', #2306, #3923, #1473, .T. ) ;
#6737 = VERTEX_POINT ( 'NONE', #2086 ) ;
#6738 = CARTESIAN_POINT ( 'NONE',  ( -9.580000000002309335, 0.000000000000000000, -19.65000000000082991 ) ) ;
#6739 = CARTESIAN_POINT ( 'NONE',  ( 1.110223024625179260E-13, -7.000000000000006217, 17.25000000000059330 ) ) ;
#6740 = CARTESIAN_POINT ( 'NONE',  ( 67.50000000000000000, 3.000000000000002665, 22.50000000000122213 ) ) ;
#6741 = CIRCLE ( 'NONE', #4790, 0.7499999999999729106 ) ;
#6742 = DIRECTION ( 'NONE',  ( -1.000000000000000000, 5.869125134844098244E-28, -1.288801503904777590E-28 ) ) ;
#6743 = CARTESIAN_POINT ( 'NONE',  ( 67.50000000000000000, 2.500000000000002220, 22.50000000000122213 ) ) ;
#6744 = ORIENTED_EDGE ( 'NONE', *, *, #3225, .T. ) ;
#6745 = ORIENTED_EDGE ( 'NONE', *, *, #3361, .F. ) ;
#6746 = EDGE_CURVE ( 'NONE', #4868, #4261, #701, .T. ) ;
#6747 = ADVANCED_FACE ( 'NONE', ( #7010 ), #974, .F. ) ;
#6748 = LINE ( 'NONE', #5605, #4875 ) ;
#6749 = DIRECTION ( 'NONE',  ( 0.000000000000000000, 0.000000000000000000, -1.000000000000000000 ) ) ;
#6750 = DIRECTION ( 'NONE',  ( 1.000000000000000000, 0.000000000000000000, 0.000000000000000000 ) ) ;
#6751 = ORIENTED_EDGE ( 'NONE', *, *, #3011, .T. ) ;
#6752 = CARTESIAN_POINT ( 'NONE',  ( 47.49999999999998579, 3.000000000000002665, -2.500000000000304201 ) ) ;
#6753 = CARTESIAN_POINT ( 'NONE',  ( -1.001853349630684993E-25, 3.000000000000002665, -37.00000000000003553 ) ) ;
#6754 =( REPRESENTATION_RELATIONSHIP ('NONE','NONE', #1545, #1000 ) REPRESENTATION_RELATIONSHIP_WITH_TRANSFORMATION ( #6396 )SHAPE_REPRESENTATION_RELATIONSHIP( ) );
#6755 = ORIENTED_EDGE ( 'NONE', *, *, #3224, .F. ) ;
#6756 = DIRECTION ( 'NONE',  ( 8.659560562403536551E-17, -0.7071067811865441310, 0.7071067811865507924 ) ) ;
#6757 = ORIENTED_EDGE ( 'NONE', *, *, #4528, .F. ) ;
#6758 = PRODUCT_DEFINITION ( '未知', '', #1268, #6859 ) ;
#6759 = ORIENTED_EDGE ( 'NONE', *, *, #5901, .F. ) ;
#6760 = DIRECTION ( 'NONE',  ( 0.000000000000000000, 0.000000000000000000, 1.000000000000000000 ) ) ;
#6761 = CARTESIAN_POINT ( 'NONE',  ( 67.50000000000000000, 3.000000000000002665, -22.50000000000061107 ) ) ;
#6762 = CARTESIAN_POINT ( 'NONE',  ( 275.0218402497579859, 4.014722753319752258, 2.899999999999999911 ) ) ;
#6763 = ORIENTED_EDGE ( 'NONE', *, *, #5403, .T. ) ;
#6764 = ADVANCED_FACE ( 'NONE', ( #442 ), #3062, .F. ) ;
#6765 = ORIENTED_EDGE ( 'NONE', *, *, #2399, .T. ) ;
#6766 = DIRECTION ( 'NONE',  ( 8.659560562306313142E-17, 0.7071067811865521247, -0.7071067811865430208 ) ) ;
#6767 = ORIENTED_EDGE ( 'NONE', *, *, #338, .F. ) ;
#6768 = DIRECTION ( 'NONE',  ( -0.000000000000000000, -0.000000000000000000, 1.000000000000000000 ) ) ;
#6769 = DIRECTION ( 'NONE',  ( 5.553580772755923110E-28, -1.000000000000000000, 5.420049715972916316E-30 ) ) ;
#6770 = CARTESIAN_POINT ( 'NONE',  ( 275.7337282442185824, 1.491115915426010963, 1.299999999999999822 ) ) ;
#6771 = CARTESIAN_POINT ( 'NONE',  ( 274.1575042331397185, -3.556097760361474069, 1.299999999999999822 ) ) ;
#6772 = VECTOR ( 'NONE', #6567, 1000.000000000000000 ) ;
#6773 = DIRECTION ( 'NONE',  ( -7.036639274571327550E-28, 0.7071067811865269226, -0.7071067811865681119 ) ) ;
#6774 = ORIENTED_EDGE ( 'NONE', *, *, #6090, .F. ) ;
#6775 = ADVANCED_FACE ( 'NONE', ( #6442 ), #4284, .F. ) ;
#6776 = ORIENTED_EDGE ( 'NONE', *, *, #4528, .T. ) ;
#6777 = FACE_OUTER_BOUND ( 'NONE', #1221, .T. ) ;
#6778 = CARTESIAN_POINT ( 'NONE',  ( 67.50000000000000000, 0.5000000000000004441, -22.50000000000061107 ) ) ;
#6779 =( GEOMETRIC_REPRESENTATION_CONTEXT ( 3 ) GLOBAL_UNCERTAINTY_ASSIGNED_CONTEXT ( ( #2973 ) ) GLOBAL_UNIT_ASSIGNED_CONTEXT ( ( #5213, #6284, #4673 ) ) REPRESENTATION_CONTEXT ( 'NONE', 'WORKASPACE' ) );
#6780 = FACE_OUTER_BOUND ( 'NONE', #3320, .T. ) ;
#6781 = ADVANCED_FACE ( 'NONE', ( #6329 ), #1499, .F. ) ;
#6782 = VERTEX_POINT ( 'NONE', #5868 ) ;
#6783 = AXIS2_PLACEMENT_3D ( 'NONE', #3245, #6524, #64 ) ;
#6784 = DIRECTION ( 'NONE',  ( -7.047314121155778821E-17, -1.000000000000000000, 1.582067810090848070E-14 ) ) ;
#6785 = DIRECTION ( 'NONE',  ( -5.553580772755923110E-28, 1.000000000000000000, -5.420049715972916316E-30 ) ) ;
#6786 = DIRECTION ( 'NONE',  ( 0.000000000000000000, 0.000000000000000000, 1.000000000000000000 ) ) ;
#6787 = AXIS2_PLACEMENT_3D ( 'NONE', #2874, #1791, #3990 ) ;
#6788 = VECTOR ( 'NONE', #1197, 1000.000000000000000 ) ;
#6789 = VERTEX_POINT ( 'NONE', #5223 ) ;
#6790 = CARTESIAN_POINT ( 'NONE',  ( 0.000000000000000000, 0.000000000000000000, 0.000000000000000000 ) ) ;
#6791 = ORIENTED_EDGE ( 'NONE', *, *, #1145, .F. ) ;
#6792 = EDGE_LOOP ( 'NONE', ( #914, #179 ) ) ;
#6793 = LINE ( 'NONE', #3526, #6136 ) ;
#6794 = AXIS2_PLACEMENT_3D ( 'NONE', #19, #1046, #2775 ) ;
#6795 = DIRECTION ( 'NONE',  ( 0.000000000000000000, 0.000000000000000000, 1.000000000000000000 ) ) ;
#6796 = CARTESIAN_POINT ( 'NONE',  ( -2.331468351712828735E-12, 2.700000000000008171, -1.110223024625156540E-13 ) ) ;
#6797 = ORIENTED_EDGE ( 'NONE', *, *, #2684, .T. ) ;
#6798 = EDGE_LOOP ( 'NONE', ( #555, #568, #5239, #6278 ) ) ;
#6799 = CARTESIAN_POINT ( 'NONE',  ( -10.35000000000230180, 0.09999999999998898659, -22.20000000000103313 ) ) ;
#6800 = ORIENTED_EDGE ( 'NONE', *, *, #3204, .T. ) ;
#6801 = CARTESIAN_POINT ( 'NONE',  ( 52.49999999999999289, 3.000000000028174796, 10.59999999996972342 ) ) ;
#6802 = DIRECTION ( 'NONE',  ( 1.000000000000000000, -5.869125134844098244E-28, 1.096345236817480134E-15 ) ) ;
#6803 = DIRECTION ( 'NONE',  ( -0.000000000000000000, -0.000000000000000000, 1.000000000000000000 ) ) ;
#6804 = CARTESIAN_POINT ( 'NONE',  ( 67.50000000000000000, 3.000000000000002665, -15.40000000000033786 ) ) ;
#6805 = CIRCLE ( 'NONE', #2321, 0.7499999999999729106 ) ;
#6806 = ORIENTED_EDGE ( 'NONE', *, *, #1228, .F. ) ;
#6807 = VECTOR ( 'NONE', #2914, 1000.000000000000000 ) ;
#6808 = CYLINDRICAL_SURFACE ( 'NONE', #2408, 1.500000000000058620 ) ;
#6809 = ORIENTED_EDGE ( 'NONE', *, *, #1111, .T. ) ;
#6810 = CIRCLE ( 'NONE', #6698, 3.200000000000128519 ) ;
#6811 = CARTESIAN_POINT ( 'NONE',  ( 24.81934729198170686, 0.5000000000000004441, -30.50000000000122213 ) ) ;
#6812 = ADVANCED_FACE ( 'NONE', ( #6477 ), #3130, .F. ) ;
#6813 = PLANE ( 'NONE',  #959 ) ;
#6814 = DIRECTION ( 'NONE',  ( 1.000000000000000000, 0.000000000000000000, 0.000000000000000000 ) ) ;
#6815 = CIRCLE ( 'NONE', #4639, 0.7499999999999729106 ) ;
#6816 = EDGE_LOOP ( 'NONE', ( #1755, #1418, #7011, #4469 ) ) ;
#6817 = CONTEXT_DEPENDENT_SHAPE_REPRESENTATION ( #4918, #1311 ) ;
#6818 = CARTESIAN_POINT ( 'NONE',  ( 24.81934729198170686, 0.5000000000000004441, -30.50000000000122213 ) ) ;
#6819 = EDGE_CURVE ( 'NONE', #2437, #2531, #938, .T. ) ;
#6820 = VECTOR ( 'NONE', #5146, 1000.000000000000000 ) ;
#6821 = EDGE_CURVE ( 'NONE', #6782, #3192, #6676, .T. ) ;
#6822 = CARTESIAN_POINT ( 'NONE',  ( 277.5454470876517803, 3.726610747780326527, 1.299999999999999822 ) ) ;
#6823 = ORIENTED_EDGE ( 'NONE', *, *, #6904, .T. ) ;
#6824 = LINE ( 'NONE', #2908, #3346 ) ;
#6825 = EDGE_LOOP ( 'NONE', ( #3096, #2277 ) ) ;
#6826 = CIRCLE ( 'NONE', #6146, 1.000000000000000888 ) ;
#6827 = AXIS2_PLACEMENT_3D ( 'NONE', #6075, #6005, #7007 ) ;
#6828 = ORIENTED_EDGE ( 'NONE', *, *, #3762, .F. ) ;
#6829 = CARTESIAN_POINT ( 'NONE',  ( 275.9655879583236242, -7.674337759814201299, 1.300000000000000266 ) ) ;
#6830 = ADVANCED_FACE ( 'NONE', ( #372 ), #1403, .F. ) ;
#6831 = CARTESIAN_POINT ( 'NONE',  ( 67.50000000000000000, 3.000000000000002665, -22.50000000000061107 ) ) ;
#6832 = EDGE_CURVE ( 'NONE', #4167, #6243, #871, .T. ) ;
#6833 = CARTESIAN_POINT ( 'NONE',  ( -9.580000000002309335, 0.1999999999976187492, -26.15000000000119940 ) ) ;
#6834 = AXIS2_PLACEMENT_3D ( 'NONE', #1350, #1922, #4742 ) ;
#6835 = EDGE_LOOP ( 'NONE', ( #538, #904, #1394, #4507 ) ) ;
#6836 = CONICAL_SURFACE ( 'NONE', #3975, 6.300000000000246736, 0.7853981633974485010 ) ;
#6837 = EDGE_LOOP ( 'NONE', ( #6476, #3542, #540, #5225, #5205 ) ) ;
#6838 = DIRECTION ( 'NONE',  ( -5.553580772755923110E-28, 1.000000000000000000, -5.420049715972916316E-30 ) ) ;
#6839 = ORIENTED_EDGE ( 'NONE', *, *, #5433, .T. ) ;
#6840 = CYLINDRICAL_SURFACE ( 'NONE', #2754, 2.000000000000001776 ) ;
#6841 = CARTESIAN_POINT ( 'NONE',  ( 60.65000000000460290, -22.49999999997287148, 0.5000000000000000000 ) ) ;
#6842 = CARTESIAN_POINT ( 'NONE',  ( 0.000000000000000000, 0.000000000000000000, 0.000000000000000000 ) ) ;
#6843 = CARTESIAN_POINT ( 'NONE',  ( 277.3135873735464543, 12.89206442302036315, 1.500000000000000000 ) ) ;
#6844 = AXIS2_PLACEMENT_3D ( 'NONE', #3006, #5202, #285 ) ;
#6845 = VERTEX_POINT ( 'NONE', #1933 ) ;
#6846 = CARTESIAN_POINT ( 'NONE',  ( 278.1216710987305873, 8.773824423567811337, 0.1000000000000000056 ) ) ;
#6847 = ADVANCED_FACE ( 'NONE', ( #2484 ), #4680, .F. ) ;
#6848 = EDGE_LOOP ( 'NONE', ( #5098, #1321, #6674, #4072 ) ) ;
#6849 = VECTOR ( 'NONE', #4378, 1000.000000000000000 ) ;
#6850 = ORIENTED_EDGE ( 'NONE', *, *, #6372, .F. ) ;
#6851 = DIRECTION ( 'NONE',  ( -0.000000000000000000, -0.000000000000000000, 1.000000000000000000 ) ) ;
#6852 = DIRECTION ( 'NONE',  ( 1.000000000000000000, 0.000000000000000000, 0.000000000000000000 ) ) ;
#6853 = DIRECTION ( 'NONE',  ( 5.553580772755923110E-28, -1.000000000000000000, 5.420049715972916316E-30 ) ) ;
#6854 = CARTESIAN_POINT ( 'NONE',  ( 276.6811110710334560, -3.844209765900900688, 2.899999999999999911 ) ) ;
#6855 = ORIENTED_EDGE ( 'NONE', *, *, #1103, .F. ) ;
#6856 = ITEM_DEFINED_TRANSFORMATION ( 'NONE', 'NONE', #1374,  #2423 ) ;
#6857 = EDGE_CURVE ( 'NONE', #3866, #1480, #3808, .T. ) ;
#6858 = CARTESIAN_POINT ( 'NONE',  ( 67.50000000000000000, 2.500000000000002220, -22.50000000000061107 ) ) ;
#6859 = PRODUCT_DEFINITION_CONTEXT ( 'detailed design', #2497, 'design' ) ;
#6860 = DIRECTION ( 'NONE',  ( 5.553580772755923110E-28, -1.000000000000000000, 5.420049715972916316E-30 ) ) ;
#6861 = EDGE_LOOP ( 'NONE', ( #2753, #5129, #6434, #5280 ) ) ;
#6862 = CARTESIAN_POINT ( 'NONE',  ( 0.000000000000000000, 0.000000000000000000, 0.000000000000000000 ) ) ;
#6863 = EDGE_LOOP ( 'NONE', ( #3106, #1052 ) ) ;
#6864 = ADVANCED_FACE ( 'NONE', ( #4788, #6979 ), #6869, .T. ) ;
#6865 = ORIENTED_EDGE ( 'NONE', *, *, #1458, .T. ) ;
#6866 = DIRECTION ( 'NONE',  ( 0.000000000000000000, -5.087249021584616643E-30, 1.000000000000000000 ) ) ;
#6867 = CARTESIAN_POINT ( 'NONE',  ( 8.250000000000035527, -7.000000000000006217, -26.30000000000136851 ) ) ;
#6868 = PLANE ( 'NONE',  #4948 ) ;
#6869 = PLANE ( 'NONE',  #6564 ) ;
#6870 = ORIENTED_EDGE ( 'NONE', *, *, #4725, .T. ) ;
#6871 = EDGE_CURVE ( 'NONE', #3186, #2893, #3455, .T. ) ;
#6872 = ADVANCED_FACE ( 'NONE', ( #6546 ), #4390, .F. ) ;
#6873 = ORIENTED_EDGE ( 'NONE', *, *, #2639, .T. ) ;
#6874 = CARTESIAN_POINT ( 'NONE',  ( 273.1575042331397185, -3.556097760361474069, 2.899999999999999911 ) ) ;
#6875 = EDGE_LOOP ( 'NONE', ( #6958, #161, #1354, #3930 ) ) ;
#6876 = DIRECTION ( 'NONE',  ( 5.553580772755923110E-28, -1.000000000000000000, 5.420049715972916316E-30 ) ) ;
#6877 = LINE ( 'NONE', #692, #1965 ) ;
#6878 = DIRECTION ( 'NONE',  ( 5.553580772755923110E-28, -1.000000000000000000, 5.420049715972916316E-30 ) ) ;
#6879 = DIRECTION ( 'NONE',  ( 1.000000000000000000, 0.000000000000000000, 0.000000000000000000 ) ) ;
#6880 = VERTEX_POINT ( 'NONE', #3236 ) ;
#6881 = LINE ( 'NONE', #1481, #363 ) ;
#6882 = ORIENTED_EDGE ( 'NONE', *, *, #2518, .F. ) ;
#6883 = ORIENTED_EDGE ( 'NONE', *, *, #593, .T. ) ;
#6884 = CARTESIAN_POINT ( 'NONE',  ( -4.929148062466915235E-27, 2.500000000000030198, -37.50000000000145661 ) ) ;
#6885 = DIRECTION ( 'NONE',  ( 5.553580772755923110E-28, -1.000000000000000000, 5.420049715972916316E-30 ) ) ;
#6886 = CIRCLE ( 'NONE', #1602, 0.4999999999999761302 ) ;
#6887 = FACE_OUTER_BOUND ( 'NONE', #6093, .T. ) ;
#6888 = EDGE_CURVE ( 'NONE', #4667, #6593, #2154, .T. ) ;
#6889 = CARTESIAN_POINT ( 'NONE',  ( 5.035126594702503955E-27, 2.005418394909978855E-28, 36.99999999999999289 ) ) ;
#6890 = DIRECTION ( 'NONE',  ( -0.000000000000000000, -0.000000000000000000, 1.000000000000000000 ) ) ;
#6891 = ORIENTED_EDGE ( 'NONE', *, *, #750, .F. ) ;
#6892 = CONTEXT_DEPENDENT_SHAPE_REPRESENTATION ( #2730, #604 ) ;
#6893 = FACE_BOUND ( 'NONE', #4813, .T. ) ;
#6894 = MECHANICAL_DESIGN_GEOMETRIC_PRESENTATION_REPRESENTATION (  '', ( #4610 ), #689 ) ;
#6895 = EDGE_CURVE ( 'NONE', #2442, #6115, #6327, .T. ) ;
#6896 = CARTESIAN_POINT ( 'NONE',  ( -8.249999999999896971, 1.500000000000001332, -25.65000000000119940 ) ) ;
#6897 = ORIENTED_EDGE ( 'NONE', *, *, #5697, .F. ) ;
#6898 = VECTOR ( 'NONE', #1659, 1000.000000000000000 ) ;
#6899 = ORIENTED_EDGE ( 'NONE', *, *, #450, .F. ) ;
#6900 = LINE ( 'NONE', #6626, #969 ) ;
#6901 = VERTEX_POINT ( 'NONE', #2120 ) ;
#6902 = CARTESIAN_POINT ( 'NONE',  ( -17.67766952966359639, 3.000000000000002665, -11.37766952966418366 ) ) ;
#6903 = DIRECTION ( 'NONE',  ( 0.000000000000000000, 0.000000000000000000, -1.000000000000000000 ) ) ;
#6904 = EDGE_CURVE ( 'NONE', #1581, #1453, #142, .T. ) ;
#6905 = AXIS2_PLACEMENT_3D ( 'NONE', #4207, #2579, #4779 ) ;
#6906 = DIRECTION ( 'NONE',  ( 0.000000000000000000, 0.000000000000000000, -1.000000000000000000 ) ) ;
#6907 = EDGE_LOOP ( 'NONE', ( #6870, #4715, #5120, #4350 ) ) ;
#6908 = AXIS2_PLACEMENT_3D ( 'NONE', #3462, #3536, #838 ) ;
#6909 = ORIENTED_EDGE ( 'NONE', *, *, #5393, .F. ) ;
#6910 = DIRECTION ( 'NONE',  ( -0.000000000000000000, -0.000000000000000000, 1.000000000000000000 ) ) ;
#6911 = FACE_OUTER_BOUND ( 'NONE', #933, .T. ) ;
#6912 = DIRECTION ( 'NONE',  ( -0.000000000000000000, -0.000000000000000000, 1.000000000000000000 ) ) ;
#6913 = DIRECTION ( 'NONE',  ( 0.000000000000000000, 0.000000000000000000, 1.000000000000000000 ) ) ;
#6914 = ADVANCED_FACE ( 'NONE', ( #1692 ), #369, .F. ) ;
#6915 = EDGE_CURVE ( 'NONE', #843, #6568, #1008, .T. ) ;
#6916 = DIRECTION ( 'NONE',  ( 0.000000000000000000, 0.000000000000000000, 1.000000000000000000 ) ) ;
#6917 = ORIENTED_EDGE ( 'NONE', *, *, #5453, .F. ) ;
#6918 = VECTOR ( 'NONE', #6119, 1000.000000000000000 ) ;
#6919 = DIRECTION ( 'NONE',  ( 0.7071067811865474617, -0.7071067811865474617, 5.295016556713214620E-15 ) ) ;
#6920 = EDGE_LOOP ( 'NONE', ( #400, #1301 ) ) ;
#6921 = ORIENTED_EDGE ( 'NONE', *, *, #2081, .F. ) ;
#6922 = CYLINDRICAL_SURFACE ( 'NONE', #5552, 3.200000000000128519 ) ;
#6923 = CARTESIAN_POINT ( 'NONE',  ( 277.5454470876517803, 3.726610747780326527, 1.299999999999999822 ) ) ;
#6924 = AXIS2_PLACEMENT_3D ( 'NONE', #4906, #2986, #4869 ) ;
#6925 = CARTESIAN_POINT ( 'NONE',  ( -7.749999999999896083, 2.999999999999975131, -19.85000000000081144 ) ) ;
#6926 = CARTESIAN_POINT ( 'NONE',  ( 8.250000000000062172, 2.999999999999975131, -20.35000000000075460 ) ) ;
#6927 = DIRECTION ( 'NONE',  ( 0.1134299234407203372, 0.9935459991707642491, -0.000000000000000000 ) ) ;
#6928 = VERTEX_POINT ( 'NONE', #6051 ) ;
#6929 = CIRCLE ( 'NONE', #847, 10.50000000000036948 ) ;
#6930 = LINE ( 'NONE', #6818, #5649 ) ;
#6931 = LINE ( 'NONE', #6430, #3044 ) ;
#6932 = ORIENTED_EDGE ( 'NONE', *, *, #426, .T. ) ;
#6933 = FILL_AREA_STYLE ('',( #5255 ) ) ;
#6934 = ORIENTED_EDGE ( 'NONE', *, *, #4478, .T. ) ;
#6935 = ORIENTED_EDGE ( 'NONE', *, *, #2894, .T. ) ;
#6936 = EDGE_CURVE ( 'NONE', #6708, #3845, #5544, .T. ) ;
#6937 = AXIS2_PLACEMENT_3D ( 'NONE', #2830, #5022, #1134 ) ;
#6938 = AXIS2_PLACEMENT_3D ( 'NONE', #1619, #3313, #4966 ) ;
#6939 = LINE ( 'NONE', #2014, #1663 ) ;
#6940 = DIRECTION ( 'NONE',  ( 0.000000000000000000, 0.000000000000000000, -1.000000000000000000 ) ) ;
#6941 = CIRCLE ( 'NONE', #2698, 1.600000000053176885 ) ;
#6942 = AXIS2_PLACEMENT_3D ( 'NONE', #227, #4603, #6866 ) ;
#6943 = DIRECTION ( 'NONE',  ( 0.000000000000000000, 0.000000000000000000, 1.000000000000000000 ) ) ;
#6944 = VERTEX_POINT ( 'NONE', #2662 ) ;
#6945 = EDGE_CURVE ( 'NONE', #3607, #2911, #1843, .T. ) ;
#6946 = CYLINDRICAL_SURFACE ( 'NONE', #4416, 1.000000000000039080 ) ;
#6947 = AXIS2_PLACEMENT_3D ( 'NONE', #4687, #1941, #4147 ) ;
#6948 = DIRECTION ( 'NONE',  ( 1.226634733352395626E-16, -0.7071067811865312525, 0.7071067811865638930 ) ) ;
#6949 = AXIS2_PLACEMENT_3D ( 'NONE', #2872, #1180, #5066 ) ;
#6950 = CARTESIAN_POINT ( 'NONE',  ( 275.7337282442185824, 1.491115915426010963, 1.299999999999999822 ) ) ;
#6951 = DIRECTION ( 'NONE',  ( -1.541976423091861349E-16, 1.541976423090482075E-16, -1.000000000000000000 ) ) ;
#6952 = CARTESIAN_POINT ( 'NONE',  ( -17.67766952966359639, 3.000000000000002665, -17.67766952966443128 ) ) ;
#6953 = ORIENTED_EDGE ( 'NONE', *, *, #1464, .F. ) ;
#6954 = CONICAL_SURFACE ( 'NONE', #3510, 2.599999999915881599, 0.7853981633974482790 ) ;
#6955 = AXIS2_PLACEMENT_3D ( 'NONE', #5434, #4951, #1605 ) ;
#6956 = DIRECTION ( 'NONE',  ( 5.553580772755923110E-28, -1.000000000000000000, 5.420049715972916316E-30 ) ) ;
#6957 = ADVANCED_FACE ( 'NONE', ( #1116 ), #576, .F. ) ;
#6958 = ORIENTED_EDGE ( 'NONE', *, *, #3083, .F. ) ;
#6959 = ORIENTED_EDGE ( 'NONE', *, *, #2020, .F. ) ;
#6960 = DIRECTION ( 'NONE',  ( 1.226634733353689604E-16, -0.7071067811865709984, 0.7071067811865240360 ) ) ;
#6961 = CARTESIAN_POINT ( 'NONE',  ( 274.5599522552975600, 6.538329591213495107, 0.1000000000000000056 ) ) ;
#6962 = COLOUR_RGB ( '',1.000000000000000000, 1.000000000000000000, 1.000000000000000000 ) ;
#6963 = DIRECTION ( 'NONE',  ( -1.262177448353569787E-28, 0.000000000000000000, -1.000000000000000000 ) ) ;
#6964 = CARTESIAN_POINT ( 'NONE',  ( 67.50000000000460432, -22.49999999997287148, 0.5000000000000000000 ) ) ;
#6965 = DIRECTION ( 'NONE',  ( -2.997525552164775851E-28, 0.7071067811865334729, 0.7071067811865616726 ) ) ;
#6966 = ORIENTED_EDGE ( 'NONE', *, *, #5912, .T. ) ;
#6967 = ADVANCED_FACE ( 'NONE', ( #1719 ), #3342, .F. ) ;
#6968 = VECTOR ( 'NONE', #6504, 1000.000000000000000 ) ;
#6969 = EDGE_CURVE ( 'NONE', #5513, #269, #4464, .T. ) ;
#6970 = PLANE ( 'NONE',  #6565 ) ;
#6971 = CIRCLE ( 'NONE', #771, 1.000000000000000888 ) ;
#6972 = FACE_BOUND ( 'NONE', #11, .T. ) ;
#6973 = ORIENTED_EDGE ( 'NONE', *, *, #2180, .F. ) ;
#6974 = VERTEX_POINT ( 'NONE', #7088 ) ;
#6975 = ORIENTED_EDGE ( 'NONE', *, *, #3215, .F. ) ;
#6976 = CARTESIAN_POINT ( 'NONE',  ( 10.34999999999744524, 0.2999999999999947153, -22.00000000000072831 ) ) ;
#6977 = DIRECTION ( 'NONE',  ( 1.000000000000000000, -5.421010862427310164E-17, 0.000000000000000000 ) ) ;
#6978 = PRODUCT_DEFINITION ( '未知', '', #4489, #6076 ) ;
#6979 = FACE_OUTER_BOUND ( 'NONE', #6792, .T. ) ;
#6980 = VERTEX_POINT ( 'NONE', #4857 ) ;
#6981 = CARTESIAN_POINT ( 'NONE',  ( 65.50000000000459011, -22.49999999997287148, 0.5000000000000000000 ) ) ;
#6982 = LINE ( 'NONE', #4253, #4169 ) ;
#6983 = DIRECTION ( 'NONE',  ( 1.000000000000000000, 0.000000000000000000, 0.000000000000000000 ) ) ;
#6984 = FACE_OUTER_BOUND ( 'NONE', #4892, .T. ) ;
#6985 = DIRECTION ( 'NONE',  ( -1.000000000000000000, 0.000000000000000000, 0.000000000000000000 ) ) ;
#6986 = ADVANCED_FACE ( 'NONE', ( #6623 ), #6655, .F. ) ;
#6987 = ORIENTED_EDGE ( 'NONE', *, *, #2336, .F. ) ;
#6988 = DIRECTION ( 'NONE',  ( 0.000000000000000000, 0.000000000000000000, 1.000000000000000000 ) ) ;
#6989 = ORIENTED_EDGE ( 'NONE', *, *, #894, .F. ) ;
#6990 = VERTEX_POINT ( 'NONE', #4925 ) ;
#6991 = DIRECTION ( 'NONE',  ( 0.000000000000000000, 0.000000000000000000, 1.000000000000000000 ) ) ;
#6992 = DIRECTION ( 'NONE',  ( 2.414735078559612482E-12, 0.000000000000000000, -1.000000000000000000 ) ) ;
#6993 = DIRECTION ( 'NONE',  ( 0.000000000000000000, 0.000000000000000000, 1.000000000000000000 ) ) ;
#6994 = EDGE_CURVE ( 'NONE', #950, #23, #4836, .T. ) ;
#6995 = PLANE ( 'NONE',  #1786 ) ;
#6996 = FACE_OUTER_BOUND ( 'NONE', #5144, .T. ) ;
#6997 = EDGE_LOOP ( 'NONE', ( #577, #640, #6934, #6345 ) ) ;
#6998 = CARTESIAN_POINT ( 'NONE',  ( 52.49999999999999289, 3.000000000028174796, 9.000000000000001776 ) ) ;
#6999 = EDGE_CURVE ( 'NONE', #2487, #1823, #5871, .T. ) ;
#7000 = ADVANCED_FACE ( 'NONE', ( #5405 ), #3688, .F. ) ;
#7001 = FACE_BOUND ( 'NONE', #1194, .T. ) ;
#7002 = CONICAL_SURFACE ( 'NONE', #4380, 37.50000000000145661, 0.7853981633974391752 ) ;
#7003 = ORIENTED_EDGE ( 'NONE', *, *, #5251, .F. ) ;
#7004 = CARTESIAN_POINT ( 'NONE',  ( -0.1702875282934578904, 129.1331757274303982, -229.0575887643318254 ) ) ;
#7005 = ORIENTED_EDGE ( 'NONE', *, *, #4797, .T. ) ;
#7006 = ORIENTED_EDGE ( 'NONE', *, *, #5374, .F. ) ;
#7007 = DIRECTION ( 'NONE',  ( -1.000000000000000000, 2.710505431219984211E-16, 0.000000000000000000 ) ) ;
#7008 = CARTESIAN_POINT ( 'NONE',  ( 278.0073350821123199, 1.203003909886584122, 1.299999999999999822 ) ) ;
#7009 = ORIENTED_EDGE ( 'NONE', *, *, #4575, .T. ) ;
#7010 = FACE_OUTER_BOUND ( 'NONE', #4, .T. ) ;
#7011 = ORIENTED_EDGE ( 'NONE', *, *, #5374, .T. ) ;
#7012 = AXIS2_PLACEMENT_3D ( 'NONE', #6059, #1125, #3756 ) ;
#7013 = AXIS2_PLACEMENT_3D ( 'NONE', #5835, #2554, #3705 ) ;
#7014 = DIRECTION ( 'NONE',  ( -0.000000000000000000, -0.000000000000000000, 1.000000000000000000 ) ) ;
#7015 = CIRCLE ( 'NONE', #3920, 0.5000000000000000000 ) ;
#7016 = CYLINDRICAL_SURFACE ( 'NONE', #1032, 1.000000000000000888 ) ;
#7017 = CARTESIAN_POINT ( 'NONE',  ( 274.7337282442185824, 1.491115915426010963, 0.1000000000000000056 ) ) ;
#7018 = CARTESIAN_POINT ( 'NONE',  ( 274.4456162386791220, -1.032490922467731886, 1.299999999999999822 ) ) ;
#7019 = AXIS2_PLACEMENT_3D ( 'NONE', #4567, #6116, #4599 ) ;
#7020 = ORIENTED_EDGE ( 'NONE', *, *, #251, .T. ) ;
#7021 = AXIS2_PLACEMENT_3D ( 'NONE', #6858, #2042, #4701 ) ;
#7022 = DIRECTION ( 'NONE',  ( 0.000000000000000000, 0.000000000000000000, 1.000000000000000000 ) ) ;
#7023 = VERTEX_POINT ( 'NONE', #5651 ) ;
#7024 = EDGE_CURVE ( 'NONE', #3333, #7087, #4266, .T. ) ;
#7025 = EDGE_LOOP ( 'NONE', ( #3815, #3591, #244, #2918 ) ) ;
#7026 = DIRECTION ( 'NONE',  ( 0.000000000000000000, 0.000000000000000000, 1.000000000000000000 ) ) ;
#7027 = DIRECTION ( 'NONE',  ( 1.000000000000000000, 0.000000000000000000, 0.000000000000000000 ) ) ;
#7028 = CIRCLE ( 'NONE', #5995, 0.7499999999999729106 ) ;
#7029 = DIRECTION ( 'NONE',  ( -0.000000000000000000, -0.000000000000000000, -1.000000000000000000 ) ) ;
#7030 = LINE ( 'NONE', #2751, #4091 ) ;
#7031 = CARTESIAN_POINT ( 'NONE',  ( 17.67766952966382021, 0.000000000000000000, 17.67766952966360350 ) ) ;
#7032 = VERTEX_POINT ( 'NONE', #2841 ) ;
#7033 = EDGE_CURVE ( 'NONE', #4962, #6737, #3523, .T. ) ;
#7034 = CARTESIAN_POINT ( 'NONE',  ( 279.7082814321234991, 10.50502852764404871, 3.100000000000000089 ) ) ;
#7035 = DIRECTION ( 'NONE',  ( -1.355252715640296690E-16, -1.000000000000000000, 4.343325478644314011E-30 ) ) ;
#7036 = DIRECTION ( 'NONE',  ( 5.553580772755923110E-28, -1.000000000000000000, 5.420049715972916316E-30 ) ) ;
#7037 = AXIS2_PLACEMENT_3D ( 'NONE', #1020, #2676, #4937 ) ;
#7038 = EDGE_LOOP ( 'NONE', ( #1415, #3964, #4152, #4566 ) ) ;
#7039 = DIRECTION ( 'NONE',  ( -5.134781488891348999E-16, -1.570571483926901474E-14, -1.000000000000000222 ) ) ;
#7040 = ORIENTED_EDGE ( 'NONE', *, *, #2496, .T. ) ;
#7041 = ORIENTED_EDGE ( 'NONE', *, *, #3420, .F. ) ;
#7042 = EDGE_CURVE ( 'NONE', #2430, #5418, #6824, .T. ) ;
#7043 = ADVANCED_FACE ( 'NONE', ( #2435 ), #4270, .T. ) ;
#7044 = CARTESIAN_POINT ( 'NONE',  ( 3.735172737403580992E-16, 3.000000000000002665, 28.05000000000134719 ) ) ;
#7045 = VECTOR ( 'NONE', #4547, 1000.000000000000114 ) ;
#7046 =( LENGTH_UNIT ( ) NAMED_UNIT ( * ) SI_UNIT ( .MILLI., .METRE. ) );
#7047 = ORIENTED_EDGE ( 'NONE', *, *, #1137, .T. ) ;
#7048 = CARTESIAN_POINT ( 'NONE',  ( 274.4456162386791220, -1.032490922467731886, 0.000000000000000000 ) ) ;
#7049 = VERTEX_POINT ( 'NONE', #5723 ) ;
#7050 = VECTOR ( 'NONE', #5304, 1000.000000000000000 ) ;
#7051 = AXIS2_PLACEMENT_3D ( 'NONE', #1252, #3449, #3958 ) ;
#7052 = ADVANCED_FACE ( 'NONE', ( #754 ), #254, .F. ) ;
#7053 = EDGE_CURVE ( 'NONE', #836, #715, #5616, .T. ) ;
#7054 = CYLINDRICAL_SURFACE ( 'NONE', #5217, 3.200000000000128519 ) ;
#7055 = FACE_OUTER_BOUND ( 'NONE', #5009, .T. ) ;
#7056 = DIRECTION ( 'NONE',  ( -1.375336375708028539E-17, -1.000000000000000000, -1.673398497896634293E-16 ) ) ;
#7057 = CARTESIAN_POINT ( 'NONE',  ( 67.50000000000000000, 0.1000000000000167422, 7.500000000000610179 ) ) ;
#7058 = AXIS2_PLACEMENT_3D ( 'NONE', #6677, #739, #5712 ) ;
#7059 = AXIS2_PLACEMENT_3D ( 'NONE', #5218, #300, #1970 ) ;
#7060 = ORIENTED_EDGE ( 'NONE', *, *, #3032, .F. ) ;
#7061 = CARTESIAN_POINT ( 'NONE',  ( -9.579999999999893490, -27.26774651488447887, -19.85000000000117382 ) ) ;
#7062 = AXIS2_PLACEMENT_3D ( 'NONE', #5884, #6348, #388 ) ;
#7063 = CIRCLE ( 'NONE', #3963, 1.199999999999978861 ) ;
#7064 = CIRCLE ( 'NONE', #736, 3.150000000000124700 ) ;
#7065 = VERTEX_POINT ( 'NONE', #5143 ) ;
#7066 = VERTEX_POINT ( 'NONE', #1249 ) ;
#7067 = DIRECTION ( 'NONE',  ( 1.000000000000000000, 0.000000000000000000, 0.000000000000000000 ) ) ;
#7068 = DIRECTION ( 'NONE',  ( 0.000000000000000000, 0.000000000000000000, -1.000000000000000000 ) ) ;
#7069 = CARTESIAN_POINT ( 'NONE',  ( 271.9232591019850247, -6.552003081614442337, 1.500000000000000000 ) ) ;
#7070 = CIRCLE ( 'NONE', #1552, 1.000000000000000888 ) ;
#7071 = CIRCLE ( 'NONE', #5923, 0.5000000000000257572 ) ;
#7072 = PRESENTATION_STYLE_ASSIGNMENT (( #6532 ) ) ;
#7073 = CARTESIAN_POINT ( 'NONE',  ( 67.50000000000000000, 2.500000000000002220, -22.50000000000061107 ) ) ;
#7074 = ORIENTED_EDGE ( 'NONE', *, *, #6904, .F. ) ;
#7075 = AXIS2_PLACEMENT_3D ( 'NONE', #3944, #5607, #742 ) ;
#7076 = DIRECTION ( 'NONE',  ( 0.000000000000000000, 0.000000000000000000, -1.000000000000000000 ) ) ;
#7077 = LINE ( 'NONE', #3188, #4329 ) ;
#7078 = LINE ( 'NONE', #4312, #1318 ) ;
#7079 = ADVANCED_FACE ( 'NONE', ( #2330 ), #5184, .F. ) ;
#7080 = AXIS2_PLACEMENT_3D ( 'NONE', #3976, #6066, #1132 ) ;
#7081 = EDGE_LOOP ( 'NONE', ( #5626, #1860, #4587, #6087 ) ) ;
#7082 = ORIENTED_EDGE ( 'NONE', *, *, #844, .F. ) ;
#7083 = ORIENTED_EDGE ( 'NONE', *, *, #4797, .F. ) ;
#7084 = DIRECTION ( 'NONE',  ( 1.314439483324459577E-28, -5.087249021584615942E-30, 1.000000000000000000 ) ) ;
#7085 = VECTOR ( 'NONE', #4414, 1000.000000000000000 ) ;
#7086 = EDGE_CURVE ( 'NONE', #3247, #1019, #786, .T. ) ;
#7087 = VERTEX_POINT ( 'NONE', #5106 ) ;
#7088 = CARTESIAN_POINT ( 'NONE',  ( -17.67766952966362481, -1.678792177122987615E-29, 20.97766952966377829 ) ) ;
#7089 = ORIENTED_EDGE ( 'NONE', *, *, #4279, .T. ) ;
#7090 = ORIENTED_EDGE ( 'NONE', *, *, #4704, .F. ) ;
#7091 = NEXT_ASSEMBLY_USAGE_OCCURRENCE ( 'NAUO1', ' ', ' ', #6758, #1220, $ ) ;
#7092 = NEXT_ASSEMBLY_USAGE_OCCURRENCE ( 'NAUO2', ' ', ' ', #6758, #4519, $ ) ;
#7093 = NEXT_ASSEMBLY_USAGE_OCCURRENCE ( 'NAUO3', ' ', ' ', #6758, #6978, $ ) ;
#7094 = NEXT_ASSEMBLY_USAGE_OCCURRENCE ( 'NAUO4', ' ', ' ', #6758, #6978, $ ) ;
#7095 = NEXT_ASSEMBLY_USAGE_OCCURRENCE ( 'NAUO5', ' ', ' ', #6758, #6978, $ ) ;
#7096 = NEXT_ASSEMBLY_USAGE_OCCURRENCE ( 'NAUO6', ' ', ' ', #6758, #6978, $ ) ;
#7097 = NEXT_ASSEMBLY_USAGE_OCCURRENCE ( 'NAUO7', ' ', ' ', #6758, #6978, $ ) ;
#7098 = NEXT_ASSEMBLY_USAGE_OCCURRENCE ( 'NAUO8', ' ', ' ', #6758, #6978, $ ) ;
#7099 = NEXT_ASSEMBLY_USAGE_OCCURRENCE ( 'NAUO9', ' ', ' ', #6758, #6978, $ ) ;
#7100 = NEXT_ASSEMBLY_USAGE_OCCURRENCE ( 'NAUO10', ' ', ' ', #6758, #6978, $ ) ;
#7101 = NEXT_ASSEMBLY_USAGE_OCCURRENCE ( 'NAUO11', ' ', ' ', #6758, #6978, $ ) ;
#7102 = NEXT_ASSEMBLY_USAGE_OCCURRENCE ( 'NAUO12', ' ', ' ', #6758, #6978, $ ) ;
#7103 = NEXT_ASSEMBLY_USAGE_OCCURRENCE ( 'NAUO13', ' ', ' ', #6758, #6978, $ ) ;
#7104 = NEXT_ASSEMBLY_USAGE_OCCURRENCE ( 'NAUO14', ' ', ' ', #6758, #6978, $ ) ;
#7105 = NEXT_ASSEMBLY_USAGE_OCCURRENCE ( 'NAUO15', ' ', ' ', #6758, #4648, $ ) ;
#7106 = NEXT_ASSEMBLY_USAGE_OCCURRENCE ( 'NAUO16', ' ', ' ', #6758, #4648, $ ) ;
ENDSEC;
END-ISO-10303-21;
